terminal,row_idx,cls_true,noise_floor,pred_N0,err_N0,pred_N05,err_N05,pred_N1,err_N1,pred_NC,err_NC
341c-f0d4-70be,0,3,-95.5,2,1,2,1,2,1,2,1
341c-f0d4-70be,1,3,-94.75,5,2,5,2,5,2,5,2
341c-f0d4-70be,2,3,-95.0,4,1,4,1,4,1,4,1
341c-f0d4-70be,3,3,-95.75,4,1,4,1,4,1,4,1
341c-f0d4-70be,4,3,-95.25,4,1,5,2,5,2,4,1
341c-f0d4-70be,5,3,-94.5,4,1,5,2,4,1,4,1
341c-f0d4-70be,6,3,-95.25,4,1,5,2,5,2,4,1
341c-f0d4-70be,7,3,-95.0,4,1,4,1,4,1,4,1
341c-f0d4-70be,8,3,-94.75,4,1,4,1,4,1,4,1
341c-f0d4-70be,9,3,-95.25,4,1,4,1,4,1,4,1
341c-f0d4-70be,10,3,-95.25,4,1,4,1,4,1,4,1
341c-f0d4-70be,11,3,-94.0,4,1,4,1,4,1,4,1
341c-f0d4-70be,12,3,-95.0,4,1,4,1,4,1,4,1
341c-f0d4-70be,13,4,-94.75,4,0,4,0,4,0,4,0
341c-f0d4-70be,14,3,-95.5,4,1,4,1,4,1,4,1
341c-f0d4-70be,15,3,-95.0,4,1,4,1,4,1,4,1
341c-f0d4-70be,16,3,-95.0,4,1,4,1,4,1,4,1
341c-f0d4-70be,17,3,-95.0,4,1,4,1,4,1,4,1
341c-f0d4-70be,18,3,-95.25,3,0,3,0,3,0,3,0
341c-f0d4-70be,19,3,-95.0,4,1,4,1,4,1,4,1
341c-f0d4-70be,20,3,-95.0,4,1,4,1,4,1,4,1
341c-f0d4-70be,21,3,-95.25,4,1,4,1,4,1,4,1
341c-f0d4-70be,22,3,-95.0,5,2,5,2,5,2,5,2
341c-f0d4-70be,23,3,-95.25,4,1,4,1,4,1,4,1
341c-f0d4-70be,24,3,-94.5,4,1,5,2,5,2,4,1
341c-f0d4-70be,25,3,-95.0,4,1,4,1,4,1,4,1
341c-f0d4-70be,26,3,-94.75,4,1,4,1,4,1,4,1
341c-f0d4-70be,27,3,-95.0,4,1,5,2,5,2,4,1
341c-f0d4-70be,28,3,-95.25,5,2,5,2,5,2,5,2
341c-f0d4-70be,29,3,-95.0,4,1,4,1,4,1,4,1
341c-f0d4-70be,30,3,-95.25,4,1,4,1,4,1,4,1
341c-f0d4-70be,31,3,-95.5,4,1,4,1,4,1,4,1
341c-f0d4-70be,32,3,-95.0,4,1,4,1,4,1,4,1
341c-f0d4-70be,33,3,-95.25,5,2,5,2,5,2,5,2
341c-f0d4-70be,34,3,-95.25,4,1,4,1,4,1,4,1
341c-f0d4-70be,35,3,-95.25,4,1,4,1,4,1,4,1
341c-f0d4-70be,36,3,-94.5,4,1,4,1,4,1,4,1
341c-f0d4-70be,37,3,-94.75,4,1,4,1,4,1,4,1
341c-f0d4-70be,38,3,-94.75,4,1,4,1,4,1,4,1
341c-f0d4-70be,39,3,-95.25,4,1,4,1,4,1,4,1
341c-f0d4-70be,40,3,-95.5,4,1,4,1,4,1,4,1
341c-f0d4-70be,41,3,-95.0,5,2,5,2,5,2,5,2
341c-f0d4-70be,42,3,-95.25,4,1,4,1,4,1,4,1
341c-f0d4-70be,43,3,-94.75,4,1,4,1,4,1,4,1
341c-f0d4-70be,44,3,-95.0,4,1,4,1,4,1,4,1
341c-f0d4-70be,45,3,-94.75,4,1,4,1,4,1,4,1
341c-f0d4-70be,46,3,-95.25,4,1,4,1,4,1,4,1
341c-f0d4-70be,47,3,-95.25,4,1,4,1,4,1,4,1
341c-f0d4-70be,48,3,-95.0,4,1,4,1,4,1,4,1
341c-f0d4-70be,49,3,-95.0,4,1,4,1,4,1,4,1
341c-f0d4-70be,50,3,-95.25,5,2,5,2,5,2,5,2
341c-f0d4-70be,51,3,-94.25,4,1,4,1,4,1,4,1
341c-f0d4-70be,52,3,-95.25,4,1,4,1,4,1,4,1
341c-f0d4-70be,53,3,-95.25,4,1,4,1,4,1,4,1
341c-f0d4-70be,54,3,-95.25,4,1,4,1,4,1,4,1
341c-f0d4-70be,55,3,-94.25,4,1,4,1,4,1,4,1
341c-f0d4-70be,56,3,-94.25,3,0,3,0,3,0,3,0
341c-f0d4-70be,57,3,-94.75,3,0,3,0,3,0,3,0
341c-f0d4-70be,58,3,-95.25,3,0,3,0,3,0,3,0
341c-f0d4-70be,59,3,-95.25,3,0,3,0,3,0,3,0
341c-f0d4-70be,60,3,-94.75,4,1,4,1,4,1,4,1
341c-f0d4-70be,61,3,-94.5,4,1,4,1,4,1,4,1
341c-f0d4-70be,62,3,-95.75,4,1,4,1,4,1,4,1
341c-f0d4-70be,63,3,-95.25,4,1,4,1,4,1,4,1
341c-f0d4-70be,64,3,-95.0,3,0,3,0,3,0,3,0
341c-f0d4-70be,65,3,-94.75,3,0,3,0,3,0,3,0
341c-f0d4-70be,66,3,-94.5,4,1,4,1,4,1,4,1
341c-f0d4-70be,67,3,-95.25,3,0,3,0,3,0,3,0
341c-f0d4-70be,68,3,-94.75,4,1,4,1,4,1,4,1
341c-f0d4-70be,69,3,-95.25,4,1,4,1,4,1,4,1
341c-f0d4-70be,70,3,-94.75,4,1,4,1,4,1,4,1
341c-f0d4-70be,71,3,-95.25,4,1,4,1,4,1,4,1
341c-f0d4-70be,72,3,-94.75,4,1,4,1,4,1,4,1
341c-f0d4-70be,73,3,-95.25,3,0,3,0,3,0,3,0
341c-f0d4-70be,74,3,-95.0,4,1,4,1,4,1,4,1
341c-f0d4-70be,75,3,-95.0,4,1,4,1,4,1,4,1
341c-f0d4-70be,76,3,-93.75,4,1,4,1,3,0,4,1
341c-f0d4-70be,77,3,-95.0,4,1,4,1,4,1,4,1
341c-f0d4-70be,78,3,-95.0,4,1,4,1,4,1,4,1
341c-f0d4-70be,79,3,-94.5,4,1,4,1,4,1,4,1
341c-f0d4-70be,80,3,-95.0,4,1,4,1,4,1,4,1
341c-f0d4-70be,81,3,-94.5,3,0,3,0,3,0,3,0
341c-f0d4-70be,82,3,-95.25,3,0,3,0,3,0,3,0
341c-f0d4-70be,83,3,-95.25,3,0,3,0,3,0,3,0
341c-f0d4-70be,84,3,-95.0,5,2,5,2,6,3,5,2
341c-f0d4-70be,85,3,-95.25,3,0,3,0,3,0,3,0
341c-f0d4-70be,86,3,-94.75,3,0,3,0,3,0,3,0
341c-f0d4-70be,87,3,-95.25,4,1,5,2,5,2,4,1
341c-f0d4-70be,88,3,-95.0,4,1,4,1,4,1,4,1
341c-f0d4-70be,89,3,-95.5,4,1,4,1,4,1,4,1
341c-f0d4-70be,90,3,-94.75,4,1,4,1,4,1,4,1
341c-f0d4-70be,91,3,-95.0,4,1,4,1,4,1,4,1
341c-f0d4-70be,92,3,-95.0,4,1,4,1,4,1,4,1
341c-f0d4-70be,93,3,-95.25,4,1,4,1,4,1,4,1
341c-f0d4-70be,94,3,-95.0,4,1,4,1,4,1,4,1
341c-f0d4-70be,95,3,-95.5,4,1,4,1,4,1,4,1
341c-f0d4-70be,96,3,-94.75,5,2,5,2,5,2,5,2
341c-f0d4-70be,97,3,-94.5,3,0,3,0,3,0,3,0
341c-f0d4-70be,98,3,-95.5,3,0,3,0,3,0,3,0
341c-f0d4-70be,99,3,-94.5,3,0,3,0,3,0,3,0
341c-f0d4-70be,100,3,-95.25,4,1,4,1,4,1,4,1
341c-f0d4-70be,101,3,-94.75,4,1,4,1,4,1,4,1
341c-f0d4-70be,102,3,-95.0,5,2,5,2,5,2,5,2
341c-f0d4-70be,103,3,-95.25,4,1,4,1,4,1,4,1
341c-f0d4-70be,104,3,-94.75,4,1,4,1,4,1,4,1
341c-f0d4-70be,105,3,-95.0,4,1,4,1,4,1,4,1
341c-f0d4-70be,106,3,-95.25,4,1,4,1,4,1,4,1
341c-f0d4-70be,107,3,-95.0,4,1,4,1,4,1,4,1
341c-f0d4-70be,108,3,-94.75,4,1,4,1,4,1,4,1
341c-f0d4-70be,109,3,-95.0,4,1,4,1,4,1,4,1
341c-f0d4-70be,110,3,-95.5,4,1,4,1,4,1,4,1
341c-f0d4-70be,111,3,-95.25,4,1,4,1,4,1,4,1
341c-f0d4-70be,112,3,-94.75,4,1,4,1,4,1,4,1
341c-f0d4-70be,113,3,-95.0,4,1,4,1,4,1,4,1
341c-f0d4-70be,114,3,-95.0,4,1,4,1,4,1,4,1
341c-f0d4-70be,115,3,-95.0,4,1,4,1,4,1,4,1
341c-f0d4-70be,116,3,-95.0,4,1,4,1,4,1,4,1
341c-f0d4-70be,117,3,-95.25,4,1,4,1,4,1,4,1
341c-f0d4-70be,118,3,-95.5,4,1,4,1,4,1,4,1
341c-f0d4-70be,119,3,-95.25,4,1,4,1,4,1,4,1
341c-f0d4-70be,120,3,-72.25,4,1,2,1,1,2,4,1
341c-f0d4-70be,121,3,-94.75,4,1,4,1,4,1,4,1
341c-f0d4-70be,122,3,-94.75,4,1,4,1,4,1,4,1
341c-f0d4-70be,123,3,-95.25,4,1,4,1,4,1,4,1
341c-f0d4-70be,124,3,-94.5,3,0,3,0,3,0,3,0
341c-f0d4-70be,125,3,-95.25,4,1,4,1,4,1,4,1
341c-f0d4-70be,126,3,-94.75,4,1,4,1,4,1,4,1
341c-f0d4-70be,127,3,-95.5,4,1,4,1,4,1,4,1
341c-f0d4-70be,128,3,-95.0,4,1,4,1,4,1,4,1
341c-f0d4-70be,129,3,-95.0,4,1,4,1,4,1,4,1
341c-f0d4-70be,130,3,-95.25,3,0,3,0,3,0,3,0
341c-f0d4-70be,131,3,-94.75,4,1,4,1,4,1,4,1
341c-f0d4-70be,132,3,-94.75,3,0,3,0,3,0,3,0
341c-f0d4-70be,133,3,-95.25,4,1,5,2,5,2,4,1
341c-f0d4-70be,134,3,-95.0,4,1,4,1,4,1,4,1
341c-f0d4-70be,135,3,-95.0,4,1,5,2,5,2,4,1
341c-f0d4-70be,136,3,-94.75,4,1,4,1,4,1,4,1
341c-f0d4-70be,137,3,-95.0,4,1,4,1,4,1,4,1
341c-f0d4-70be,138,3,-93.25,5,2,5,2,5,2,5,2
341c-f0d4-70be,139,3,-93.5,6,3,6,3,6,3,6,3
341c-f0d4-70be,140,4,-93.25,6,2,6,2,6,2,6,2
341c-f0d4-70be,141,4,-93.75,6,2,6,2,6,2,6,2
341c-f0d4-70be,142,4,-94.25,6,2,7,3,7,3,6,2
341c-f0d4-70be,143,4,-94.25,6,2,7,3,7,3,6,2
341c-f0d4-70be,144,4,-94.75,5,1,5,1,6,2,5,1
341c-f0d4-70be,145,4,-94.0,6,2,6,2,7,3,6,2
341c-f0d4-70be,146,4,-92.75,6,2,6,2,6,2,6,2
341c-f0d4-70be,147,3,-94.75,6,3,7,4,7,4,6,3
341c-f0d4-70be,148,3,-94.5,5,2,5,2,6,3,5,2
341c-f0d4-70be,149,3,-94.75,6,3,7,4,7,4,6,3
341c-f0d4-70be,150,3,-94.25,5,2,5,2,6,3,5,2
341c-f0d4-70be,151,4,-93.5,6,2,6,2,6,2,6,2
341c-f0d4-70be,152,4,-92.0,6,2,6,2,6,2,6,2
341c-f0d4-70be,153,4,-93.0,7,3,6,2,6,2,7,3
341c-f0d4-70be,154,5,-94.25,6,1,7,2,7,2,6,1
341c-f0d4-70be,155,5,-94.0,6,1,6,1,7,2,6,1
341c-f0d4-70be,156,5,-93.75,5,0,5,0,5,0,5,0
341c-f0d4-70be,157,5,-94.0,5,0,5,0,6,1,5,0
341c-f0d4-70be,158,5,-93.75,6,1,6,1,6,1,6,1
341c-f0d4-70be,159,5,-95.0,5,0,5,0,6,1,5,0
341c-f0d4-70be,160,5,-94.5,6,1,7,2,7,2,6,1
341c-f0d4-70be,161,5,-94.0,5,0,5,0,6,1,5,0
341c-f0d4-70be,162,5,-94.75,5,0,5,0,5,0,5,0
341c-f0d4-70be,163,5,-95.0,5,0,5,0,5,0,5,0
341c-f0d4-70be,164,5,-94.25,6,1,7,2,7,2,6,1
341c-f0d4-70be,165,5,-94.75,7,2,7,2,7,2,7,2
341c-f0d4-70be,166,5,-80.25,5,0,3,2,2,3,5,0
341c-f0d4-70be,167,4,-94.25,4,0,4,0,4,0,4,0
341c-f0d4-70be,168,4,-94.25,5,1,5,1,6,2,5,1
341c-f0d4-70be,169,4,-94.25,5,1,5,1,6,2,5,1
341c-f0d4-70be,170,4,-94.25,5,1,5,1,5,1,5,1
341c-f0d4-70be,171,4,-94.0,6,2,6,2,7,3,6,2
341c-f0d4-70be,172,4,-82.0,5,1,4,0,2,2,5,1
341c-f0d4-70be,173,4,-94.5,5,1,5,1,6,2,5,1
341c-f0d4-70be,174,4,-94.0,6,2,6,2,7,3,6,2
341c-f0d4-70be,175,4,-93.0,6,2,6,2,6,2,6,2
341c-f0d4-70be,176,5,-94.5,6,1,7,2,7,2,6,1
341c-f0d4-70be,177,5,-92.5,6,1,6,1,6,1,6,1
341c-f0d4-70be,178,5,-94.5,6,1,7,2,7,2,6,1
341c-f0d4-70be,179,5,-94.75,6,1,7,2,7,2,6,1
341c-f0d4-70be,180,5,-94.0,5,0,5,0,6,1,5,0
341c-f0d4-70be,181,5,-94.0,5,0,5,0,6,1,5,0
341c-f0d4-70be,182,5,-94.0,5,0,5,0,6,1,5,0
341c-f0d4-70be,183,5,-93.75,5,0,5,0,6,1,5,0
341c-f0d4-70be,184,5,-94.5,5,0,5,0,6,1,5,0
341c-f0d4-70be,185,5,-93.0,5,0,5,0,5,0,5,0
341c-f0d4-70be,186,5,-94.25,6,1,7,2,7,2,6,1
341c-f0d4-70be,187,5,-94.75,5,0,5,0,6,1,5,0
341c-f0d4-70be,188,5,-94.25,5,0,5,0,6,1,5,0
341c-f0d4-70be,189,5,-94.25,5,0,5,0,6,1,5,0
341c-f0d4-70be,190,4,-93.0,6,2,6,2,6,2,6,2
341c-f0d4-70be,191,4,-94.75,5,1,5,1,6,2,5,1
341c-f0d4-70be,192,5,-93.75,6,1,6,1,6,1,6,1
341c-f0d4-70be,193,4,-92.75,6,2,6,2,6,2,6,2
341c-f0d4-70be,194,4,-93.75,6,2,6,2,6,2,6,2
341c-f0d4-70be,195,4,-94.5,6,2,7,3,7,3,6,2
341c-f0d4-70be,196,4,-94.75,6,2,7,3,7,3,6,2
341c-f0d4-70be,197,4,-94.5,5,1,5,1,4,0,5,1
341c-f0d4-70be,198,5,-93.25,6,1,6,1,6,1,6,1
341c-f0d4-70be,199,5,-94.25,5,0,5,0,5,0,5,0
341c-f0d4-70be,200,4,-94.25,6,2,6,2,7,3,6,2
341c-f0d4-70be,201,4,-93.75,6,2,6,2,6,2,6,2
341c-f0d4-70be,202,5,-94.0,6,1,6,1,7,2,6,1
341c-f0d4-70be,203,5,-94.5,4,1,4,1,4,1,4,1
341c-f0d4-70be,204,4,-94.25,5,1,6,2,6,2,5,1
341c-f0d4-70be,205,4,-93.25,4,0,4,0,4,0,4,0
341c-f0d4-70be,206,4,-94.25,4,0,4,0,4,0,4,0
341c-f0d4-70be,207,5,-94.25,4,1,4,1,4,1,4,1
341c-f0d4-70be,208,5,-94.5,5,0,5,0,6,1,5,0
341c-f0d4-70be,209,5,-94.5,5,0,5,0,5,0,5,0
341c-f0d4-70be,210,5,-94.25,5,0,5,0,6,1,5,0
341c-f0d4-70be,211,4,-93.0,5,1,5,1,4,0,5,1
341c-f0d4-70be,212,4,-94.5,5,1,5,1,6,2,5,1
341c-f0d4-70be,213,4,-93.0,6,2,6,2,6,2,6,2
341c-f0d4-70be,214,4,-94.75,6,2,7,3,7,3,6,2
341c-f0d4-70be,215,4,-94.25,6,2,6,2,7,3,6,2
341c-f0d4-70be,216,4,-94.25,6,2,6,2,7,3,6,2
341c-f0d4-70be,217,4,-93.75,6,2,6,2,6,2,6,2
341c-f0d4-70be,218,4,-94.25,5,1,5,1,6,2,5,1
341c-f0d4-70be,219,4,-94.5,5,1,5,1,6,2,5,1
341c-f0d4-70be,220,4,-94.25,5,1,6,2,7,3,5,1
341c-f0d4-70be,221,5,-94.0,5,0,5,0,6,1,5,0
341c-f0d4-70be,222,5,-94.5,6,1,7,2,7,2,6,1
341c-f0d4-70be,223,5,-93.75,6,1,6,1,6,1,6,1
341c-f0d4-70be,224,5,-94.25,5,0,5,0,6,1,5,0
341c-f0d4-70be,225,5,-94.25,6,1,7,2,7,2,6,1
341c-f0d4-70be,226,5,-95.0,6,1,7,2,7,2,6,1
341c-f0d4-70be,227,4,-95.25,5,1,5,1,6,2,5,1
341c-f0d4-70be,228,4,-94.75,6,2,7,3,7,3,6,2
341c-f0d4-70be,229,4,-94.75,6,2,7,3,7,3,6,2
341c-f0d4-70be,230,4,-94.25,5,1,5,1,6,2,5,1
341c-f0d4-70be,231,4,-94.5,5,1,5,1,6,2,5,1
341c-f0d4-70be,232,5,-94.25,6,1,6,1,7,2,6,1
341c-f0d4-70be,233,5,-94.75,5,0,5,0,6,1,5,0
341c-f0d4-70be,234,5,-94.0,6,1,6,1,7,2,6,1
341c-f0d4-70be,235,4,-93.75,6,2,6,2,6,2,6,2
341c-f0d4-70be,236,4,-94.5,7,3,7,3,7,3,7,3
341c-f0d4-70be,237,4,-94.25,7,3,7,3,7,3,7,3
341c-f0d4-70be,238,4,-94.75,6,2,7,3,7,3,6,2
341c-f0d4-70be,239,5,-94.25,5,0,5,0,6,1,5,0
341c-f0d4-70be,240,5,-94.0,6,1,6,1,6,1,6,1
341c-f0d4-70be,241,5,-94.25,6,1,7,2,7,2,6,1
341c-f0d4-70be,242,5,-94.25,5,0,5,0,5,0,5,0
341c-f0d4-70be,243,4,-94.75,5,1,5,1,4,0,5,1
341c-f0d4-70be,244,4,-94.75,5,1,5,1,5,1,5,1
341c-f0d4-70be,245,4,-94.75,4,0,4,0,4,0,4,0
341c-f0d4-70be,246,4,-94.5,5,1,5,1,6,2,5,1
341c-f0d4-70be,247,4,-95.25,5,1,5,1,6,2,5,1
341c-f0d4-70be,248,5,-94.0,5,0,5,0,5,0,5,0
341c-f0d4-70be,249,5,-94.5,5,0,5,0,4,1,5,0
341c-f0d4-70be,250,5,-93.25,5,0,5,0,5,0,5,0
341c-f0d4-70be,251,5,-93.0,5,0,5,0,5,0,5,0
341c-f0d4-70be,252,5,-95.25,5,0,5,0,6,1,5,0
341c-f0d4-70be,253,5,-94.5,5,0,5,0,6,1,5,0
341c-f0d4-70be,254,5,-93.75,5,0,5,0,6,1,5,0
341c-f0d4-70be,255,5,-94.5,6,1,7,2,7,2,6,1
341c-f0d4-70be,256,5,-93.75,5,0,5,0,5,0,5,0
341c-f0d4-70be,257,5,-93.5,5,0,5,0,5,0,5,0
341c-f0d4-70be,258,4,-94.25,6,2,7,3,7,3,6,2
341c-f0d4-70be,259,4,-93.5,5,1,5,1,5,1,5,1
341c-f0d4-70be,260,4,-93.5,5,1,5,1,5,1,5,1
341c-f0d4-70be,261,4,-94.25,5,1,5,1,6,2,5,1
341c-f0d4-70be,262,4,-94.0,6,2,7,3,7,3,6,2
341c-f0d4-70be,263,4,-94.25,5,1,5,1,6,2,5,1
341c-f0d4-70be,264,5,-94.75,5,0,5,0,6,1,5,0
341c-f0d4-70be,265,4,-93.5,6,2,6,2,6,2,6,2
341c-f0d4-70be,266,4,-94.0,5,1,5,1,6,2,5,1
341c-f0d4-70be,267,5,-93.75,5,0,5,0,5,0,5,0
341c-f0d4-70be,268,5,-94.5,5,0,5,0,6,1,5,0
341c-f0d4-70be,269,4,-93.75,5,1,5,1,5,1,5,1
341c-f0d4-70be,270,5,-93.5,5,0,5,0,5,0,5,0
341c-f0d4-70be,271,4,-94.5,5,1,5,1,6,2,5,1
341c-f0d4-70be,272,4,-94.75,5,1,5,1,6,2,5,1
341c-f0d4-70be,273,4,-93.5,6,2,6,2,6,2,6,2
341c-f0d4-70be,274,4,-94.0,6,2,7,3,7,3,6,2
341c-f0d4-70be,275,4,-94.25,7,3,7,3,7,3,7,3
341c-f0d4-70be,276,4,-94.5,6,2,7,3,7,3,6,2
341c-f0d4-70be,277,4,-94.25,5,1,5,1,6,2,5,1
341c-f0d4-70be,278,5,-72.75,7,2,5,0,2,3,7,2
341c-f0d4-70be,279,5,-93.75,7,2,7,2,7,2,7,2
341c-f0d4-70be,280,5,-94.0,7,2,7,2,7,2,7,2
341c-f0d4-70be,281,5,-93.5,7,2,7,2,7,2,7,2
341c-f0d4-70be,282,5,-93.25,7,2,7,2,7,2,7,2
341c-f0d4-70be,283,5,-94.25,7,2,7,2,7,2,7,2
341c-f0d4-70be,284,5,-94.25,7,2,7,2,7,2,7,2
341c-f0d4-70be,285,5,-93.75,7,2,7,2,7,2,7,2
341c-f0d4-70be,286,5,-93.25,7,2,7,2,7,2,7,2
341c-f0d4-70be,287,5,-93.75,7,2,7,2,7,2,7,2
341c-f0d4-70be,288,5,-94.0,7,2,7,2,7,2,7,2
341c-f0d4-70be,289,5,-94.0,7,2,7,2,7,2,7,2
341c-f0d4-70be,290,5,-94.25,7,2,7,2,8,3,7,2
341c-f0d4-70be,291,5,-93.5,7,2,7,2,7,2,7,2
341c-f0d4-70be,292,5,-94.25,7,2,7,2,7,2,7,2
341c-f0d4-70be,293,5,-93.75,7,2,7,2,7,2,7,2
341c-f0d4-70be,294,5,-93.75,7,2,7,2,7,2,7,2
341c-f0d4-70be,295,5,-93.75,7,2,7,2,7,2,7,2
341c-f0d4-70be,296,5,-93.0,7,2,7,2,7,2,7,2
341c-f0d4-70be,297,5,-93.25,7,2,7,2,7,2,7,2
341c-f0d4-70be,298,5,-92.5,7,2,7,2,7,2,7,2
341c-f0d4-70be,299,5,-94.0,7,2,7,2,7,2,7,2
341c-f0d4-70be,300,5,-93.5,7,2,7,2,7,2,7,2
341c-f0d4-70be,301,5,-93.75,7,2,7,2,7,2,7,2
341c-f0d4-70be,302,5,-92.75,7,2,7,2,7,2,7,2
341c-f0d4-70be,303,5,-94.0,7,2,7,2,7,2,7,2
341c-f0d4-70be,304,5,-94.0,7,2,7,2,7,2,7,2
341c-f0d4-70be,305,5,-93.25,7,2,7,2,7,2,7,2
341c-f0d4-70be,306,5,-93.25,7,2,7,2,7,2,7,2
341c-f0d4-70be,307,5,-93.0,7,2,7,2,7,2,7,2
341c-f0d4-70be,308,5,-94.25,7,2,7,2,7,2,7,2
341c-f0d4-70be,309,5,-93.75,7,2,7,2,7,2,7,2
341c-f0d4-70be,310,5,-92.75,7,2,7,2,7,2,7,2
341c-f0d4-70be,311,5,-93.75,7,2,7,2,7,2,7,2
341c-f0d4-70be,312,5,-93.0,7,2,7,2,7,2,7,2
341c-f0d4-70be,313,5,-93.25,7,2,7,2,7,2,7,2
341c-f0d4-70be,314,5,-93.5,7,2,7,2,7,2,7,2
341c-f0d4-70be,315,5,-94.25,7,2,7,2,7,2,7,2
341c-f0d4-70be,316,5,-94.0,7,2,7,2,7,2,7,2
341c-f0d4-70be,317,5,-94.25,7,2,7,2,7,2,7,2
341c-f0d4-70be,318,5,-93.0,7,2,7,2,7,2,7,2
341c-f0d4-70be,319,5,-94.0,7,2,7,2,7,2,7,2
341c-f0d4-70be,320,5,-94.0,7,2,7,2,7,2,7,2
341c-f0d4-70be,321,5,-93.5,7,2,7,2,7,2,7,2
341c-f0d4-70be,322,5,-93.5,7,2,7,2,7,2,7,2
341c-f0d4-70be,323,5,-94.0,7,2,7,2,7,2,7,2
341c-f0d4-70be,324,5,-93.25,7,2,7,2,7,2,7,2
341c-f0d4-70be,325,5,-93.5,7,2,7,2,7,2,7,2
341c-f0d4-70be,326,5,-94.0,7,2,7,2,7,2,7,2
341c-f0d4-70be,327,5,-93.0,7,2,7,2,7,2,7,2
341c-f0d4-70be,328,5,-92.5,7,2,7,2,7,2,7,2
341c-f0d4-70be,329,5,-93.25,7,2,7,2,7,2,7,2
341c-f0d4-70be,330,5,-93.25,7,2,7,2,7,2,7,2
341c-f0d4-70be,331,5,-93.75,7,2,7,2,7,2,7,2
341c-f0d4-70be,332,5,-93.0,7,2,7,2,7,2,7,2
341c-f0d4-70be,333,5,-94.0,7,2,7,2,7,2,7,2
341c-f0d4-70be,334,5,-92.25,7,2,7,2,7,2,7,2
341c-f0d4-70be,335,5,-93.75,7,2,7,2,7,2,7,2
341c-f0d4-70be,336,5,-94.0,7,2,7,2,7,2,7,2
341c-f0d4-70be,337,5,-93.25,7,2,7,2,7,2,7,2
341c-f0d4-70be,338,5,-94.0,7,2,7,2,7,2,7,2
341c-f0d4-70be,339,5,-94.0,7,2,7,2,7,2,7,2
341c-f0d4-70be,340,5,-94.5,7,2,7,2,7,2,7,2
341c-f0d4-70be,341,5,-94.0,7,2,7,2,7,2,7,2
341c-f0d4-70be,342,5,-93.75,7,2,7,2,7,2,7,2
341c-f0d4-70be,343,5,-93.75,7,2,7,2,7,2,7,2
341c-f0d4-70be,344,5,-93.5,7,2,7,2,7,2,7,2
341c-f0d4-70be,345,5,-93.5,7,2,7,2,7,2,7,2
341c-f0d4-70be,346,5,-94.25,7,2,7,2,7,2,7,2
341c-f0d4-70be,347,5,-94.0,7,2,7,2,7,2,7,2
341c-f0d4-70be,348,5,-93.75,7,2,7,2,7,2,7,2
341c-f0d4-70be,349,5,-93.5,7,2,7,2,7,2,7,2
341c-f0d4-70be,350,5,-93.0,7,2,7,2,7,2,7,2
341c-f0d4-70be,351,5,-93.75,7,2,7,2,7,2,7,2
341c-f0d4-70be,352,5,-93.75,7,2,7,2,7,2,7,2
341c-f0d4-70be,353,5,-92.75,7,2,7,2,7,2,7,2
341c-f0d4-70be,354,5,-93.25,7,2,7,2,7,2,7,2
341c-f0d4-70be,355,5,-94.25,7,2,7,2,7,2,7,2
341c-f0d4-70be,356,5,-94.0,7,2,7,2,7,2,7,2
341c-f0d4-70be,357,5,-94.0,7,2,7,2,7,2,7,2
341c-f0d4-70be,358,5,-94.75,7,2,7,2,7,2,7,2
341c-f0d4-70be,359,5,-94.0,7,2,7,2,7,2,7,2
341c-f0d4-70be,360,5,-93.75,7,2,7,2,7,2,7,2
341c-f0d4-70be,361,5,-94.0,7,2,7,2,7,2,7,2
341c-f0d4-70be,362,5,-94.0,7,2,7,2,7,2,7,2
341c-f0d4-70be,363,5,-94.5,7,2,7,2,7,2,7,2
341c-f0d4-70be,364,5,-93.5,7,2,7,2,7,2,7,2
341c-f0d4-70be,365,5,-93.5,7,2,7,2,7,2,7,2
341c-f0d4-70be,366,5,-93.25,7,2,7,2,7,2,7,2
341c-f0d4-70be,367,5,-93.5,7,2,7,2,7,2,7,2
341c-f0d4-70be,368,5,-94.0,7,2,7,2,7,2,7,2
341c-f0d4-70be,369,5,-93.25,7,2,7,2,7,2,7,2
341c-f0d4-70be,370,5,-92.75,7,2,7,2,7,2,7,2
341c-f0d4-70be,371,5,-93.75,7,2,7,2,7,2,7,2
341c-f0d4-70be,372,5,-93.75,7,2,7,2,7,2,7,2
341c-f0d4-70be,373,5,-93.75,7,2,7,2,7,2,7,2
341c-f0d4-70be,374,5,-93.75,7,2,7,2,7,2,7,2
341c-f0d4-70be,375,5,-93.75,7,2,7,2,7,2,7,2
341c-f0d4-70be,376,5,-93.0,7,2,7,2,7,2,7,2
341c-f0d4-70be,377,5,-93.25,7,2,7,2,7,2,7,2
341c-f0d4-70be,378,5,-94.0,7,2,7,2,7,2,7,2
341c-f0d4-70be,379,5,-94.0,7,2,7,2,7,2,7,2
341c-f0d4-70be,380,5,-94.0,7,2,7,2,7,2,7,2
341c-f0d4-70be,381,5,-94.5,7,2,7,2,7,2,7,2
341c-f0d4-70be,382,5,-94.5,7,2,7,2,7,2,7,2
341c-f0d4-70be,383,5,-93.75,7,2,7,2,7,2,7,2
341c-f0d4-70be,384,5,-94.5,7,2,7,2,7,2,7,2
341c-f0d4-70be,385,5,-93.75,7,2,7,2,7,2,7,2
341c-f0d4-70be,386,5,-93.5,7,2,7,2,7,2,7,2
341c-f0d4-70be,387,5,-93.5,7,2,7,2,7,2,7,2
341c-f0d4-70be,388,5,-94.0,7,2,7,2,7,2,7,2
341c-f0d4-70be,389,5,-93.75,7,2,7,2,7,2,7,2
341c-f0d4-70be,390,5,-93.25,7,2,7,2,7,2,7,2
341c-f0d4-70be,391,5,-94.5,7,2,7,2,7,2,7,2
341c-f0d4-70be,392,5,-93.75,7,2,7,2,7,2,7,2
341c-f0d4-70be,393,5,-94.25,7,2,7,2,7,2,7,2
341c-f0d4-70be,394,5,-94.25,7,2,7,2,7,2,7,2
341c-f0d4-70be,395,5,-93.25,7,2,7,2,7,2,7,2
341c-f0d4-70be,396,5,-92.0,7,2,7,2,7,2,7,2
341c-f0d4-70be,397,5,-93.75,7,2,7,2,7,2,7,2
341c-f0d4-70be,398,5,-94.0,7,2,7,2,7,2,7,2
341c-f0d4-70be,399,5,-93.75,7,2,7,2,7,2,7,2
341c-f0d4-70be,400,5,-94.25,7,2,7,2,7,2,7,2
341c-f0d4-70be,401,5,-94.0,7,2,7,2,7,2,7,2
341c-f0d4-70be,402,5,-93.5,7,2,7,2,7,2,7,2
341c-f0d4-70be,403,5,-94.0,7,2,7,2,7,2,7,2
341c-f0d4-70be,404,5,-93.5,7,2,7,2,7,2,7,2
341c-f0d4-70be,405,5,-94.5,7,2,7,2,7,2,7,2
341c-f0d4-70be,406,5,-93.5,7,2,7,2,7,2,7,2
341c-f0d4-70be,407,5,-94.0,7,2,7,2,7,2,7,2
341c-f0d4-70be,408,5,-93.5,7,2,7,2,7,2,7,2
341c-f0d4-70be,409,5,-93.75,5,0,5,0,5,0,5,0
341c-f0d4-70be,410,5,-94.5,5,0,6,1,7,2,5,0
341c-f0d4-70be,411,5,-94.25,5,0,6,1,6,1,5,0
341c-f0d4-70be,412,5,-94.0,6,1,6,1,6,1,6,1
341c-f0d4-70be,413,5,-94.5,5,0,6,1,7,2,5,0
341c-f0d4-70be,414,5,-94.75,4,1,4,1,4,1,4,1
341c-f0d4-70be,415,5,-94.75,4,1,4,1,4,1,4,1
341c-f0d4-70be,416,5,-93.75,6,1,6,1,6,1,6,1
341c-f0d4-70be,417,6,-94.75,6,0,7,1,7,1,6,0
341c-f0d4-70be,418,5,-94.75,5,0,5,0,6,1,5,0
341c-f0d4-70be,419,5,-95.25,4,1,5,0,4,1,4,1
341c-f0d4-70be,420,5,-94.5,5,0,5,0,6,1,5,0
341c-f0d4-70be,421,5,-94.5,5,0,5,0,5,0,5,0
341c-f0d4-70be,422,5,-95.0,4,1,5,0,5,0,4,1
341c-f0d4-70be,423,5,-94.25,4,1,5,0,4,1,4,1
341c-f0d4-70be,424,5,-94.75,5,0,5,0,6,1,5,0
341c-f0d4-70be,425,5,-94.75,4,1,5,0,5,0,4,1
341c-f0d4-70be,426,5,-94.5,5,0,6,1,7,2,5,0
341c-f0d4-70be,427,5,-94.5,5,0,6,1,7,2,5,0
341c-f0d4-70be,428,5,-94.75,5,0,5,0,6,1,5,0
341c-f0d4-70be,429,6,-94.25,5,1,6,0,7,1,5,1
341c-f0d4-70be,430,5,-94.75,4,1,5,0,4,1,4,1
341c-f0d4-70be,431,5,-95.0,5,0,5,0,6,1,5,0
341c-f0d4-70be,432,5,-94.5,5,0,5,0,5,0,5,0
341c-f0d4-70be,433,5,-94.5,4,1,5,0,5,0,4,1
341c-f0d4-70be,434,5,-94.0,5,0,6,1,6,1,5,0
341c-f0d4-70be,435,5,-95.0,5,0,5,0,6,1,5,0
341c-f0d4-70be,436,5,-94.5,5,0,5,0,6,1,5,0
341c-f0d4-70be,437,5,-94.5,5,0,6,1,7,2,5,0
341c-f0d4-70be,438,5,-93.75,5,0,5,0,5,0,5,0
341c-f0d4-70be,439,5,-94.25,5,0,5,0,5,0,5,0
341c-f0d4-70be,440,5,-95.0,4,1,4,1,4,1,4,1
341c-f0d4-70be,441,5,-94.25,6,1,6,1,7,2,6,1
341c-f0d4-70be,442,5,-94.5,5,0,6,1,7,2,5,0
341c-f0d4-70be,443,5,-94.0,6,1,6,1,6,1,6,1
341c-f0d4-70be,444,5,-94.0,5,0,6,1,6,1,5,0
341c-f0d4-70be,445,5,-94.5,5,0,6,1,7,2,5,0
341c-f0d4-70be,446,5,-93.5,5,0,6,1,6,1,5,0
341c-f0d4-70be,447,5,-94.75,5,0,7,2,7,2,5,0
341c-f0d4-70be,448,5,-94.75,5,0,6,1,7,2,5,0
341c-f0d4-70be,449,5,-94.75,5,0,6,1,7,2,5,0
341c-f0d4-70be,450,5,-94.25,6,1,6,1,7,2,6,1
341c-f0d4-70be,451,5,-94.25,5,0,6,1,7,2,5,0
341c-f0d4-70be,452,5,-94.25,5,0,6,1,6,1,5,0
341c-f0d4-70be,453,5,-95.0,5,0,7,2,7,2,5,0
341c-f0d4-70be,454,5,-94.5,5,0,6,1,7,2,5,0
341c-f0d4-70be,455,5,-93.75,6,1,6,1,6,1,6,1
341c-f0d4-70be,456,5,-94.5,5,0,6,1,7,2,5,0
341c-f0d4-70be,457,5,-94.5,5,0,5,0,5,0,5,0
341c-f0d4-70be,458,5,-94.75,5,0,6,1,7,2,5,0
341c-f0d4-70be,459,5,-94.75,5,0,5,0,6,1,5,0
341c-f0d4-70be,460,5,-94.25,4,1,5,0,5,0,4,1
341c-f0d4-70be,461,5,-95.0,4,1,5,0,5,0,4,1
341c-f0d4-70be,462,5,-94.25,5,0,5,0,5,0,5,0
341c-f0d4-70be,463,5,-94.0,4,1,5,0,4,1,4,1
341c-f0d4-70be,464,5,-94.75,5,0,6,1,7,2,5,0
341c-f0d4-70be,465,5,-94.0,6,1,6,1,6,1,6,1
341c-f0d4-70be,466,5,-93.75,5,0,6,1,6,1,5,0
341c-f0d4-70be,467,5,-95.0,5,0,7,2,7,2,5,0
341c-f0d4-70be,468,5,-94.0,5,0,6,1,6,1,5,0
341c-f0d4-70be,469,5,-94.75,5,0,6,1,7,2,5,0
341c-f0d4-70be,470,5,-94.75,5,0,6,1,7,2,5,0
341c-f0d4-70be,471,5,-94.25,6,1,6,1,6,1,6,1
341c-f0d4-70be,472,5,-94.5,5,0,6,1,7,2,5,0
341c-f0d4-70be,473,5,-94.75,6,1,6,1,7,2,6,1
341c-f0d4-70be,474,5,-94.5,5,0,6,1,7,2,5,0
341c-f0d4-70be,475,5,-94.25,5,0,6,1,6,1,5,0
341c-f0d4-70be,476,5,-94.5,5,0,6,1,7,2,5,0
341c-f0d4-70be,477,5,-94.25,5,0,6,1,6,1,5,0
341c-f0d4-70be,478,5,-94.25,5,0,6,1,6,1,5,0
341c-f0d4-70be,479,5,-95.25,5,0,5,0,6,1,5,0
341c-f0d4-70be,480,5,-95.25,5,0,5,0,6,1,5,0
341c-f0d4-70be,481,5,-94.5,5,0,5,0,6,1,5,0
341c-f0d4-70be,482,5,-94.25,5,0,6,1,7,2,5,0
341c-f0d4-70be,483,5,-94.5,6,1,6,1,7,2,6,1
341c-f0d4-70be,484,5,-94.5,5,0,6,1,7,2,5,0
341c-f0d4-70be,485,5,-94.25,6,1,6,1,6,1,6,1
341c-f0d4-70be,486,5,-93.75,6,1,6,1,6,1,6,1
341c-f0d4-70be,487,5,-94.75,7,2,7,2,7,2,7,2
341c-f0d4-70be,488,5,-94.5,5,0,6,1,7,2,5,0
341c-f0d4-70be,489,5,-95.0,5,0,5,0,6,1,5,0
341c-f0d4-70be,490,5,-94.5,6,1,6,1,7,2,6,1
341c-f0d4-70be,491,5,-94.0,5,0,5,0,5,0,5,0
341c-f0d4-70be,492,6,-94.25,5,1,5,1,5,1,5,1
341c-f0d4-70be,493,6,-94.5,5,1,5,1,6,0,5,1
341c-f0d4-70be,494,6,-94.0,5,1,6,0,6,0,5,1
341c-f0d4-70be,495,5,-94.25,5,0,6,1,6,1,5,0
341c-f0d4-70be,496,5,-93.75,5,0,6,1,6,1,5,0
341c-f0d4-70be,497,5,-94.75,5,0,6,1,7,2,5,0
341c-f0d4-70be,498,5,-93.75,5,0,6,1,6,1,5,0
341c-f0d4-70be,499,5,-94.0,5,0,6,1,6,1,5,0
341c-f0d4-70be,500,5,-94.0,5,0,6,1,6,1,5,0
341c-f0d4-70be,501,5,-94.25,5,0,6,1,6,1,5,0
341c-f0d4-70be,502,5,-94.75,5,0,6,1,7,2,5,0
341c-f0d4-70be,503,6,-95.0,5,1,6,0,7,1,5,1
341c-f0d4-70be,504,5,-94.75,5,0,6,1,7,2,5,0
341c-f0d4-70be,505,5,-94.25,5,0,6,1,6,1,5,0
341c-f0d4-70be,506,6,-94.75,4,2,4,2,4,2,4,2
341c-f0d4-70be,507,5,-93.75,5,0,6,1,6,1,5,0
341c-f0d4-70be,508,5,-94.0,5,0,6,1,6,1,5,0
341c-f0d4-70be,509,5,-94.0,5,0,5,0,5,0,5,0
341c-f0d4-70be,510,5,-94.0,5,0,5,0,5,0,5,0
341c-f0d4-70be,511,5,-94.5,5,0,5,0,6,1,5,0
341c-f0d4-70be,512,5,-94.75,5,0,5,0,6,1,5,0
341c-f0d4-70be,513,5,-94.5,4,1,4,1,4,1,4,1
341c-f0d4-70be,514,5,-94.5,5,0,5,0,5,0,5,0
341c-f0d4-70be,515,5,-94.75,5,0,5,0,5,0,5,0
341c-f0d4-70be,516,5,-94.5,4,1,4,1,4,1,4,1
341c-f0d4-70be,517,5,-94.5,5,0,5,0,5,0,5,0
341c-f0d4-70be,518,5,-93.75,5,0,5,0,5,0,5,0
341c-f0d4-70be,519,5,-94.75,5,0,5,0,6,1,5,0
341c-f0d4-70be,520,5,-94.25,7,2,7,2,7,2,7,2
341c-f0d4-70be,521,5,-94.0,5,0,5,0,6,1,5,0
341c-f0d4-70be,522,5,-94.25,5,0,5,0,6,1,5,0
341c-f0d4-70be,523,5,-94.0,5,0,5,0,6,1,5,0
341c-f0d4-70be,524,5,-94.5,5,0,5,0,6,1,5,0
341c-f0d4-70be,525,5,-94.0,5,0,5,0,6,1,5,0
341c-f0d4-70be,526,5,-94.5,5,0,5,0,6,1,5,0
341c-f0d4-70be,527,5,-95.25,5,0,6,1,6,1,5,0
341c-f0d4-70be,528,5,-95.0,5,0,5,0,5,0,5,0
341c-f0d4-70be,529,5,-94.0,5,0,5,0,5,0,5,0
341c-f0d4-70be,530,5,-93.75,5,0,5,0,5,0,5,0
341c-f0d4-70be,531,5,-94.5,5,0,5,0,5,0,5,0
341c-f0d4-70be,532,5,-94.5,5,0,5,0,6,1,5,0
341c-f0d4-70be,533,5,-94.25,5,0,5,0,6,1,5,0
341c-f0d4-70be,534,5,-94.75,5,0,5,0,6,1,5,0
341c-f0d4-70be,535,5,-94.5,5,0,5,0,5,0,5,0
341c-f0d4-70be,536,5,-94.5,5,0,5,0,5,0,5,0
341c-f0d4-70be,537,5,-94.75,5,0,5,0,5,0,5,0
341c-f0d4-70be,538,5,-93.5,7,2,7,2,7,2,7,2
341c-f0d4-70be,539,5,-94.75,5,0,5,0,6,1,5,0
341c-f0d4-70be,540,5,-94.25,5,0,5,0,6,1,5,0
341c-f0d4-70be,541,5,-94.5,5,0,5,0,5,0,5,0
341c-f0d4-70be,542,5,-94.75,5,0,5,0,6,1,5,0
341c-f0d4-70be,543,5,-93.75,5,0,5,0,5,0,5,0
341c-f0d4-70be,544,5,-95.0,4,1,4,1,4,1,4,1
341c-f0d4-70be,545,5,-94.75,5,0,5,0,5,0,5,0
341c-f0d4-70be,546,5,-94.25,5,0,5,0,5,0,5,0
341c-f0d4-70be,547,5,-94.75,5,0,5,0,6,1,5,0
341c-f0d4-70be,548,5,-94.0,5,0,5,0,6,1,5,0
341c-f0d4-70be,549,5,-94.25,5,0,5,0,6,1,5,0
341c-f0d4-70be,550,5,-94.25,5,0,5,0,6,1,5,0
341c-f0d4-70be,551,5,-94.5,4,1,4,1,4,1,4,1
341c-f0d4-70be,552,5,-93.5,5,0,5,0,6,1,5,0
341c-f0d4-70be,553,5,-94.0,5,0,5,0,6,1,5,0
341c-f0d4-70be,554,5,-95.0,4,1,4,1,4,1,4,1
341c-f0d4-70be,555,5,-94.25,4,1,4,1,4,1,4,1
341c-f0d4-70be,556,5,-94.25,5,0,5,0,6,1,5,0
341c-f0d4-70be,557,5,-94.25,7,2,7,2,7,2,7,2
341c-f0d4-70be,558,5,-94.75,7,2,7,2,7,2,7,2
341c-f0d4-70be,559,5,-95.0,5,0,5,0,5,0,5,0
341c-f0d4-70be,560,5,-94.25,5,0,5,0,5,0,5,0
341c-f0d4-70be,561,5,-94.75,5,0,5,0,5,0,5,0
341c-f0d4-70be,562,5,-94.25,5,0,5,0,5,0,5,0
341c-f0d4-70be,563,5,-95.0,5,0,5,0,5,0,5,0
341c-f0d4-70be,564,5,-95.0,5,0,5,0,5,0,5,0
341c-f0d4-70be,565,5,-94.25,5,0,5,0,5,0,5,0
341c-f0d4-70be,566,5,-94.5,7,2,7,2,7,2,7,2
341c-f0d4-70be,567,5,-94.5,5,0,5,0,5,0,5,0
341c-f0d4-70be,568,5,-94.5,5,0,5,0,6,1,5,0
341c-f0d4-70be,569,5,-94.25,5,0,5,0,5,0,5,0
341c-f0d4-70be,570,5,-94.5,5,0,5,0,5,0,5,0
341c-f0d4-70be,571,5,-93.75,5,0,5,0,4,1,5,0
341c-f0d4-70be,572,5,-94.75,5,0,5,0,5,0,5,0
341c-f0d4-70be,573,5,-94.0,5,0,5,0,5,0,5,0
341c-f0d4-70be,574,5,-94.5,5,0,5,0,5,0,5,0
341c-f0d4-70be,575,5,-94.0,5,0,5,0,5,0,5,0
341c-f0d4-70be,576,5,-94.5,5,0,5,0,6,1,5,0
341c-f0d4-70be,577,5,-94.25,4,1,4,1,4,1,4,1
341c-f0d4-70be,578,5,-94.75,5,0,5,0,6,1,5,0
341c-f0d4-70be,579,5,-94.75,5,0,5,0,5,0,5,0
341c-f0d4-70be,580,5,-94.25,5,0,5,0,5,0,5,0
341c-f0d4-70be,581,5,-94.75,5,0,5,0,6,1,5,0
341c-f0d4-70be,582,5,-94.75,5,0,5,0,6,1,5,0
341c-f0d4-70be,583,5,-94.25,5,0,5,0,6,1,5,0
341c-f0d4-70be,584,5,-93.75,5,0,5,0,6,1,5,0
341c-f0d4-70be,585,5,-94.0,5,0,5,0,5,0,5,0
341c-f0d4-70be,586,5,-93.5,5,0,5,0,6,1,5,0
341c-f0d4-70be,587,5,-94.0,5,0,5,0,6,1,5,0
341c-f0d4-70be,588,5,-94.5,7,2,7,2,7,2,7,2
341c-f0d4-70be,589,5,-94.5,7,2,7,2,7,2,7,2
341c-f0d4-70be,590,5,-93.75,5,0,5,0,6,1,5,0
341c-f0d4-70be,591,5,-94.25,5,0,5,0,6,1,5,0
341c-f0d4-70be,592,5,-95.0,5,0,5,0,5,0,5,0
341c-f0d4-70be,593,5,-94.5,7,2,7,2,7,2,7,2
341c-f0d4-70be,594,5,-94.5,7,2,7,2,7,2,7,2
341c-f0d4-70be,595,5,-94.5,7,2,7,2,7,2,7,2
341c-f0d4-70be,596,5,-94.25,7,2,7,2,7,2,7,2
341c-f0d4-70be,597,5,-94.5,7,2,7,2,7,2,7,2
341c-f0d4-70be,598,5,-94.0,7,2,7,2,7,2,7,2
341c-f0d4-70be,599,5,-94.0,5,0,5,0,6,1,5,0
341c-f0d4-70be,600,5,-94.25,5,0,5,0,6,1,5,0
341c-f0d4-70be,601,5,-94.75,5,0,6,1,6,1,5,0
341c-f0d4-70be,602,5,-94.5,5,0,5,0,6,1,5,0
341c-f0d4-70be,603,5,-94.5,7,2,7,2,7,2,7,2
341c-f0d4-70be,604,5,-94.0,7,2,7,2,7,2,7,2
341c-f0d4-70be,605,5,-95.0,7,2,7,2,7,2,7,2
341c-f0d4-70be,606,5,-94.25,5,0,5,0,6,1,5,0
341c-f0d4-70be,607,5,-94.75,5,0,5,0,5,0,5,0
341c-f0d4-70be,608,5,-94.5,5,0,5,0,6,1,5,0
341c-f0d4-70be,609,5,-94.0,4,1,4,1,4,1,4,1
341c-f0d4-70be,610,5,-94.25,5,0,5,0,6,1,5,0
341c-f0d4-70be,611,5,-94.75,4,1,4,1,4,1,4,1
341c-f0d4-70be,612,5,-94.5,5,0,5,0,6,1,5,0
341c-f0d4-70be,613,5,-93.75,5,0,5,0,6,1,5,0
341c-f0d4-70be,614,5,-93.75,5,0,5,0,6,1,5,0
341c-f0d4-70be,615,5,-95.0,5,0,5,0,6,1,5,0
341c-f0d4-70be,616,5,-94.5,5,0,5,0,6,1,5,0
341c-f0d4-70be,617,5,-93.5,5,0,5,0,4,1,5,0
341c-f0d4-70be,618,5,-94.5,5,0,5,0,5,0,5,0
341c-f0d4-70be,619,5,-94.75,5,0,5,0,5,0,5,0
341c-f0d4-70be,620,5,-94.5,5,0,5,0,5,0,5,0
341c-f0d4-70be,621,5,-94.75,5,0,5,0,5,0,5,0
341c-f0d4-70be,622,5,-94.75,5,0,5,0,5,0,5,0
341c-f0d4-70be,623,4,-94.75,5,1,6,2,6,2,5,1
341c-f0d4-70be,624,4,-94.75,5,1,6,2,6,2,5,1
341c-f0d4-70be,625,4,-94.5,5,1,6,2,6,2,5,1
341c-f0d4-70be,626,4,-94.75,5,1,5,1,6,2,5,1
341c-f0d4-70be,627,5,-94.75,5,0,5,0,6,1,5,0
341c-f0d4-70be,628,4,-95.0,5,1,5,1,5,1,5,1
341c-f0d4-70be,629,5,-95.0,5,0,6,1,6,1,5,0
341c-f0d4-70be,630,4,-95.0,5,1,6,2,6,2,5,1
341c-f0d4-70be,631,4,-94.5,5,1,5,1,6,2,5,1
341c-f0d4-70be,632,4,-95.5,4,0,5,1,5,1,4,0
341c-f0d4-70be,633,4,-94.25,4,0,4,0,4,0,4,0
341c-f0d4-70be,634,4,-95.25,5,1,5,1,5,1,5,1
341c-f0d4-70be,635,4,-95.0,4,0,4,0,4,0,4,0
341c-f0d4-70be,636,4,-95.0,4,0,4,0,4,0,4,0
341c-f0d4-70be,637,5,-94.5,4,1,4,1,4,1,4,1
341c-f0d4-70be,638,5,-95.25,5,0,5,0,5,0,5,0
341c-f0d4-70be,639,4,-95.25,4,0,5,1,4,0,4,0
341c-f0d4-70be,640,4,-94.0,4,0,4,0,4,0,4,0
341c-f0d4-70be,641,4,-94.5,5,1,5,1,5,1,5,1
341c-f0d4-70be,642,4,-94.75,5,1,5,1,6,2,5,1
341c-f0d4-70be,643,5,-94.5,5,0,5,0,5,0,5,0
341c-f0d4-70be,644,5,-94.5,5,0,5,0,6,1,5,0
341c-f0d4-70be,645,5,-94.5,5,0,5,0,6,1,5,0
341c-f0d4-70be,646,4,-94.75,5,1,5,1,5,1,5,1
341c-f0d4-70be,647,4,-94.5,5,1,6,2,6,2,5,1
341c-f0d4-70be,648,4,-94.0,5,1,5,1,6,2,5,1
341c-f0d4-70be,649,4,-94.25,5,1,5,1,6,2,5,1
341c-f0d4-70be,650,4,-94.75,5,1,5,1,6,2,5,1
341c-f0d4-70be,651,4,-95.0,4,0,4,0,4,0,4,0
341c-f0d4-70be,652,4,-94.25,5,1,5,1,6,2,5,1
341c-f0d4-70be,653,4,-94.5,5,1,5,1,5,1,5,1
341c-f0d4-70be,654,4,-95.0,5,1,5,1,5,1,5,1
341c-f0d4-70be,655,4,-95.0,5,1,5,1,6,2,5,1
341c-f0d4-70be,656,4,-94.5,5,1,5,1,6,2,5,1
341c-f0d4-70be,657,4,-94.5,5,1,5,1,6,2,5,1
341c-f0d4-70be,658,4,-94.75,5,1,6,2,6,2,5,1
341c-f0d4-70be,659,4,-93.5,5,1,5,1,6,2,5,1
341c-f0d4-70be,660,4,-94.5,5,1,5,1,6,2,5,1
341c-f0d4-70be,661,4,-94.0,5,1,5,1,6,2,5,1
341c-f0d4-70be,662,4,-94.25,5,1,5,1,6,2,5,1
341c-f0d4-70be,663,4,-95.25,5,1,5,1,5,1,5,1
341c-f0d4-70be,664,4,-94.5,4,0,4,0,4,0,4,0
341c-f0d4-70be,665,4,-94.75,5,1,5,1,5,1,5,1
341c-f0d4-70be,666,4,-94.5,6,2,7,3,7,3,6,2
341c-f0d4-70be,667,4,-94.75,4,0,4,0,4,0,4,0
341c-f0d4-70be,668,4,-94.75,5,1,5,1,6,2,5,1
341c-f0d4-70be,669,4,-94.25,5,1,5,1,4,0,5,1
341c-f0d4-70be,670,4,-95.0,4,0,4,0,4,0,4,0
341c-f0d4-70be,671,4,-94.5,5,1,5,1,5,1,5,1
341c-f0d4-70be,672,4,-94.25,5,1,5,1,4,0,5,1
341c-f0d4-70be,673,4,-94.75,5,1,5,1,5,1,5,1
341c-f0d4-70be,674,4,-94.75,4,0,4,0,4,0,4,0
341c-f0d4-70be,675,5,-95.0,5,0,6,1,6,1,5,0
341c-f0d4-70be,676,4,-95.0,5,1,6,2,6,2,5,1
341c-f0d4-70be,677,4,-94.75,4,0,4,0,4,0,4,0
341c-f0d4-70be,678,4,-95.25,5,1,6,2,6,2,5,1
341c-f0d4-70be,679,4,-94.5,5,1,5,1,5,1,5,1
341c-f0d4-70be,680,4,-94.75,5,1,6,2,6,2,5,1
341c-f0d4-70be,681,4,-94.75,5,1,5,1,5,1,5,1
341c-f0d4-70be,682,4,-95.0,5,1,5,1,5,1,5,1
341c-f0d4-70be,683,4,-94.75,5,1,5,1,5,1,5,1
341c-f0d4-70be,684,4,-94.75,5,1,5,1,5,1,5,1
341c-f0d4-70be,685,4,-94.5,5,1,5,1,5,1,5,1
341c-f0d4-70be,686,4,-94.5,5,1,5,1,5,1,5,1
341c-f0d4-70be,687,4,-95.0,5,1,5,1,5,1,5,1
341c-f0d4-70be,688,4,-94.5,5,1,5,1,5,1,5,1
341c-f0d4-70be,689,4,-94.25,5,1,5,1,6,2,5,1
341c-f0d4-70be,690,4,-95.0,5,1,5,1,5,1,5,1
341c-f0d4-70be,691,4,-95.25,5,1,5,1,5,1,5,1
341c-f0d4-70be,692,4,-94.5,5,1,5,1,5,1,5,1
341c-f0d4-70be,693,4,-94.25,5,1,5,1,6,2,5,1
341c-f0d4-70be,694,4,-94.25,5,1,5,1,5,1,5,1
341c-f0d4-70be,695,4,-95.0,5,1,5,1,6,2,5,1
341c-f0d4-70be,696,4,-95.0,5,1,5,1,5,1,5,1
341c-f0d4-70be,697,4,-94.5,5,1,5,1,5,1,5,1
341c-f0d4-70be,698,4,-95.0,5,1,6,2,6,2,5,1
341c-f0d4-70be,699,4,-94.25,4,0,4,0,4,0,4,0
341c-f0d4-70be,700,4,-94.25,5,1,5,1,5,1,5,1
341c-f0d4-70be,701,4,-94.75,5,1,5,1,5,1,5,1
341c-f0d4-70be,702,4,-94.25,5,1,5,1,5,1,5,1
341c-f0d4-70be,703,4,-95.0,5,1,5,1,5,1,5,1
341c-f0d4-70be,704,4,-94.75,5,1,5,1,5,1,5,1
341c-f0d4-70be,705,4,-94.75,5,1,5,1,6,2,5,1
341c-f0d4-70be,706,4,-94.25,5,1,5,1,6,2,5,1
341c-f0d4-70be,707,4,-94.5,5,1,6,2,6,2,5,1
341c-f0d4-70be,708,5,-95.0,5,0,5,0,6,1,5,0
341c-f0d4-70be,709,4,-94.75,5,1,6,2,6,2,5,1
341c-f0d4-70be,710,4,-94.75,5,1,5,1,6,2,5,1
341c-f0d4-70be,711,4,-94.75,5,1,6,2,6,2,5,1
341c-f0d4-70be,712,4,-94.5,5,1,5,1,6,2,5,1
341c-f0d4-70be,713,4,-95.0,5,1,5,1,6,2,5,1
341c-f0d4-70be,714,4,-94.5,5,1,5,1,5,1,5,1
341c-f0d4-70be,715,4,-94.5,4,0,4,0,4,0,4,0
341c-f0d4-70be,716,4,-95.0,5,1,6,2,6,2,5,1
341c-f0d4-70be,717,4,-94.75,5,1,5,1,6,2,5,1
341c-f0d4-70be,718,4,-94.75,5,1,5,1,6,2,5,1
341c-f0d4-70be,719,4,-94.75,5,1,5,1,6,2,5,1
341c-f0d4-70be,720,4,-95.0,5,1,5,1,5,1,5,1
341c-f0d4-70be,721,4,-94.75,5,1,5,1,5,1,5,1
341c-f0d4-70be,722,4,-94.25,5,1,5,1,5,1,5,1
341c-f0d4-70be,723,4,-95.0,5,1,5,1,5,1,5,1
341c-f0d4-70be,724,4,-95.25,5,1,6,2,6,2,5,1
341c-f0d4-70be,725,4,-94.5,5,1,5,1,6,2,5,1
341c-f0d4-70be,726,4,-94.25,5,1,5,1,6,2,5,1
341c-f0d4-70be,727,5,-94.75,5,0,5,0,5,0,5,0
341c-f0d4-70be,728,4,-95.25,4,0,4,0,4,0,4,0
341c-f0d4-70be,729,4,-95.0,5,1,5,1,5,1,5,1
341c-f0d4-70be,730,4,-94.5,4,0,4,0,4,0,4,0
341c-f0d4-70be,731,4,-94.75,4,0,4,0,4,0,4,0
341c-f0d4-70be,732,3,-94.75,3,0,3,0,3,0,3,0
341c-f0d4-70be,733,3,-94.75,3,0,3,0,3,0,3,0
341c-f0d4-70be,734,3,-95.25,3,0,3,0,3,0,3,0
341c-f0d4-70be,735,3,-95.0,3,0,3,0,3,0,3,0
341c-f0d4-70be,736,3,-95.5,3,0,3,0,4,1,3,0
341c-f0d4-70be,737,3,-95.25,2,1,2,1,2,1,2,1
341c-f0d4-70be,738,3,-95.0,3,0,3,0,3,0,3,0
341c-f0d4-70be,739,3,-94.75,4,1,4,1,4,1,4,1
341c-f0d4-70be,740,3,-94.75,3,0,3,0,3,0,3,0
341c-f0d4-70be,741,3,-95.25,4,1,4,1,4,1,4,1
341c-f0d4-70be,742,3,-95.25,3,0,3,0,4,1,3,0
341c-f0d4-70be,743,3,-95.25,3,0,3,0,3,0,3,0
341c-f0d4-70be,744,3,-94.5,3,0,3,0,3,0,3,0
341c-f0d4-70be,745,3,-95.0,3,0,3,0,3,0,3,0
341c-f0d4-70be,746,3,-95.0,3,0,3,0,3,0,3,0
341c-f0d4-70be,747,3,-95.0,3,0,3,0,3,0,3,0
341c-f0d4-70be,748,3,-94.75,3,0,3,0,3,0,3,0
341c-f0d4-70be,749,3,-94.5,3,0,3,0,3,0,3,0
341c-f0d4-70be,750,3,-95.0,3,0,3,0,3,0,3,0
341c-f0d4-70be,751,3,-94.75,3,0,3,0,3,0,3,0
341c-f0d4-70be,752,3,-94.75,3,0,3,0,3,0,3,0
341c-f0d4-70be,753,3,-95.25,2,1,2,1,2,1,2,1
341c-f0d4-70be,754,3,-95.25,3,0,3,0,3,0,3,0
341c-f0d4-70be,755,3,-95.75,3,0,3,0,3,0,3,0
341c-f0d4-70be,756,3,-95.5,3,0,4,1,4,1,3,0
341c-f0d4-70be,757,3,-95.0,3,0,3,0,3,0,3,0
341c-f0d4-70be,758,3,-94.75,3,0,3,0,3,0,3,0
341c-f0d4-70be,759,3,-94.75,3,0,3,0,3,0,3,0
341c-f0d4-70be,760,3,-95.0,3,0,3,0,3,0,3,0
341c-f0d4-70be,761,3,-94.75,3,0,3,0,3,0,3,0
341c-f0d4-70be,762,3,-95.5,3,0,4,1,4,1,3,0
341c-f0d4-70be,763,3,-94.75,3,0,3,0,3,0,3,0
341c-f0d4-70be,764,3,-95.0,4,1,4,1,4,1,4,1
341c-f0d4-70be,765,3,-94.75,3,0,3,0,3,0,3,0
341c-f0d4-70be,766,3,-95.0,3,0,3,0,3,0,3,0
341c-f0d4-70be,767,3,-95.0,3,0,3,0,3,0,3,0
341c-f0d4-70be,768,3,-94.5,3,0,3,0,3,0,3,0
341c-f0d4-70be,769,3,-95.0,4,1,4,1,4,1,4,1
341c-f0d4-70be,770,3,-95.25,3,0,3,0,3,0,3,0
341c-f0d4-70be,771,3,-94.75,3,0,3,0,3,0,3,0
341c-f0d4-70be,772,3,-95.25,3,0,3,0,3,0,3,0
341c-f0d4-70be,773,3,-94.5,3,0,3,0,3,0,3,0
341c-f0d4-70be,774,3,-95.25,3,0,3,0,3,0,3,0
341c-f0d4-70be,775,3,-94.25,4,1,4,1,4,1,4,1
341c-f0d4-70be,776,3,-94.5,4,1,4,1,4,1,4,1
341c-f0d4-70be,777,3,-94.75,4,1,4,1,4,1,4,1
341c-f0d4-70be,778,3,-95.0,4,1,4,1,4,1,4,1
341c-f0d4-70be,779,3,-95.25,4,1,4,1,4,1,4,1
341c-f0d4-70be,780,3,-94.75,3,0,3,0,3,0,3,0
341c-f0d4-70be,781,3,-95.25,4,1,4,1,4,1,4,1
341c-f0d4-70be,782,4,-94.25,3,1,3,1,3,1,3,1
341c-f0d4-70be,783,4,-94.75,3,1,3,1,3,1,3,1
341c-f0d4-70be,784,3,-95.0,4,1,4,1,4,1,4,1
341c-f0d4-70be,785,3,-94.75,4,1,4,1,4,1,4,1
341c-f0d4-70be,786,3,-95.0,3,0,3,0,3,0,3,0
341c-f0d4-70be,787,3,-94.75,3,0,3,0,3,0,3,0
341c-f0d4-70be,788,3,-95.25,3,0,3,0,3,0,3,0
341c-f0d4-70be,789,3,-95.0,3,0,3,0,3,0,3,0
341c-f0d4-70be,790,3,-94.75,3,0,3,0,3,0,3,0
341c-f0d4-70be,791,3,-95.5,3,0,3,0,4,1,3,0
341c-f0d4-70be,792,3,-95.0,3,0,3,0,3,0,3,0
341c-f0d4-70be,793,3,-94.75,3,0,3,0,3,0,3,0
341c-f0d4-70be,794,3,-93.25,3,0,3,0,3,0,3,0
341c-f0d4-70be,795,3,-94.5,3,0,3,0,3,0,3,0
341c-f0d4-70be,796,3,-95.25,3,0,3,0,3,0,3,0
341c-f0d4-70be,797,3,-94.5,3,0,3,0,3,0,3,0
341c-f0d4-70be,798,3,-95.0,3,0,3,0,3,0,3,0
341c-f0d4-70be,799,3,-95.25,3,0,3,0,3,0,3,0
341c-f0d4-70be,800,3,-95.0,4,1,4,1,4,1,4,1
341c-f0d4-70be,801,3,-94.75,4,1,4,1,4,1,4,1
341c-f0d4-70be,802,3,-95.0,4,1,4,1,4,1,4,1
341c-f0d4-70be,803,3,-94.5,4,1,4,1,4,1,4,1
341c-f0d4-70be,804,3,-95.25,4,1,4,1,4,1,4,1
341c-f0d4-70be,805,3,-95.0,4,1,4,1,4,1,4,1
341c-f0d4-70be,806,3,-94.5,3,0,3,0,3,0,3,0
341c-f0d4-70be,807,3,-95.0,4,1,4,1,4,1,4,1
341c-f0d4-70be,808,3,-95.25,4,1,4,1,4,1,4,1
341c-f0d4-70be,809,3,-95.0,4,1,4,1,4,1,4,1
341c-f0d4-70be,810,3,-95.25,3,0,3,0,3,0,3,0
341c-f0d4-70be,811,3,-95.25,4,1,4,1,4,1,4,1
341c-f0d4-70be,812,3,-95.25,3,0,3,0,3,0,3,0
341c-f0d4-70be,813,3,-95.0,4,1,4,1,4,1,4,1
341c-f0d4-70be,814,3,-95.0,3,0,3,0,3,0,3,0
341c-f0d4-70be,815,4,-94.75,3,1,3,1,3,1,3,1
341c-f0d4-70be,816,3,-95.0,3,0,3,0,3,0,3,0
341c-f0d4-70be,817,3,-95.0,3,0,3,0,3,0,3,0
341c-f0d4-70be,818,3,-95.0,3,0,3,0,3,0,3,0
341c-f0d4-70be,819,3,-95.25,3,0,3,0,3,0,3,0
341c-f0d4-70be,820,3,-94.5,3,0,3,0,3,0,3,0
341c-f0d4-70be,821,3,-95.25,3,0,3,0,3,0,3,0
341c-f0d4-70be,822,3,-95.25,3,0,3,0,3,0,3,0
341c-f0d4-70be,823,4,-95.5,4,0,4,0,4,0,4,0
341c-f0d4-70be,824,4,-95.25,4,0,4,0,4,0,4,0
341c-f0d4-70be,825,5,-95.0,4,1,4,1,4,1,4,1
341c-f0d4-70be,826,4,-95.25,4,0,5,1,4,0,4,0
341c-f0d4-70be,827,4,-95.0,4,0,4,0,4,0,4,0
341c-f0d4-70be,828,4,-95.0,4,0,4,0,4,0,4,0
341c-f0d4-70be,829,4,-95.5,4,0,4,0,4,0,4,0
341c-f0d4-70be,830,4,-94.75,4,0,4,0,4,0,4,0
341c-f0d4-70be,831,4,-95.25,4,0,4,0,4,0,4,0
341c-f0d4-70be,832,3,-95.75,4,1,4,1,4,1,4,1
341c-f0d4-70be,833,3,-95.0,4,1,4,1,4,1,4,1
341c-f0d4-70be,834,3,-95.25,3,0,3,0,3,0,3,0
341c-f0d4-70be,835,3,-95.0,4,1,4,1,4,1,4,1
341c-f0d4-70be,836,4,-96.0,4,0,4,0,4,0,4,0
341c-f0d4-70be,837,4,-96.0,4,0,4,0,4,0,4,0
341c-f0d4-70be,838,4,-95.5,3,1,3,1,3,1,3,1
341c-f0d4-70be,839,4,-95.0,4,0,5,1,5,1,4,0
341c-f0d4-70be,840,4,-95.25,5,1,5,1,5,1,5,1
341c-f0d4-70be,841,4,-95.0,5,1,5,1,5,1,5,1
341c-f0d4-70be,842,4,-95.75,4,0,4,0,4,0,4,0
341c-f0d4-70be,843,4,-95.5,4,0,4,0,4,0,4,0
341c-f0d4-70be,844,3,-95.0,4,1,4,1,4,1,4,1
341c-f0d4-70be,845,3,-95.25,4,1,4,1,4,1,4,1
341c-f0d4-70be,846,3,-95.25,4,1,4,1,4,1,4,1
341c-f0d4-70be,847,4,-95.5,4,0,4,0,4,0,4,0
341c-f0d4-70be,848,4,-95.5,4,0,4,0,4,0,4,0
341c-f0d4-70be,849,4,-94.75,4,0,4,0,4,0,4,0
341c-f0d4-70be,850,4,-95.25,4,0,4,0,4,0,4,0
341c-f0d4-70be,851,4,-95.25,4,0,4,0,4,0,4,0
341c-f0d4-70be,852,4,-94.75,4,0,4,0,4,0,4,0
341c-f0d4-70be,853,4,-95.0,4,0,4,0,4,0,4,0
341c-f0d4-70be,854,4,-95.0,4,0,4,0,4,0,4,0
341c-f0d4-70be,855,4,-95.0,4,0,4,0,4,0,4,0
341c-f0d4-70be,856,4,-96.0,4,0,4,0,4,0,4,0
341c-f0d4-70be,857,4,-94.5,4,0,4,0,4,0,4,0
341c-f0d4-70be,858,4,-95.0,3,1,3,1,3,1,3,1
341c-f0d4-70be,859,4,-95.5,4,0,4,0,4,0,4,0
341c-f0d4-70be,860,4,-95.0,4,0,4,0,4,0,4,0
341c-f0d4-70be,861,4,-95.5,3,1,3,1,3,1,3,1
341c-f0d4-70be,862,4,-95.0,2,2,2,2,3,1,2,2
341c-f0d4-70be,863,4,-95.75,4,0,4,0,4,0,4,0
341c-f0d4-70be,864,4,-95.25,3,1,3,1,3,1,3,1
341c-f0d4-70be,865,4,-95.5,3,1,3,1,3,1,3,1
341c-f0d4-70be,866,4,-95.75,4,0,4,0,4,0,4,0
341c-f0d4-70be,867,4,-95.5,4,0,4,0,4,0,4,0
341c-f0d4-70be,868,4,-95.75,4,0,4,0,4,0,4,0
341c-f0d4-70be,869,4,-94.75,5,1,5,1,5,1,5,1
341c-f0d4-70be,870,4,-94.75,4,0,4,0,4,0,4,0
341c-f0d4-70be,871,4,-95.25,4,0,4,0,4,0,4,0
341c-f0d4-70be,872,4,-95.5,4,0,4,0,4,0,4,0
341c-f0d4-70be,873,4,-95.25,4,0,4,0,4,0,4,0
341c-f0d4-70be,874,4,-95.0,4,0,4,0,4,0,4,0
341c-f0d4-70be,875,4,-95.0,4,0,4,0,4,0,4,0
341c-f0d4-70be,876,4,-95.0,4,0,4,0,4,0,4,0
341c-f0d4-70be,877,4,-95.25,5,1,5,1,5,1,5,1
341c-f0d4-70be,878,4,-95.5,4,0,5,1,5,1,4,0
341c-f0d4-70be,879,4,-95.0,3,1,3,1,3,1,3,1
341c-f0d4-70be,880,4,-95.0,4,0,4,0,4,0,4,0
341c-f0d4-70be,881,4,-95.5,4,0,5,1,5,1,4,0
341c-f0d4-70be,882,4,-95.0,4,0,5,1,5,1,4,0
341c-f0d4-70be,883,4,-95.0,4,0,5,1,4,0,4,0
341c-f0d4-70be,884,4,-95.0,2,2,2,2,3,1,2,2
341c-f0d4-70be,885,4,-95.25,4,0,4,0,4,0,4,0
341c-f0d4-70be,886,4,-95.25,3,1,3,1,3,1,3,1
341c-f0d4-70be,887,4,-95.0,4,0,4,0,4,0,4,0
341c-f0d4-70be,888,4,-95.0,4,0,4,0,4,0,4,0
341c-f0d4-70be,889,4,-95.0,4,0,4,0,4,0,4,0
341c-f0d4-70be,890,4,-95.0,4,0,4,0,4,0,4,0
341c-f0d4-70be,891,4,-94.75,4,0,4,0,4,0,4,0
341c-f0d4-70be,892,4,-95.75,3,1,3,1,3,1,3,1
341c-f0d4-70be,893,4,-95.0,4,0,4,0,4,0,4,0
341c-f0d4-70be,894,4,-95.0,3,1,3,1,3,1,3,1
341c-f0d4-70be,895,4,-94.75,4,0,4,0,4,0,4,0
341c-f0d4-70be,896,4,-95.0,4,0,4,0,4,0,4,0
341c-f0d4-70be,897,4,-94.5,4,0,4,0,4,0,4,0
341c-f0d4-70be,898,4,-95.25,4,0,4,0,4,0,4,0
341c-f0d4-70be,899,4,-95.0,3,1,3,1,3,1,3,1
341c-f0d4-70be,900,4,-95.0,3,1,3,1,3,1,3,1
341c-f0d4-70be,901,4,-95.0,3,1,3,1,3,1,3,1
341c-f0d4-70be,902,4,-95.0,3,1,3,1,3,1,3,1
341c-f0d4-70be,903,4,-95.5,3,1,3,1,3,1,3,1
341c-f0d4-70be,904,4,-94.75,4,0,5,1,4,0,4,0
341c-f0d4-70be,905,4,-94.75,4,0,4,0,4,0,4,0
341c-f0d4-70be,906,4,-95.5,4,0,4,0,4,0,4,0
341c-f0d4-70be,907,4,-95.25,3,1,3,1,3,1,3,1
341c-f0d4-70be,908,4,-95.25,2,2,2,2,3,1,2,2
341c-f0d4-70be,909,4,-95.25,5,1,5,1,5,1,5,1
341c-f0d4-70be,910,4,-95.0,3,1,3,1,3,1,3,1
341c-f0d4-70be,911,4,-95.25,4,0,4,0,4,0,4,0
341c-f0d4-70be,912,4,-94.75,3,1,3,1,3,1,3,1
341c-f0d4-70be,913,4,-95.5,4,0,4,0,4,0,4,0
341c-f0d4-70be,914,4,-95.0,4,0,4,0,4,0,4,0
341c-f0d4-70be,915,4,-95.0,3,1,3,1,3,1,3,1
341c-f0d4-70be,916,3,-95.5,4,1,4,1,4,1,4,1
341c-f0d4-70be,917,3,-95.0,4,1,4,1,4,1,4,1
341c-f0d4-70be,918,3,-95.5,4,1,4,1,4,1,4,1
341c-f0d4-70be,919,3,-94.75,4,1,4,1,4,1,4,1
341c-f0d4-70be,920,4,-95.75,3,1,3,1,3,1,3,1
341c-f0d4-70be,921,4,-95.5,4,0,4,0,4,0,4,0
341c-f0d4-70be,922,4,-95.0,4,0,4,0,4,0,4,0
341c-f0d4-70be,923,4,-95.25,4,0,4,0,4,0,4,0
341c-f0d4-70be,924,4,-95.0,4,0,4,0,4,0,4,0
341c-f0d4-70be,925,4,-94.5,3,1,3,1,3,1,3,1
341c-f0d4-70be,926,4,-95.0,3,1,3,1,3,1,3,1
341c-f0d4-70be,927,4,-95.0,4,0,4,0,4,0,4,0
341c-f0d4-70be,928,4,-95.25,4,0,4,0,4,0,4,0
341c-f0d4-70be,929,4,-95.5,4,0,4,0,4,0,4,0
341c-f0d4-70be,930,4,-95.5,4,0,4,0,4,0,4,0
341c-f0d4-70be,931,4,-95.25,4,0,4,0,4,0,4,0
341c-f0d4-70be,932,2,-95.75,2,0,2,0,2,0,2,0
341c-f0d4-70be,933,2,-95.5,2,0,2,0,2,0,2,0
341c-f0d4-70be,934,2,-96.25,2,0,2,0,2,0,2,0
341c-f0d4-70be,935,2,-93.5,2,0,2,0,2,0,2,0
341c-f0d4-70be,936,2,-95.25,2,0,2,0,2,0,2,0
341c-f0d4-70be,937,2,-95.5,2,0,2,0,2,0,2,0
341c-f0d4-70be,938,2,-95.75,2,0,2,0,2,0,2,0
341c-f0d4-70be,939,2,-95.5,2,0,2,0,2,0,2,0
341c-f0d4-70be,940,2,-95.5,2,0,2,0,2,0,2,0
341c-f0d4-70be,941,2,-95.75,2,0,2,0,2,0,2,0
341c-f0d4-70be,942,2,-95.5,2,0,2,0,2,0,2,0
341c-f0d4-70be,943,2,-95.5,2,0,2,0,2,0,2,0
341c-f0d4-70be,944,2,-95.25,2,0,2,0,2,0,2,0
341c-f0d4-70be,945,2,-95.75,2,0,2,0,2,0,2,0
341c-f0d4-70be,946,2,-95.25,2,0,2,0,2,0,2,0
341c-f0d4-70be,947,2,-95.25,2,0,2,0,2,0,2,0
341c-f0d4-70be,948,2,-95.0,2,0,2,0,2,0,2,0
341c-f0d4-70be,949,2,-95.75,2,0,2,0,2,0,2,0
341c-f0d4-70be,950,2,-95.5,2,0,2,0,2,0,2,0
341c-f0d4-70be,951,2,-95.5,2,0,2,0,2,0,2,0
341c-f0d4-70be,952,2,-95.25,2,0,2,0,2,0,2,0
341c-f0d4-70be,953,2,-96.0,2,0,2,0,2,0,2,0
341c-f0d4-70be,954,2,-95.5,2,0,2,0,2,0,2,0
341c-f0d4-70be,955,2,-94.0,2,0,2,0,2,0,2,0
341c-f0d4-70be,956,2,-95.5,2,0,2,0,2,0,2,0
341c-f0d4-70be,957,2,-95.75,2,0,2,0,2,0,2,0
341c-f0d4-70be,958,2,-95.5,2,0,2,0,2,0,2,0
341c-f0d4-70be,959,2,-95.5,2,0,2,0,2,0,2,0
341c-f0d4-70be,960,2,-95.25,2,0,2,0,2,0,2,0
341c-f0d4-70be,961,2,-95.0,2,0,2,0,2,0,2,0
341c-f0d4-70be,962,2,-95.0,2,0,2,0,2,0,2,0
341c-f0d4-70be,963,2,-95.5,2,0,2,0,2,0,2,0
341c-f0d4-70be,964,2,-95.25,2,0,2,0,2,0,2,0
341c-f0d4-70be,965,2,-95.5,2,0,2,0,2,0,2,0
341c-f0d4-70be,966,2,-95.75,2,0,2,0,2,0,2,0
341c-f0d4-70be,967,2,-95.0,2,0,2,0,2,0,2,0
341c-f0d4-70be,968,2,-95.25,2,0,2,0,2,0,2,0
341c-f0d4-70be,969,2,-96.0,2,0,2,0,2,0,2,0
341c-f0d4-70be,970,2,-95.25,2,0,2,0,2,0,2,0
341c-f0d4-70be,971,2,-95.75,2,0,2,0,2,0,2,0
341c-f0d4-70be,972,2,-95.5,2,0,2,0,2,0,2,0
341c-f0d4-70be,973,2,-95.5,2,0,2,0,2,0,2,0
341c-f0d4-70be,974,2,-95.75,2,0,2,0,2,0,2,0
341c-f0d4-70be,975,2,-95.0,2,0,2,0,2,0,2,0
341c-f0d4-70be,976,2,-94.75,2,0,2,0,2,0,2,0
341c-f0d4-70be,977,2,-95.5,2,0,2,0,2,0,2,0
341c-f0d4-70be,978,2,-95.5,2,0,2,0,2,0,2,0
341c-f0d4-70be,979,2,-95.5,2,0,2,0,2,0,2,0
341c-f0d4-70be,980,2,-95.5,2,0,2,0,2,0,2,0
341c-f0d4-70be,981,2,-95.5,2,0,2,0,2,0,2,0
341c-f0d4-70be,982,2,-95.5,2,0,2,0,2,0,2,0
341c-f0d4-70be,983,2,-95.5,2,0,2,0,2,0,2,0
341c-f0d4-70be,984,2,-95.25,2,0,2,0,2,0,2,0
341c-f0d4-70be,985,2,-95.0,2,0,2,0,2,0,2,0
341c-f0d4-70be,986,2,-95.25,2,0,2,0,2,0,2,0
341c-f0d4-70be,987,2,-95.5,2,0,2,0,2,0,2,0
341c-f0d4-70be,988,2,-95.25,2,0,2,0,2,0,2,0
341c-f0d4-70be,989,2,-95.25,2,0,2,0,2,0,2,0
341c-f0d4-70be,990,2,-94.75,2,0,2,0,2,0,2,0
341c-f0d4-70be,991,2,-95.5,2,0,2,0,2,0,2,0
341c-f0d4-70be,992,2,-95.5,2,0,2,0,2,0,2,0
341c-f0d4-70be,993,2,-95.25,2,0,2,0,2,0,2,0
341c-f0d4-70be,994,2,-95.25,2,0,2,0,2,0,2,0
341c-f0d4-70be,995,2,-95.75,2,0,2,0,2,0,2,0
341c-f0d4-70be,996,2,-95.25,2,0,2,0,2,0,2,0
341c-f0d4-70be,997,2,-95.25,2,0,2,0,2,0,2,0
341c-f0d4-70be,998,2,-95.0,2,0,2,0,2,0,2,0
341c-f0d4-70be,999,2,-96.0,2,0,2,0,2,0,2,0
341c-f0d4-70be,1000,2,-95.75,2,0,2,0,2,0,2,0
341c-f0d4-70be,1001,2,-95.5,2,0,2,0,2,0,2,0
341c-f0d4-70be,1002,2,-95.25,2,0,2,0,2,0,2,0
341c-f0d4-70be,1003,2,-95.25,2,0,2,0,2,0,2,0
341c-f0d4-70be,1004,2,-95.5,2,0,2,0,2,0,2,0
341c-f0d4-70be,1005,2,-95.5,2,0,2,0,2,0,2,0
341c-f0d4-70be,1006,2,-95.25,2,0,2,0,2,0,2,0
341c-f0d4-70be,1007,2,-95.25,2,0,2,0,2,0,2,0
341c-f0d4-70be,1008,2,-96.0,2,0,2,0,2,0,2,0
341c-f0d4-70be,1009,2,-95.25,2,0,2,0,2,0,2,0
341c-f0d4-70be,1010,2,-95.25,2,0,2,0,2,0,2,0
341c-f0d4-70be,1011,2,-95.25,2,0,2,0,2,0,2,0
341c-f0d4-70be,1012,2,-95.25,2,0,2,0,2,0,2,0
341c-f0d4-70be,1013,2,-95.0,2,0,2,0,2,0,2,0
341c-f0d4-70be,1014,2,-95.25,2,0,2,0,2,0,2,0
341c-f0d4-70be,1015,2,-95.0,2,0,2,0,2,0,2,0
341c-f0d4-70be,1016,2,-95.5,2,0,2,0,2,0,2,0
341c-f0d4-70be,1017,2,-94.75,3,1,3,1,3,1,3,1
341c-f0d4-70be,1018,2,-95.75,2,0,2,0,2,0,2,0
341c-f0d4-70be,1019,2,-95.25,2,0,2,0,2,0,2,0
341c-f0d4-70be,1020,2,-95.5,2,0,2,0,2,0,2,0
341c-f0d4-70be,1021,2,-95.75,2,0,2,0,2,0,2,0
341c-f0d4-70be,1022,2,-95.75,2,0,2,0,2,0,2,0
341c-f0d4-70be,1023,2,-95.25,2,0,2,0,2,0,2,0
341c-f0d4-70be,1024,2,-95.75,2,0,2,0,2,0,2,0
341c-f0d4-70be,1025,2,-95.75,2,0,2,0,2,0,2,0
341c-f0d4-70be,1026,2,-95.75,2,0,2,0,2,0,2,0
341c-f0d4-70be,1027,2,-95.5,2,0,2,0,2,0,2,0
341c-f0d4-70be,1028,2,-95.0,2,0,2,0,2,0,2,0
341c-f0d4-70be,1029,2,-95.25,2,0,2,0,2,0,2,0
341c-f0d4-70be,1030,2,-95.5,2,0,2,0,2,0,2,0
341c-f0d4-70be,1031,2,-95.5,2,0,2,0,2,0,2,0
341c-f0d4-70be,1032,2,-95.5,2,0,2,0,2,0,2,0
341c-f0d4-70be,1033,2,-95.0,2,0,2,0,1,1,2,0
341c-f0d4-70be,1034,2,-95.25,2,0,2,0,2,0,2,0
341c-f0d4-70be,1035,2,-95.25,2,0,2,0,1,1,2,0
341c-f0d4-70be,1036,2,-95.5,2,0,2,0,2,0,2,0
341c-f0d4-70be,1037,2,-93.75,2,0,2,0,2,0,2,0
341c-f0d4-70be,1038,2,-95.25,2,0,2,0,2,0,2,0
341c-f0d4-70be,1039,2,-95.25,2,0,2,0,2,0,2,0
341c-f0d4-70be,1040,2,-95.5,2,0,2,0,2,0,2,0
341c-f0d4-70be,1041,2,-95.0,2,0,2,0,2,0,2,0
341c-f0d4-70be,1042,2,-95.0,2,0,2,0,2,0,2,0
341c-f0d4-70be,1043,2,-95.25,2,0,2,0,2,0,2,0
341c-f0d4-70be,1044,2,-93.75,2,0,2,0,2,0,2,0
341c-f0d4-70be,1045,2,-95.5,2,0,2,0,2,0,2,0
341c-f0d4-70be,1046,2,-95.25,2,0,2,0,2,0,2,0
341c-f0d4-70be,1047,2,-95.5,2,0,2,0,2,0,2,0
341c-f0d4-70be,1048,2,-95.25,2,0,2,0,2,0,2,0
341c-f0d4-70be,1049,2,-95.5,2,0,2,0,2,0,2,0
341c-f0d4-70be,1050,2,-95.5,2,0,2,0,2,0,2,0
341c-f0d4-70be,1051,2,-95.75,2,0,2,0,2,0,2,0
341c-f0d4-70be,1052,2,-94.75,2,0,2,0,1,1,2,0
341c-f0d4-70be,1053,2,-95.0,2,0,2,0,2,0,2,0
341c-f0d4-70be,1054,2,-95.0,2,0,2,0,2,0,2,0
341c-f0d4-70be,1055,2,-95.0,2,0,2,0,1,1,2,0
341c-f0d4-70be,1056,2,-94.75,2,0,2,0,2,0,2,0
341c-f0d4-70be,1057,2,-95.0,2,0,2,0,1,1,2,0
341c-f0d4-70be,1058,2,-95.0,2,0,2,0,1,1,2,0
341c-f0d4-70be,1059,2,-94.75,2,0,2,0,1,1,2,0
341c-f0d4-70be,1060,2,-94.0,2,0,2,0,2,0,2,0
341c-f0d4-70be,1061,2,-95.75,2,0,2,0,2,0,2,0
341c-f0d4-70be,1062,2,-95.0,2,0,2,0,2,0,2,0
341c-f0d4-70be,1063,2,-95.25,2,0,2,0,2,0,2,0
341c-f0d4-70be,1064,2,-95.75,2,0,2,0,2,0,2,0
341c-f0d4-70be,1065,2,-94.75,2,0,2,0,2,0,2,0
341c-f0d4-70be,1066,2,-95.25,2,0,2,0,2,0,2,0
341c-f0d4-70be,1067,2,-95.25,2,0,2,0,2,0,2,0
341c-f0d4-70be,1068,2,-95.5,2,0,2,0,2,0,2,0
341c-f0d4-70be,1069,2,-95.25,2,0,2,0,2,0,2,0
341c-f0d4-70be,1070,2,-95.0,2,0,2,0,2,0,2,0
341c-f0d4-70be,1071,2,-95.5,2,0,2,0,2,0,2,0
341c-f0d4-70be,1072,2,-95.25,2,0,2,0,2,0,2,0
341c-f0d4-70be,1073,2,-95.25,2,0,2,0,2,0,2,0
341c-f0d4-70be,1074,2,-95.5,2,0,2,0,2,0,2,0
341c-f0d4-70be,1075,2,-95.25,2,0,2,0,2,0,2,0
341c-f0d4-70be,1076,2,-95.25,2,0,2,0,2,0,2,0
341c-f0d4-70be,1077,2,-95.0,2,0,2,0,2,0,2,0
341c-f0d4-70be,1078,2,-95.5,2,0,2,0,2,0,2,0
341c-f0d4-70be,1079,2,-95.25,2,0,2,0,2,0,2,0
341c-f0d4-70be,1080,2,-95.75,2,0,2,0,2,0,2,0
341c-f0d4-70be,1081,2,-95.0,2,0,2,0,2,0,2,0
341c-f0d4-70be,1082,2,-95.0,2,0,2,0,1,1,2,0
341c-f0d4-70be,1083,2,-95.0,2,0,2,0,1,1,2,0
341c-f0d4-70be,1084,2,-94.5,4,2,4,2,4,2,4,2
341c-f0d4-70be,1085,2,-95.0,2,0,2,0,3,1,2,0
341c-f0d4-70be,1086,2,-94.75,2,0,2,0,1,1,2,0
341c-f0d4-70be,1087,2,-95.25,2,0,2,0,2,0,2,0
341c-f0d4-70be,1088,2,-94.75,2,0,2,0,1,1,2,0
341c-f0d4-70be,1089,2,-95.5,2,0,2,0,2,0,2,0
341c-f0d4-70be,1090,2,-95.5,2,0,2,0,2,0,2,0
341c-f0d4-70be,1091,2,-95.5,2,0,2,0,2,0,2,0
341c-f0d4-70be,1092,2,-94.75,2,0,2,0,2,0,2,0
341c-f0d4-70be,1093,2,-94.0,2,0,2,0,2,0,2,0
341c-f0d4-70be,1094,2,-95.75,2,0,2,0,2,0,2,0
341c-f0d4-70be,1095,2,-95.25,2,0,2,0,2,0,2,0
341c-f0d4-70be,1096,2,-95.5,2,0,2,0,2,0,2,0
341c-f0d4-70be,1097,2,-95.0,2,0,2,0,2,0,2,0
341c-f0d4-70be,1098,2,-95.25,2,0,2,0,2,0,2,0
341c-f0d4-70be,1099,2,-95.5,2,0,2,0,2,0,2,0
341c-f0d4-70be,1100,2,-95.25,2,0,2,0,2,0,2,0
341c-f0d4-70be,1101,2,-94.5,2,0,2,0,1,1,2,0
341c-f0d4-70be,1102,2,-95.5,2,0,2,0,2,0,2,0
341c-f0d4-70be,1103,2,-95.5,2,0,2,0,2,0,2,0
341c-f0d4-70be,1104,2,-95.5,2,0,2,0,2,0,2,0
341c-f0d4-70be,1105,2,-94.5,2,0,2,0,1,1,2,0
341c-f0d4-70be,1106,2,-95.0,2,0,2,0,1,1,2,0
341c-f0d4-70be,1107,2,-95.25,2,0,2,0,2,0,2,0
341c-f0d4-70be,1108,2,-95.0,2,0,2,0,1,1,2,0
341c-f0d4-70be,1109,2,-95.25,2,0,2,0,1,1,2,0
341c-f0d4-70be,1110,2,-95.75,2,0,2,0,2,0,2,0
341c-f0d4-70be,1111,2,-95.75,2,0,2,0,2,0,2,0
341c-f0d4-70be,1112,2,-95.25,2,0,2,0,2,0,2,0
341c-f0d4-70be,1113,2,-95.0,2,0,2,0,2,0,2,0
341c-f0d4-70be,1114,2,-95.5,2,0,2,0,2,0,2,0
341c-f0d4-70be,1115,2,-94.75,2,0,2,0,2,0,2,0
341c-f0d4-70be,1116,2,-95.0,2,0,2,0,2,0,2,0
341c-f0d4-70be,1117,2,-95.5,2,0,2,0,2,0,2,0
341c-f0d4-70be,1118,2,-95.5,2,0,2,0,2,0,2,0
341c-f0d4-70be,1119,2,-95.0,2,0,2,0,2,0,2,0
341c-f0d4-70be,1120,2,-95.75,2,0,2,0,2,0,2,0
341c-f0d4-70be,1121,2,-95.25,2,0,2,0,2,0,2,0
341c-f0d4-70be,1122,2,-95.0,2,0,2,0,3,1,2,0
341c-f0d4-70be,1123,2,-94.75,3,1,3,1,3,1,3,1
341c-f0d4-70be,1124,2,-94.75,2,0,2,0,3,1,2,0
341c-f0d4-70be,1125,2,-95.25,3,1,3,1,3,1,3,1
341c-f0d4-70be,1126,2,-95.0,2,0,2,0,3,1,2,0
341c-f0d4-70be,1127,2,-95.0,2,0,2,0,3,1,2,0
341c-f0d4-70be,1128,2,-95.25,2,0,3,1,3,1,2,0
341c-f0d4-70be,1129,2,-95.25,2,0,3,1,3,1,2,0
341c-f0d4-70be,1130,2,-95.25,2,0,2,0,2,0,2,0
341c-f0d4-70be,1131,2,-95.0,2,0,2,0,3,1,2,0
341c-f0d4-70be,1132,2,-95.5,2,0,3,1,3,1,2,0
341c-f0d4-70be,1133,2,-95.25,2,0,2,0,2,0,2,0
341c-f0d4-70be,1134,2,-94.5,2,0,2,0,2,0,2,0
341c-f0d4-70be,1135,2,-95.0,2,0,2,0,2,0,2,0
341c-f0d4-70be,1136,2,-95.0,2,0,2,0,3,1,2,0
341c-f0d4-70be,1137,2,-95.25,2,0,3,1,3,1,2,0
341c-f0d4-70be,1138,2,-95.0,2,0,2,0,3,1,2,0
341c-f0d4-70be,1139,2,-94.5,2,0,2,0,2,0,2,0
341c-f0d4-70be,1140,2,-95.0,2,0,2,0,3,1,2,0
341c-f0d4-70be,1141,2,-95.5,2,0,3,1,3,1,2,0
341c-f0d4-70be,1142,2,-95.25,2,0,2,0,2,0,2,0
341c-f0d4-70be,1143,2,-94.75,2,0,2,0,2,0,2,0
341c-f0d4-70be,1144,2,-95.5,2,0,3,1,3,1,2,0
341c-f0d4-70be,1145,2,-95.25,2,0,3,1,3,1,2,0
341c-f0d4-70be,1146,2,-94.75,2,0,2,0,3,1,2,0
341c-f0d4-70be,1147,2,-95.0,2,0,2,0,3,1,2,0
341c-f0d4-70be,1148,2,-94.75,2,0,2,0,3,1,2,0
341c-f0d4-70be,1149,2,-95.0,2,0,2,0,3,1,2,0
341c-f0d4-70be,1150,2,-95.25,2,0,2,0,3,1,2,0
341c-f0d4-70be,1151,2,-95.0,2,0,2,0,3,1,2,0
341c-f0d4-70be,1152,2,-94.75,2,0,2,0,3,1,2,0
341c-f0d4-70be,1153,2,-94.75,2,0,2,0,3,1,2,0
341c-f0d4-70be,1154,2,-95.5,2,0,3,1,3,1,2,0
341c-f0d4-70be,1155,2,-95.5,2,0,2,0,2,0,2,0
341c-f0d4-70be,1156,2,-95.25,2,0,2,0,2,0,2,0
341c-f0d4-70be,1157,2,-95.5,2,0,3,1,3,1,2,0
341c-f0d4-70be,1158,2,-95.0,2,0,2,0,2,0,2,0
341c-f0d4-70be,1159,2,-95.25,2,0,2,0,2,0,2,0
341c-f0d4-70be,1160,2,-95.25,2,0,3,1,3,1,2,0
341c-f0d4-70be,1161,2,-93.25,2,0,2,0,2,0,2,0
341c-f0d4-70be,1162,2,-94.75,2,0,2,0,2,0,2,0
341c-f0d4-70be,1163,2,-94.5,2,0,2,0,2,0,2,0
341c-f0d4-70be,1164,2,-95.75,3,1,3,1,3,1,3,1
341c-f0d4-70be,1165,2,-95.25,3,1,3,1,3,1,3,1
341c-f0d4-70be,1166,2,-94.5,2,0,2,0,2,0,2,0
341c-f0d4-70be,1167,2,-95.0,2,0,3,1,3,1,2,0
341c-f0d4-70be,1168,2,-95.5,3,1,3,1,3,1,3,1
341c-f0d4-70be,1169,2,-95.5,2,0,3,1,3,1,2,0
341c-f0d4-70be,1170,2,-95.0,2,0,2,0,3,1,2,0
341c-f0d4-70be,1171,2,-95.25,3,1,3,1,3,1,3,1
341c-f0d4-70be,1172,2,-95.0,2,0,2,0,3,1,2,0
341c-f0d4-70be,1173,2,-95.25,2,0,3,1,3,1,2,0
341c-f0d4-70be,1174,2,-95.5,2,0,3,1,3,1,2,0
341c-f0d4-70be,1175,2,-95.0,2,0,2,0,3,1,2,0
341c-f0d4-70be,1176,2,-95.0,3,1,3,1,3,1,3,1
341c-f0d4-70be,1177,2,-95.0,3,1,3,1,3,1,3,1
341c-f0d4-70be,1178,2,-95.25,2,0,3,1,3,1,2,0
341c-f0d4-70be,1179,2,-95.5,3,1,3,1,3,1,3,1
341c-f0d4-70be,1180,2,-94.75,3,1,2,0,3,1,3,1
341c-f0d4-70be,1181,2,-95.0,2,0,2,0,3,1,2,0
341c-f0d4-70be,1182,2,-95.25,2,0,2,0,2,0,2,0
341c-f0d4-70be,1183,2,-95.0,2,0,2,0,3,1,2,0
341c-f0d4-70be,1184,2,-94.75,2,0,2,0,2,0,2,0
341c-f0d4-70be,1185,2,-95.0,2,0,2,0,3,1,2,0
341c-f0d4-70be,1186,2,-95.25,2,0,2,0,2,0,2,0
341c-f0d4-70be,1187,2,-94.75,2,0,2,0,3,1,2,0
341c-f0d4-70be,1188,2,-95.25,2,0,2,0,2,0,2,0
341c-f0d4-70be,1189,2,-95.0,2,0,2,0,3,1,2,0
341c-f0d4-70be,1190,2,-95.25,2,0,3,1,3,1,2,0
341c-f0d4-70be,1191,2,-95.0,2,0,2,0,3,1,2,0
341c-f0d4-70be,1192,2,-94.0,3,1,3,1,3,1,3,1
341c-f0d4-70be,1193,2,-94.75,3,1,3,1,3,1,3,1
341c-f0d4-70be,1194,2,-95.25,2,0,3,1,3,1,2,0
341c-f0d4-70be,1195,2,-95.25,2,0,2,0,3,1,2,0
341c-f0d4-70be,1196,2,-93.25,2,0,2,0,2,0,2,0
341c-f0d4-70be,1197,2,-95.0,2,0,2,0,3,1,2,0
341c-f0d4-70be,1198,2,-95.25,2,0,2,0,3,1,2,0
341c-f0d4-70be,1199,2,-95.25,2,0,2,0,3,1,2,0
341c-f0d4-70be,1200,2,-95.0,3,1,3,1,3,1,3,1
341c-f0d4-70be,1201,2,-94.75,3,1,3,1,3,1,3,1
341c-f0d4-70be,1202,2,-94.75,4,2,4,2,4,2,4,2
341c-f0d4-70be,1203,2,-95.0,2,0,2,0,3,1,2,0
341c-f0d4-70be,1204,2,-95.0,2,0,2,0,3,1,2,0
341c-f0d4-70be,1205,2,-95.75,3,1,3,1,3,1,3,1
341c-f0d4-70be,1206,2,-95.5,2,0,3,1,3,1,2,0
341c-f0d4-70be,1207,2,-94.75,3,1,3,1,3,1,3,1
341c-f0d4-70be,1208,2,-95.25,2,0,3,1,3,1,2,0
341c-f0d4-70be,1209,2,-95.0,2,0,2,0,3,1,2,0
341c-f0d4-70be,1210,2,-94.0,2,0,2,0,2,0,2,0
341c-f0d4-70be,1211,2,-95.25,3,1,3,1,3,1,3,1
341c-f0d4-70be,1212,2,-95.0,2,0,2,0,3,1,2,0
341c-f0d4-70be,1213,2,-95.25,3,1,3,1,3,1,3,1
341c-f0d4-70be,1214,2,-95.5,3,1,3,1,3,1,3,1
341c-f0d4-70be,1215,2,-95.75,2,0,2,0,2,0,2,0
341c-f0d4-70be,1216,2,-95.25,2,0,2,0,2,0,2,0
341c-f0d4-70be,1217,2,-95.25,2,0,2,0,2,0,2,0
341c-f0d4-70be,1218,2,-95.0,2,0,2,0,2,0,2,0
341c-f0d4-70be,1219,2,-95.0,2,0,2,0,2,0,2,0
341c-f0d4-70be,1220,2,-95.25,2,0,2,0,2,0,2,0
341c-f0d4-70be,1221,2,-95.0,2,0,2,0,2,0,2,0
341c-f0d4-70be,1222,2,-94.75,2,0,2,0,2,0,2,0
341c-f0d4-70be,1223,2,-95.0,3,1,3,1,3,1,3,1
341c-f0d4-70be,1224,2,-95.25,3,1,3,1,3,1,3,1
341c-f0d4-70be,1225,2,-95.0,3,1,3,1,3,1,3,1
341c-f0d4-70be,1226,2,-95.25,2,0,2,0,2,0,2,0
341c-f0d4-70be,1227,2,-95.0,3,1,3,1,3,1,3,1
341c-f0d4-70be,1228,2,-94.75,3,1,3,1,3,1,3,1
341c-f0d4-70be,1229,2,-95.25,2,0,2,0,2,0,2,0
341c-f0d4-70be,1230,2,-94.75,2,0,2,0,2,0,2,0
341c-f0d4-70be,1231,2,-95.5,2,0,2,0,2,0,2,0
341c-f0d4-70be,1232,2,-95.5,2,0,2,0,2,0,2,0
341c-f0d4-70be,1233,2,-95.5,2,0,2,0,2,0,2,0
341c-f0d4-70be,1234,2,-95.5,2,0,2,0,2,0,2,0
341c-f0d4-70be,1235,2,-95.25,2,0,2,0,2,0,2,0
341c-f0d4-70be,1236,2,-95.0,2,0,2,0,2,0,2,0
341c-f0d4-70be,1237,2,-95.25,2,0,2,0,2,0,2,0
341c-f0d4-70be,1238,2,-95.0,2,0,2,0,2,0,2,0
341c-f0d4-70be,1239,2,-94.75,2,0,2,0,2,0,2,0
341c-f0d4-70be,1240,2,-95.5,2,0,2,0,2,0,2,0
341c-f0d4-70be,1241,2,-94.75,2,0,2,0,2,0,2,0
341c-f0d4-70be,1242,2,-95.25,2,0,2,0,2,0,2,0
341c-f0d4-70be,1243,2,-95.5,2,0,2,0,2,0,2,0
341c-f0d4-70be,1244,2,-95.25,2,0,2,0,2,0,2,0
341c-f0d4-70be,1245,2,-95.5,2,0,2,0,2,0,2,0
341c-f0d4-70be,1246,2,-95.75,2,0,2,0,2,0,2,0
341c-f0d4-70be,1247,2,-95.75,2,0,2,0,2,0,2,0
341c-f0d4-70be,1248,2,-95.25,2,0,2,0,2,0,2,0
341c-f0d4-70be,1249,2,-95.25,2,0,2,0,2,0,2,0
341c-f0d4-70be,1250,2,-95.25,2,0,2,0,2,0,2,0
341c-f0d4-70be,1251,2,-94.75,2,0,2,0,2,0,2,0
341c-f0d4-70be,1252,2,-95.5,2,0,2,0,2,0,2,0
341c-f0d4-70be,1253,2,-95.5,2,0,2,0,2,0,2,0
341c-f0d4-70be,1254,2,-95.5,3,1,3,1,3,1,3,1
341c-f0d4-70be,1255,2,-94.75,2,0,2,0,2,0,2,0
341c-f0d4-70be,1256,2,-95.25,2,0,2,0,2,0,2,0
341c-f0d4-70be,1257,2,-95.5,3,1,3,1,3,1,3,1
341c-f0d4-70be,1258,2,-95.25,2,0,2,0,2,0,2,0
341c-f0d4-70be,1259,2,-95.5,2,0,2,0,2,0,2,0
341c-f0d4-70be,1260,2,-95.0,2,0,2,0,2,0,2,0
341c-f0d4-70be,1261,2,-95.0,2,0,2,0,2,0,2,0
341c-f0d4-70be,1262,2,-94.75,2,0,2,0,2,0,2,0
341c-f0d4-70be,1263,2,-95.75,2,0,2,0,2,0,2,0
341c-f0d4-70be,1264,2,-93.5,2,0,2,0,2,0,2,0
341c-f0d4-70be,1265,2,-95.0,2,0,2,0,2,0,2,0
341c-f0d4-70be,1266,2,-95.0,2,0,2,0,1,1,2,0
341c-f0d4-70be,1267,2,-95.25,2,0,2,0,2,0,2,0
341c-f0d4-70be,1268,2,-95.5,2,0,2,0,2,0,2,0
341c-f0d4-70be,1269,2,-95.25,2,0,2,0,2,0,2,0
341c-f0d4-70be,1270,2,-95.25,2,0,2,0,2,0,2,0
341c-f0d4-70be,1271,2,-95.0,2,0,2,0,2,0,2,0
341c-f0d4-70be,1272,2,-95.0,2,0,2,0,2,0,2,0
341c-f0d4-70be,1273,2,-95.25,2,0,2,0,2,0,2,0
341c-f0d4-70be,1274,2,-95.0,2,0,2,0,2,0,2,0
341c-f0d4-70be,1275,2,-95.5,2,0,2,0,2,0,2,0
341c-f0d4-70be,1276,2,-95.75,2,0,2,0,2,0,2,0
341c-f0d4-70be,1277,2,-95.25,2,0,2,0,2,0,2,0
341c-f0d4-70be,1278,2,-95.5,2,0,2,0,2,0,2,0
341c-f0d4-70be,1279,2,-95.0,2,0,2,0,2,0,2,0
341c-f0d4-70be,1280,2,-95.5,2,0,2,0,2,0,2,0
341c-f0d4-70be,1281,2,-95.0,2,0,2,0,2,0,2,0
341c-f0d4-70be,1282,2,-95.25,2,0,2,0,2,0,2,0
341c-f0d4-70be,1283,2,-95.5,2,0,2,0,2,0,2,0
341c-f0d4-70be,1284,2,-95.25,2,0,2,0,2,0,2,0
341c-f0d4-70be,1285,2,-95.0,2,0,2,0,2,0,2,0
341c-f0d4-70be,1286,2,-95.25,2,0,2,0,2,0,2,0
341c-f0d4-70be,1287,2,-95.5,2,0,2,0,2,0,2,0
341c-f0d4-70be,1288,2,-95.25,2,0,2,0,2,0,2,0
341c-f0d4-70be,1289,2,-95.0,2,0,2,0,2,0,2,0
341c-f0d4-70be,1290,2,-95.5,2,0,2,0,2,0,2,0
341c-f0d4-70be,1291,2,-96.0,2,0,2,0,2,0,2,0
341c-f0d4-70be,1292,2,-95.25,2,0,2,0,2,0,2,0
341c-f0d4-70be,1293,2,-95.5,2,0,2,0,2,0,2,0
341c-f0d4-70be,1294,2,-95.5,2,0,2,0,2,0,2,0
341c-f0d4-70be,1295,2,-94.75,2,0,2,0,2,0,2,0
341c-f0d4-70be,1296,2,-95.75,2,0,2,0,2,0,2,0
341c-f0d4-70be,1297,1,-95.25,2,1,2,1,2,1,2,1
341c-f0d4-70be,1298,1,-95.0,2,1,2,1,2,1,2,1
341c-f0d4-70be,1299,1,-95.0,2,1,2,1,2,1,2,1
341c-f0d4-70be,1300,2,-95.25,2,0,2,0,2,0,2,0
341c-f0d4-70be,1301,2,-95.0,2,0,2,0,2,0,2,0
341c-f0d4-70be,1302,2,-95.5,2,0,2,0,1,1,2,0
341c-f0d4-70be,1303,2,-95.25,2,0,2,0,2,0,2,0
341c-f0d4-70be,1304,2,-95.25,2,0,2,0,2,0,2,0
341c-f0d4-70be,1305,2,-95.75,2,0,2,0,2,0,2,0
341c-f0d4-70be,1306,2,-95.5,2,0,2,0,2,0,2,0
341c-f0d4-70be,1307,2,-94.75,2,0,2,0,2,0,2,0
341c-f0d4-70be,1308,2,-95.5,2,0,2,0,2,0,2,0
341c-f0d4-70be,1309,2,-95.0,2,0,2,0,2,0,2,0
341c-f0d4-70be,1310,2,-94.75,2,0,2,0,1,1,2,0
341c-f0d4-70be,1311,2,-95.0,1,1,1,1,1,1,1,1
341c-f0d4-70be,1312,2,-95.0,2,0,2,0,1,1,2,0
341c-f0d4-70be,1313,2,-95.5,2,0,2,0,2,0,2,0
341c-f0d4-70be,1314,2,-95.25,2,0,2,0,2,0,2,0
341c-f0d4-70be,1315,2,-96.0,2,0,2,0,2,0,2,0
341c-f0d4-70be,1316,2,-93.25,1,1,1,1,1,1,1,1
341c-f0d4-70be,1317,2,-95.25,1,1,1,1,1,1,1,1
341c-f0d4-70be,1318,2,-95.25,2,0,2,0,2,0,2,0
341c-f0d4-70be,1319,2,-95.0,2,0,2,0,1,1,2,0
341c-f0d4-70be,1320,2,-95.5,2,0,2,0,2,0,2,0
341c-f0d4-70be,1321,2,-95.0,2,0,2,0,1,1,2,0
341c-f0d4-70be,1322,2,-95.25,2,0,2,0,2,0,2,0
341c-f0d4-70be,1323,2,-95.25,1,1,1,1,1,1,1,1
341c-f0d4-70be,1324,2,-95.0,2,0,2,0,1,1,2,0
341c-f0d4-70be,1325,2,-95.25,2,0,2,0,1,1,2,0
341c-f0d4-70be,1326,2,-95.0,2,0,2,0,1,1,2,0
341c-f0d4-70be,1327,2,-95.0,2,0,2,0,1,1,2,0
341c-f0d4-70be,1328,2,-95.5,2,0,2,0,2,0,2,0
341c-f0d4-70be,1329,2,-95.75,2,0,2,0,2,0,2,0
341c-f0d4-70be,1330,2,-95.25,2,0,2,0,1,1,2,0
341c-f0d4-70be,1331,2,-95.5,1,1,1,1,1,1,1,1
341c-f0d4-70be,1332,2,-95.75,2,0,2,0,2,0,2,0
341c-f0d4-70be,1333,2,-95.5,1,1,1,1,1,1,1,1
341c-f0d4-70be,1334,2,-95.5,2,0,2,0,2,0,2,0
341c-f0d4-70be,1335,2,-95.5,1,1,1,1,1,1,1,1
341c-f0d4-70be,1336,2,-95.0,2,0,2,0,2,0,2,0
341c-f0d4-70be,1337,2,-95.0,2,0,2,0,1,1,2,0
341c-f0d4-70be,1338,2,-95.75,2,0,2,0,2,0,2,0
341c-f0d4-70be,1339,2,-95.25,2,0,2,0,2,0,2,0
341c-f0d4-70be,1340,2,-95.25,1,1,1,1,1,1,1,1
341c-f0d4-70be,1341,2,-95.0,1,1,1,1,1,1,1,1
341c-f0d4-70be,1342,2,-95.5,1,1,1,1,1,1,1,1
341c-f0d4-70be,1343,2,-95.5,1,1,1,1,1,1,1,1
341c-f0d4-70be,1344,2,-95.75,2,0,2,0,2,0,2,0
341c-f0d4-70be,1345,2,-95.25,2,0,2,0,2,0,2,0
341c-f0d4-70be,1346,2,-95.5,1,1,1,1,1,1,1,1
341c-f0d4-70be,1347,2,-95.0,2,0,2,0,1,1,2,0
341c-f0d4-70be,1348,2,-95.5,1,1,1,1,1,1,1,1
341c-f0d4-70be,1349,2,-95.5,2,0,2,0,2,0,2,0
341c-f0d4-70be,1350,2,-96.0,2,0,2,0,2,0,2,0
341c-f0d4-70be,1351,2,-94.75,2,0,2,0,1,1,2,0
341c-f0d4-70be,1352,2,-95.0,1,1,1,1,1,1,1,1
341c-f0d4-70be,1353,2,-95.25,2,0,2,0,1,1,2,0
341c-f0d4-70be,1354,2,-95.25,1,1,1,1,1,1,1,1
341c-f0d4-70be,1355,2,-95.25,1,1,1,1,1,1,1,1
341c-f0d4-70be,1356,2,-95.5,1,1,1,1,1,1,1,1
341c-f0d4-70be,1357,2,-95.75,1,1,1,1,1,1,1,1
341c-f0d4-70be,1358,2,-95.25,1,1,1,1,1,1,1,1
341c-f0d4-70be,1359,2,-94.75,2,0,2,0,1,1,2,0
341c-f0d4-70be,1360,2,-95.25,1,1,1,1,1,1,1,1
341c-f0d4-70be,1361,2,-95.25,1,1,1,1,1,1,1,1
341c-f0d4-70be,1362,2,-95.75,2,0,2,0,2,0,2,0
341c-f0d4-70be,1363,2,-95.25,1,1,1,1,1,1,1,1
341c-f0d4-70be,1364,2,-95.5,2,0,2,0,2,0,2,0
341c-f0d4-70be,1365,2,-95.75,2,0,2,0,2,0,2,0
341c-f0d4-70be,1366,2,-95.5,2,0,2,0,2,0,2,0
341c-f0d4-70be,1367,2,-95.5,2,0,2,0,2,0,2,0
341c-f0d4-70be,1368,2,-95.75,1,1,1,1,1,1,1,1
341c-f0d4-70be,1369,2,-95.5,1,1,1,1,1,1,1,1
341c-f0d4-70be,1370,2,-95.25,2,0,2,0,1,1,2,0
341c-f0d4-70be,1371,2,-96.0,1,1,1,1,1,1,1,1
341c-f0d4-70be,1372,2,-95.0,1,1,1,1,1,1,1,1
341c-f0d4-70be,1373,2,-95.75,1,1,1,1,1,1,1,1
341c-f0d4-70be,1374,2,-95.0,2,0,2,0,2,0,2,0
341c-f0d4-70be,1375,2,-95.25,2,0,2,0,2,0,2,0
341c-f0d4-70be,1376,2,-95.75,2,0,2,0,2,0,2,0
341c-f0d4-70be,1377,2,-95.5,2,0,2,0,2,0,2,0
341c-f0d4-70be,1378,2,-95.5,2,0,2,0,2,0,2,0
341c-f0d4-70be,1379,2,-95.25,2,0,2,0,1,1,2,0
341c-f0d4-70be,1380,2,-95.25,1,1,1,1,1,1,1,1
341c-f0d4-70be,1381,2,-95.25,2,0,2,0,1,1,2,0
341c-f0d4-70be,1382,3,-95.5,3,0,3,0,3,0,3,0
341c-f0d4-70be,1383,3,-94.75,3,0,3,0,3,0,3,0
341c-f0d4-70be,1384,3,-94.75,3,0,3,0,3,0,3,0
341c-f0d4-70be,1385,3,-95.0,3,0,3,0,3,0,3,0
341c-f0d4-70be,1386,3,-95.0,3,0,3,0,3,0,3,0
341c-f0d4-70be,1387,3,-95.25,2,1,2,1,2,1,2,1
341c-f0d4-70be,1388,3,-95.5,3,0,3,0,3,0,3,0
341c-f0d4-70be,1389,3,-95.25,3,0,3,0,3,0,3,0
341c-f0d4-70be,1390,3,-94.75,3,0,3,0,3,0,3,0
341c-f0d4-70be,1391,3,-95.0,2,1,2,1,2,1,2,1
341c-f0d4-70be,1392,3,-95.5,3,0,3,0,3,0,3,0
341c-f0d4-70be,1393,3,-94.75,2,1,2,1,2,1,2,1
341c-f0d4-70be,1394,3,-95.25,3,0,3,0,3,0,3,0
341c-f0d4-70be,1395,3,-95.5,2,1,2,1,2,1,2,1
341c-f0d4-70be,1396,3,-95.25,2,1,2,1,2,1,2,1
341c-f0d4-70be,1397,3,-93.5,3,0,2,1,2,1,3,0
341c-f0d4-70be,1398,3,-95.75,2,1,2,1,2,1,2,1
341c-f0d4-70be,1399,3,-95.5,3,0,3,0,3,0,3,0
341c-f0d4-70be,1400,3,-95.25,3,0,3,0,3,0,3,0
341c-f0d4-70be,1401,3,-94.75,3,0,2,1,3,0,3,0
341c-f0d4-70be,1402,3,-95.25,3,0,3,0,3,0,3,0
341c-f0d4-70be,1403,3,-95.25,3,0,3,0,3,0,3,0
341c-f0d4-70be,1404,3,-95.0,3,0,3,0,3,0,3,0
341c-f0d4-70be,1405,3,-95.25,3,0,3,0,3,0,3,0
341c-f0d4-70be,1406,3,-95.25,3,0,3,0,3,0,3,0
341c-f0d4-70be,1407,3,-95.25,3,0,3,0,3,0,3,0
341c-f0d4-70be,1408,3,-95.5,3,0,3,0,3,0,3,0
341c-f0d4-70be,1409,3,-95.25,3,0,3,0,3,0,3,0
341c-f0d4-70be,1410,3,-95.75,3,0,3,0,3,0,3,0
341c-f0d4-70be,1411,3,-95.5,3,0,3,0,3,0,3,0
341c-f0d4-70be,1412,3,-95.5,3,0,3,0,3,0,3,0
341c-f0d4-70be,1413,3,-95.25,3,0,3,0,3,0,3,0
341c-f0d4-70be,1414,3,-95.0,3,0,3,0,3,0,3,0
341c-f0d4-70be,1415,3,-95.25,3,0,3,0,3,0,3,0
341c-f0d4-70be,1416,3,-95.0,2,1,2,1,2,1,2,1
341c-f0d4-70be,1417,3,-95.0,2,1,2,1,2,1,2,1
341c-f0d4-70be,1418,3,-94.75,2,1,2,1,2,1,2,1
341c-f0d4-70be,1419,3,-95.5,2,1,2,1,2,1,2,1
341c-f0d4-70be,1420,4,-95.25,2,2,2,2,2,2,2,2
341c-f0d4-70be,1421,3,-95.0,3,0,3,0,3,0,3,0
341c-f0d4-70be,1422,3,-94.75,2,1,2,1,2,1,2,1
341c-f0d4-70be,1423,4,-94.75,3,1,3,1,3,1,3,1
341c-f0d4-70be,1424,3,-94.75,3,0,3,0,3,0,3,0
341c-f0d4-70be,1425,3,-95.5,3,0,3,0,3,0,3,0
341c-f0d4-70be,1426,3,-95.0,3,0,3,0,3,0,3,0
341c-f0d4-70be,1427,3,-94.75,3,0,3,0,3,0,3,0
341c-f0d4-70be,1428,3,-95.25,3,0,3,0,3,0,3,0
341c-f0d4-70be,1429,3,-95.0,3,0,3,0,3,0,3,0
341c-f0d4-70be,1430,3,-95.0,3,0,3,0,3,0,3,0
341c-f0d4-70be,1431,3,-94.75,3,0,3,0,3,0,3,0
341c-f0d4-70be,1432,3,-95.5,3,0,3,0,3,0,3,0
341c-f0d4-70be,1433,3,-95.0,3,0,3,0,3,0,3,0
341c-f0d4-70be,1434,3,-95.25,3,0,3,0,3,0,3,0
341c-f0d4-70be,1435,3,-94.75,3,0,2,1,3,0,3,0
341c-f0d4-70be,1436,3,-95.25,3,0,3,0,3,0,3,0
341c-f0d4-70be,1437,3,-95.0,3,0,3,0,3,0,3,0
341c-f0d4-70be,1438,3,-95.5,3,0,3,0,3,0,3,0
341c-f0d4-70be,1439,3,-95.5,3,0,3,0,3,0,3,0
341c-f0d4-70be,1440,3,-95.0,3,0,3,0,3,0,3,0
341c-f0d4-70be,1441,3,-95.0,3,0,3,0,3,0,3,0
341c-f0d4-70be,1442,3,-95.5,2,1,2,1,2,1,2,1
341c-f0d4-70be,1443,3,-94.75,2,1,2,1,2,1,2,1
341c-f0d4-70be,1444,3,-95.75,4,1,4,1,4,1,4,1
341c-f0d4-70be,1445,3,-95.5,2,1,2,1,2,1,2,1
341c-f0d4-70be,1446,3,-95.25,4,1,5,2,4,1,4,1
341c-f0d4-70be,1447,3,-94.75,2,1,2,1,2,1,2,1
341c-f0d4-70be,1448,3,-95.0,5,2,5,2,5,2,5,2
341c-f0d4-70be,1449,3,-95.25,3,0,3,0,3,0,3,0
341c-f0d4-70be,1450,3,-95.5,3,0,3,0,3,0,3,0
341c-f0d4-70be,1451,3,-95.25,3,0,3,0,3,0,3,0
341c-f0d4-70be,1452,3,-94.75,3,0,3,0,3,0,3,0
341c-f0d4-70be,1453,3,-95.0,3,0,3,0,3,0,3,0
341c-f0d4-70be,1454,3,-95.25,3,0,3,0,3,0,3,0
341c-f0d4-70be,1455,3,-95.0,3,0,3,0,3,0,3,0
341c-f0d4-70be,1456,3,-95.0,3,0,3,0,3,0,3,0
341c-f0d4-70be,1457,3,-95.25,3,0,3,0,3,0,3,0
341c-f0d4-70be,1458,3,-95.25,3,0,3,0,3,0,3,0
341c-f0d4-70be,1459,3,-95.5,3,0,3,0,3,0,3,0
341c-f0d4-70be,1460,4,-94.75,3,1,2,2,3,1,3,1
341c-f0d4-70be,1461,3,-92.5,3,0,2,1,2,1,3,0
341c-f0d4-70be,1462,3,-95.5,3,0,3,0,3,0,3,0
341c-f0d4-70be,1463,3,-95.25,3,0,3,0,3,0,3,0
341c-f0d4-70be,1464,3,-95.25,3,0,3,0,3,0,3,0
341c-f0d4-70be,1465,4,-95.5,3,1,3,1,3,1,3,1
341c-f0d4-70be,1466,4,-95.25,3,1,3,1,3,1,3,1
341c-f0d4-70be,1467,4,-95.0,3,1,3,1,3,1,3,1
341c-f0d4-70be,1468,4,-94.75,3,1,2,2,3,1,3,1
341c-f0d4-70be,1469,3,-94.75,3,0,2,1,3,0,3,0
341c-f0d4-70be,1470,3,-95.0,3,0,3,0,3,0,3,0
341c-f0d4-70be,1471,3,-95.25,3,0,3,0,3,0,3,0
341c-f0d4-70be,1472,3,-95.75,3,0,3,0,3,0,3,0
341c-f0d4-70be,1473,3,-95.5,3,0,3,0,3,0,3,0
341c-f0d4-70be,1474,3,-95.5,3,0,3,0,3,0,3,0
341c-f0d4-70be,1475,3,-95.0,2,1,2,1,2,1,2,1
341c-f0d4-70be,1476,4,-95.0,2,2,2,2,2,2,2,2
341c-f0d4-70be,1477,3,-95.25,2,1,2,1,2,1,2,1
341c-f0d4-70be,1478,3,-95.0,2,1,2,1,2,1,2,1
341c-f0d4-70be,1479,3,-95.5,3,0,3,0,3,0,3,0
341c-f0d4-70be,1480,4,-94.25,7,3,7,3,7,3,7,3
341c-f0d4-70be,1481,4,-94.25,7,3,7,3,7,3,7,3
341c-f0d4-70be,1482,4,-94.75,5,1,5,1,5,1,5,1
341c-f0d4-70be,1483,4,-94.5,5,1,5,1,5,1,5,1
341c-f0d4-70be,1484,4,-94.75,5,1,5,1,6,2,5,1
341c-f0d4-70be,1485,4,-94.25,5,1,5,1,6,2,5,1
341c-f0d4-70be,1486,4,-94.5,5,1,5,1,6,2,5,1
341c-f0d4-70be,1487,5,-94.5,5,0,5,0,5,0,5,0
341c-f0d4-70be,1488,5,-94.5,5,0,5,0,5,0,5,0
341c-f0d4-70be,1489,5,-94.75,5,0,5,0,5,0,5,0
341c-f0d4-70be,1490,5,-95.25,5,0,5,0,5,0,5,0
341c-f0d4-70be,1491,5,-94.75,4,1,4,1,4,1,4,1
341c-f0d4-70be,1492,5,-94.75,5,0,5,0,5,0,5,0
341c-f0d4-70be,1493,5,-95.25,5,0,5,0,6,1,5,0
341c-f0d4-70be,1494,5,-94.5,5,0,5,0,5,0,5,0
341c-f0d4-70be,1495,5,-94.25,5,0,5,0,5,0,5,0
341c-f0d4-70be,1496,5,-94.75,5,0,6,1,6,1,5,0
341c-f0d4-70be,1497,5,-94.75,5,0,5,0,5,0,5,0
341c-f0d4-70be,1498,5,-95.0,5,0,5,0,5,0,5,0
341c-f0d4-70be,1499,5,-94.5,5,0,5,0,5,0,5,0
341c-f0d4-70be,1500,4,-94.75,4,0,4,0,4,0,4,0
341c-f0d4-70be,1501,5,-94.25,5,0,5,0,5,0,5,0
341c-f0d4-70be,1502,5,-93.5,5,0,5,0,4,1,5,0
341c-f0d4-70be,1503,5,-94.75,5,0,5,0,5,0,5,0
341c-f0d4-70be,1504,5,-95.0,5,0,5,0,5,0,5,0
341c-f0d4-70be,1505,5,-94.5,5,0,5,0,5,0,5,0
341c-f0d4-70be,1506,4,-94.75,5,1,5,1,5,1,5,1
341c-f0d4-70be,1507,4,-94.5,5,1,5,1,5,1,5,1
341c-f0d4-70be,1508,4,-94.5,5,1,5,1,5,1,5,1
341c-f0d4-70be,1509,4,-94.75,5,1,5,1,6,2,5,1
341c-f0d4-70be,1510,4,-94.5,5,1,5,1,5,1,5,1
341c-f0d4-70be,1511,5,-94.0,5,0,5,0,5,0,5,0
341c-f0d4-70be,1512,5,-94.0,5,0,5,0,5,0,5,0
341c-f0d4-70be,1513,4,-94.75,5,1,5,1,5,1,5,1
341c-f0d4-70be,1514,5,-95.0,5,0,5,0,5,0,5,0
341c-f0d4-70be,1515,5,-93.75,5,0,5,0,5,0,5,0
341c-f0d4-70be,1516,5,-94.25,5,0,5,0,5,0,5,0
341c-f0d4-70be,1517,5,-94.0,5,0,5,0,5,0,5,0
341c-f0d4-70be,1518,4,-94.25,5,1,5,1,5,1,5,1
341c-f0d4-70be,1519,4,-94.5,5,1,5,1,5,1,5,1
341c-f0d4-70be,1520,4,-94.5,5,1,5,1,6,2,5,1
341c-f0d4-70be,1521,4,-94.5,5,1,5,1,5,1,5,1
341c-f0d4-70be,1522,4,-94.25,5,1,5,1,5,1,5,1
341c-f0d4-70be,1523,5,-94.25,5,0,5,0,5,0,5,0
341c-f0d4-70be,1524,5,-93.75,7,2,7,2,7,2,7,2
341c-f0d4-70be,1525,4,-93.5,5,1,5,1,6,2,5,1
341c-f0d4-70be,1526,4,-94.25,7,3,7,3,7,3,7,3
341c-f0d4-70be,1527,4,-94.5,7,3,7,3,7,3,7,3
341c-f0d4-70be,1528,4,-94.0,7,3,7,3,7,3,7,3
341c-f0d4-70be,1529,4,-94.5,5,1,5,1,6,2,5,1
341c-f0d4-70be,1530,5,-94.0,5,0,5,0,6,1,5,0
341c-f0d4-70be,1531,5,-94.25,5,0,5,0,6,1,5,0
341c-f0d4-70be,1532,5,-94.0,5,0,5,0,6,1,5,0
341c-f0d4-70be,1533,5,-94.5,5,0,5,0,5,0,5,0
341c-f0d4-70be,1534,5,-94.25,5,0,5,0,5,0,5,0
341c-f0d4-70be,1535,4,-94.75,5,1,5,1,6,2,5,1
341c-f0d4-70be,1536,4,-94.0,5,1,5,1,6,2,5,1
341c-f0d4-70be,1537,4,-95.0,4,0,4,0,4,0,4,0
341c-f0d4-70be,1538,5,-94.75,4,1,4,1,4,1,4,1
341c-f0d4-70be,1539,5,-94.25,5,0,5,0,5,0,5,0
341c-f0d4-70be,1540,4,-95.0,4,0,4,0,4,0,4,0
341c-f0d4-70be,1541,4,-95.0,4,0,4,0,4,0,4,0
341c-f0d4-70be,1542,4,-94.75,4,0,4,0,4,0,4,0
341c-f0d4-70be,1543,4,-94.75,5,1,5,1,5,1,5,1
341c-f0d4-70be,1544,4,-94.5,4,0,4,0,4,0,4,0
341c-f0d4-70be,1545,4,-94.75,5,1,5,1,5,1,5,1
341c-f0d4-70be,1546,4,-95.0,5,1,5,1,5,1,5,1
341c-f0d4-70be,1547,4,-95.0,4,0,4,0,4,0,4,0
341c-f0d4-70be,1548,4,-94.75,5,1,5,1,5,1,5,1
341c-f0d4-70be,1549,4,-94.75,5,1,5,1,5,1,5,1
341c-f0d4-70be,1550,4,-94.75,5,1,5,1,5,1,5,1
341c-f0d4-70be,1551,4,-94.75,4,0,4,0,4,0,4,0
341c-f0d4-70be,1552,4,-94.0,5,1,5,1,5,1,5,1
341c-f0d4-70be,1553,4,-94.25,4,0,4,0,4,0,4,0
341c-f0d4-70be,1554,4,-94.5,4,0,4,0,4,0,4,0
341c-f0d4-70be,1555,4,-94.75,5,1,5,1,5,1,5,1
341c-f0d4-70be,1556,4,-94.25,5,1,5,1,5,1,5,1
341c-f0d4-70be,1557,4,-94.75,5,1,5,1,5,1,5,1
341c-f0d4-70be,1558,4,-94.25,5,1,5,1,5,1,5,1
341c-f0d4-70be,1559,4,-95.0,5,1,5,1,5,1,5,1
341c-f0d4-70be,1560,4,-94.25,5,1,5,1,5,1,5,1
341c-f0d4-70be,1561,4,-94.25,5,1,5,1,4,0,5,1
341c-f0d4-70be,1562,4,-94.5,4,0,4,0,4,0,4,0
341c-f0d4-70be,1563,4,-94.5,5,1,5,1,5,1,5,1
341c-f0d4-70be,1564,4,-94.25,5,1,5,1,5,1,5,1
341c-f0d4-70be,1565,4,-94.75,5,1,5,1,5,1,5,1
341c-f0d4-70be,1566,5,-94.5,5,0,5,0,5,0,5,0
341c-f0d4-70be,1567,5,-94.75,5,0,5,0,5,0,5,0
341c-f0d4-70be,1568,5,-94.75,4,1,4,1,4,1,4,1
341c-f0d4-70be,1569,5,-94.75,5,0,5,0,5,0,5,0
341c-f0d4-70be,1570,5,-94.5,5,0,5,0,5,0,5,0
341c-f0d4-70be,1571,4,-95.0,4,0,4,0,4,0,4,0
341c-f0d4-70be,1572,5,-94.5,5,0,5,0,5,0,5,0
341c-f0d4-70be,1573,4,-94.5,4,0,4,0,4,0,4,0
341c-f0d4-70be,1574,4,-95.25,5,1,5,1,5,1,5,1
341c-f0d4-70be,1575,5,-94.75,4,1,4,1,4,1,4,1
341c-f0d4-70be,1576,5,-94.25,4,1,4,1,4,1,4,1
341c-f0d4-70be,1577,4,-94.75,5,1,5,1,5,1,5,1
341c-f0d4-70be,1578,4,-95.0,5,1,5,1,5,1,5,1
341c-f0d4-70be,1579,5,-95.0,4,1,4,1,4,1,4,1
341c-f0d4-70be,1580,5,-95.0,5,0,5,0,5,0,5,0
341c-f0d4-70be,1581,4,-95.0,4,0,4,0,4,0,4,0
341c-f0d4-70be,1582,4,-94.5,4,0,4,0,4,0,4,0
341c-f0d4-70be,1583,4,-93.75,5,1,5,1,5,1,5,1
341c-f0d4-70be,1584,4,-94.5,5,1,5,1,5,1,5,1
341c-f0d4-70be,1585,4,-95.0,5,1,5,1,5,1,5,1
341c-f0d4-70be,1586,5,-94.75,5,0,5,0,5,0,5,0
341c-f0d4-70be,1587,4,-94.5,5,1,5,1,5,1,5,1
341c-f0d4-70be,1588,4,-94.75,5,1,5,1,5,1,5,1
341c-f0d4-70be,1589,4,-95.25,5,1,5,1,5,1,5,1
341c-f0d4-70be,1590,4,-94.5,5,1,5,1,4,0,5,1
341c-f0d4-70be,1591,4,-94.25,5,1,5,1,5,1,5,1
341c-f0d4-70be,1592,4,-95.0,5,1,5,1,5,1,5,1
341c-f0d4-70be,1593,4,-94.25,5,1,5,1,5,1,5,1
341c-f0d4-70be,1594,4,-94.25,5,1,5,1,5,1,5,1
341c-f0d4-70be,1595,4,-94.75,5,1,5,1,5,1,5,1
341c-f0d4-70be,1596,4,-94.5,5,1,5,1,5,1,5,1
341c-f0d4-70be,1597,4,-95.0,5,1,5,1,5,1,5,1
341c-f0d4-70be,1598,4,-95.0,5,1,5,1,5,1,5,1
341c-f0d4-70be,1599,5,-95.0,4,1,4,1,4,1,4,1
341c-f0d4-70be,1600,5,-94.5,3,2,3,2,3,2,3,2
341c-f0d4-70be,1601,4,-95.0,4,0,4,0,4,0,4,0
341c-f0d4-70be,1602,4,-94.75,3,1,3,1,3,1,3,1
341c-f0d4-70be,1603,5,-95.0,3,2,3,2,3,2,3,2
341c-f0d4-70be,1604,5,-95.25,3,2,3,2,3,2,3,2
341c-f0d4-70be,1605,5,-94.75,3,2,3,2,3,2,3,2
341c-f0d4-70be,1606,5,-94.75,4,1,4,1,4,1,4,1
341c-f0d4-70be,1607,5,-94.75,4,1,4,1,4,1,4,1
341c-f0d4-70be,1608,5,-94.25,4,1,4,1,4,1,4,1
341c-f0d4-70be,1609,5,-95.0,4,1,4,1,4,1,4,1
341c-f0d4-70be,1610,5,-95.0,4,1,4,1,4,1,4,1
341c-f0d4-70be,1611,5,-94.0,5,0,5,0,4,1,5,0
341c-f0d4-70be,1612,5,-94.5,4,1,4,1,4,1,4,1
341c-f0d4-70be,1613,5,-94.5,4,1,4,1,4,1,4,1
341c-f0d4-70be,1614,5,-94.5,5,0,5,0,4,1,5,0
341c-f0d4-70be,1615,5,-95.25,4,1,4,1,4,1,4,1
341c-f0d4-70be,1616,5,-94.25,4,1,4,1,4,1,4,1
341c-f0d4-70be,1617,6,-94.75,5,1,5,1,5,1,5,1
341c-f0d4-70be,1618,5,-94.75,4,1,4,1,4,1,4,1
341c-f0d4-70be,1619,5,-94.75,4,1,4,1,4,1,4,1
341c-f0d4-70be,1620,5,-94.5,4,1,4,1,4,1,4,1
341c-f0d4-70be,1621,5,-95.0,5,0,5,0,5,0,5,0
341c-f0d4-70be,1622,5,-94.75,4,1,4,1,4,1,4,1
341c-f0d4-70be,1623,5,-94.5,4,1,4,1,4,1,4,1
341c-f0d4-70be,1624,5,-95.25,4,1,4,1,4,1,4,1
341c-f0d4-70be,1625,5,-94.25,4,1,4,1,4,1,4,1
341c-f0d4-70be,1626,5,-94.75,4,1,4,1,4,1,4,1
341c-f0d4-70be,1627,5,-94.5,4,1,4,1,4,1,4,1
341c-f0d4-70be,1628,5,-94.25,5,0,5,0,5,0,5,0
341c-f0d4-70be,1629,5,-95.0,4,1,4,1,4,1,4,1
341c-f0d4-70be,1630,5,-94.5,4,1,4,1,4,1,4,1
341c-f0d4-70be,1631,6,-94.75,5,1,5,1,4,2,5,1
341c-f0d4-70be,1632,5,-94.5,4,1,4,1,4,1,4,1
341c-f0d4-70be,1633,5,-94.75,4,1,4,1,4,1,4,1
341c-f0d4-70be,1634,5,-95.0,4,1,4,1,4,1,4,1
341c-f0d4-70be,1635,5,-94.75,4,1,4,1,4,1,4,1
341c-f0d4-70be,1636,5,-94.75,4,1,4,1,4,1,4,1
341c-f0d4-70be,1637,5,-94.25,5,0,5,0,5,0,5,0
341c-f0d4-70be,1638,6,-95.25,4,2,4,2,4,2,4,2
341c-f0d4-70be,1639,6,-94.75,4,2,4,2,4,2,4,2
341c-f0d4-70be,1640,5,-95.0,4,1,4,1,4,1,4,1
341c-f0d4-70be,1641,6,-94.75,4,2,4,2,4,2,4,2
341c-f0d4-70be,1642,6,-94.5,5,1,5,1,5,1,5,1
341c-f0d4-70be,1643,5,-94.75,4,1,4,1,4,1,4,1
341c-f0d4-70be,1644,5,-94.25,4,1,4,1,4,1,4,1
341c-f0d4-70be,1645,5,-94.5,4,1,4,1,4,1,4,1
341c-f0d4-70be,1646,5,-94.5,4,1,4,1,4,1,4,1
341c-f0d4-70be,1647,5,-94.75,4,1,4,1,4,1,4,1
341c-f0d4-70be,1648,5,-94.75,4,1,4,1,4,1,4,1
341c-f0d4-70be,1649,5,-94.75,4,1,4,1,4,1,4,1
341c-f0d4-70be,1650,5,-94.75,5,0,5,0,5,0,5,0
341c-f0d4-70be,1651,6,-94.75,4,2,4,2,4,2,4,2
341c-f0d4-70be,1652,6,-94.5,4,2,4,2,4,2,4,2
341c-f0d4-70be,1653,6,-94.5,4,2,4,2,4,2,4,2
341c-f0d4-70be,1654,5,-94.5,4,1,4,1,4,1,4,1
341c-f0d4-70be,1655,5,-94.75,4,1,4,1,4,1,4,1
341c-f0d4-70be,1656,5,-94.75,4,1,4,1,4,1,4,1
341c-f0d4-70be,1657,5,-94.75,4,1,4,1,4,1,4,1
341c-f0d4-70be,1658,5,-95.25,3,2,3,2,3,2,3,2
341c-f0d4-70be,1659,5,-95.0,4,1,4,1,4,1,4,1
341c-f0d4-70be,1660,5,-94.75,4,1,4,1,4,1,4,1
341c-f0d4-70be,1661,5,-94.5,4,1,4,1,4,1,4,1
341c-f0d4-70be,1662,5,-94.75,4,1,4,1,4,1,4,1
341c-f0d4-70be,1663,5,-95.0,4,1,4,1,4,1,4,1
341c-f0d4-70be,1664,5,-94.0,4,1,4,1,4,1,4,1
341c-f0d4-70be,1665,5,-94.5,4,1,4,1,4,1,4,1
341c-f0d4-70be,1666,5,-94.0,4,1,4,1,4,1,4,1
341c-f0d4-70be,1667,5,-94.5,4,1,4,1,4,1,4,1
341c-f0d4-70be,1668,6,-94.75,4,2,4,2,4,2,4,2
341c-f0d4-70be,1669,5,-94.0,5,0,5,0,5,0,5,0
341c-f0d4-70be,1670,5,-94.0,4,1,4,1,4,1,4,1
341c-f0d4-70be,1671,5,-94.25,5,0,5,0,5,0,5,0
341c-f0d4-70be,1672,5,-94.0,4,1,4,1,4,1,4,1
341c-f0d4-70be,1673,5,-94.75,4,1,4,1,4,1,4,1
341c-f0d4-70be,1674,5,-94.5,4,1,4,1,4,1,4,1
341c-f0d4-70be,1675,5,-94.75,5,0,5,0,5,0,5,0
341c-f0d4-70be,1676,5,-94.5,4,1,4,1,4,1,4,1
341c-f0d4-70be,1677,6,-94.75,4,2,4,2,4,2,4,2
341c-f0d4-70be,1678,5,-94.0,4,1,4,1,4,1,4,1
341c-f0d4-70be,1679,5,-95.75,4,1,4,1,4,1,4,1
341c-f0d4-70be,1680,5,-94.5,4,1,4,1,4,1,4,1
341c-f0d4-70be,1681,5,-94.75,4,1,4,1,4,1,4,1
341c-f0d4-70be,1682,5,-95.5,3,2,3,2,3,2,3,2
341c-f0d4-70be,1683,5,-95.25,5,0,5,0,5,0,5,0
341c-f0d4-70be,1684,5,-94.5,4,1,4,1,4,1,4,1
341c-f0d4-70be,1685,5,-95.5,4,1,4,1,4,1,4,1
341c-f0d4-70be,1686,5,-95.0,4,1,4,1,4,1,4,1
341c-f0d4-70be,1687,5,-94.25,4,1,4,1,4,1,4,1
341c-f0d4-70be,1688,5,-95.0,4,1,4,1,4,1,4,1
341c-f0d4-70be,1689,5,-94.25,4,1,4,1,4,1,4,1
341c-f0d4-70be,1690,5,-95.0,4,1,4,1,4,1,4,1
341c-f0d4-70be,1691,6,-95.0,4,2,4,2,4,2,4,2
341c-f0d4-70be,1692,6,-95.0,4,2,4,2,4,2,4,2
341c-f0d4-70be,1693,6,-94.75,4,2,4,2,4,2,4,2
341c-f0d4-70be,1694,6,-94.75,4,2,4,2,4,2,4,2
341c-f0d4-70be,1695,6,-94.5,4,2,4,2,4,2,4,2
341c-f0d4-70be,1696,5,-94.0,4,1,4,1,4,1,4,1
341c-f0d4-70be,1697,5,-94.75,4,1,4,1,4,1,4,1
341c-f0d4-70be,1698,5,-95.0,4,1,4,1,4,1,4,1
341c-f0d4-70be,1699,5,-94.25,4,1,4,1,4,1,4,1
341c-f0d4-70be,1700,5,-94.75,4,1,4,1,4,1,4,1
341c-f0d4-70be,1701,5,-95.0,4,1,4,1,4,1,4,1
341c-f0d4-70be,1702,5,-94.5,4,1,4,1,4,1,4,1
341c-f0d4-70be,1703,5,-95.25,3,2,3,2,3,2,3,2
341c-f0d4-70be,1704,5,-95.0,4,1,4,1,4,1,4,1
341c-f0d4-70be,1705,5,-94.0,4,1,4,1,4,1,4,1
341c-f0d4-70be,1706,4,-95.25,3,1,3,1,3,1,3,1
341c-f0d4-70be,1707,3,-94.75,2,1,2,1,2,1,2,1
341c-f0d4-70be,1708,3,-95.0,3,0,3,0,3,0,3,0
341c-f0d4-70be,1709,3,-94.25,3,0,3,0,3,0,3,0
341c-f0d4-70be,1710,3,-95.25,3,0,3,0,3,0,3,0
341c-f0d4-70be,1711,3,-94.5,3,0,3,0,3,0,3,0
341c-f0d4-70be,1712,3,-95.0,3,0,3,0,3,0,3,0
341c-f0d4-70be,1713,3,-95.25,3,0,3,0,3,0,3,0
341c-f0d4-70be,1714,3,-95.25,4,1,4,1,4,1,4,1
341c-f0d4-70be,1715,3,-95.25,2,1,2,1,2,1,2,1
341c-f0d4-70be,1716,3,-95.25,4,1,4,1,4,1,4,1
341c-f0d4-70be,1717,3,-94.75,2,1,2,1,2,1,2,1
341c-f0d4-70be,1718,3,-94.75,3,0,3,0,3,0,3,0
341c-f0d4-70be,1719,3,-95.5,4,1,4,1,4,1,4,1
341c-f0d4-70be,1720,3,-94.75,3,0,3,0,3,0,3,0
341c-f0d4-70be,1721,3,-95.0,4,1,4,1,4,1,4,1
341c-f0d4-70be,1722,3,-95.25,2,1,2,1,2,1,2,1
341c-f0d4-70be,1723,3,-94.75,2,1,2,1,2,1,2,1
341c-f0d4-70be,1724,3,-95.0,2,1,2,1,2,1,2,1
341c-f0d4-70be,1725,3,-94.75,2,1,2,1,2,1,2,1
341c-f0d4-70be,1726,3,-95.0,2,1,2,1,2,1,2,1
341c-f0d4-70be,1727,3,-95.25,2,1,2,1,2,1,2,1
341c-f0d4-70be,1728,3,-95.0,2,1,2,1,2,1,2,1
341c-f0d4-70be,1729,3,-95.25,5,2,5,2,5,2,5,2
341c-f0d4-70be,1730,3,-95.25,2,1,2,1,2,1,2,1
341c-f0d4-70be,1731,3,-95.25,5,2,5,2,5,2,5,2
341c-f0d4-70be,1732,3,-95.0,2,1,2,1,2,1,2,1
341c-f0d4-70be,1733,3,-95.5,5,2,5,2,5,2,5,2
341c-f0d4-70be,1734,3,-95.5,2,1,2,1,2,1,2,1
341c-f0d4-70be,1735,3,-95.25,2,1,2,1,2,1,2,1
341c-f0d4-70be,1736,3,-95.25,2,1,2,1,2,1,2,1
341c-f0d4-70be,1737,3,-94.5,5,2,5,2,5,2,5,2
341c-f0d4-70be,1738,3,-95.5,2,1,2,1,2,1,2,1
341c-f0d4-70be,1739,3,-95.0,2,1,2,1,2,1,2,1
341c-f0d4-70be,1740,4,-95.0,5,1,5,1,5,1,5,1
341c-f0d4-70be,1741,3,-95.0,3,0,3,0,3,0,3,0
341c-f0d4-70be,1742,3,-95.25,4,1,4,1,4,1,4,1
341c-f0d4-70be,1743,3,-95.5,3,0,3,0,3,0,3,0
341c-f0d4-70be,1744,3,-95.25,4,1,4,1,4,1,4,1
341c-f0d4-70be,1745,3,-95.25,2,1,2,1,2,1,2,1
341c-f0d4-70be,1746,3,-95.0,3,0,3,0,3,0,3,0
341c-f0d4-70be,1747,3,-95.75,3,0,3,0,3,0,3,0
341c-f0d4-70be,1748,3,-95.25,3,0,3,0,3,0,3,0
341c-f0d4-70be,1749,3,-95.25,3,0,3,0,3,0,3,0
341c-f0d4-70be,1750,3,-95.0,3,0,3,0,3,0,3,0
341c-f0d4-70be,1751,3,-95.25,3,0,3,0,3,0,3,0
341c-f0d4-70be,1752,3,-95.0,3,0,3,0,3,0,3,0
341c-f0d4-70be,1753,3,-95.0,3,0,3,0,3,0,3,0
341c-f0d4-70be,1754,3,-94.5,4,1,4,1,4,1,4,1
341c-f0d4-70be,1755,3,-95.25,3,0,3,0,3,0,3,0
341c-f0d4-70be,1756,3,-94.75,3,0,3,0,3,0,3,0
341c-f0d4-70be,1757,3,-95.25,3,0,3,0,3,0,3,0
341c-f0d4-70be,1758,3,-94.75,3,0,3,0,3,0,3,0
341c-f0d4-70be,1759,3,-95.25,3,0,3,0,3,0,3,0
341c-f0d4-70be,1760,3,-94.75,3,0,3,0,3,0,3,0
341c-f0d4-70be,1761,3,-94.5,3,0,3,0,3,0,3,0
341c-f0d4-70be,1762,3,-96.0,2,1,2,1,2,1,2,1
341c-f0d4-70be,1763,3,-95.25,4,1,4,1,4,1,4,1
341c-f0d4-70be,1764,3,-95.0,3,0,3,0,3,0,3,0
341c-f0d4-70be,1765,3,-95.0,3,0,3,0,3,0,3,0
341c-f0d4-70be,1766,3,-94.5,3,0,3,0,3,0,3,0
341c-f0d4-70be,1767,3,-95.0,2,1,2,1,2,1,2,1
341c-f0d4-70be,1768,3,-95.25,2,1,2,1,2,1,2,1
341c-f0d4-70be,1769,3,-95.0,3,0,3,0,3,0,3,0
341c-f0d4-70be,1770,3,-95.0,3,0,3,0,3,0,3,0
341c-f0d4-70be,1771,3,-95.0,2,1,2,1,2,1,2,1
341c-f0d4-70be,1772,3,-95.0,2,1,2,1,2,1,2,1
341c-f0d4-70be,1773,3,-95.25,3,0,3,0,3,0,3,0
341c-f0d4-70be,1774,3,-96.0,4,1,5,2,5,2,4,1
341c-f0d4-70be,1775,3,-95.75,2,1,2,1,2,1,2,1
341c-f0d4-70be,1776,3,-95.5,2,1,2,1,2,1,2,1
341c-f0d4-70be,1777,3,-95.0,2,1,2,1,2,1,2,1
341c-f0d4-70be,1778,3,-95.25,2,1,2,1,2,1,2,1
341c-f0d4-70be,1779,3,-95.25,2,1,2,1,2,1,2,1
341c-f0d4-70be,1780,3,-95.0,3,0,3,0,3,0,3,0
341c-f0d4-70be,1781,3,-95.5,3,0,3,0,3,0,3,0
341c-f0d4-70be,1782,3,-95.5,3,0,3,0,3,0,3,0
341c-f0d4-70be,1783,3,-94.5,3,0,3,0,3,0,3,0
341c-f0d4-70be,1784,3,-93.75,3,0,2,1,2,1,3,0
341c-f0d4-70be,1785,3,-94.5,3,0,3,0,3,0,3,0
341c-f0d4-70be,1786,3,-94.25,3,0,3,0,3,0,3,0
341c-f0d4-70be,1787,3,-95.25,3,0,3,0,3,0,3,0
341c-f0d4-70be,1788,3,-94.75,3,0,3,0,3,0,3,0
341c-f0d4-70be,1789,3,-95.0,3,0,3,0,3,0,3,0
341c-f0d4-70be,1790,3,-95.25,3,0,3,0,3,0,3,0
341c-f0d4-70be,1791,3,-94.75,3,0,3,0,3,0,3,0
341c-f0d4-70be,1792,3,-94.5,3,0,3,0,3,0,3,0
341c-f0d4-70be,1793,3,-95.0,3,0,3,0,3,0,3,0
341c-f0d4-70be,1794,3,-95.25,3,0,3,0,3,0,3,0
341c-f0d4-70be,1795,3,-95.0,3,0,3,0,3,0,3,0
341c-f0d4-70be,1796,3,-94.75,3,0,3,0,3,0,3,0
341c-f0d4-70be,1797,3,-94.75,3,0,3,0,3,0,3,0
341c-f0d4-70be,1798,3,-95.25,3,0,3,0,3,0,3,0
341c-f0d4-70be,1799,3,-95.5,3,0,3,0,3,0,3,0
341c-f0d4-70be,1800,3,-94.75,3,0,3,0,3,0,3,0
341c-f0d4-70be,1801,3,-94.25,3,0,3,0,3,0,3,0
341c-f0d4-70be,1802,3,-95.0,3,0,3,0,3,0,3,0
341c-f0d4-70be,1803,3,-95.5,5,2,5,2,5,2,5,2
341c-f0d4-70be,1804,3,-95.25,2,1,2,1,2,1,2,1
341c-f0d4-70be,1805,3,-95.25,2,1,2,1,2,1,2,1
341c-f0d4-70be,1806,3,-94.75,2,1,2,1,2,1,2,1
341c-f0d4-70be,1807,3,-95.5,3,0,3,0,3,0,3,0
341c-f0d4-70be,1808,3,-95.25,3,0,3,0,3,0,3,0
341c-f0d4-70be,1809,3,-95.25,2,1,2,1,2,1,2,1
341c-f0d4-70be,1810,3,-95.0,3,0,3,0,3,0,3,0
341c-f0d4-70be,1811,3,-94.75,5,2,5,2,5,2,5,2
341c-f0d4-70be,1812,3,-93.25,5,2,5,2,4,1,5,2
341c-f0d4-70be,1813,3,-95.0,2,1,2,1,2,1,2,1
341c-f0d4-70be,1814,3,-95.25,2,1,2,1,2,1,2,1
341c-f0d4-70be,1815,3,-95.25,2,1,2,1,2,1,2,1
341c-f0d4-70be,1816,3,-95.25,5,2,5,2,5,2,5,2
341c-f0d4-70be,1817,3,-95.5,3,0,3,0,3,0,3,0
341c-f0d4-70be,1818,3,-95.25,5,2,5,2,5,2,5,2
341c-f0d4-70be,1819,3,-95.5,5,2,5,2,6,3,5,2
341c-f0d4-70be,1820,3,-95.5,2,1,2,1,2,1,2,1
341c-f0d4-70be,1821,3,-95.0,5,2,5,2,5,2,5,2
341c-f0d4-70be,1822,3,-95.25,2,1,2,1,2,1,2,1
341c-f0d4-70be,1823,3,-96.0,5,2,5,2,6,3,5,2
341c-f0d4-70be,1824,3,-93.25,3,0,2,1,2,1,3,0
341c-f0d4-70be,1825,3,-95.0,5,2,5,2,5,2,5,2
341c-f0d4-70be,1826,3,-95.25,3,0,3,0,3,0,3,0
341c-f0d4-70be,1827,3,-95.25,4,1,4,1,4,1,4,1
341c-f0d4-70be,1828,3,-95.25,4,1,4,1,4,1,4,1
341c-f0d4-70be,1829,3,-95.25,2,1,2,1,2,1,2,1
341c-f0d4-70be,1830,3,-95.5,3,0,3,0,3,0,3,0
341c-f0d4-70be,1831,3,-95.5,4,1,4,1,4,1,4,1
341c-f0d4-70be,1832,3,-95.25,4,1,4,1,4,1,4,1
341c-f0d4-70be,1833,3,-94.75,3,0,3,0,3,0,3,0
341c-f0d4-70be,1834,3,-95.5,3,0,3,0,3,0,3,0
341c-f0d4-70be,1835,3,-94.75,3,0,3,0,3,0,3,0
341c-f0d4-70be,1836,3,-95.0,3,0,3,0,3,0,3,0
341c-f0d4-70be,1837,3,-95.0,3,0,3,0,3,0,3,0
341c-f0d4-70be,1838,3,-95.25,3,0,3,0,3,0,3,0
341c-f0d4-70be,1839,3,-95.25,3,0,3,0,3,0,3,0
341c-f0d4-70be,1840,3,-95.0,3,0,3,0,3,0,3,0
341c-f0d4-70be,1841,3,-95.0,3,0,3,0,3,0,3,0
341c-f0d4-70be,1842,3,-95.25,3,0,3,0,3,0,3,0
341c-f0d4-70be,1843,3,-95.0,3,0,3,0,3,0,3,0
341c-f0d4-70be,1844,3,-95.25,3,0,3,0,3,0,3,0
341c-f0d4-70be,1845,3,-95.0,3,0,3,0,3,0,3,0
341c-f0d4-70be,1846,3,-94.75,4,1,4,1,4,1,4,1
341c-f0d4-70be,1847,3,-95.5,3,0,3,0,3,0,3,0
341c-f0d4-70be,1848,3,-95.5,3,0,4,1,4,1,3,0
341c-f0d4-70be,1849,3,-95.25,3,0,3,0,3,0,3,0
341c-f0d4-70be,1850,3,-95.5,5,2,5,2,5,2,5,2
341c-f0d4-70be,1851,3,-95.25,3,0,3,0,3,0,3,0
341c-f0d4-70be,1852,3,-94.75,5,2,5,2,5,2,5,2
341c-f0d4-70be,1853,3,-95.5,4,1,4,1,5,2,4,1
341c-f0d4-70be,1854,3,-95.0,5,2,5,2,5,2,5,2
341c-f0d4-70be,1855,3,-95.25,3,0,3,0,3,0,3,0
341c-f0d4-70be,1856,3,-95.5,2,1,2,1,2,1,2,1
341c-f0d4-70be,1857,3,-95.75,3,0,3,0,3,0,3,0
341c-f0d4-70be,1858,3,-95.0,3,0,3,0,3,0,3,0
341c-f0d4-70be,1859,3,-95.25,4,1,4,1,4,1,4,1
341c-f0d4-70be,1860,3,-95.0,4,1,4,1,4,1,4,1
341c-f0d4-70be,1861,3,-95.25,4,1,4,1,4,1,4,1
341c-f0d4-70be,1862,3,-95.25,4,1,4,1,4,1,4,1
341c-f0d4-70be,1863,3,-95.25,4,1,4,1,4,1,4,1
341c-f0d4-70be,1864,3,-94.75,3,0,3,0,3,0,3,0
341c-f0d4-70be,1865,3,-95.5,5,2,5,2,5,2,5,2
341c-f0d4-70be,1866,3,-95.75,4,1,5,2,5,2,4,1
341c-f0d4-70be,1867,3,-95.5,4,1,4,1,5,2,4,1
341c-f0d4-70be,1868,3,-95.5,4,1,5,2,5,2,4,1
341c-f0d4-70be,1869,3,-95.5,5,2,5,2,5,2,5,2
341c-f0d4-70be,1870,3,-95.5,5,2,5,2,5,2,5,2
341c-f0d4-70be,1871,3,-95.25,3,0,3,0,3,0,3,0
341c-f0d4-70be,1872,4,-95.5,5,1,5,1,5,1,5,1
341c-f0d4-70be,1873,4,-95.25,5,1,5,1,5,1,5,1
341c-f0d4-70be,1874,3,-95.0,5,2,5,2,5,2,5,2
341c-f0d4-70be,1875,3,-95.5,3,0,3,0,3,0,3,0
341c-f0d4-70be,1876,3,-95.25,3,0,3,0,3,0,3,0
341c-f0d4-70be,1877,3,-95.25,3,0,3,0,3,0,3,0
341c-f0d4-70be,1878,3,-95.0,3,0,3,0,3,0,3,0
341c-f0d4-70be,1879,4,-94.75,3,1,3,1,3,1,3,1
341c-f0d4-70be,1880,4,-95.0,3,1,3,1,3,1,3,1
341c-f0d4-70be,1881,3,-95.0,3,0,3,0,3,0,3,0
341c-f0d4-70be,1882,3,-95.0,3,0,3,0,3,0,3,0
341c-f0d4-70be,1883,3,-95.25,3,0,3,0,3,0,3,0
341c-f0d4-70be,1884,3,-95.0,3,0,3,0,3,0,3,0
341c-f0d4-70be,1885,3,-94.75,3,0,3,0,3,0,3,0
341c-f0d4-70be,1886,3,-95.25,3,0,3,0,3,0,3,0
341c-f0d4-70be,1887,3,-94.0,3,0,3,0,3,0,3,0
341c-f0d4-70be,1888,3,-95.0,3,0,3,0,3,0,3,0
341c-f0d4-70be,1889,3,-95.0,3,0,3,0,3,0,3,0
341c-f0d4-70be,1890,3,-94.75,3,0,3,0,3,0,3,0
341c-f0d4-70be,1891,3,-95.0,3,0,3,0,3,0,3,0
341c-f0d4-70be,1892,4,-95.0,3,1,3,1,3,1,3,1
341c-f0d4-70be,1893,3,-95.25,3,0,3,0,3,0,3,0
341c-f0d4-70be,1894,3,-95.75,3,0,4,1,4,1,3,0
341c-f0d4-70be,1895,3,-95.0,3,0,3,0,3,0,3,0
341c-f0d4-70be,1896,3,-94.75,4,1,4,1,4,1,4,1
341c-f0d4-70be,1897,3,-95.0,4,1,4,1,4,1,4,1
341c-f0d4-70be,1898,3,-95.0,5,2,5,2,5,2,5,2
341c-f0d4-70be,1899,3,-95.0,3,0,3,0,3,0,3,0
341c-f0d4-70be,1900,3,-95.5,5,2,5,2,6,3,5,2
341c-f0d4-70be,1901,4,-95.0,4,0,4,0,4,0,4,0
341c-f0d4-70be,1902,4,-95.75,4,0,5,1,5,1,4,0
341c-f0d4-70be,1903,4,-93.0,4,0,4,0,4,0,4,0
341c-f0d4-70be,1904,3,-95.0,3,0,3,0,3,0,3,0
341c-f0d4-70be,1905,3,-95.5,3,0,3,0,4,1,3,0
341c-f0d4-70be,1906,3,-94.75,3,0,3,0,3,0,3,0
341c-f0d4-70be,1907,3,-95.25,3,0,3,0,3,0,3,0
341c-f0d4-70be,1908,3,-94.5,3,0,3,0,3,0,3,0
341c-f0d4-70be,1909,3,-94.5,3,0,3,0,3,0,3,0
341c-f0d4-70be,1910,3,-94.5,3,0,3,0,3,0,3,0
341c-f0d4-70be,1911,3,-95.0,3,0,3,0,3,0,3,0
341c-f0d4-70be,1912,3,-95.0,3,0,3,0,3,0,3,0
341c-f0d4-70be,1913,3,-94.75,3,0,3,0,3,0,3,0
341c-f0d4-70be,1914,3,-94.75,3,0,3,0,3,0,3,0
341c-f0d4-70be,1915,3,-95.25,3,0,3,0,3,0,3,0
341c-f0d4-70be,1916,3,-94.75,3,0,3,0,3,0,3,0
341c-f0d4-70be,1917,3,-94.75,3,0,3,0,3,0,3,0
341c-f0d4-70be,1918,3,-94.75,3,0,3,0,3,0,3,0
341c-f0d4-70be,1919,3,-94.75,3,0,3,0,3,0,3,0
341c-f0d4-70be,1920,3,-95.0,3,0,3,0,3,0,3,0
341c-f0d4-70be,1921,3,-95.25,3,0,3,0,3,0,3,0
341c-f0d4-70be,1922,3,-95.25,3,0,3,0,3,0,3,0
341c-f0d4-70be,1923,4,-93.5,3,1,3,1,3,1,3,1
341c-f0d4-70be,1924,4,-95.0,3,1,3,1,3,1,3,1
341c-f0d4-70be,1925,4,-94.75,3,1,3,1,3,1,3,1
341c-f0d4-70be,1926,3,-95.5,3,0,3,0,3,0,3,0
341c-f0d4-70be,1927,3,-95.25,3,0,3,0,3,0,3,0
341c-f0d4-70be,1928,3,-95.25,3,0,3,0,3,0,3,0
341c-f0d4-70be,1929,3,-95.0,3,0,3,0,3,0,3,0
341c-f0d4-70be,1930,3,-95.0,3,0,3,0,3,0,3,0
341c-f0d4-70be,1931,3,-94.75,3,0,3,0,3,0,3,0
341c-f0d4-70be,1932,3,-95.0,3,0,3,0,3,0,3,0
341c-f0d4-70be,1933,3,-94.5,3,0,3,0,3,0,3,0
341c-f0d4-70be,1934,3,-95.25,3,0,3,0,3,0,3,0
341c-f0d4-70be,1935,3,-95.5,3,0,3,0,3,0,3,0
341c-f0d4-70be,1936,3,-95.25,3,0,3,0,3,0,3,0
341c-f0d4-70be,1937,3,-95.0,3,0,3,0,3,0,3,0
341c-f0d4-70be,1938,3,-94.5,3,0,3,0,3,0,3,0
341c-f0d4-70be,1939,3,-94.5,4,1,4,1,4,1,4,1
341c-f0d4-70be,1940,3,-94.25,3,0,3,0,3,0,3,0
341c-f0d4-70be,1941,3,-95.0,3,0,3,0,3,0,3,0
341c-f0d4-70be,1942,3,-95.25,3,0,3,0,3,0,3,0
341c-f0d4-70be,1943,3,-95.25,3,0,3,0,3,0,3,0
341c-f0d4-70be,1944,3,-94.75,3,0,3,0,3,0,3,0
341c-f0d4-70be,1945,3,-94.75,2,1,2,1,2,1,2,1
341c-f0d4-70be,1946,3,-95.0,2,1,2,1,2,1,2,1
341c-f0d4-70be,1947,3,-95.25,2,1,2,1,3,0,2,1
341c-f0d4-70be,1948,3,-94.75,2,1,2,1,2,1,2,1
341c-f0d4-70be,1949,3,-94.75,2,1,2,1,2,1,2,1
341c-f0d4-70be,1950,3,-94.75,2,1,2,1,2,1,2,1
341c-f0d4-70be,1951,3,-95.5,2,1,2,1,3,0,2,1
341c-f0d4-70be,1952,3,-95.0,3,0,3,0,3,0,3,0
341c-f0d4-70be,1953,3,-94.5,3,0,3,0,3,0,3,0
341c-f0d4-70be,1954,3,-95.5,3,0,3,0,3,0,3,0
341c-f0d4-70be,1955,3,-95.0,3,0,3,0,3,0,3,0
341c-f0d4-70be,1956,3,-95.0,3,0,3,0,3,0,3,0
341c-f0d4-70be,1957,3,-95.75,3,0,3,0,3,0,3,0
341c-f0d4-70be,1958,3,-95.0,3,0,3,0,3,0,3,0
341c-f0d4-70be,1959,3,-94.75,3,0,3,0,3,0,3,0
341c-f0d4-70be,1960,3,-95.0,3,0,3,0,3,0,3,0
341c-f0d4-70be,1961,3,-95.0,3,0,3,0,3,0,3,0
341c-f0d4-70be,1962,3,-94.75,3,0,3,0,3,0,3,0
341c-f0d4-70be,1963,3,-95.25,3,0,3,0,3,0,3,0
341c-f0d4-70be,1964,3,-95.0,3,0,3,0,3,0,3,0
341c-f0d4-70be,1965,3,-95.25,3,0,3,0,3,0,3,0
341c-f0d4-70be,1966,3,-95.0,3,0,3,0,3,0,3,0
341c-f0d4-70be,1967,3,-95.25,3,0,3,0,3,0,3,0
341c-f0d4-70be,1968,3,-94.75,3,0,3,0,3,0,3,0
341c-f0d4-70be,1969,3,-95.0,3,0,3,0,3,0,3,0
341c-f0d4-70be,1970,3,-95.25,3,0,3,0,3,0,3,0
341c-f0d4-70be,1971,3,-95.5,3,0,3,0,3,0,3,0
341c-f0d4-70be,1972,3,-95.25,3,0,3,0,3,0,3,0
341c-f0d4-70be,1973,3,-95.0,3,0,3,0,3,0,3,0
341c-f0d4-70be,1974,3,-95.0,3,0,3,0,3,0,3,0
341c-f0d4-70be,1975,3,-94.5,3,0,3,0,3,0,3,0
341c-f0d4-70be,1976,3,-95.0,3,0,3,0,3,0,3,0
341c-f0d4-70be,1977,3,-95.0,2,1,2,1,3,0,2,1
341c-f0d4-70be,1978,3,-95.25,3,0,3,0,3,0,3,0
341c-f0d4-70be,1979,3,-95.5,2,1,2,1,2,1,2,1
341c-f0d4-70be,1980,3,-95.25,2,1,2,1,3,0,2,1
341c-f0d4-70be,1981,3,-94.75,2,1,2,1,2,1,2,1
341c-f0d4-70be,1982,3,-95.0,3,0,3,0,3,0,3,0
341c-f0d4-70be,1983,3,-95.0,3,0,3,0,3,0,3,0
341c-f0d4-70be,1984,3,-94.75,3,0,3,0,3,0,3,0
341c-f0d4-70be,1985,3,-95.0,3,0,3,0,3,0,3,0
341c-f0d4-70be,1986,3,-95.25,3,0,3,0,3,0,3,0
341c-f0d4-70be,1987,3,-94.25,3,0,3,0,3,0,3,0
341c-f0d4-70be,1988,3,-95.25,3,0,3,0,3,0,3,0
341c-f0d4-70be,1989,3,-95.0,4,1,4,1,4,1,4,1
341c-f0d4-70be,1990,3,-95.25,3,0,3,0,3,0,3,0
341c-f0d4-70be,1991,3,-95.0,3,0,3,0,3,0,3,0
341c-f0d4-70be,1992,3,-95.0,3,0,3,0,3,0,3,0
341c-f0d4-70be,1993,3,-95.0,3,0,3,0,3,0,3,0
341c-f0d4-70be,1994,3,-95.5,3,0,3,0,3,0,3,0
341c-f0d4-70be,1995,3,-94.25,4,1,4,1,3,0,4,1
341c-f0d4-70be,1996,3,-95.25,3,0,3,0,3,0,3,0
341c-f0d4-70be,1997,3,-95.0,3,0,3,0,3,0,3,0
341c-f0d4-70be,1998,3,-95.5,3,0,3,0,3,0,3,0
341c-f0d4-70be,1999,3,-95.0,3,0,3,0,3,0,3,0
341c-f0d4-70be,2000,3,-95.0,3,0,3,0,3,0,3,0
341c-f0d4-70be,2001,3,-95.0,3,0,3,0,3,0,3,0
341c-f0d4-70be,2002,3,-95.25,2,1,2,1,3,0,2,1
341c-f0d4-70be,2003,3,-95.25,2,1,2,1,3,0,2,1
341c-f0d4-70be,2004,3,-95.0,2,1,2,1,3,0,2,1
341c-f0d4-70be,2005,3,-95.25,2,1,2,1,2,1,2,1
341c-f0d4-70be,2006,3,-95.5,2,1,2,1,3,0,2,1
341c-f0d4-70be,2007,3,-95.0,2,1,2,1,2,1,2,1
341c-f0d4-70be,2008,3,-95.0,2,1,2,1,3,0,2,1
341c-f0d4-70be,2009,3,-95.25,2,1,2,1,3,0,2,1
341c-f0d4-70be,2010,3,-95.25,2,1,2,1,3,0,2,1
341c-f0d4-70be,2011,3,-95.5,3,0,3,0,3,0,3,0
341c-f0d4-70be,2012,3,-95.0,3,0,3,0,3,0,3,0
341c-f0d4-70be,2013,3,-95.0,3,0,3,0,3,0,3,0
341c-f0d4-70be,2014,3,-95.0,3,0,3,0,3,0,3,0
341c-f0d4-70be,2015,3,-95.25,3,0,3,0,3,0,3,0
341c-f0d4-70be,2016,3,-93.75,3,0,3,0,3,0,3,0
341c-f0d4-70be,2017,3,-95.5,3,0,3,0,3,0,3,0
341c-f0d4-70be,2018,3,-95.0,2,1,2,1,3,0,2,1
341c-f0d4-70be,2019,3,-95.5,2,1,3,0,3,0,2,1
341c-f0d4-70be,2020,3,-95.0,2,1,2,1,3,0,2,1
341c-f0d4-70be,2021,3,-95.25,2,1,2,1,3,0,2,1
341c-f0d4-70be,2022,3,-95.25,2,1,2,1,3,0,2,1
341c-f0d4-70be,2023,3,-93.75,2,1,2,1,2,1,2,1
341c-f0d4-70be,2024,3,-95.0,2,1,2,1,3,0,2,1
341c-f0d4-70be,2025,3,-95.25,2,1,2,1,3,0,2,1
341c-f0d4-70be,2026,2,-95.25,3,1,3,1,3,1,3,1
341c-f0d4-70be,2027,2,-94.5,4,2,4,2,4,2,4,2
341c-f0d4-70be,2028,2,-95.75,3,1,3,1,4,2,3,1
341c-f0d4-70be,2029,2,-95.25,3,1,3,1,3,1,3,1
341c-f0d4-70be,2030,2,-96.0,3,1,3,1,3,1,3,1
341c-f0d4-70be,2031,2,-94.5,3,1,3,1,3,1,3,1
341c-f0d4-70be,2032,2,-95.25,3,1,3,1,3,1,3,1
341c-f0d4-70be,2033,2,-95.5,3,1,3,1,3,1,3,1
341c-f0d4-70be,2034,2,-95.0,3,1,3,1,3,1,3,1
341c-f0d4-70be,2035,2,-95.0,3,1,3,1,3,1,3,1
341c-f0d4-70be,2036,2,-95.5,3,1,3,1,3,1,3,1
341c-f0d4-70be,2037,2,-95.0,3,1,3,1,3,1,3,1
341c-f0d4-70be,2038,2,-95.25,3,1,3,1,3,1,3,1
341c-f0d4-70be,2039,2,-95.25,3,1,3,1,3,1,3,1
341c-f0d4-70be,2040,2,-95.25,3,1,3,1,3,1,3,1
341c-f0d4-70be,2041,2,-95.0,3,1,3,1,3,1,3,1
341c-f0d4-70be,2042,2,-95.25,2,0,2,0,2,0,2,0
341c-f0d4-70be,2043,2,-95.25,3,1,3,1,3,1,3,1
341c-f0d4-70be,2044,2,-95.5,3,1,3,1,4,2,3,1
341c-f0d4-70be,2045,2,-95.25,3,1,3,1,3,1,3,1
341c-f0d4-70be,2046,2,-95.5,3,1,3,1,4,2,3,1
341c-f0d4-70be,2047,2,-94.0,3,1,3,1,3,1,3,1
341c-f0d4-70be,2048,2,-95.0,3,1,3,1,3,1,3,1
341c-f0d4-70be,2049,2,-94.5,3,1,3,1,3,1,3,1
341c-f0d4-70be,2050,2,-94.75,3,1,3,1,3,1,3,1
341c-f0d4-70be,2051,2,-95.5,3,1,3,1,4,2,3,1
341c-f0d4-70be,2052,2,-95.5,3,1,3,1,4,2,3,1
341c-f0d4-70be,2053,2,-95.0,4,2,4,2,4,2,4,2
341c-f0d4-70be,2054,2,-95.5,3,1,3,1,4,2,3,1
341c-f0d4-70be,2055,2,-95.25,3,1,3,1,3,1,3,1
341c-f0d4-70be,2056,2,-95.0,3,1,3,1,3,1,3,1
341c-f0d4-70be,2057,2,-95.25,3,1,3,1,3,1,3,1
341c-f0d4-70be,2058,2,-95.5,3,1,3,1,4,2,3,1
341c-f0d4-70be,2059,2,-95.0,3,1,3,1,3,1,3,1
341c-f0d4-70be,2060,2,-95.25,3,1,3,1,3,1,3,1
341c-f0d4-70be,2061,2,-95.25,3,1,3,1,3,1,3,1
341c-f0d4-70be,2062,2,-95.5,3,1,3,1,3,1,3,1
341c-f0d4-70be,2063,2,-94.75,3,1,3,1,3,1,3,1
341c-f0d4-70be,2064,2,-95.75,2,0,2,0,2,0,2,0
341c-f0d4-70be,2065,2,-95.0,3,1,3,1,3,1,3,1
341c-f0d4-70be,2066,2,-95.75,2,0,2,0,2,0,2,0
341c-f0d4-70be,2067,2,-95.5,3,1,3,1,3,1,3,1
341c-f0d4-70be,2068,2,-95.25,3,1,3,1,3,1,3,1
341c-f0d4-70be,2069,2,-95.25,2,0,2,0,2,0,2,0
341c-f0d4-70be,2070,2,-95.5,3,1,3,1,3,1,3,1
341c-f0d4-70be,2071,2,-95.5,3,1,3,1,3,1,3,1
341c-f0d4-70be,2072,2,-95.25,3,1,3,1,3,1,3,1
341c-f0d4-70be,2073,2,-95.25,3,1,3,1,3,1,3,1
341c-f0d4-70be,2074,2,-95.5,3,1,3,1,3,1,3,1
341c-f0d4-70be,2075,2,-94.75,3,1,3,1,3,1,3,1
341c-f0d4-70be,2076,2,-95.5,3,1,3,1,4,2,3,1
341c-f0d4-70be,2077,2,-95.5,3,1,3,1,4,2,3,1
341c-f0d4-70be,2078,2,-95.75,3,1,3,1,4,2,3,1
341c-f0d4-70be,2079,2,-95.25,3,1,3,1,3,1,3,1
341c-f0d4-70be,2080,2,-95.75,3,1,3,1,4,2,3,1
341c-f0d4-70be,2081,2,-95.75,3,1,3,1,4,2,3,1
341c-f0d4-70be,2082,2,-95.25,3,1,3,1,3,1,3,1
341c-f0d4-70be,2083,2,-95.5,3,1,3,1,3,1,3,1
341c-f0d4-70be,2084,2,-95.75,3,1,3,1,3,1,3,1
341c-f0d4-70be,2085,2,-95.5,3,1,3,1,3,1,3,1
341c-f0d4-70be,2086,2,-95.75,3,1,3,1,3,1,3,1
341c-f0d4-70be,2087,2,-95.0,3,1,3,1,3,1,3,1
341c-f0d4-70be,2088,2,-95.25,3,1,3,1,3,1,3,1
341c-f0d4-70be,2089,2,-95.5,3,1,3,1,3,1,3,1
341c-f0d4-70be,2090,2,-95.5,3,1,3,1,3,1,3,1
341c-f0d4-70be,2091,2,-94.5,2,0,2,0,2,0,2,0
341c-f0d4-70be,2092,2,-95.5,3,1,3,1,3,1,3,1
341c-f0d4-70be,2093,2,-95.5,3,1,3,1,3,1,3,1
341c-f0d4-70be,2094,2,-95.0,3,1,3,1,3,1,3,1
341c-f0d4-70be,2095,2,-95.5,2,0,2,0,2,0,2,0
341c-f0d4-70be,2096,2,-95.25,3,1,3,1,3,1,3,1
341c-f0d4-70be,2097,2,-95.5,3,1,3,1,3,1,3,1
341c-f0d4-70be,2098,2,-95.5,3,1,3,1,4,2,3,1
341c-f0d4-70be,2099,2,-95.0,3,1,3,1,3,1,3,1
341c-f0d4-70be,2100,2,-95.5,3,1,3,1,3,1,3,1
341c-f0d4-70be,2101,2,-95.25,3,1,3,1,3,1,3,1
341c-f0d4-70be,2102,2,-95.0,2,0,2,0,2,0,2,0
341c-f0d4-70be,2103,2,-95.5,2,0,2,0,2,0,2,0
341c-f0d4-70be,2104,2,-95.0,2,0,2,0,2,0,2,0
341c-f0d4-70be,2105,2,-95.5,2,0,2,0,2,0,2,0
341c-f0d4-70be,2106,2,-95.5,2,0,2,0,2,0,2,0
341c-f0d4-70be,2107,2,-95.5,2,0,2,0,2,0,2,0
341c-f0d4-70be,2108,2,-95.75,2,0,2,0,2,0,2,0
341c-f0d4-70be,2109,2,-95.5,2,0,2,0,2,0,2,0
341c-f0d4-70be,2110,2,-95.75,2,0,2,0,2,0,2,0
341c-f0d4-70be,2111,2,-95.25,2,0,2,0,2,0,2,0
341c-f0d4-70be,2112,2,-95.25,2,0,2,0,2,0,2,0
341c-f0d4-70be,2113,2,-95.75,2,0,2,0,2,0,2,0
341c-f0d4-70be,2114,2,-95.5,2,0,2,0,2,0,2,0
341c-f0d4-70be,2115,2,-95.5,2,0,2,0,2,0,2,0
341c-f0d4-70be,2116,2,-95.25,2,0,2,0,2,0,2,0
341c-f0d4-70be,2117,2,-95.25,2,0,2,0,2,0,2,0
341c-f0d4-70be,2118,2,-95.25,2,0,2,0,2,0,2,0
341c-f0d4-70be,2119,2,-95.25,2,0,2,0,2,0,2,0
341c-f0d4-70be,2120,2,-95.5,2,0,2,0,2,0,2,0
341c-f0d4-70be,2121,2,-95.0,2,0,2,0,2,0,2,0
341c-f0d4-70be,2122,2,-95.75,2,0,2,0,2,0,2,0
341c-f0d4-70be,2123,2,-95.25,2,0,2,0,2,0,2,0
341c-f0d4-70be,2124,2,-95.75,2,0,2,0,2,0,2,0
341c-f0d4-70be,2125,2,-94.25,2,0,2,0,2,0,2,0
341c-f0d4-70be,2126,2,-95.5,2,0,2,0,2,0,2,0
341c-f0d4-70be,2127,2,-95.5,2,0,2,0,2,0,2,0
341c-f0d4-70be,2128,2,-95.5,2,0,2,0,2,0,2,0
341c-f0d4-70be,2129,2,-95.75,2,0,2,0,2,0,2,0
341c-f0d4-70be,2130,2,-95.25,2,0,2,0,2,0,2,0
341c-f0d4-70be,2131,2,-95.25,2,0,2,0,2,0,2,0
341c-f0d4-70be,2132,2,-95.0,2,0,2,0,2,0,2,0
341c-f0d4-70be,2133,2,-95.25,2,0,2,0,2,0,2,0
341c-f0d4-70be,2134,2,-95.25,2,0,2,0,2,0,2,0
341c-f0d4-70be,2135,2,-94.75,2,0,2,0,2,0,2,0
341c-f0d4-70be,2136,2,-95.25,2,0,2,0,2,0,2,0
341c-f0d4-70be,2137,2,-95.25,2,0,2,0,2,0,2,0
341c-f0d4-70be,2138,2,-95.0,2,0,2,0,2,0,2,0
341c-f0d4-70be,2139,2,-95.5,2,0,2,0,2,0,2,0
341c-f0d4-70be,2140,2,-95.0,2,0,2,0,2,0,2,0
341c-f0d4-70be,2141,2,-95.5,2,0,2,0,2,0,2,0
341c-f0d4-70be,2142,2,-95.0,2,0,2,0,2,0,2,0
341c-f0d4-70be,2143,2,-95.25,2,0,2,0,2,0,2,0
341c-f0d4-70be,2144,2,-95.5,2,0,2,0,2,0,2,0
341c-f0d4-70be,2145,2,-95.25,2,0,2,0,2,0,2,0
341c-f0d4-70be,2146,2,-95.25,2,0,2,0,2,0,2,0
341c-f0d4-70be,2147,2,-95.25,2,0,2,0,2,0,2,0
341c-f0d4-70be,2148,2,-95.5,2,0,2,0,2,0,2,0
341c-f0d4-70be,2149,2,-95.0,2,0,2,0,2,0,2,0
341c-f0d4-70be,2150,2,-95.25,2,0,2,0,2,0,2,0
341c-f0d4-70be,2151,2,-94.0,2,0,2,0,2,0,2,0
341c-f0d4-70be,2152,2,-95.25,2,0,2,0,2,0,2,0
341c-f0d4-70be,2153,2,-95.25,2,0,2,0,2,0,2,0
341c-f0d4-70be,2154,2,-95.25,2,0,2,0,2,0,2,0
341c-f0d4-70be,2155,2,-95.25,2,0,2,0,2,0,2,0
341c-f0d4-70be,2156,2,-94.0,2,0,2,0,2,0,2,0
341c-f0d4-70be,2157,2,-94.0,2,0,2,0,2,0,2,0
341c-f0d4-70be,2158,2,-95.25,2,0,2,0,2,0,2,0
341c-f0d4-70be,2159,2,-95.25,2,0,2,0,2,0,2,0
341c-f0d4-70be,2160,2,-95.5,2,0,2,0,2,0,2,0
341c-f0d4-70be,2161,2,-95.25,2,0,2,0,2,0,2,0
341c-f0d4-70be,2162,2,-95.5,2,0,2,0,2,0,2,0
341c-f0d4-70be,2163,2,-95.0,2,0,2,0,2,0,2,0
341c-f0d4-70be,2164,2,-95.25,3,1,3,1,3,1,3,1
341c-f0d4-70be,2165,2,-95.5,2,0,2,0,2,0,2,0
341c-f0d4-70be,2166,2,-95.25,2,0,2,0,2,0,2,0
341c-f0d4-70be,2167,2,-95.25,2,0,2,0,2,0,2,0
341c-f0d4-70be,2168,2,-95.5,2,0,2,0,2,0,2,0
341c-f0d4-70be,2169,2,-95.0,2,0,2,0,2,0,2,0
341c-f0d4-70be,2170,2,-95.25,2,0,2,0,2,0,2,0
341c-f0d4-70be,2171,2,-95.5,2,0,2,0,2,0,2,0
341c-f0d4-70be,2172,2,-96.0,2,0,2,0,2,0,2,0
341c-f0d4-70be,2173,2,-95.75,2,0,2,0,2,0,2,0
341c-f0d4-70be,2174,2,-95.5,2,0,2,0,2,0,2,0
341c-f0d4-70be,2175,2,-95.0,2,0,2,0,2,0,2,0
341c-f0d4-70be,2176,2,-95.0,2,0,2,0,2,0,2,0
341c-f0d4-70be,2177,2,-95.25,2,0,2,0,2,0,2,0
341c-f0d4-70be,2178,2,-94.75,2,0,2,0,2,0,2,0
341c-f0d4-70be,2179,2,-95.5,2,0,2,0,2,0,2,0
341c-f0d4-70be,2180,2,-95.5,2,0,2,0,2,0,2,0
341c-f0d4-70be,2181,2,-94.75,2,0,2,0,2,0,2,0
341c-f0d4-70be,2182,2,-95.0,2,0,2,0,2,0,2,0
341c-f0d4-70be,2183,2,-95.5,2,0,2,0,2,0,2,0
341c-f0d4-70be,2184,2,-95.75,2,0,2,0,2,0,2,0
341c-f0d4-70be,2185,2,-95.5,2,0,2,0,2,0,2,0
341c-f0d4-70be,2186,2,-95.5,2,0,2,0,2,0,2,0
341c-f0d4-70be,2187,2,-95.0,2,0,2,0,1,1,2,0
341c-f0d4-70be,2188,2,-92.25,2,0,2,0,1,1,2,0
341c-f0d4-70be,2189,2,-95.0,2,0,2,0,2,0,2,0
341c-f0d4-70be,2190,2,-95.0,2,0,2,0,1,1,2,0
341c-f0d4-70be,2191,2,-95.25,2,0,2,0,2,0,2,0
341c-f0d4-70be,2192,2,-95.25,2,0,2,0,2,0,2,0
341c-f0d4-70be,2193,2,-95.5,2,0,2,0,2,0,2,0
341c-f0d4-70be,2194,2,-95.25,2,0,2,0,2,0,2,0
341c-f0d4-70be,2195,2,-95.25,2,0,2,0,2,0,2,0
341c-f0d4-70be,2196,2,-95.25,2,0,2,0,2,0,2,0
341c-f0d4-70be,2197,2,-95.5,2,0,2,0,2,0,2,0
341c-f0d4-70be,2198,2,-95.0,2,0,2,0,2,0,2,0
341c-f0d4-70be,2199,2,-95.0,2,0,2,0,2,0,2,0
341c-f0d4-70be,2200,2,-95.25,2,0,2,0,2,0,2,0
341c-f0d4-70be,2201,2,-95.0,2,0,2,0,2,0,2,0
341c-f0d4-70be,2202,2,-95.25,2,0,2,0,2,0,2,0
341c-f0d4-70be,2203,2,-95.25,2,0,2,0,2,0,2,0
341c-f0d4-70be,2204,2,-95.25,2,0,2,0,2,0,2,0
341c-f0d4-70be,2205,2,-95.0,2,0,2,0,2,0,2,0
341c-f0d4-70be,2206,2,-95.0,2,0,2,0,2,0,2,0
341c-f0d4-70be,2207,2,-95.25,2,0,2,0,2,0,2,0
341c-f0d4-70be,2208,2,-95.25,2,0,2,0,2,0,2,0
341c-f0d4-70be,2209,2,-95.5,2,0,2,0,2,0,2,0
341c-f0d4-70be,2210,2,-94.75,2,0,2,0,2,0,2,0
341c-f0d4-70be,2211,2,-95.0,2,0,2,0,2,0,2,0
341c-f0d4-70be,2212,2,-95.0,2,0,2,0,2,0,2,0
341c-f0d4-70be,2213,2,-95.75,2,0,2,0,2,0,2,0
341c-f0d4-70be,2214,2,-95.5,2,0,2,0,2,0,2,0
341c-f0d4-70be,2215,2,-95.5,2,0,2,0,2,0,2,0
341c-f0d4-70be,2216,2,-95.25,2,0,2,0,2,0,2,0
341c-f0d4-70be,2217,2,-95.25,2,0,2,0,2,0,2,0
341c-f0d4-70be,2218,2,-95.25,2,0,2,0,2,0,2,0
341c-f0d4-70be,2219,2,-95.25,2,0,2,0,2,0,2,0
341c-f0d4-70be,2220,2,-94.5,2,0,2,0,2,0,2,0
341c-f0d4-70be,2221,2,-94.75,2,0,2,0,2,0,2,0
341c-f0d4-70be,2222,2,-94.75,2,0,2,0,2,0,2,0
341c-f0d4-70be,2223,2,-95.5,2,0,2,0,2,0,2,0
341c-f0d4-70be,2224,2,-95.0,2,0,2,0,2,0,2,0
341c-f0d4-70be,2225,2,-95.0,2,0,2,0,2,0,2,0
341c-f0d4-70be,2226,2,-95.0,2,0,2,0,2,0,2,0
341c-f0d4-70be,2227,2,-95.25,2,0,2,0,2,0,2,0
341c-f0d4-70be,2228,2,-95.0,2,0,2,0,2,0,2,0
341c-f0d4-70be,2229,2,-94.75,2,0,2,0,2,0,2,0
341c-f0d4-70be,2230,2,-95.25,2,0,2,0,2,0,2,0
341c-f0d4-70be,2231,2,-95.25,2,0,2,0,2,0,2,0
341c-f0d4-70be,2232,2,-94.75,2,0,2,0,2,0,2,0
341c-f0d4-70be,2233,2,-95.0,2,0,2,0,2,0,2,0
341c-f0d4-70be,2234,2,-95.0,2,0,2,0,2,0,2,0
341c-f0d4-70be,2235,2,-95.0,2,0,2,0,2,0,2,0
341c-f0d4-70be,2236,2,-95.25,2,0,2,0,2,0,2,0
341c-f0d4-70be,2237,2,-95.0,2,0,2,0,2,0,2,0
341c-f0d4-70be,2238,2,-92.75,2,0,2,0,2,0,2,0
341c-f0d4-70be,2239,2,-95.25,2,0,2,0,2,0,2,0
341c-f0d4-70be,2240,2,-95.25,2,0,2,0,2,0,2,0
341c-f0d4-70be,2241,2,-95.0,2,0,2,0,2,0,2,0
341c-f0d4-70be,2242,2,-95.25,2,0,2,0,2,0,2,0
341c-f0d4-70be,2243,2,-94.75,2,0,2,0,2,0,2,0
341c-f0d4-70be,2244,2,-95.25,2,0,2,0,2,0,2,0
341c-f0d4-70be,2245,2,-95.0,2,0,2,0,2,0,2,0
341c-f0d4-70be,2246,2,-95.0,2,0,2,0,2,0,2,0
341c-f0d4-70be,2247,2,-95.5,2,0,2,0,2,0,2,0
341c-f0d4-70be,2248,2,-94.75,2,0,2,0,2,0,2,0
341c-f0d4-70be,2249,2,-94.75,2,0,2,0,2,0,2,0
341c-f0d4-70be,2250,2,-95.0,2,0,2,0,2,0,2,0
341c-f0d4-70be,2251,2,-95.25,2,0,2,0,2,0,2,0
341c-f0d4-70be,2252,2,-95.5,2,0,2,0,2,0,2,0
341c-f0d4-70be,2253,2,-95.0,2,0,2,0,2,0,2,0
341c-f0d4-70be,2254,2,-95.25,2,0,2,0,2,0,2,0
341c-f0d4-70be,2255,2,-95.0,4,2,4,2,4,2,4,2
341c-f0d4-70be,2256,2,-95.25,2,0,2,0,2,0,2,0
341c-f0d4-70be,2257,2,-95.5,2,0,2,0,2,0,2,0
341c-f0d4-70be,2258,2,-95.5,2,0,2,0,2,0,2,0
341c-f0d4-70be,2259,2,-95.25,2,0,2,0,2,0,2,0
341c-f0d4-70be,2260,2,-95.0,2,0,2,0,2,0,2,0
341c-f0d4-70be,2261,2,-95.25,2,0,2,0,2,0,2,0
341c-f0d4-70be,2262,2,-95.5,2,0,2,0,2,0,2,0
341c-f0d4-70be,2263,2,-93.5,2,0,2,0,2,0,2,0
341c-f0d4-70be,2264,2,-95.25,2,0,2,0,2,0,2,0
341c-f0d4-70be,2265,2,-95.0,2,0,2,0,2,0,2,0
341c-f0d4-70be,2266,2,-95.5,2,0,2,0,2,0,2,0
341c-f0d4-70be,2267,1,-95.0,2,1,2,1,1,0,2,1
341c-f0d4-70be,2268,1,-95.25,2,1,2,1,2,1,2,1
341c-f0d4-70be,2269,1,-95.5,2,1,2,1,2,1,2,1
341c-f0d4-70be,2270,1,-95.25,2,1,2,1,2,1,2,1
341c-f0d4-70be,2271,1,-95.0,2,1,2,1,1,0,2,1
341c-f0d4-70be,2272,1,-95.25,2,1,2,1,2,1,2,1
341c-f0d4-70be,2273,1,-94.5,2,1,2,1,1,0,2,1
341c-f0d4-70be,2274,1,-95.0,2,1,2,1,1,0,2,1
341c-f0d4-70be,2275,1,-94.5,2,1,2,1,1,0,2,1
341c-f0d4-70be,2276,1,-95.5,2,1,2,1,2,1,2,1
341c-f0d4-70be,2277,1,-95.5,2,1,2,1,2,1,2,1
341c-f0d4-70be,2278,1,-95.0,2,1,2,1,2,1,2,1
341c-f0d4-70be,2279,1,-95.0,2,1,2,1,1,0,2,1
341c-f0d4-70be,2280,1,-94.75,2,1,2,1,1,0,2,1
341c-f0d4-70be,2281,1,-95.0,2,1,2,1,2,1,2,1
341c-f0d4-70be,2282,1,-95.25,2,1,2,1,2,1,2,1
341c-f0d4-70be,2283,1,-93.25,2,1,2,1,1,0,2,1
341c-f0d4-70be,2284,1,-95.25,2,1,2,1,2,1,2,1
341c-f0d4-70be,2285,1,-95.5,2,1,2,1,2,1,2,1
341c-f0d4-70be,2286,1,-94.5,2,1,2,1,1,0,2,1
341c-f0d4-70be,2287,1,-95.0,1,0,1,0,1,0,1,0
341c-f0d4-70be,2288,1,-95.5,1,0,1,0,1,0,1,0
341c-f0d4-70be,2289,1,-95.0,2,1,2,1,1,0,2,1
341c-f0d4-70be,2290,1,-95.25,2,1,2,1,1,0,2,1
341c-f0d4-70be,2291,1,-94.25,2,1,2,1,2,1,2,1
341c-f0d4-70be,2292,1,-95.0,2,1,2,1,2,1,2,1
341c-f0d4-70be,2293,1,-95.5,2,1,2,1,2,1,2,1
341c-f0d4-70be,2294,1,-95.0,2,1,2,1,2,1,2,1
341c-f0d4-70be,2295,1,-95.5,2,1,2,1,2,1,2,1
341c-f0d4-70be,2296,1,-95.25,2,1,2,1,1,0,2,1
341c-f0d4-70be,2297,1,-95.5,2,1,2,1,2,1,2,1
341c-f0d4-70be,2298,1,-95.75,2,1,2,1,2,1,2,1
341c-f0d4-70be,2299,1,-94.75,2,1,2,1,1,0,2,1
341c-f0d4-70be,2300,1,-95.5,2,1,2,1,2,1,2,1
341c-f0d4-70be,2301,1,-95.0,2,1,2,1,1,0,2,1
341c-f0d4-70be,2302,1,-95.0,2,1,2,1,1,0,2,1
341c-f0d4-70be,2303,1,-94.75,2,1,2,1,1,0,2,1
341c-f0d4-70be,2304,1,-94.75,2,1,2,1,2,1,2,1
341c-f0d4-70be,2305,1,-95.25,2,1,2,1,2,1,2,1
341c-f0d4-70be,2306,1,-94.75,2,1,2,1,1,0,2,1
341c-f0d4-70be,2307,1,-95.0,2,1,2,1,1,0,2,1
341c-f0d4-70be,2308,1,-95.0,2,1,2,1,1,0,2,1
341c-f0d4-70be,2309,1,-94.5,2,1,2,1,1,0,2,1
341c-f0d4-70be,2310,1,-94.75,2,1,2,1,1,0,2,1
341c-f0d4-70be,2311,1,-95.25,2,1,2,1,2,1,2,1
341c-f0d4-70be,2312,1,-95.25,2,1,2,1,2,1,2,1
341c-f0d4-70be,2313,1,-95.25,2,1,2,1,1,0,2,1
341c-f0d4-70be,2314,1,-94.75,2,1,2,1,1,0,2,1
341c-f0d4-70be,2315,1,-95.0,2,1,2,1,2,1,2,1
341c-f0d4-70be,2316,1,-95.25,2,1,2,1,2,1,2,1
341c-f0d4-70be,2317,1,-95.25,2,1,2,1,2,1,2,1
341c-f0d4-70be,2318,1,-95.5,2,1,2,1,2,1,2,1
341c-f0d4-70be,2319,1,-94.75,2,1,2,1,1,0,2,1
341c-f0d4-70be,2320,1,-94.75,2,1,2,1,1,0,2,1
341c-f0d4-70be,2321,1,-95.0,2,1,2,1,1,0,2,1
341c-f0d4-70be,2322,1,-95.0,2,1,2,1,1,0,2,1
341c-f0d4-70be,2323,1,-95.0,1,0,1,0,1,0,1,0
341c-f0d4-70be,2324,1,-95.25,1,0,1,0,1,0,1,0
341c-f0d4-70be,2325,1,-95.75,2,1,2,1,2,1,2,1
341c-f0d4-70be,2326,1,-94.75,1,0,1,0,1,0,1,0
341c-f0d4-70be,2327,1,-95.25,2,1,2,1,1,0,2,1
341c-f0d4-70be,2328,1,-95.0,2,1,2,1,1,0,2,1
341c-f0d4-70be,2329,1,-95.5,2,1,2,1,2,1,2,1
341c-f0d4-70be,2330,1,-95.25,2,1,2,1,1,0,2,1
341c-f0d4-70be,2331,1,-95.25,2,1,2,1,2,1,2,1
341c-f0d4-70be,2332,1,-95.25,2,1,2,1,2,1,2,1
341c-f0d4-70be,2333,1,-95.5,2,1,2,1,2,1,2,1
341c-f0d4-70be,2334,1,-94.75,2,1,2,1,1,0,2,1
341c-f0d4-70be,2335,1,-95.25,2,1,2,1,1,0,2,1
341c-f0d4-70be,2336,1,-95.0,2,1,2,1,1,0,2,1
341c-f0d4-70be,2337,1,-95.0,2,1,2,1,2,1,2,1
341c-f0d4-70be,2338,1,-95.25,2,1,2,1,2,1,2,1
341c-f0d4-70be,2339,1,-95.25,2,1,2,1,1,0,2,1
341c-f0d4-70be,2340,1,-95.75,2,1,2,1,2,1,2,1
341c-f0d4-70be,2341,1,-95.0,2,1,2,1,1,0,2,1
341c-f0d4-70be,2342,1,-95.25,2,1,2,1,2,1,2,1
341c-f0d4-70be,2343,2,-95.25,2,0,2,0,1,1,2,0
341c-f0d4-70be,2344,2,-95.5,2,0,2,0,2,0,2,0
341c-f0d4-70be,2345,2,-95.75,1,1,1,1,1,1,1,1
341c-f0d4-70be,2346,2,-95.5,2,0,2,0,2,0,2,0
341c-f0d4-70be,2347,2,-95.0,2,0,2,0,1,1,2,0
341c-f0d4-70be,2348,2,-95.5,2,0,2,0,2,0,2,0
341c-f0d4-70be,2349,2,-95.25,2,0,2,0,2,0,2,0
341c-f0d4-70be,2350,2,-95.75,2,0,2,0,2,0,2,0
341c-f0d4-70be,2351,2,-96.0,2,0,2,0,2,0,2,0
341c-f0d4-70be,2352,2,-95.25,2,0,2,0,2,0,2,0
341c-f0d4-70be,2353,2,-95.25,2,0,2,0,2,0,2,0
341c-f0d4-70be,2354,2,-93.75,2,0,2,0,1,1,2,0
341c-f0d4-70be,2355,2,-95.5,2,0,2,0,2,0,2,0
341c-f0d4-70be,2356,2,-96.0,2,0,2,0,2,0,2,0
341c-f0d4-70be,2357,2,-95.25,2,0,2,0,2,0,2,0
341c-f0d4-70be,2358,2,-95.75,2,0,2,0,2,0,2,0
341c-f0d4-70be,2359,2,-95.0,1,1,1,1,1,1,1,1
341c-f0d4-70be,2360,2,-95.25,2,0,2,0,2,0,2,0
341c-f0d4-70be,2361,2,-95.75,2,0,2,0,2,0,2,0
341c-f0d4-70be,2362,2,-95.75,1,1,1,1,1,1,1,1
341c-f0d4-70be,2363,2,-95.5,2,0,2,0,2,0,2,0
341c-f0d4-70be,2364,2,-95.5,2,0,2,0,2,0,2,0
341c-f0d4-70be,2365,2,-95.5,2,0,2,0,2,0,2,0
341c-f0d4-70be,2366,2,-95.0,2,0,2,0,2,0,2,0
341c-f0d4-70be,2367,2,-95.75,2,0,2,0,2,0,2,0
341c-f0d4-70be,2368,2,-95.0,2,0,2,0,2,0,2,0
341c-f0d4-70be,2369,2,-95.5,2,0,2,0,2,0,2,0
341c-f0d4-70be,2370,2,-95.75,2,0,2,0,2,0,2,0
341c-f0d4-70be,2371,2,-95.0,2,0,2,0,2,0,2,0
341c-f0d4-70be,2372,2,-95.5,2,0,2,0,2,0,2,0
341c-f0d4-70be,2373,2,-95.25,2,0,2,0,2,0,2,0
341c-f0d4-70be,2374,2,-95.25,2,0,2,0,2,0,2,0
341c-f0d4-70be,2375,2,-94.0,2,0,2,0,2,0,2,0
341c-f0d4-70be,2376,2,-95.0,2,0,2,0,2,0,2,0
341c-f0d4-70be,2377,2,-95.25,2,0,2,0,2,0,2,0
341c-f0d4-70be,2378,2,-95.0,2,0,2,0,2,0,2,0
341c-f0d4-70be,2379,2,-95.25,2,0,2,0,2,0,2,0
341c-f0d4-70be,2380,2,-95.5,2,0,2,0,2,0,2,0
341c-f0d4-70be,2381,2,-95.5,2,0,2,0,2,0,2,0
341c-f0d4-70be,2382,2,-95.0,2,0,2,0,2,0,2,0
341c-f0d4-70be,2383,2,-95.25,2,0,2,0,2,0,2,0
341c-f0d4-70be,2384,2,-95.5,2,0,2,0,2,0,2,0
341c-f0d4-70be,2385,2,-95.25,2,0,2,0,2,0,2,0
341c-f0d4-70be,2386,2,-95.5,2,0,2,0,2,0,2,0
341c-f0d4-70be,2387,2,-96.0,2,0,2,0,2,0,2,0
341c-f0d4-70be,2388,2,-95.75,2,0,2,0,2,0,2,0
341c-f0d4-70be,2389,2,-95.5,2,0,2,0,2,0,2,0
341c-f0d4-70be,2390,2,-95.25,2,0,2,0,2,0,2,0
341c-f0d4-70be,2391,2,-95.75,2,0,2,0,2,0,2,0
341c-f0d4-70be,2392,2,-95.5,2,0,2,0,2,0,2,0
341c-f0d4-70be,2393,2,-96.0,2,0,2,0,2,0,2,0
341c-f0d4-70be,2394,2,-95.5,2,0,2,0,2,0,2,0
341c-f0d4-70be,2395,2,-95.75,2,0,2,0,2,0,2,0
341c-f0d4-70be,2396,2,-95.0,2,0,2,0,2,0,2,0
341c-f0d4-70be,2397,2,-95.0,2,0,2,0,2,0,2,0
341c-f0d4-70be,2398,2,-95.75,2,0,2,0,2,0,2,0
341c-f0d4-70be,2399,2,-95.5,2,0,2,0,2,0,2,0
341c-f0d4-70be,2400,2,-95.75,2,0,2,0,2,0,2,0
341c-f0d4-70be,2401,2,-95.5,2,0,2,0,2,0,2,0
341c-f0d4-70be,2402,2,-95.5,2,0,2,0,2,0,2,0
341c-f0d4-70be,2403,2,-95.5,2,0,2,0,2,0,2,0
341c-f0d4-70be,2404,2,-94.75,2,0,2,0,2,0,2,0
341c-f0d4-70be,2405,2,-95.75,2,0,2,0,2,0,2,0
341c-f0d4-70be,2406,2,-95.5,2,0,2,0,2,0,2,0
341c-f0d4-70be,2407,2,-95.0,2,0,2,0,2,0,2,0
341c-f0d4-70be,2408,2,-95.25,2,0,2,0,2,0,2,0
341c-f0d4-70be,2409,2,-95.5,2,0,2,0,2,0,2,0
341c-f0d4-70be,2410,2,-95.5,2,0,2,0,2,0,2,0
341c-f0d4-70be,2411,2,-95.5,2,0,2,0,2,0,2,0
341c-f0d4-70be,2412,2,-95.5,2,0,2,0,2,0,2,0
341c-f0d4-70be,2413,2,-95.0,2,0,2,0,2,0,2,0
341c-f0d4-70be,2414,2,-95.5,2,0,2,0,2,0,2,0
341c-f0d4-70be,2415,2,-95.75,2,0,2,0,2,0,2,0
341c-f0d4-70be,2416,2,-93.0,2,0,2,0,2,0,2,0
341c-f0d4-70be,2417,2,-95.25,2,0,2,0,2,0,2,0
341c-f0d4-70be,2418,2,-95.25,2,0,2,0,2,0,2,0
341c-f0d4-70be,2419,2,-95.25,2,0,2,0,2,0,2,0
341c-f0d4-70be,2420,2,-95.0,2,0,2,0,2,0,2,0
341c-f0d4-70be,2421,2,-95.75,2,0,2,0,2,0,2,0
341c-f0d4-70be,2422,2,-95.25,2,0,2,0,2,0,2,0
341c-f0d4-70be,2423,2,-95.5,2,0,2,0,2,0,2,0
341c-f0d4-70be,2424,2,-95.25,2,0,2,0,2,0,2,0
341c-f0d4-70be,2425,2,-95.75,2,0,2,0,2,0,2,0
341c-f0d4-70be,2426,2,-95.5,2,0,2,0,2,0,2,0
341c-f0d4-70be,2427,2,-95.0,2,0,2,0,2,0,2,0
341c-f0d4-70be,2428,2,-95.75,2,0,2,0,2,0,2,0
341c-f0d4-70be,2429,2,-95.25,2,0,2,0,1,1,2,0
341c-f0d4-70be,2430,2,-95.25,2,0,2,0,2,0,2,0
341c-f0d4-70be,2431,2,-95.25,2,0,2,0,1,1,2,0
341c-f0d4-70be,2432,2,-95.5,2,0,2,0,2,0,2,0
341c-f0d4-70be,2433,2,-95.5,2,0,2,0,2,0,2,0
341c-f0d4-70be,2434,2,-95.75,2,0,2,0,2,0,2,0
341c-f0d4-70be,2435,2,-95.75,2,0,2,0,2,0,2,0
341c-f0d4-70be,2436,2,-95.0,2,0,2,0,2,0,2,0
341c-f0d4-70be,2437,2,-96.0,2,0,2,0,2,0,2,0
341c-f0d4-70be,2438,2,-95.5,2,0,2,0,2,0,2,0
341c-f0d4-70be,2439,2,-95.25,2,0,2,0,2,0,2,0
341c-f0d4-70be,2440,2,-95.5,2,0,2,0,2,0,2,0
341c-f0d4-70be,2441,2,-95.0,2,0,2,0,2,0,2,0
341c-f0d4-70be,2442,2,-95.5,2,0,2,0,2,0,2,0
341c-f0d4-70be,2443,3,-94.75,4,1,4,1,4,1,4,1
341c-f0d4-70be,2444,3,-94.75,4,1,4,1,4,1,4,1
341c-f0d4-70be,2445,3,-95.75,4,1,4,1,4,1,4,1
341c-f0d4-70be,2446,3,-95.25,4,1,4,1,4,1,4,1
341c-f0d4-70be,2447,3,-95.0,4,1,4,1,4,1,4,1
341c-f0d4-70be,2448,3,-95.0,4,1,4,1,4,1,4,1
341c-f0d4-70be,2449,3,-95.25,4,1,4,1,4,1,4,1
341c-f0d4-70be,2450,3,-95.25,4,1,4,1,4,1,4,1
341c-f0d4-70be,2451,3,-94.5,4,1,4,1,4,1,4,1
341c-f0d4-70be,2452,3,-95.5,4,1,4,1,4,1,4,1
341c-f0d4-70be,2453,3,-95.25,4,1,4,1,4,1,4,1
341c-f0d4-70be,2454,3,-95.0,4,1,4,1,4,1,4,1
341c-f0d4-70be,2455,3,-94.5,4,1,4,1,4,1,4,1
341c-f0d4-70be,2456,3,-93.25,4,1,4,1,4,1,4,1
341c-f0d4-70be,2457,3,-95.25,4,1,4,1,4,1,4,1
341c-f0d4-70be,2458,3,-94.75,4,1,4,1,4,1,4,1
341c-f0d4-70be,2459,3,-95.25,3,0,3,0,3,0,3,0
341c-f0d4-70be,2460,3,-95.5,3,0,3,0,3,0,3,0
341c-f0d4-70be,2461,3,-95.5,3,0,3,0,3,0,3,0
341c-f0d4-70be,2462,3,-94.5,3,0,3,0,3,0,3,0
341c-f0d4-70be,2463,3,-95.75,3,0,3,0,3,0,3,0
341c-f0d4-70be,2464,3,-95.25,4,1,4,1,4,1,4,1
341c-f0d4-70be,2465,3,-94.75,3,0,3,0,3,0,3,0
341c-f0d4-70be,2466,3,-95.0,4,1,4,1,4,1,4,1
341c-f0d4-70be,2467,3,-95.25,4,1,4,1,4,1,4,1
341c-f0d4-70be,2468,3,-95.0,4,1,4,1,4,1,4,1
341c-f0d4-70be,2469,3,-95.25,4,1,4,1,4,1,4,1
341c-f0d4-70be,2470,3,-95.25,4,1,4,1,4,1,4,1
341c-f0d4-70be,2471,3,-95.0,4,1,4,1,4,1,4,1
341c-f0d4-70be,2472,3,-94.25,4,1,4,1,4,1,4,1
341c-f0d4-70be,2473,3,-95.0,4,1,4,1,4,1,4,1
341c-f0d4-70be,2474,3,-94.75,4,1,4,1,4,1,4,1
341c-f0d4-70be,2475,3,-95.0,4,1,4,1,4,1,4,1
341c-f0d4-70be,2476,3,-95.25,4,1,4,1,4,1,4,1
341c-f0d4-70be,2477,3,-95.0,4,1,4,1,4,1,4,1
341c-f0d4-70be,2478,3,-95.0,4,1,4,1,4,1,4,1
341c-f0d4-70be,2479,4,-94.75,4,0,4,0,4,0,4,0
341c-f0d4-70be,2480,3,-95.25,4,1,4,1,4,1,4,1
341c-f0d4-70be,2481,3,-95.0,4,1,4,1,4,1,4,1
341c-f0d4-70be,2482,3,-94.75,4,1,4,1,4,1,4,1
341c-f0d4-70be,2483,3,-95.25,3,0,3,0,3,0,3,0
341c-f0d4-70be,2484,3,-95.0,3,0,3,0,3,0,3,0
341c-f0d4-70be,2485,3,-95.25,3,0,3,0,3,0,3,0
341c-f0d4-70be,2486,3,-95.0,4,1,4,1,4,1,4,1
341c-f0d4-70be,2487,3,-95.0,4,1,4,1,4,1,4,1
341c-f0d4-70be,2488,3,-95.0,4,1,4,1,4,1,4,1
341c-f0d4-70be,2489,3,-95.5,4,1,4,1,4,1,4,1
341c-f0d4-70be,2490,3,-95.25,4,1,4,1,4,1,4,1
341c-f0d4-70be,2491,3,-95.25,4,1,4,1,4,1,4,1
341c-f0d4-70be,2492,3,-95.25,4,1,4,1,4,1,4,1
341c-f0d4-70be,2493,3,-94.5,4,1,4,1,4,1,4,1
341c-f0d4-70be,2494,3,-95.25,4,1,4,1,4,1,4,1
341c-f0d4-70be,2495,3,-95.0,4,1,4,1,4,1,4,1
341c-f0d4-70be,2496,3,-95.0,4,1,4,1,4,1,4,1
341c-f0d4-70be,2497,3,-95.25,4,1,4,1,4,1,4,1
341c-f0d4-70be,2498,3,-95.0,4,1,4,1,4,1,4,1
341c-f0d4-70be,2499,3,-95.0,4,1,4,1,4,1,4,1
341c-f0d4-70be,2500,3,-95.0,4,1,4,1,4,1,4,1
341c-f0d4-70be,2501,3,-95.5,4,1,4,1,4,1,4,1
341c-f0d4-70be,2502,3,-95.25,4,1,4,1,4,1,4,1
341c-f0d4-70be,2503,3,-95.0,4,1,4,1,4,1,4,1
341c-f0d4-70be,2504,3,-95.5,4,1,4,1,4,1,4,1
341c-f0d4-70be,2505,3,-94.75,4,1,4,1,4,1,4,1
341c-f0d4-70be,2506,3,-94.75,3,0,3,0,3,0,3,0
341c-f0d4-70be,2507,3,-95.0,3,0,3,0,3,0,3,0
341c-f0d4-70be,2508,3,-95.75,3,0,3,0,3,0,3,0
341c-f0d4-70be,2509,3,-95.0,4,1,4,1,4,1,4,1
341c-f0d4-70be,2510,3,-95.25,4,1,4,1,4,1,4,1
341c-f0d4-70be,2511,3,-95.25,3,0,3,0,3,0,3,0
341c-f0d4-70be,2512,3,-94.75,4,1,4,1,4,1,4,1
341c-f0d4-70be,2513,3,-94.75,4,1,4,1,4,1,4,1
341c-f0d4-70be,2514,3,-95.0,4,1,4,1,4,1,4,1
341c-f0d4-70be,2515,3,-95.5,3,0,3,0,3,0,3,0
341c-f0d4-70be,2516,3,-94.75,4,1,4,1,4,1,4,1
341c-f0d4-70be,2517,3,-94.75,4,1,4,1,4,1,4,1
341c-f0d4-70be,2518,3,-95.25,4,1,4,1,4,1,4,1
341c-f0d4-70be,2519,3,-95.25,4,1,4,1,4,1,4,1
341c-f0d4-70be,2520,3,-94.75,4,1,4,1,4,1,4,1
341c-f0d4-70be,2521,3,-95.0,4,1,4,1,4,1,4,1
341c-f0d4-70be,2522,3,-95.0,4,1,4,1,4,1,4,1
341c-f0d4-70be,2523,3,-95.0,4,1,4,1,4,1,4,1
341c-f0d4-70be,2524,3,-95.0,4,1,4,1,4,1,4,1
341c-f0d4-70be,2525,3,-95.0,4,1,4,1,4,1,4,1
341c-f0d4-70be,2526,3,-95.0,4,1,4,1,4,1,4,1
341c-f0d4-70be,2527,3,-95.0,4,1,4,1,4,1,4,1
341c-f0d4-70be,2528,3,-94.75,4,1,4,1,4,1,4,1
341c-f0d4-70be,2529,3,-95.0,4,1,4,1,4,1,4,1
341c-f0d4-70be,2530,3,-95.0,4,1,4,1,4,1,4,1
341c-f0d4-70be,2531,3,-95.0,4,1,4,1,4,1,4,1
341c-f0d4-70be,2532,3,-95.25,4,1,4,1,4,1,4,1
341c-f0d4-70be,2533,4,-94.0,7,3,7,3,7,3,7,3
341c-f0d4-70be,2534,4,-94.5,7,3,7,3,7,3,7,3
341c-f0d4-70be,2535,5,-94.75,7,2,7,2,7,2,7,2
341c-f0d4-70be,2536,4,-93.75,7,3,7,3,7,3,7,3
341c-f0d4-70be,2537,4,-94.0,7,3,7,3,7,3,7,3
341c-f0d4-70be,2538,4,-93.5,7,3,7,3,7,3,7,3
341c-f0d4-70be,2539,4,-92.75,7,3,7,3,7,3,7,3
341c-f0d4-70be,2540,4,-94.5,7,3,7,3,7,3,7,3
341c-f0d4-70be,2541,4,-94.25,7,3,7,3,7,3,7,3
341c-f0d4-70be,2542,5,-94.0,7,2,7,2,7,2,7,2
341c-f0d4-70be,2543,5,-93.75,7,2,7,2,7,2,7,2
341c-f0d4-70be,2544,5,-93.75,7,2,7,2,7,2,7,2
341c-f0d4-70be,2545,4,-93.75,7,3,7,3,7,3,7,3
341c-f0d4-70be,2546,5,-94.0,7,2,7,2,7,2,7,2
341c-f0d4-70be,2547,5,-93.75,7,2,7,2,7,2,7,2
341c-f0d4-70be,2548,5,-93.5,7,2,7,2,7,2,7,2
341c-f0d4-70be,2549,5,-93.5,7,2,7,2,7,2,7,2
341c-f0d4-70be,2550,4,-94.25,7,3,7,3,7,3,7,3
341c-f0d4-70be,2551,4,-93.75,7,3,7,3,7,3,7,3
341c-f0d4-70be,2552,4,-93.5,7,3,7,3,7,3,7,3
341c-f0d4-70be,2553,4,-93.75,7,3,7,3,7,3,7,3
341c-f0d4-70be,2554,4,-93.75,7,3,7,3,7,3,7,3
341c-f0d4-70be,2555,4,-93.25,7,3,7,3,7,3,7,3
341c-f0d4-70be,2556,4,-93.0,7,3,7,3,7,3,7,3
341c-f0d4-70be,2557,5,-92.75,7,2,7,2,7,2,7,2
341c-f0d4-70be,2558,4,-93.75,7,3,7,3,7,3,7,3
341c-f0d4-70be,2559,4,-93.75,7,3,7,3,7,3,7,3
341c-f0d4-70be,2560,5,-93.25,7,2,7,2,7,2,7,2
341c-f0d4-70be,2561,5,-93.25,7,2,7,2,7,2,7,2
341c-f0d4-70be,2562,4,-93.75,7,3,7,3,7,3,7,3
341c-f0d4-70be,2563,4,-93.25,7,3,7,3,7,3,7,3
341c-f0d4-70be,2564,4,-93.5,7,3,7,3,7,3,7,3
341c-f0d4-70be,2565,4,-93.5,7,3,7,3,7,3,7,3
341c-f0d4-70be,2566,4,-93.25,7,3,7,3,7,3,7,3
341c-f0d4-70be,2567,4,-93.75,7,3,7,3,7,3,7,3
341c-f0d4-70be,2568,4,-93.5,7,3,7,3,7,3,7,3
341c-f0d4-70be,2569,4,-89.25,7,3,7,3,7,3,7,3
341c-f0d4-70be,2570,4,-93.25,7,3,7,3,7,3,7,3
341c-f0d4-70be,2571,4,-94.0,7,3,7,3,7,3,7,3
341c-f0d4-70be,2572,4,-93.5,7,3,7,3,7,3,7,3
341c-f0d4-70be,2573,4,-93.5,7,3,7,3,7,3,7,3
341c-f0d4-70be,2574,4,-92.5,7,3,7,3,7,3,7,3
341c-f0d4-70be,2575,4,-93.25,7,3,7,3,7,3,7,3
341c-f0d4-70be,2576,4,-94.0,7,3,7,3,7,3,7,3
341c-f0d4-70be,2577,4,-93.75,7,3,7,3,7,3,7,3
341c-f0d4-70be,2578,4,-94.25,7,3,7,3,7,3,7,3
341c-f0d4-70be,2579,5,-94.0,7,2,7,2,7,2,7,2
341c-f0d4-70be,2580,5,-93.5,7,2,7,2,7,2,7,2
341c-f0d4-70be,2581,4,-93.0,7,3,7,3,7,3,7,3
341c-f0d4-70be,2582,5,-94.0,7,2,7,2,7,2,7,2
341c-f0d4-70be,2583,5,-93.5,7,2,7,2,7,2,7,2
341c-f0d4-70be,2584,5,-93.5,7,2,7,2,7,2,7,2
341c-f0d4-70be,2585,5,-93.75,7,2,7,2,7,2,7,2
341c-f0d4-70be,2586,5,-93.75,7,2,7,2,7,2,7,2
341c-f0d4-70be,2587,5,-93.25,7,2,7,2,7,2,7,2
341c-f0d4-70be,2588,5,-92.75,7,2,7,2,7,2,7,2
341c-f0d4-70be,2589,5,-94.25,7,2,7,2,7,2,7,2
341c-f0d4-70be,2590,4,-94.0,7,3,7,3,7,3,7,3
341c-f0d4-70be,2591,4,-93.25,7,3,7,3,7,3,7,3
341c-f0d4-70be,2592,4,-93.75,7,3,7,3,7,3,7,3
341c-f0d4-70be,2593,4,-94.25,7,3,7,3,7,3,7,3
341c-f0d4-70be,2594,5,-94.0,7,2,7,2,7,2,7,2
341c-f0d4-70be,2595,5,-93.75,7,2,7,2,7,2,7,2
341c-f0d4-70be,2596,4,-94.0,7,3,7,3,7,3,7,3
341c-f0d4-70be,2597,4,-94.0,7,3,7,3,7,3,7,3
341c-f0d4-70be,2598,5,-93.75,7,2,7,2,7,2,7,2
341c-f0d4-70be,2599,4,-93.5,7,3,7,3,7,3,7,3
341c-f0d4-70be,2600,4,-94.25,7,3,7,3,7,3,7,3
341c-f0d4-70be,2601,4,-93.5,7,3,7,3,7,3,7,3
341c-f0d4-70be,2602,4,-93.75,7,3,7,3,7,3,7,3
341c-f0d4-70be,2603,4,-93.5,7,3,7,3,7,3,7,3
341c-f0d4-70be,2604,5,-93.75,7,2,7,2,7,2,7,2
341c-f0d4-70be,2605,4,-94.0,7,3,7,3,7,3,7,3
341c-f0d4-70be,2606,4,-93.75,7,3,7,3,7,3,7,3
341c-f0d4-70be,2607,4,-94.0,7,3,7,3,7,3,7,3
341c-f0d4-70be,2608,4,-92.75,7,3,7,3,7,3,7,3
341c-f0d4-70be,2609,4,-94.25,7,3,7,3,7,3,7,3
341c-f0d4-70be,2610,4,-94.25,7,3,7,3,7,3,7,3
341c-f0d4-70be,2611,4,-94.0,7,3,7,3,7,3,7,3
341c-f0d4-70be,2612,4,-94.75,7,3,7,3,7,3,7,3
341c-f0d4-70be,2613,4,-94.25,7,3,7,3,7,3,7,3
341c-f0d4-70be,2614,4,-94.0,7,3,7,3,7,3,7,3
341c-f0d4-70be,2615,4,-93.75,7,3,7,3,7,3,7,3
341c-f0d4-70be,2616,4,-93.75,7,3,7,3,7,3,7,3
341c-f0d4-70be,2617,4,-94.25,7,3,7,3,8,4,7,3
341c-f0d4-70be,2618,4,-93.5,7,3,7,3,7,3,7,3
341c-f0d4-70be,2619,4,-93.25,7,3,7,3,7,3,7,3
341c-f0d4-70be,2620,4,-92.75,7,3,7,3,7,3,7,3
341c-f0d4-70be,2621,4,-93.0,7,3,7,3,7,3,7,3
341c-f0d4-70be,2622,4,-94.25,7,3,7,3,7,3,7,3
341c-f0d4-70be,2623,4,-94.0,7,3,7,3,7,3,7,3
341c-f0d4-70be,2624,5,-93.25,7,2,7,2,7,2,7,2
341c-f0d4-70be,2625,4,-94.0,7,3,7,3,7,3,7,3
341c-f0d4-70be,2626,4,-92.75,7,3,7,3,7,3,7,3
341c-f0d4-70be,2627,4,-93.0,7,3,7,3,7,3,7,3
341c-f0d4-70be,2628,4,-94.0,7,3,7,3,7,3,7,3
341c-f0d4-70be,2629,4,-93.5,7,3,7,3,7,3,7,3
341c-f0d4-70be,2630,4,-93.5,7,3,7,3,7,3,7,3
341c-f0d4-70be,2631,4,-93.75,7,3,7,3,7,3,7,3
341c-f0d4-70be,2632,4,-92.75,7,3,7,3,7,3,7,3
341c-f0d4-70be,2633,5,-93.75,7,2,7,2,7,2,7,2
341c-f0d4-70be,2634,5,-94.5,4,1,4,1,4,1,4,1
341c-f0d4-70be,2635,5,-95.0,3,2,3,2,3,2,3,2
341c-f0d4-70be,2636,5,-95.0,5,0,5,0,5,0,5,0
341c-f0d4-70be,2637,5,-94.75,4,1,4,1,4,1,4,1
341c-f0d4-70be,2638,5,-95.25,4,1,4,1,4,1,4,1
341c-f0d4-70be,2639,5,-94.5,4,1,4,1,4,1,4,1
341c-f0d4-70be,2640,5,-94.75,4,1,4,1,4,1,4,1
341c-f0d4-70be,2641,5,-94.5,4,1,4,1,4,1,4,1
341c-f0d4-70be,2642,5,-94.75,4,1,4,1,4,1,4,1
341c-f0d4-70be,2643,5,-94.75,4,1,4,1,4,1,4,1
341c-f0d4-70be,2644,5,-94.5,4,1,4,1,4,1,4,1
341c-f0d4-70be,2645,5,-94.75,4,1,4,1,4,1,4,1
341c-f0d4-70be,2646,5,-94.75,4,1,4,1,4,1,4,1
341c-f0d4-70be,2647,5,-94.5,4,1,4,1,4,1,4,1
341c-f0d4-70be,2648,5,-95.25,4,1,4,1,4,1,4,1
341c-f0d4-70be,2649,5,-94.75,4,1,4,1,4,1,4,1
341c-f0d4-70be,2650,5,-94.75,4,1,4,1,4,1,4,1
341c-f0d4-70be,2651,5,-94.75,4,1,4,1,4,1,4,1
341c-f0d4-70be,2652,5,-94.0,4,1,4,1,4,1,4,1
341c-f0d4-70be,2653,5,-94.75,4,1,4,1,4,1,4,1
341c-f0d4-70be,2654,5,-94.75,4,1,4,1,4,1,4,1
341c-f0d4-70be,2655,5,-94.75,4,1,4,1,4,1,4,1
341c-f0d4-70be,2656,5,-94.75,4,1,4,1,4,1,4,1
341c-f0d4-70be,2657,5,-95.0,4,1,4,1,4,1,4,1
341c-f0d4-70be,2658,5,-94.5,4,1,4,1,4,1,4,1
341c-f0d4-70be,2659,5,-94.75,4,1,4,1,4,1,4,1
341c-f0d4-70be,2660,5,-95.0,3,2,3,2,3,2,3,2
341c-f0d4-70be,2661,5,-95.0,4,1,4,1,4,1,4,1
341c-f0d4-70be,2662,5,-95.0,4,1,4,1,4,1,4,1
341c-f0d4-70be,2663,5,-93.5,4,1,4,1,4,1,4,1
341c-f0d4-70be,2664,5,-95.0,5,0,5,0,4,1,5,0
341c-f0d4-70be,2665,5,-94.5,4,1,4,1,4,1,4,1
341c-f0d4-70be,2666,5,-95.0,3,2,3,2,3,2,3,2
341c-f0d4-70be,2667,5,-94.75,4,1,4,1,4,1,4,1
341c-f0d4-70be,2668,5,-94.75,4,1,4,1,4,1,4,1
341c-f0d4-70be,2669,5,-95.25,4,1,4,1,4,1,4,1
341c-f0d4-70be,2670,5,-94.75,4,1,4,1,4,1,4,1
341c-f0d4-70be,2671,5,-95.0,4,1,4,1,4,1,4,1
341c-f0d4-70be,2672,5,-94.5,4,1,4,1,4,1,4,1
341c-f0d4-70be,2673,5,-94.75,4,1,4,1,4,1,4,1
341c-f0d4-70be,2674,5,-95.0,4,1,4,1,4,1,4,1
341c-f0d4-70be,2675,5,-95.0,4,1,4,1,4,1,4,1
341c-f0d4-70be,2676,5,-94.75,4,1,4,1,4,1,4,1
341c-f0d4-70be,2677,5,-94.5,4,1,4,1,4,1,4,1
341c-f0d4-70be,2678,5,-94.75,4,1,4,1,4,1,4,1
341c-f0d4-70be,2679,5,-94.5,4,1,4,1,4,1,4,1
341c-f0d4-70be,2680,5,-94.5,4,1,4,1,4,1,4,1
341c-f0d4-70be,2681,5,-94.25,4,1,4,1,4,1,4,1
341c-f0d4-70be,2682,5,-95.25,4,1,4,1,4,1,4,1
341c-f0d4-70be,2683,5,-94.25,4,1,4,1,4,1,4,1
341c-f0d4-70be,2684,5,-95.0,4,1,4,1,4,1,4,1
341c-f0d4-70be,2685,5,-95.0,4,1,4,1,4,1,4,1
341c-f0d4-70be,2686,5,-95.0,3,2,3,2,3,2,3,2
341c-f0d4-70be,2687,5,-94.5,4,1,4,1,4,1,4,1
341c-f0d4-70be,2688,5,-94.5,4,1,4,1,4,1,4,1
341c-f0d4-70be,2689,5,-94.75,4,1,4,1,4,1,4,1
341c-f0d4-70be,2690,5,-95.0,4,1,4,1,4,1,4,1
341c-f0d4-70be,2691,5,-94.75,4,1,4,1,4,1,4,1
341c-f0d4-70be,2692,5,-95.0,4,1,4,1,4,1,4,1
341c-f0d4-70be,2693,5,-95.0,4,1,4,1,4,1,4,1
341c-f0d4-70be,2694,5,-95.0,4,1,4,1,4,1,4,1
341c-f0d4-70be,2695,5,-94.5,4,1,4,1,4,1,4,1
341c-f0d4-70be,2696,5,-94.5,4,1,4,1,4,1,4,1
341c-f0d4-70be,2697,5,-94.75,4,1,4,1,4,1,4,1
341c-f0d4-70be,2698,5,-95.25,4,1,4,1,4,1,4,1
341c-f0d4-70be,2699,5,-95.0,4,1,4,1,4,1,4,1
341c-f0d4-70be,2700,5,-94.5,4,1,4,1,4,1,4,1
341c-f0d4-70be,2701,5,-95.5,4,1,4,1,4,1,4,1
341c-f0d4-70be,2702,5,-94.5,5,0,5,0,5,0,5,0
341c-f0d4-70be,2703,5,-94.75,4,1,4,1,4,1,4,1
341c-f0d4-70be,2704,5,-95.0,4,1,4,1,4,1,4,1
341c-f0d4-70be,2705,5,-94.75,4,1,4,1,4,1,4,1
341c-f0d4-70be,2706,5,-95.0,4,1,4,1,4,1,4,1
341c-f0d4-70be,2707,5,-95.25,4,1,4,1,4,1,4,1
341c-f0d4-70be,2708,5,-94.5,4,1,4,1,4,1,4,1
341c-f0d4-70be,2709,5,-95.25,3,2,3,2,3,2,3,2
341c-f0d4-70be,2710,5,-95.0,4,1,4,1,4,1,4,1
341c-f0d4-70be,2711,5,-94.5,3,2,3,2,3,2,3,2
341c-f0d4-70be,2712,5,-95.25,3,2,3,2,3,2,3,2
341c-f0d4-70be,2713,5,-95.25,4,1,4,1,4,1,4,1
341c-f0d4-70be,2714,5,-94.25,4,1,4,1,4,1,4,1
341c-f0d4-70be,2715,5,-94.5,4,1,4,1,4,1,4,1
341c-f0d4-70be,2716,5,-94.5,4,1,4,1,4,1,4,1
341c-f0d4-70be,2717,5,-94.25,4,1,4,1,4,1,4,1
341c-f0d4-70be,2718,5,-94.5,4,1,4,1,4,1,4,1
341c-f0d4-70be,2719,5,-93.25,4,1,4,1,4,1,4,1
341c-f0d4-70be,2720,5,-94.0,4,1,4,1,4,1,4,1
341c-f0d4-70be,2721,5,-94.25,4,1,4,1,4,1,4,1
341c-f0d4-70be,2722,5,-94.5,4,1,4,1,4,1,4,1
341c-f0d4-70be,2723,5,-94.5,4,1,4,1,4,1,4,1
341c-f0d4-70be,2724,5,-94.75,4,1,4,1,4,1,4,1
341c-f0d4-70be,2725,5,-94.75,4,1,4,1,4,1,4,1
341c-f0d4-70be,2726,5,-94.5,4,1,4,1,4,1,4,1
341c-f0d4-70be,2727,5,-94.75,4,1,4,1,4,1,4,1
341c-f0d4-70be,2728,5,-94.75,4,1,4,1,4,1,4,1
341c-f0d4-70be,2729,5,-95.25,4,1,4,1,4,1,4,1
341c-f0d4-70be,2730,5,-95.0,3,2,3,2,3,2,3,2
341c-f0d4-70be,2731,5,-94.75,4,1,4,1,4,1,4,1
341c-f0d4-70be,2732,5,-94.75,4,1,4,1,4,1,4,1
341c-f0d4-70be,2733,5,-94.0,4,1,4,1,3,2,4,1
341c-f0d4-70be,2734,5,-93.25,4,1,4,1,3,2,4,1
341c-f0d4-70be,2735,5,-95.0,4,1,4,1,4,1,4,1
341c-f0d4-70be,2736,5,-95.0,4,1,4,1,4,1,4,1
341c-f0d4-70be,2737,5,-95.0,4,1,4,1,4,1,4,1
341c-f0d4-70be,2738,5,-94.5,4,1,4,1,4,1,4,1
341c-f0d4-70be,2739,5,-95.0,4,1,4,1,4,1,4,1
341c-f0d4-70be,2740,5,-94.75,3,2,3,2,3,2,3,2
341c-f0d4-70be,2741,5,-95.0,4,1,4,1,4,1,4,1
341c-f0d4-70be,2742,5,-95.25,4,1,4,1,4,1,4,1
341c-f0d4-70be,2743,5,-95.25,4,1,4,1,4,1,4,1
341c-f0d4-70be,2744,5,-95.5,4,1,4,1,4,1,4,1
341c-f0d4-70be,2745,5,-95.0,3,2,3,2,3,2,3,2
341c-f0d4-70be,2746,5,-95.25,3,2,3,2,3,2,3,2
341c-f0d4-70be,2747,5,-94.75,4,1,4,1,4,1,4,1
341c-f0d4-70be,2748,5,-95.0,4,1,4,1,4,1,4,1
341c-f0d4-70be,2749,5,-95.0,4,1,4,1,4,1,4,1
341c-f0d4-70be,2750,5,-94.75,4,1,4,1,4,1,4,1
341c-f0d4-70be,2751,5,-95.0,4,1,4,1,4,1,4,1
341c-f0d4-70be,2752,5,-95.0,4,1,4,1,4,1,4,1
341c-f0d4-70be,2753,5,-94.75,4,1,4,1,4,1,4,1
341c-f0d4-70be,2754,5,-95.0,4,1,4,1,4,1,4,1
341c-f0d4-70be,2755,5,-94.5,4,1,4,1,4,1,4,1
341c-f0d4-70be,2756,5,-95.0,4,1,5,0,4,1,4,1
341c-f0d4-70be,2757,5,-94.75,4,1,4,1,4,1,4,1
341c-f0d4-70be,2758,5,-94.5,4,1,4,1,4,1,4,1
341c-f0d4-70be,2759,5,-95.0,4,1,4,1,4,1,4,1
341c-f0d4-70be,2760,5,-94.75,3,2,3,2,3,2,3,2
341c-f0d4-70be,2761,5,-95.25,4,1,4,1,4,1,4,1
341c-f0d4-70be,2762,5,-95.0,3,2,3,2,3,2,3,2
341c-f0d4-70be,2763,5,-95.5,4,1,4,1,4,1,4,1
341c-f0d4-70be,2764,5,-94.75,4,1,4,1,4,1,4,1
341c-f0d4-70be,2765,5,-95.25,5,0,5,0,5,0,5,0
341c-f0d4-70be,2766,5,-95.0,4,1,4,1,4,1,4,1
341c-f0d4-70be,2767,5,-94.5,3,2,3,2,3,2,3,2
341c-f0d4-70be,2768,5,-94.75,5,0,5,0,5,0,5,0
341c-f0d4-70be,2769,5,-95.25,4,1,4,1,4,1,4,1
341c-f0d4-70be,2770,5,-94.75,4,1,4,1,4,1,4,1
341c-f0d4-70be,2771,5,-95.25,4,1,4,1,4,1,4,1
341c-f0d4-70be,2772,5,-94.75,4,1,4,1,4,1,4,1
341c-f0d4-70be,2773,5,-94.75,3,2,3,2,3,2,3,2
341c-f0d4-70be,2774,5,-94.75,4,1,4,1,4,1,4,1
341c-f0d4-70be,2775,5,-94.75,4,1,4,1,4,1,4,1
341c-f0d4-70be,2776,5,-94.5,4,1,4,1,4,1,4,1
341c-f0d4-70be,2777,5,-94.75,4,1,4,1,4,1,4,1
341c-f0d4-70be,2778,5,-95.0,4,1,4,1,4,1,4,1
341c-f0d4-70be,2779,5,-94.75,4,1,4,1,4,1,4,1
341c-f0d4-70be,2780,5,-94.75,4,1,4,1,4,1,4,1
341c-f0d4-70be,2781,5,-94.75,4,1,4,1,4,1,4,1
341c-f0d4-70be,2782,5,-94.5,4,1,4,1,4,1,4,1
341c-f0d4-70be,2783,5,-94.75,4,1,4,1,4,1,4,1
341c-f0d4-70be,2784,5,-95.0,4,1,4,1,4,1,4,1
341c-f0d4-70be,2785,5,-95.0,4,1,4,1,4,1,4,1
341c-f0d4-70be,2786,5,-95.25,4,1,4,1,4,1,4,1
341c-f0d4-70be,2787,5,-95.25,4,1,4,1,4,1,4,1
341c-f0d4-70be,2788,5,-95.0,4,1,4,1,4,1,4,1
341c-f0d4-70be,2789,5,-95.0,3,2,3,2,3,2,3,2
341c-f0d4-70be,2790,5,-95.5,4,1,4,1,4,1,4,1
341c-f0d4-70be,2791,5,-95.25,4,1,4,1,4,1,4,1
341c-f0d4-70be,2792,5,-95.25,4,1,4,1,4,1,4,1
341c-f0d4-70be,2793,5,-95.25,4,1,4,1,4,1,4,1
341c-f0d4-70be,2794,5,-94.75,4,1,5,0,5,0,4,1
341c-f0d4-70be,2795,5,-95.5,4,1,4,1,4,1,4,1
341c-f0d4-70be,2796,5,-94.75,3,2,3,2,3,2,3,2
341c-f0d4-70be,2797,5,-95.0,4,1,4,1,4,1,4,1
341c-f0d4-70be,2798,5,-94.75,4,1,4,1,4,1,4,1
341c-f0d4-70be,2799,5,-95.5,4,1,5,0,5,0,4,1
341c-f0d4-70be,2800,5,-95.0,4,1,4,1,4,1,4,1
341c-f0d4-70be,2801,5,-94.5,4,1,4,1,4,1,4,1
341c-f0d4-70be,2802,5,-94.5,4,1,4,1,4,1,4,1
341c-f0d4-70be,2803,5,-95.25,4,1,4,1,4,1,4,1
341c-f0d4-70be,2804,5,-94.25,4,1,4,1,4,1,4,1
341c-f0d4-70be,2805,5,-95.0,4,1,4,1,4,1,4,1
341c-f0d4-70be,2806,5,-94.0,4,1,4,1,4,1,4,1
341c-f0d4-70be,2807,5,-94.75,4,1,4,1,4,1,4,1
341c-f0d4-70be,2808,5,-94.75,4,1,4,1,4,1,4,1
341c-f0d4-70be,2809,5,-94.5,4,1,4,1,4,1,4,1
341c-f0d4-70be,2810,5,-95.25,4,1,4,1,4,1,4,1
341c-f0d4-70be,2811,5,-94.75,4,1,4,1,4,1,4,1
341c-f0d4-70be,2812,4,-94.5,3,1,3,1,3,1,3,1
341c-f0d4-70be,2813,4,-95.0,2,2,2,2,3,1,2,2
341c-f0d4-70be,2814,4,-94.75,3,1,3,1,3,1,3,1
341c-f0d4-70be,2815,4,-94.5,3,1,3,1,3,1,3,1
341c-f0d4-70be,2816,4,-94.75,3,1,3,1,3,1,3,1
341c-f0d4-70be,2817,4,-94.75,3,1,3,1,3,1,3,1
341c-f0d4-70be,2818,4,-94.25,3,1,3,1,3,1,3,1
341c-f0d4-70be,2819,4,-95.25,3,1,3,1,3,1,3,1
341c-f0d4-70be,2820,4,-95.0,3,1,3,1,3,1,3,1
341c-f0d4-70be,2821,4,-94.75,2,2,2,2,3,1,2,2
341c-f0d4-70be,2822,4,-94.75,3,1,3,1,3,1,3,1
341c-f0d4-70be,2823,4,-94.75,3,1,3,1,3,1,3,1
341c-f0d4-70be,2824,4,-94.5,4,0,4,0,4,0,4,0
341c-f0d4-70be,2825,4,-94.5,3,1,3,1,3,1,3,1
341c-f0d4-70be,2826,4,-95.25,3,1,3,1,3,1,3,1
341c-f0d4-70be,2827,4,-94.75,3,1,3,1,3,1,3,1
341c-f0d4-70be,2828,4,-95.0,3,1,3,1,3,1,3,1
341c-f0d4-70be,2829,4,-94.25,3,1,3,1,3,1,3,1
341c-f0d4-70be,2830,4,-94.5,3,1,3,1,3,1,3,1
341c-f0d4-70be,2831,4,-95.0,2,2,2,2,3,1,2,2
341c-f0d4-70be,2832,4,-95.5,4,0,4,0,4,0,4,0
341c-f0d4-70be,2833,4,-95.5,2,2,3,1,3,1,2,2
341c-f0d4-70be,2834,4,-95.25,3,1,3,1,3,1,3,1
341c-f0d4-70be,2835,4,-95.25,4,0,4,0,4,0,4,0
341c-f0d4-70be,2836,4,-95.0,4,0,4,0,4,0,4,0
341c-f0d4-70be,2837,4,-95.0,4,0,4,0,4,0,4,0
341c-f0d4-70be,2838,4,-95.5,4,0,4,0,4,0,4,0
341c-f0d4-70be,2839,4,-95.0,3,1,3,1,3,1,3,1
341c-f0d4-70be,2840,5,-94.75,3,2,3,2,3,2,3,2
341c-f0d4-70be,2841,4,-95.0,4,0,4,0,4,0,4,0
341c-f0d4-70be,2842,4,-95.0,3,1,3,1,3,1,3,1
341c-f0d4-70be,2843,4,-95.0,3,1,3,1,3,1,3,1
341c-f0d4-70be,2844,4,-95.25,3,1,3,1,3,1,3,1
341c-f0d4-70be,2845,4,-95.25,3,1,3,1,3,1,3,1
341c-f0d4-70be,2846,4,-95.25,3,1,3,1,3,1,3,1
341c-f0d4-70be,2847,4,-95.25,3,1,3,1,3,1,3,1
341c-f0d4-70be,2848,4,-95.0,3,1,3,1,3,1,3,1
341c-f0d4-70be,2849,4,-95.0,3,1,3,1,3,1,3,1
341c-f0d4-70be,2850,4,-94.5,3,1,3,1,3,1,3,1
341c-f0d4-70be,2851,4,-95.25,3,1,3,1,3,1,3,1
341c-f0d4-70be,2852,4,-95.25,2,2,2,2,3,1,2,2
341c-f0d4-70be,2853,4,-95.25,2,2,2,2,3,1,2,2
341c-f0d4-70be,2854,4,-94.5,4,0,4,0,4,0,4,0
341c-f0d4-70be,2855,4,-95.25,4,0,4,0,4,0,4,0
341c-f0d4-70be,2856,4,-95.0,3,1,3,1,3,1,3,1
341c-f0d4-70be,2857,4,-94.0,2,2,2,2,2,2,2,2
341c-f0d4-70be,2858,4,-95.5,4,0,4,0,4,0,4,0
341c-f0d4-70be,2859,4,-93.5,4,0,4,0,4,0,4,0
341c-f0d4-70be,2860,4,-94.75,3,1,3,1,3,1,3,1
341c-f0d4-70be,2861,4,-95.25,2,2,3,1,3,1,2,2
341c-f0d4-70be,2862,4,-95.25,3,1,3,1,3,1,3,1
341c-f0d4-70be,2863,4,-94.75,3,1,3,1,3,1,3,1
341c-f0d4-70be,2864,4,-95.0,3,1,3,1,3,1,3,1
341c-f0d4-70be,2865,4,-95.0,3,1,3,1,3,1,3,1
341c-f0d4-70be,2866,4,-94.5,3,1,3,1,3,1,3,1
341c-f0d4-70be,2867,4,-94.75,3,1,3,1,3,1,3,1
341c-f0d4-70be,2868,4,-95.0,3,1,3,1,3,1,3,1
341c-f0d4-70be,2869,4,-95.25,3,1,3,1,3,1,3,1
341c-f0d4-70be,2870,4,-95.25,2,2,3,1,3,1,2,2
341c-f0d4-70be,2871,4,-95.0,3,1,3,1,3,1,3,1
341c-f0d4-70be,2872,4,-95.25,3,1,3,1,3,1,3,1
341c-f0d4-70be,2873,4,-95.0,3,1,3,1,3,1,3,1
341c-f0d4-70be,2874,4,-94.75,3,1,3,1,3,1,3,1
341c-f0d4-70be,2875,4,-95.0,3,1,3,1,3,1,3,1
341c-f0d4-70be,2876,4,-94.5,3,1,3,1,3,1,3,1
341c-f0d4-70be,2877,4,-95.25,2,2,3,1,3,1,2,2
341c-f0d4-70be,2878,4,-95.0,2,2,2,2,3,1,2,2
341c-f0d4-70be,2879,4,-95.0,2,2,2,2,3,1,2,2
341c-f0d4-70be,2880,4,-94.75,2,2,2,2,3,1,2,2
341c-f0d4-70be,2881,4,-95.25,2,2,3,1,3,1,2,2
341c-f0d4-70be,2882,4,-95.0,4,0,5,1,5,1,4,0
341c-f0d4-70be,2883,4,-94.75,2,2,2,2,3,1,2,2
341c-f0d4-70be,2884,4,-95.0,3,1,3,1,3,1,3,1
341c-f0d4-70be,2885,4,-94.75,4,0,4,0,4,0,4,0
341c-f0d4-70be,2886,4,-94.75,3,1,3,1,3,1,3,1
341c-f0d4-70be,2887,4,-95.25,3,1,3,1,3,1,3,1
341c-f0d4-70be,2888,4,-94.75,4,0,4,0,4,0,4,0
341c-f0d4-70be,2889,4,-94.75,3,1,3,1,3,1,3,1
341c-f0d4-70be,2890,4,-94.75,2,2,2,2,3,1,2,2
341c-f0d4-70be,2891,4,-94.25,3,1,3,1,3,1,3,1
341c-f0d4-70be,2892,4,-94.5,3,1,3,1,3,1,3,1
341c-f0d4-70be,2893,4,-95.25,3,1,3,1,3,1,3,1
341c-f0d4-70be,2894,4,-94.75,3,1,3,1,3,1,3,1
341c-f0d4-70be,2895,4,-94.75,3,1,3,1,3,1,3,1
341c-f0d4-70be,2896,4,-94.75,2,2,2,2,3,1,2,2
341c-f0d4-70be,2897,4,-94.75,4,0,4,0,4,0,4,0
341c-f0d4-70be,2898,4,-94.5,3,1,3,1,3,1,3,1
341c-f0d4-70be,2899,4,-94.75,4,0,4,0,4,0,4,0
341c-f0d4-70be,2900,4,-93.5,3,1,3,1,3,1,3,1
341c-f0d4-70be,2901,4,-95.5,3,1,3,1,3,1,3,1
341c-f0d4-70be,2902,3,-95.25,4,1,4,1,4,1,4,1
341c-f0d4-70be,2903,3,-95.25,4,1,4,1,4,1,4,1
341c-f0d4-70be,2904,3,-94.5,4,1,4,1,4,1,4,1
341c-f0d4-70be,2905,3,-95.0,4,1,4,1,4,1,4,1
341c-f0d4-70be,2906,3,-95.5,4,1,4,1,4,1,4,1
341c-f0d4-70be,2907,3,-95.25,4,1,4,1,4,1,4,1
341c-f0d4-70be,2908,3,-95.25,4,1,4,1,4,1,4,1
341c-f0d4-70be,2909,3,-95.25,4,1,4,1,4,1,4,1
341c-f0d4-70be,2910,3,-95.25,4,1,4,1,4,1,4,1
341c-f0d4-70be,2911,3,-93.0,4,1,4,1,4,1,4,1
341c-f0d4-70be,2912,3,-94.75,4,1,4,1,4,1,4,1
341c-f0d4-70be,2913,3,-95.0,4,1,4,1,4,1,4,1
341c-f0d4-70be,2914,3,-95.25,4,1,4,1,4,1,4,1
341c-f0d4-70be,2915,3,-95.0,4,1,4,1,4,1,4,1
341c-f0d4-70be,2916,3,-95.25,4,1,4,1,4,1,4,1
341c-f0d4-70be,2917,3,-95.25,4,1,4,1,4,1,4,1
341c-f0d4-70be,2918,3,-95.25,4,1,4,1,4,1,4,1
341c-f0d4-70be,2919,3,-95.5,4,1,4,1,4,1,4,1
341c-f0d4-70be,2920,3,-95.5,4,1,4,1,4,1,4,1
341c-f0d4-70be,2921,3,-95.0,4,1,4,1,4,1,4,1
341c-f0d4-70be,2922,3,-93.25,4,1,4,1,3,0,4,1
341c-f0d4-70be,2923,3,-95.25,4,1,4,1,4,1,4,1
341c-f0d4-70be,2924,3,-95.0,4,1,4,1,4,1,4,1
341c-f0d4-70be,2925,3,-95.0,4,1,4,1,4,1,4,1
341c-f0d4-70be,2926,3,-95.0,4,1,4,1,4,1,4,1
341c-f0d4-70be,2927,3,-95.25,5,2,5,2,5,2,5,2
341c-f0d4-70be,2928,3,-95.25,4,1,4,1,4,1,4,1
341c-f0d4-70be,2929,3,-95.0,4,1,4,1,4,1,4,1
341c-f0d4-70be,2930,3,-95.0,4,1,4,1,4,1,4,1
341c-f0d4-70be,2931,3,-95.0,4,1,4,1,4,1,4,1
341c-f0d4-70be,2932,3,-95.0,4,1,4,1,4,1,4,1
341c-f0d4-70be,2933,3,-95.25,4,1,4,1,4,1,4,1
341c-f0d4-70be,2934,3,-95.0,4,1,4,1,4,1,4,1
341c-f0d4-70be,2935,3,-95.25,4,1,4,1,4,1,4,1
341c-f0d4-70be,2936,3,-95.75,4,1,4,1,4,1,4,1
341c-f0d4-70be,2937,3,-95.25,4,1,4,1,4,1,4,1
341c-f0d4-70be,2938,3,-95.25,4,1,4,1,4,1,4,1
341c-f0d4-70be,2939,3,-95.0,4,1,4,1,4,1,4,1
341c-f0d4-70be,2940,3,-95.0,4,1,4,1,4,1,4,1
341c-f0d4-70be,2941,3,-95.75,4,1,4,1,4,1,4,1
341c-f0d4-70be,2942,3,-95.5,4,1,4,1,4,1,4,1
341c-f0d4-70be,2943,3,-95.5,4,1,4,1,4,1,4,1
341c-f0d4-70be,2944,3,-95.75,3,0,3,0,3,0,3,0
341c-f0d4-70be,2945,3,-95.25,4,1,4,1,4,1,4,1
341c-f0d4-70be,2946,3,-95.25,3,0,3,0,3,0,3,0
341c-f0d4-70be,2947,3,-95.0,4,1,4,1,4,1,4,1
341c-f0d4-70be,2948,3,-95.25,3,0,3,0,3,0,3,0
341c-f0d4-70be,2949,3,-95.25,4,1,4,1,4,1,4,1
341c-f0d4-70be,2950,3,-95.75,4,1,4,1,4,1,4,1
341c-f0d4-70be,2951,3,-94.5,4,1,4,1,4,1,4,1
341c-f0d4-70be,2952,3,-95.5,4,1,4,1,4,1,4,1
341c-f0d4-70be,2953,3,-95.25,4,1,4,1,4,1,4,1
341c-f0d4-70be,2954,3,-95.5,3,0,3,0,3,0,3,0
341c-f0d4-70be,2955,3,-95.25,3,0,3,0,3,0,3,0
341c-f0d4-70be,2956,3,-95.5,4,1,4,1,4,1,4,1
341c-f0d4-70be,2957,3,-95.25,4,1,4,1,4,1,4,1
341c-f0d4-70be,2958,3,-95.75,4,1,4,1,4,1,4,1
341c-f0d4-70be,2959,3,-95.25,4,1,4,1,4,1,4,1
341c-f0d4-70be,2960,3,-95.0,4,1,4,1,4,1,4,1
341c-f0d4-70be,2961,3,-95.25,4,1,4,1,4,1,4,1
341c-f0d4-70be,2962,4,-95.25,4,0,4,0,4,0,4,0
341c-f0d4-70be,2963,4,-95.5,4,0,4,0,4,0,4,0
341c-f0d4-70be,2964,3,-95.0,4,1,4,1,4,1,4,1
341c-f0d4-70be,2965,3,-95.25,4,1,4,1,4,1,4,1
341c-f0d4-70be,2966,3,-94.75,4,1,4,1,4,1,4,1
341c-f0d4-70be,2967,3,-94.5,4,1,4,1,4,1,4,1
341c-f0d4-70be,2968,3,-95.25,4,1,4,1,4,1,4,1
341c-f0d4-70be,2969,3,-95.25,4,1,4,1,4,1,4,1
341c-f0d4-70be,2970,3,-95.5,4,1,4,1,4,1,4,1
341c-f0d4-70be,2971,4,-95.0,4,0,4,0,4,0,4,0
341c-f0d4-70be,2972,3,-95.5,4,1,4,1,4,1,4,1
341c-f0d4-70be,2973,3,-95.25,4,1,4,1,4,1,4,1
341c-f0d4-70be,2974,3,-94.75,4,1,4,1,4,1,4,1
341c-f0d4-70be,2975,3,-95.0,4,1,4,1,4,1,4,1
341c-f0d4-70be,2976,3,-94.75,4,1,4,1,4,1,4,1
341c-f0d4-70be,2977,3,-95.25,4,1,4,1,4,1,4,1
341c-f0d4-70be,2978,3,-95.0,4,1,4,1,4,1,4,1
341c-f0d4-70be,2979,3,-95.25,5,2,5,2,5,2,5,2
341c-f0d4-70be,2980,3,-94.75,4,1,4,1,4,1,4,1
341c-f0d4-70be,2981,3,-95.0,4,1,4,1,4,1,4,1
341c-f0d4-70be,2982,3,-95.5,4,1,4,1,4,1,4,1
341c-f0d4-70be,2983,3,-95.25,4,1,4,1,4,1,4,1
341c-f0d4-70be,2984,3,-95.5,4,1,4,1,4,1,4,1
341c-f0d4-70be,2985,3,-94.75,4,1,4,1,4,1,4,1
341c-f0d4-70be,2986,3,-94.75,4,1,4,1,4,1,4,1
341c-f0d4-70be,2987,3,-95.0,3,0,3,0,3,0,3,0
341c-f0d4-70be,2988,3,-95.0,3,0,3,0,3,0,3,0
341c-f0d4-70be,2989,3,-95.75,3,0,3,0,3,0,3,0
341c-f0d4-70be,2990,3,-94.75,4,1,4,1,4,1,4,1
341c-f0d4-70be,2991,3,-95.5,4,1,4,1,4,1,4,1
341c-f0d4-70be,2992,3,-95.0,4,1,4,1,4,1,4,1
341c-f0d4-70be,2993,3,-95.25,4,1,4,1,4,1,4,1
341c-f0d4-70be,2994,3,-95.75,4,1,4,1,4,1,4,1
341c-f0d4-70be,2995,3,-95.0,4,1,4,1,4,1,4,1
341c-f0d4-70be,2996,3,-95.25,4,1,4,1,4,1,4,1
341c-f0d4-70be,2997,3,-94.75,4,1,4,1,4,1,4,1
341c-f0d4-70be,2998,3,-95.5,4,1,4,1,4,1,4,1
341c-f0d4-70be,2999,3,-95.25,4,1,4,1,4,1,4,1
341c-f0d4-70be,3000,3,-95.5,4,1,4,1,4,1,4,1
341c-f0d4-70be,3001,3,-95.0,4,1,4,1,4,1,4,1
341c-f0d4-70be,3002,3,-95.25,4,1,4,1,4,1,4,1
341c-f0d4-70be,3003,3,-95.25,4,1,4,1,4,1,4,1
341c-f0d4-70be,3004,3,-94.75,4,1,4,1,4,1,4,1
341c-f0d4-70be,3005,3,-95.25,4,1,4,1,4,1,4,1
341c-f0d4-70be,3006,3,-95.0,4,1,4,1,4,1,4,1
341c-f0d4-70be,3007,3,-94.75,4,1,4,1,4,1,4,1
341c-f0d4-70be,3008,3,-95.25,3,0,3,0,3,0,3,0
341c-f0d4-70be,3009,3,-95.25,3,0,3,0,3,0,3,0
341c-f0d4-70be,3010,3,-95.0,3,0,3,0,3,0,3,0
341c-f0d4-70be,3011,3,-95.25,3,0,3,0,3,0,3,0
341c-f0d4-70be,3012,3,-95.25,3,0,3,0,3,0,3,0
341c-f0d4-70be,3013,3,-94.75,4,1,4,1,4,1,4,1
341c-f0d4-70be,3014,3,-95.25,3,0,3,0,3,0,3,0
341c-f0d4-70be,3015,3,-95.0,4,1,4,1,4,1,4,1
341c-f0d4-70be,3016,3,-95.25,4,1,4,1,4,1,4,1
341c-f0d4-70be,3017,3,-95.25,4,1,4,1,4,1,4,1
341c-f0d4-70be,3018,3,-95.0,4,1,4,1,4,1,4,1
341c-f0d4-70be,3019,3,-95.5,4,1,4,1,4,1,4,1
341c-f0d4-70be,3020,3,-94.75,4,1,4,1,4,1,4,1
341c-f0d4-70be,3021,3,-95.0,4,1,4,1,4,1,4,1
341c-f0d4-70be,3022,3,-95.5,4,1,4,1,4,1,4,1
341c-f0d4-70be,3023,3,-95.0,4,1,4,1,4,1,4,1
341c-f0d4-70be,3024,3,-95.25,4,1,4,1,4,1,4,1
341c-f0d4-70be,3025,3,-95.0,4,1,4,1,4,1,4,1
341c-f0d4-70be,3026,3,-95.0,4,1,4,1,4,1,4,1
341c-f0d4-70be,3027,3,-95.25,4,1,4,1,4,1,4,1
341c-f0d4-70be,3028,3,-94.75,4,1,4,1,4,1,4,1
341c-f0d4-70be,3029,3,-94.5,4,1,4,1,4,1,4,1
341c-f0d4-70be,3030,3,-95.0,4,1,4,1,4,1,4,1
341c-f0d4-70be,3031,3,-95.5,4,1,4,1,4,1,4,1
341c-f0d4-70be,3032,3,-95.25,4,1,4,1,4,1,4,1
341c-f0d4-70be,3033,3,-95.0,4,1,4,1,4,1,4,1
341c-f0d4-70be,3034,3,-95.25,4,1,4,1,4,1,4,1
341c-f0d4-70be,3035,3,-95.25,3,0,3,0,3,0,3,0
341c-f0d4-70be,3036,3,-95.25,4,1,4,1,4,1,4,1
341c-f0d4-70be,3037,3,-95.25,3,0,3,0,3,0,3,0
341c-f0d4-70be,3038,3,-95.25,3,0,3,0,3,0,3,0
341c-f0d4-70be,3039,3,-95.0,4,1,4,1,4,1,4,1
341c-f0d4-70be,3040,3,-95.5,3,0,3,0,3,0,3,0
341c-f0d4-70be,3041,3,-94.75,4,1,4,1,4,1,4,1
341c-f0d4-70be,3042,3,-95.25,4,1,4,1,4,1,4,1
341c-f0d4-70be,3043,3,-94.75,4,1,4,1,4,1,4,1
341c-f0d4-70be,3044,3,-95.0,4,1,4,1,4,1,4,1
341c-f0d4-70be,3045,3,-95.25,4,1,4,1,4,1,4,1
341c-f0d4-70be,3046,3,-95.25,4,1,4,1,4,1,4,1
341c-f0d4-70be,3047,3,-95.25,4,1,4,1,4,1,4,1
341c-f0d4-70be,3048,3,-95.25,4,1,4,1,4,1,4,1
341c-f0d4-70be,3049,3,-95.0,4,1,4,1,4,1,4,1
341c-f0d4-70be,3050,2,-95.25,2,0,2,0,2,0,2,0
341c-f0d4-70be,3051,2,-95.25,2,0,2,0,2,0,2,0
341c-f0d4-70be,3052,2,-95.5,2,0,2,0,2,0,2,0
341c-f0d4-70be,3053,2,-95.0,2,0,2,0,2,0,2,0
341c-f0d4-70be,3054,2,-95.25,2,0,2,0,2,0,2,0
341c-f0d4-70be,3055,2,-95.5,2,0,2,0,2,0,2,0
341c-f0d4-70be,3056,2,-95.5,2,0,2,0,2,0,2,0
341c-f0d4-70be,3057,2,-95.0,2,0,2,0,2,0,2,0
341c-f0d4-70be,3058,2,-94.75,3,1,3,1,3,1,3,1
341c-f0d4-70be,3059,2,-95.25,2,0,2,0,2,0,2,0
341c-f0d4-70be,3060,2,-95.5,2,0,2,0,2,0,2,0
341c-f0d4-70be,3061,2,-95.0,2,0,2,0,2,0,2,0
341c-f0d4-70be,3062,2,-95.25,2,0,2,0,2,0,2,0
341c-f0d4-70be,3063,2,-95.0,2,0,2,0,2,0,2,0
341c-f0d4-70be,3064,2,-95.25,2,0,2,0,2,0,2,0
341c-f0d4-70be,3065,2,-95.25,2,0,2,0,2,0,2,0
341c-f0d4-70be,3066,2,-95.25,2,0,2,0,2,0,2,0
341c-f0d4-70be,3067,2,-95.25,2,0,2,0,2,0,2,0
341c-f0d4-70be,3068,2,-95.25,2,0,2,0,2,0,2,0
341c-f0d4-70be,3069,2,-95.5,2,0,2,0,2,0,2,0
341c-f0d4-70be,3070,2,-95.25,2,0,2,0,2,0,2,0
341c-f0d4-70be,3071,2,-95.75,2,0,2,0,2,0,2,0
341c-f0d4-70be,3072,2,-95.25,2,0,2,0,2,0,2,0
341c-f0d4-70be,3073,2,-95.25,2,0,2,0,2,0,2,0
341c-f0d4-70be,3074,2,-95.5,2,0,2,0,2,0,2,0
341c-f0d4-70be,3075,2,-96.0,2,0,2,0,2,0,2,0
341c-f0d4-70be,3076,2,-95.25,2,0,2,0,2,0,2,0
341c-f0d4-70be,3077,2,-95.5,2,0,2,0,2,0,2,0
341c-f0d4-70be,3078,2,-95.25,2,0,2,0,2,0,2,0
341c-f0d4-70be,3079,2,-95.5,2,0,2,0,2,0,2,0
341c-f0d4-70be,3080,2,-95.5,2,0,2,0,2,0,2,0
341c-f0d4-70be,3081,2,-95.5,2,0,2,0,2,0,2,0
341c-f0d4-70be,3082,2,-95.5,2,0,2,0,2,0,2,0
341c-f0d4-70be,3083,2,-95.5,2,0,2,0,2,0,2,0
341c-f0d4-70be,3084,2,-95.25,2,0,2,0,2,0,2,0
341c-f0d4-70be,3085,2,-95.75,2,0,2,0,2,0,2,0
341c-f0d4-70be,3086,2,-95.75,2,0,2,0,2,0,2,0
341c-f0d4-70be,3087,2,-95.5,2,0,2,0,2,0,2,0
341c-f0d4-70be,3088,2,-95.5,2,0,2,0,2,0,2,0
341c-f0d4-70be,3089,2,-95.0,2,0,2,0,2,0,2,0
341c-f0d4-70be,3090,2,-95.25,2,0,2,0,2,0,2,0
341c-f0d4-70be,3091,2,-95.5,2,0,2,0,2,0,2,0
341c-f0d4-70be,3092,2,-94.75,2,0,2,0,2,0,2,0
341c-f0d4-70be,3093,2,-95.75,2,0,2,0,2,0,2,0
341c-f0d4-70be,3094,2,-95.75,2,0,2,0,2,0,2,0
341c-f0d4-70be,3095,2,-95.5,2,0,2,0,2,0,2,0
341c-f0d4-70be,3096,2,-95.5,2,0,2,0,2,0,2,0
341c-f0d4-70be,3097,2,-95.5,2,0,2,0,2,0,2,0
341c-f0d4-70be,3098,2,-96.0,2,0,2,0,2,0,2,0
341c-f0d4-70be,3099,2,-95.5,2,0,2,0,2,0,2,0
341c-f0d4-70be,3100,2,-95.0,2,0,2,0,2,0,2,0
341c-f0d4-70be,3101,2,-95.25,3,1,3,1,3,1,3,1
341c-f0d4-70be,3102,2,-95.5,2,0,2,0,2,0,2,0
341c-f0d4-70be,3103,2,-95.25,2,0,2,0,2,0,2,0
341c-f0d4-70be,3104,2,-95.5,2,0,2,0,2,0,2,0
341c-f0d4-70be,3105,2,-95.75,2,0,2,0,2,0,2,0
341c-f0d4-70be,3106,2,-95.5,2,0,2,0,2,0,2,0
341c-f0d4-70be,3107,2,-95.0,2,0,2,0,2,0,2,0
341c-f0d4-70be,3108,2,-95.75,2,0,2,0,2,0,2,0
341c-f0d4-70be,3109,2,-95.0,3,1,3,1,3,1,3,1
341c-f0d4-70be,3110,2,-95.25,2,0,2,0,2,0,2,0
341c-f0d4-70be,3111,2,-95.25,2,0,2,0,2,0,2,0
341c-f0d4-70be,3112,2,-95.5,2,0,2,0,2,0,2,0
341c-f0d4-70be,3113,2,-95.25,2,0,2,0,2,0,2,0
341c-f0d4-70be,3114,2,-95.0,2,0,2,0,2,0,2,0
341c-f0d4-70be,3115,2,-95.5,2,0,2,0,2,0,2,0
341c-f0d4-70be,3116,2,-95.25,2,0,2,0,2,0,2,0
341c-f0d4-70be,3117,2,-95.5,2,0,2,0,2,0,2,0
341c-f0d4-70be,3118,2,-95.25,2,0,2,0,2,0,2,0
341c-f0d4-70be,3119,2,-93.25,2,0,2,0,2,0,2,0
341c-f0d4-70be,3120,2,-95.75,2,0,2,0,2,0,2,0
341c-f0d4-70be,3121,2,-95.25,2,0,2,0,2,0,2,0
341c-f0d4-70be,3122,2,-95.5,2,0,2,0,2,0,2,0
341c-f0d4-70be,3123,2,-95.0,2,0,2,0,2,0,2,0
341c-f0d4-70be,3124,2,-95.5,2,0,2,0,2,0,2,0
341c-f0d4-70be,3125,2,-95.75,2,0,2,0,2,0,2,0
341c-f0d4-70be,3126,2,-95.5,2,0,2,0,2,0,2,0
341c-f0d4-70be,3127,2,-95.0,2,0,2,0,2,0,2,0
341c-f0d4-70be,3128,2,-95.25,2,0,2,0,2,0,2,0
341c-f0d4-70be,3129,2,-95.5,2,0,2,0,2,0,2,0
341c-f0d4-70be,3130,2,-95.25,2,0,2,0,2,0,2,0
341c-f0d4-70be,3131,2,-95.75,2,0,2,0,2,0,2,0
341c-f0d4-70be,3132,2,-95.25,2,0,2,0,2,0,2,0
341c-f0d4-70be,3133,2,-95.25,2,0,2,0,2,0,2,0
341c-f0d4-70be,3134,2,-95.25,2,0,2,0,2,0,2,0
341c-f0d4-70be,3135,2,-95.25,2,0,2,0,2,0,2,0
341c-f0d4-70be,3136,2,-95.5,2,0,2,0,2,0,2,0
341c-f0d4-70be,3137,2,-95.5,2,0,2,0,2,0,2,0
341c-f0d4-70be,3138,2,-95.25,2,0,2,0,2,0,2,0
341c-f0d4-70be,3139,2,-95.25,2,0,2,0,2,0,2,0
341c-f0d4-70be,3140,2,-95.25,2,0,2,0,2,0,2,0
341c-f0d4-70be,3141,2,-95.25,2,0,2,0,2,0,2,0
341c-f0d4-70be,3142,2,-95.5,2,0,2,0,2,0,2,0
341c-f0d4-70be,3143,2,-95.25,2,0,2,0,2,0,2,0
341c-f0d4-70be,3144,2,-95.5,2,0,2,0,2,0,2,0
341c-f0d4-70be,3145,2,-95.25,2,0,2,0,2,0,2,0
341c-f0d4-70be,3146,2,-94.0,2,0,2,0,2,0,2,0
341c-f0d4-70be,3147,2,-95.0,2,0,2,0,2,0,2,0
341c-f0d4-70be,3148,2,-95.0,2,0,2,0,2,0,2,0
341c-f0d4-70be,3149,2,-95.75,2,0,2,0,2,0,2,0
341c-f0d4-70be,3150,2,-95.5,2,0,2,0,2,0,2,0
341c-f0d4-70be,3151,2,-95.25,2,0,2,0,2,0,2,0
341c-f0d4-70be,3152,2,-95.25,2,0,2,0,2,0,2,0
341c-f0d4-70be,3153,2,-95.5,2,0,2,0,2,0,2,0
341c-f0d4-70be,3154,2,-95.5,2,0,2,0,2,0,2,0
341c-f0d4-70be,3155,2,-95.25,2,0,2,0,2,0,2,0
341c-f0d4-70be,3156,2,-95.0,2,0,2,0,2,0,2,0
341c-f0d4-70be,3157,2,-93.75,2,0,2,0,2,0,2,0
341c-f0d4-70be,3158,2,-95.5,2,0,2,0,2,0,2,0
341c-f0d4-70be,3159,2,-95.5,2,0,2,0,2,0,2,0
341c-f0d4-70be,3160,2,-95.25,2,0,2,0,2,0,2,0
341c-f0d4-70be,3161,2,-95.25,2,0,2,0,2,0,2,0
341c-f0d4-70be,3162,2,-95.5,2,0,2,0,2,0,2,0
341c-f0d4-70be,3163,2,-95.0,2,0,2,0,2,0,2,0
341c-f0d4-70be,3164,2,-95.5,2,0,2,0,2,0,2,0
341c-f0d4-70be,3165,2,-95.25,2,0,2,0,2,0,2,0
341c-f0d4-70be,3166,2,-95.25,2,0,2,0,2,0,2,0
341c-f0d4-70be,3167,2,-95.25,2,0,2,0,1,1,2,0
341c-f0d4-70be,3168,2,-95.25,2,0,2,0,2,0,2,0
341c-f0d4-70be,3169,2,-95.5,2,0,2,0,2,0,2,0
341c-f0d4-70be,3170,2,-95.0,2,0,2,0,2,0,2,0
341c-f0d4-70be,3171,2,-95.75,2,0,2,0,2,0,2,0
341c-f0d4-70be,3172,2,-96.0,2,0,2,0,2,0,2,0
341c-f0d4-70be,3173,2,-95.75,2,0,2,0,2,0,2,0
341c-f0d4-70be,3174,2,-93.75,2,0,2,0,2,0,2,0
341c-f0d4-70be,3175,2,-95.75,2,0,2,0,2,0,2,0
341c-f0d4-70be,3176,2,-94.75,2,0,2,0,2,0,2,0
341c-f0d4-70be,3177,2,-95.0,2,0,2,0,2,0,2,0
341c-f0d4-70be,3178,2,-95.25,2,0,2,0,2,0,2,0
341c-f0d4-70be,3179,2,-95.25,2,0,2,0,2,0,2,0
341c-f0d4-70be,3180,2,-95.5,2,0,2,0,2,0,2,0
341c-f0d4-70be,3181,2,-95.25,2,0,2,0,2,0,2,0
341c-f0d4-70be,3182,2,-95.5,2,0,2,0,2,0,2,0
341c-f0d4-70be,3183,2,-95.0,2,0,2,0,2,0,2,0
341c-f0d4-70be,3184,2,-95.25,2,0,2,0,2,0,2,0
341c-f0d4-70be,3185,2,-95.25,2,0,2,0,2,0,2,0
341c-f0d4-70be,3186,2,-95.0,2,0,2,0,2,0,2,0
341c-f0d4-70be,3187,2,-95.0,3,1,3,1,3,1,3,1
341c-f0d4-70be,3188,2,-95.25,2,0,2,0,2,0,2,0
341c-f0d4-70be,3189,2,-95.0,2,0,2,0,2,0,2,0
341c-f0d4-70be,3190,2,-95.0,2,0,2,0,2,0,2,0
341c-f0d4-70be,3191,2,-95.0,2,0,2,0,2,0,2,0
341c-f0d4-70be,3192,2,-93.25,2,0,2,0,2,0,2,0
341c-f0d4-70be,3193,2,-95.0,2,0,2,0,2,0,2,0
341c-f0d4-70be,3194,2,-95.5,2,0,2,0,2,0,2,0
341c-f0d4-70be,3195,2,-95.25,2,0,2,0,2,0,2,0
341c-f0d4-70be,3196,2,-95.75,2,0,2,0,2,0,2,0
341c-f0d4-70be,3197,2,-95.5,2,0,2,0,2,0,2,0
341c-f0d4-70be,3198,2,-95.25,2,0,2,0,2,0,2,0
341c-f0d4-70be,3199,2,-95.5,2,0,2,0,2,0,2,0
341c-f0d4-70be,3200,2,-95.5,2,0,2,0,2,0,2,0
341c-f0d4-70be,3201,2,-95.5,2,0,2,0,2,0,2,0
341c-f0d4-70be,3202,2,-95.25,2,0,2,0,2,0,2,0
341c-f0d4-70be,3203,2,-95.25,2,0,2,0,2,0,2,0
341c-f0d4-70be,3204,2,-95.5,2,0,2,0,2,0,2,0
341c-f0d4-70be,3205,2,-95.25,2,0,2,0,2,0,2,0
341c-f0d4-70be,3206,2,-95.25,2,0,2,0,2,0,2,0
341c-f0d4-70be,3207,2,-95.0,2,0,2,0,2,0,2,0
341c-f0d4-70be,3208,2,-95.25,2,0,2,0,2,0,2,0
341c-f0d4-70be,3209,2,-95.0,2,0,2,0,2,0,2,0
341c-f0d4-70be,3210,2,-95.75,2,0,2,0,2,0,2,0
341c-f0d4-70be,3211,2,-95.5,2,0,2,0,2,0,2,0
341c-f0d4-70be,3212,2,-94.75,2,0,2,0,2,0,2,0
341c-f0d4-70be,3213,2,-95.25,2,0,2,0,2,0,2,0
341c-f0d4-70be,3214,2,-95.25,2,0,2,0,2,0,2,0
341c-f0d4-70be,3215,2,-95.5,2,0,2,0,2,0,2,0
341c-f0d4-70be,3216,2,-95.5,2,0,2,0,2,0,2,0
341c-f0d4-70be,3217,2,-95.0,2,0,2,0,2,0,2,0
341c-f0d4-70be,3218,2,-95.25,2,0,2,0,2,0,2,0
341c-f0d4-70be,3219,2,-95.0,2,0,2,0,2,0,2,0
341c-f0d4-70be,3220,1,-95.75,2,1,2,1,2,1,2,1
341c-f0d4-70be,3221,1,-95.5,1,0,1,0,1,0,1,0
341c-f0d4-70be,3222,1,-95.0,2,1,2,1,2,1,2,1
341c-f0d4-70be,3223,1,-95.25,2,1,2,1,2,1,2,1
341c-f0d4-70be,3224,1,-95.25,2,1,2,1,2,1,2,1
341c-f0d4-70be,3225,1,-94.75,2,1,2,1,2,1,2,1
341c-f0d4-70be,3226,1,-95.25,2,1,2,1,1,0,2,1
341c-f0d4-70be,3227,1,-95.5,2,1,2,1,2,1,2,1
341c-f0d4-70be,3228,1,-95.5,2,1,2,1,2,1,2,1
341c-f0d4-70be,3229,1,-95.25,2,1,2,1,2,1,2,1
341c-f0d4-70be,3230,1,-95.0,2,1,2,1,1,0,2,1
341c-f0d4-70be,3231,1,-95.25,2,1,2,1,2,1,2,1
341c-f0d4-70be,3232,1,-95.0,2,1,2,1,2,1,2,1
341c-f0d4-70be,3233,1,-95.5,3,2,3,2,3,2,3,2
341c-f0d4-70be,3234,1,-95.25,2,1,2,1,2,1,2,1
341c-f0d4-70be,3235,1,-95.0,2,1,2,1,2,1,2,1
341c-f0d4-70be,3236,1,-95.0,2,1,2,1,1,0,2,1
341c-f0d4-70be,3237,1,-96.0,2,1,2,1,2,1,2,1
341c-f0d4-70be,3238,1,-95.25,2,1,2,1,1,0,2,1
341c-f0d4-70be,3239,1,-95.25,1,0,1,0,1,0,1,0
341c-f0d4-70be,3240,1,-94.5,2,1,2,1,1,0,2,1
341c-f0d4-70be,3241,1,-95.5,2,1,2,1,2,1,2,1
341c-f0d4-70be,3242,1,-95.25,2,1,2,1,2,1,2,1
341c-f0d4-70be,3243,1,-94.75,2,1,2,1,1,0,2,1
341c-f0d4-70be,3244,1,-95.5,2,1,2,1,2,1,2,1
341c-f0d4-70be,3245,1,-95.5,2,1,2,1,2,1,2,1
341c-f0d4-70be,3246,1,-95.25,2,1,2,1,1,0,2,1
341c-f0d4-70be,3247,1,-95.25,2,1,2,1,1,0,2,1
341c-f0d4-70be,3248,1,-95.25,2,1,2,1,2,1,2,1
341c-f0d4-70be,3249,1,-95.0,2,1,2,1,1,0,2,1
341c-f0d4-70be,3250,1,-95.0,2,1,2,1,1,0,2,1
341c-f0d4-70be,3251,1,-94.75,2,1,2,1,1,0,2,1
341c-f0d4-70be,3252,1,-95.0,2,1,2,1,1,0,2,1
341c-f0d4-70be,3253,1,-95.25,2,1,2,1,1,0,2,1
341c-f0d4-70be,3254,1,-95.0,1,0,1,0,1,0,1,0
341c-f0d4-70be,3255,1,-95.5,1,0,1,0,1,0,1,0
341c-f0d4-70be,3256,1,-95.5,1,0,1,0,1,0,1,0
341c-f0d4-70be,3257,1,-95.25,1,0,1,0,1,0,1,0
341c-f0d4-70be,3258,1,-95.25,1,0,1,0,1,0,1,0
341c-f0d4-70be,3259,1,-95.0,1,0,1,0,1,0,1,0
341c-f0d4-70be,3260,1,-95.25,2,1,2,1,1,0,2,1
341c-f0d4-70be,3261,1,-95.5,2,1,2,1,2,1,2,1
341c-f0d4-70be,3262,1,-95.25,2,1,2,1,1,0,2,1
341c-f0d4-70be,3263,1,-95.0,2,1,2,1,1,0,2,1
341c-f0d4-70be,3264,1,-95.0,2,1,2,1,1,0,2,1
341c-f0d4-70be,3265,1,-95.5,2,1,2,1,2,1,2,1
341c-f0d4-70be,3266,1,-94.75,2,1,2,1,1,0,2,1
341c-f0d4-70be,3267,1,-94.0,2,1,2,1,2,1,2,1
341c-f0d4-70be,3268,1,-95.25,2,1,2,1,1,0,2,1
341c-f0d4-70be,3269,1,-94.5,2,1,2,1,1,0,2,1
341c-f0d4-70be,3270,1,-93.75,2,1,2,1,1,0,2,1
341c-f0d4-70be,3271,1,-94.75,2,1,2,1,1,0,2,1
341c-f0d4-70be,3272,1,-95.0,1,0,1,0,1,0,1,0
341c-f0d4-70be,3273,1,-95.25,2,1,2,1,2,1,2,1
341c-f0d4-70be,3274,1,-95.0,2,1,2,1,2,1,2,1
341c-f0d4-70be,3275,1,-94.5,1,0,1,0,1,0,1,0
341c-f0d4-70be,3276,1,-95.0,2,1,2,1,1,0,2,1
341c-f0d4-70be,3277,1,-94.75,2,1,2,1,1,0,2,1
341c-f0d4-70be,3278,1,-95.0,2,1,2,1,1,0,2,1
341c-f0d4-70be,3279,1,-95.0,2,1,2,1,1,0,2,1
341c-f0d4-70be,3280,1,-95.0,2,1,2,1,1,0,2,1
341c-f0d4-70be,3281,1,-95.0,2,1,2,1,2,1,2,1
341c-f0d4-70be,3282,1,-95.0,2,1,2,1,1,0,2,1
341c-f0d4-70be,3283,1,-94.75,2,1,2,1,1,0,2,1
341c-f0d4-70be,3284,0,-95.0,2,2,2,2,2,2,2,2
341c-f0d4-70be,3285,0,-95.5,1,1,1,1,1,1,1,1
341c-f0d4-70be,3286,0,-95.25,2,2,2,2,1,1,2,2
341c-f0d4-70be,3287,0,-95.25,1,1,1,1,1,1,1,1
341c-f0d4-70be,3288,0,-95.25,2,2,2,2,2,2,2,2
341c-f0d4-70be,3289,0,-95.25,2,2,2,2,2,2,2,2
341c-f0d4-70be,3290,0,-95.5,2,2,2,2,2,2,2,2
341c-f0d4-70be,3291,0,-95.75,2,2,2,2,2,2,2,2
341c-f0d4-70be,3292,0,-95.5,1,1,1,1,1,1,1,1
341c-f0d4-70be,3293,0,-95.25,2,2,2,2,2,2,2,2
341c-f0d4-70be,3294,3,-95.0,4,1,4,1,4,1,4,1
341c-f0d4-70be,3295,3,-95.25,4,1,4,1,4,1,4,1
341c-f0d4-70be,3296,3,-95.0,4,1,4,1,4,1,4,1
341c-f0d4-70be,3297,3,-94.5,4,1,4,1,4,1,4,1
341c-f0d4-70be,3298,3,-94.25,3,0,3,0,3,0,3,0
341c-f0d4-70be,3299,3,-94.75,4,1,4,1,4,1,4,1
341c-f0d4-70be,3300,3,-95.0,3,0,3,0,3,0,3,0
341c-f0d4-70be,3301,4,-95.0,3,1,3,1,3,1,3,1
341c-f0d4-70be,3302,5,-95.0,3,2,3,2,3,2,3,2
341c-f0d4-70be,3303,4,-95.25,4,0,4,0,4,0,4,0
341c-f0d4-70be,3304,4,-95.25,4,0,4,0,4,0,4,0
341c-f0d4-70be,3305,4,-95.25,4,0,4,0,4,0,4,0
341c-f0d4-70be,3306,4,-94.5,2,2,2,2,2,2,2,2
341c-f0d4-70be,3307,4,-95.0,4,0,4,0,4,0,4,0
341c-f0d4-70be,3308,4,-95.25,5,1,5,1,5,1,5,1
341c-f0d4-70be,3309,4,-95.5,4,0,5,1,5,1,4,0
341c-f0d4-70be,3310,4,-94.5,2,2,2,2,2,2,2,2
341c-f0d4-70be,3311,4,-95.25,5,1,5,1,6,2,5,1
341c-f0d4-70be,3312,5,-95.25,2,3,2,3,3,2,2,3
341c-f0d4-70be,3313,5,-95.0,3,2,3,2,3,2,3,2
341c-f0d4-70be,3314,5,-95.0,3,2,3,2,3,2,3,2
341c-f0d4-70be,3315,5,-95.25,2,3,2,3,3,2,2,3
341c-f0d4-70be,3316,5,-95.0,3,2,3,2,3,2,3,2
341c-f0d4-70be,3317,5,-94.75,2,3,2,3,2,3,2,3
341c-f0d4-70be,3318,5,-95.0,4,1,4,1,4,1,4,1
341c-f0d4-70be,3319,5,-95.0,3,2,3,2,3,2,3,2
341c-f0d4-70be,3320,5,-95.25,4,1,4,1,4,1,4,1
341c-f0d4-70be,3321,5,-94.75,3,2,3,2,3,2,3,2
341c-f0d4-70be,3322,5,-94.75,3,2,3,2,3,2,3,2
341c-f0d4-70be,3323,5,-95.0,3,2,3,2,3,2,3,2
341c-f0d4-70be,3324,5,-95.0,3,2,3,2,3,2,3,2
341c-f0d4-70be,3325,5,-94.75,3,2,3,2,3,2,3,2
341c-f0d4-70be,3326,4,-95.0,3,1,3,1,3,1,3,1
341c-f0d4-70be,3327,4,-95.0,2,2,2,2,3,1,2,2
341c-f0d4-70be,3328,5,-94.5,4,1,4,1,4,1,4,1
341c-f0d4-70be,3329,5,-95.0,2,3,2,3,3,2,2,3
341c-f0d4-70be,3330,5,-95.0,2,3,2,3,3,2,2,3
341c-f0d4-70be,3331,5,-94.5,3,2,3,2,3,2,3,2
341c-f0d4-70be,3332,5,-95.25,3,2,3,2,3,2,3,2
341c-f0d4-70be,3333,5,-95.25,3,2,3,2,3,2,3,2
341c-f0d4-70be,3334,5,-95.0,4,1,5,0,5,0,4,1
341c-f0d4-70be,3335,5,-95.0,5,0,5,0,5,0,5,0
341c-f0d4-70be,3336,5,-95.25,4,1,5,0,5,0,4,1
341c-f0d4-70be,3337,5,-94.75,4,1,5,0,5,0,4,1
341c-f0d4-70be,3338,5,-94.75,4,1,4,1,4,1,4,1
341c-f0d4-70be,3339,5,-94.75,3,2,3,2,3,2,3,2
341c-f0d4-70be,3340,5,-94.75,3,2,3,2,3,2,3,2
341c-f0d4-70be,3341,5,-95.25,2,3,2,3,2,3,2,3
341c-f0d4-70be,3342,5,-95.75,2,3,3,2,3,2,2,3
341c-f0d4-70be,3343,5,-94.75,3,2,3,2,3,2,3,2
341c-f0d4-70be,3344,5,-95.25,4,1,4,1,4,1,4,1
341c-f0d4-70be,3345,5,-95.25,4,1,4,1,4,1,4,1
341c-f0d4-70be,3346,5,-95.0,2,3,2,3,3,2,2,3
341c-f0d4-70be,3347,5,-95.5,4,1,4,1,4,1,4,1
341c-f0d4-70be,3348,5,-95.0,2,3,2,3,2,3,2,3
341c-f0d4-70be,3349,5,-95.25,3,2,3,2,3,2,3,2
341c-f0d4-70be,3350,5,-95.0,3,2,3,2,3,2,3,2
341c-f0d4-70be,3351,5,-95.0,4,1,5,0,5,0,4,1
341c-f0d4-70be,3352,5,-95.5,5,0,5,0,5,0,5,0
341c-f0d4-70be,3353,5,-95.0,3,2,3,2,3,2,3,2
341c-f0d4-70be,3354,5,-94.25,3,2,3,2,3,2,3,2
341c-f0d4-70be,3355,5,-95.0,3,2,3,2,3,2,3,2
341c-f0d4-70be,3356,5,-94.75,3,2,3,2,3,2,3,2
341c-f0d4-70be,3357,5,-94.75,3,2,3,2,3,2,3,2
341c-f0d4-70be,3358,5,-95.25,4,1,4,1,4,1,4,1
341c-f0d4-70be,3359,5,-94.75,3,2,3,2,3,2,3,2
341c-f0d4-70be,3360,5,-94.75,3,2,3,2,3,2,3,2
341c-f0d4-70be,3361,5,-95.25,3,2,3,2,3,2,3,2
341c-f0d4-70be,3362,4,-95.5,4,0,4,0,4,0,4,0
341c-f0d4-70be,3363,4,-95.25,4,0,4,0,4,0,4,0
341c-f0d4-70be,3364,5,-95.0,4,1,5,0,5,0,4,1
341c-f0d4-70be,3365,5,-95.25,4,1,4,1,4,1,4,1
341c-f0d4-70be,3366,5,-95.0,5,0,5,0,5,0,5,0
341c-f0d4-70be,3367,5,-95.0,5,0,5,0,5,0,5,0
341c-f0d4-70be,3368,5,-94.75,4,1,4,1,4,1,4,1
341c-f0d4-70be,3369,5,-95.25,4,1,4,1,4,1,4,1
341c-f0d4-70be,3370,5,-94.75,4,1,4,1,4,1,4,1
341c-f0d4-70be,3371,5,-94.75,4,1,4,1,4,1,4,1
341c-f0d4-70be,3372,5,-95.25,5,0,5,0,5,0,5,0
341c-f0d4-70be,3373,5,-95.5,4,1,4,1,4,1,4,1
341c-f0d4-70be,3374,5,-95.0,4,1,4,1,4,1,4,1
341c-f0d4-70be,3375,5,-95.25,4,1,4,1,4,1,4,1
341c-f0d4-70be,3376,5,-95.0,4,1,4,1,4,1,4,1
341c-f0d4-70be,3377,5,-94.5,4,1,4,1,4,1,4,1
341c-f0d4-70be,3378,5,-94.75,4,1,4,1,4,1,4,1
341c-f0d4-70be,3379,5,-94.75,4,1,5,0,5,0,4,1
341c-f0d4-70be,3380,5,-95.25,4,1,4,1,4,1,4,1
341c-f0d4-70be,3381,5,-95.25,4,1,4,1,4,1,4,1
341c-f0d4-70be,3382,5,-94.75,4,1,4,1,4,1,4,1
341c-f0d4-70be,3383,5,-95.0,4,1,4,1,4,1,4,1
341c-f0d4-70be,3384,5,-94.75,4,1,4,1,4,1,4,1
341c-f0d4-70be,3385,5,-95.0,4,1,4,1,4,1,4,1
341c-f0d4-70be,3386,5,-94.75,4,1,4,1,4,1,4,1
341c-f0d4-70be,3387,4,-94.75,4,0,5,1,4,0,4,0
341c-f0d4-70be,3388,4,-95.0,4,0,4,0,4,0,4,0
341c-f0d4-70be,3389,5,-95.25,5,0,5,0,5,0,5,0
341c-f0d4-70be,3390,5,-95.0,4,1,4,1,4,1,4,1
341c-f0d4-70be,3391,5,-95.25,4,1,4,1,4,1,4,1
341c-f0d4-70be,3392,4,-95.0,4,0,4,0,4,0,4,0
341c-f0d4-70be,3393,5,-94.75,5,0,5,0,5,0,5,0
341c-f0d4-70be,3394,5,-94.75,4,1,5,0,5,0,4,1
341c-f0d4-70be,3395,5,-95.0,4,1,4,1,4,1,4,1
341c-f0d4-70be,3396,5,-95.25,4,1,4,1,4,1,4,1
341c-f0d4-70be,3397,4,-94.75,4,0,5,1,4,0,4,0
341c-f0d4-70be,3398,4,-94.5,5,1,5,1,5,1,5,1
341c-f0d4-70be,3399,5,-94.75,5,0,5,0,5,0,5,0
341c-f0d4-70be,3400,5,-95.25,4,1,5,0,4,1,4,1
341c-f0d4-70be,3401,5,-95.0,4,1,4,1,4,1,4,1
341c-f0d4-70be,3402,4,-94.5,4,0,4,0,4,0,4,0
341c-f0d4-70be,3403,5,-95.0,4,1,4,1,4,1,4,1
341c-f0d4-70be,3404,5,-94.75,4,1,4,1,4,1,4,1
341c-f0d4-70be,3405,5,-94.75,4,1,4,1,4,1,4,1
341c-f0d4-70be,3406,4,-95.0,4,0,4,0,4,0,4,0
341c-f0d4-70be,3407,5,-95.25,4,1,4,1,4,1,4,1
341c-f0d4-70be,3408,4,-95.0,4,0,4,0,4,0,4,0
341c-f0d4-70be,3409,4,-95.75,4,0,4,0,4,0,4,0
341c-f0d4-70be,3410,4,-95.5,4,0,4,0,4,0,4,0
341c-f0d4-70be,3411,4,-95.25,4,0,4,0,4,0,4,0
341c-f0d4-70be,3412,4,-95.5,4,0,4,0,4,0,4,0
341c-f0d4-70be,3413,4,-95.25,4,0,4,0,4,0,4,0
341c-f0d4-70be,3414,4,-95.0,4,0,4,0,4,0,4,0
341c-f0d4-70be,3415,4,-95.25,3,1,3,1,3,1,3,1
341c-f0d4-70be,3416,4,-95.25,4,0,4,0,4,0,4,0
341c-f0d4-70be,3417,4,-80.75,4,0,2,2,1,3,4,0
341c-f0d4-70be,3418,4,-95.0,4,0,4,0,4,0,4,0
341c-f0d4-70be,3419,4,-95.25,4,0,4,0,4,0,4,0
341c-f0d4-70be,3420,4,-95.25,4,0,4,0,4,0,4,0
341c-f0d4-70be,3421,4,-95.25,4,0,4,0,4,0,4,0
341c-f0d4-70be,3422,4,-95.0,4,0,4,0,4,0,4,0
341c-f0d4-70be,3423,5,-95.25,4,1,4,1,4,1,4,1
341c-f0d4-70be,3424,5,-94.75,4,1,4,1,4,1,4,1
341c-f0d4-70be,3425,5,-95.25,4,1,4,1,4,1,4,1
341c-f0d4-70be,3426,5,-94.75,4,1,4,1,4,1,4,1
341c-f0d4-70be,3427,5,-95.0,4,1,5,0,4,1,4,1
341c-f0d4-70be,3428,5,-95.25,4,1,4,1,4,1,4,1
341c-f0d4-70be,3429,5,-94.75,4,1,4,1,4,1,4,1
341c-f0d4-70be,3430,4,-95.0,4,0,5,1,5,1,4,0
341c-f0d4-70be,3431,4,-94.5,5,1,5,1,5,1,5,1
341c-f0d4-70be,3432,5,-95.0,4,1,4,1,4,1,4,1
341c-f0d4-70be,3433,4,-95.0,4,0,5,1,4,0,4,0
341c-f0d4-70be,3434,4,-95.25,5,1,5,1,5,1,5,1
341c-f0d4-70be,3435,4,-95.0,5,1,5,1,5,1,5,1
341c-f0d4-70be,3436,5,-94.75,4,1,4,1,4,1,4,1
341c-f0d4-70be,3437,4,-95.0,4,0,4,0,4,0,4,0
341c-f0d4-70be,3438,4,-95.0,4,0,4,0,4,0,4,0
341c-f0d4-70be,3439,4,-94.5,3,1,3,1,3,1,3,1
341c-f0d4-70be,3440,5,-95.0,4,1,4,1,4,1,4,1
341c-f0d4-70be,3441,5,-94.75,4,1,4,1,4,1,4,1
341c-f0d4-70be,3442,4,-94.75,4,0,4,0,4,0,4,0
341c-f0d4-70be,3443,4,-95.0,4,0,4,0,4,0,4,0
341c-f0d4-70be,3444,4,-95.0,3,1,3,1,3,1,3,1
341c-f0d4-70be,3445,4,-95.0,4,0,4,0,4,0,4,0
341c-f0d4-70be,3446,5,-95.0,4,1,4,1,4,1,4,1
341c-f0d4-70be,3447,5,-95.0,4,1,4,1,4,1,4,1
341c-f0d4-70be,3448,5,-94.75,4,1,4,1,4,1,4,1
341c-f0d4-70be,3449,5,-95.0,4,1,4,1,4,1,4,1
341c-f0d4-70be,3450,5,-95.0,4,1,4,1,4,1,4,1
341c-f0d4-70be,3451,4,-94.5,5,1,5,1,4,0,5,1
341c-f0d4-70be,3452,5,-95.0,5,0,5,0,5,0,5,0
341c-f0d4-70be,3453,4,-95.25,3,1,3,1,3,1,3,1
341c-f0d4-70be,3454,4,-95.25,4,0,4,0,4,0,4,0
341c-f0d4-70be,3455,4,-95.0,5,1,5,1,5,1,5,1
341c-f0d4-70be,3456,5,-95.0,3,2,3,2,3,2,3,2
341c-f0d4-70be,3457,4,-95.25,3,1,3,1,3,1,3,1
341c-f0d4-70be,3458,4,-94.75,5,1,5,1,5,1,5,1
341c-f0d4-70be,3459,4,-95.5,3,1,3,1,3,1,3,1
341c-f0d4-70be,3460,4,-95.25,4,0,4,0,4,0,4,0
341c-f0d4-70be,3461,4,-94.75,4,0,4,0,4,0,4,0
341c-f0d4-70be,3462,4,-94.75,4,0,4,0,4,0,4,0
341c-f0d4-70be,3463,5,-95.0,3,2,3,2,3,2,3,2
341c-f0d4-70be,3464,5,-95.0,2,3,2,3,3,2,2,3
341c-f0d4-70be,3465,5,-94.5,2,3,2,3,2,3,2,3
341c-f0d4-70be,3466,5,-95.0,3,2,3,2,3,2,3,2
341c-f0d4-70be,3467,5,-95.0,4,1,4,1,4,1,4,1
341c-f0d4-70be,3468,5,-95.75,3,2,3,2,3,2,3,2
341c-f0d4-70be,3469,5,-94.75,3,2,3,2,3,2,3,2
341c-f0d4-70be,3470,5,-94.5,4,1,4,1,4,1,4,1
341c-f0d4-70be,3471,4,-94.75,4,0,4,0,4,0,4,0
341c-f0d4-70be,3472,4,-94.5,4,0,4,0,4,0,4,0
341c-f0d4-70be,3473,5,-95.25,4,1,4,1,4,1,4,1
341c-f0d4-70be,3474,4,-95.5,4,0,4,0,4,0,4,0
341c-f0d4-70be,3475,4,-95.0,3,1,3,1,3,1,3,1
341c-f0d4-70be,3476,4,-95.0,3,1,3,1,3,1,3,1
341c-f0d4-70be,3477,4,-95.0,3,1,3,1,3,1,3,1
341c-f0d4-70be,3478,4,-94.75,3,1,3,1,3,1,3,1
341c-f0d4-70be,3479,4,-94.75,3,1,3,1,3,1,3,1
341c-f0d4-70be,3480,4,-94.75,3,1,3,1,3,1,3,1
341c-f0d4-70be,3481,4,-95.25,3,1,3,1,3,1,3,1
341c-f0d4-70be,3482,5,-95.0,3,2,3,2,3,2,3,2
341c-f0d4-70be,3483,4,-94.75,3,1,3,1,3,1,3,1
341c-f0d4-70be,3484,5,-94.5,3,2,3,2,3,2,3,2
341c-f0d4-70be,3485,4,-94.5,3,1,3,1,3,1,3,1
341c-f0d4-70be,3486,4,-94.75,3,1,3,1,3,1,3,1
341c-f0d4-70be,3487,5,-95.25,2,3,3,2,3,2,2,3
341c-f0d4-70be,3488,5,-94.5,3,2,3,2,3,2,3,2
341c-f0d4-70be,3489,5,-93.0,3,2,3,2,3,2,3,2
341c-f0d4-70be,3490,5,-95.25,3,2,3,2,3,2,3,2
341c-f0d4-70be,3491,5,-94.5,3,2,3,2,3,2,3,2
341c-f0d4-70be,3492,5,-92.75,4,1,3,2,3,2,4,1
341c-f0d4-70be,3493,4,-94.25,3,1,3,1,3,1,3,1
341c-f0d4-70be,3494,5,-95.0,4,1,4,1,4,1,4,1
341c-f0d4-70be,3495,4,-94.75,2,2,2,2,2,2,2,2
341c-f0d4-70be,3496,4,-94.75,2,2,2,2,2,2,2,2
341c-f0d4-70be,3497,4,-95.0,3,1,3,1,3,1,3,1
341c-f0d4-70be,3498,4,-95.0,4,0,4,0,4,0,4,0
341c-f0d4-70be,3499,4,-95.0,4,0,4,0,4,0,4,0
341c-f0d4-70be,3500,4,-95.0,3,1,3,1,3,1,3,1
341c-f0d4-70be,3501,4,-94.75,4,0,4,0,4,0,4,0
341c-f0d4-70be,3502,4,-94.75,4,0,5,1,5,1,4,0
341c-f0d4-70be,3503,4,-94.5,3,1,3,1,3,1,3,1
341c-f0d4-70be,3504,4,-94.25,4,0,4,0,4,0,4,0
341c-f0d4-70be,3505,4,-95.25,4,0,4,0,4,0,4,0
341c-f0d4-70be,3506,4,-95.25,3,1,3,1,3,1,3,1
341c-f0d4-70be,3507,4,-94.75,3,1,3,1,3,1,3,1
341c-f0d4-70be,3508,4,-94.5,3,1,3,1,3,1,3,1
341c-f0d4-70be,3509,4,-95.5,4,0,4,0,4,0,4,0
341c-f0d4-70be,3510,4,-95.0,3,1,3,1,3,1,3,1
341c-f0d4-70be,3511,4,-95.25,3,1,3,1,3,1,3,1
341c-f0d4-70be,3512,4,-94.5,3,1,3,1,3,1,3,1
341c-f0d4-70be,3513,4,-95.0,3,1,3,1,3,1,3,1
341c-f0d4-70be,3514,4,-94.75,3,1,3,1,3,1,3,1
341c-f0d4-70be,3515,4,-94.5,3,1,3,1,3,1,3,1
341c-f0d4-70be,3516,4,-94.5,4,0,4,0,4,0,4,0
341c-f0d4-70be,3517,4,-95.25,5,1,5,1,5,1,5,1
341c-f0d4-70be,3518,4,-94.75,5,1,5,1,5,1,5,1
341c-f0d4-70be,3519,4,-94.75,4,0,4,0,4,0,4,0
341c-f0d4-70be,3520,5,-94.5,4,1,4,1,4,1,4,1
341c-f0d4-70be,3521,4,-95.0,5,1,5,1,5,1,5,1
341c-f0d4-70be,3522,5,-95.5,5,0,5,0,5,0,5,0
341c-f0d4-70be,3523,4,-94.5,4,0,4,0,4,0,4,0
341c-f0d4-70be,3524,4,-95.0,4,0,4,0,4,0,4,0
341c-f0d4-70be,3525,5,-95.0,4,1,4,1,4,1,4,1
341c-f0d4-70be,3526,5,-95.25,4,1,4,1,4,1,4,1
341c-f0d4-70be,3527,5,-95.0,4,1,4,1,4,1,4,1
341c-f0d4-70be,3528,5,-94.75,4,1,4,1,4,1,4,1
341c-f0d4-70be,3529,4,-95.0,4,0,4,0,4,0,4,0
341c-f0d4-70be,3530,4,-95.0,4,0,4,0,4,0,4,0
341c-f0d4-70be,3531,4,-94.25,4,0,4,0,4,0,4,0
341c-f0d4-70be,3532,4,-94.5,4,0,4,0,4,0,4,0
341c-f0d4-70be,3533,4,-95.0,4,0,4,0,4,0,4,0
341c-f0d4-70be,3534,5,-94.75,4,1,4,1,4,1,4,1
341c-f0d4-70be,3535,5,-94.75,4,1,4,1,4,1,4,1
341c-f0d4-70be,3536,5,-95.0,4,1,4,1,4,1,4,1
341c-f0d4-70be,3537,5,-95.25,4,1,4,1,4,1,4,1
341c-f0d4-70be,3538,5,-95.0,4,1,4,1,4,1,4,1
341c-f0d4-70be,3539,5,-94.75,4,1,4,1,4,1,4,1
341c-f0d4-70be,3540,5,-94.25,4,1,4,1,4,1,4,1
341c-f0d4-70be,3541,5,-94.5,4,1,4,1,4,1,4,1
341c-f0d4-70be,3542,5,-95.0,4,1,4,1,4,1,4,1
341c-f0d4-70be,3543,5,-94.5,4,1,4,1,4,1,4,1
341c-f0d4-70be,3544,4,-94.75,4,0,4,0,4,0,4,0
341c-f0d4-70be,3545,4,-95.25,4,0,4,0,4,0,4,0
341c-f0d4-70be,3546,4,-94.75,4,0,4,0,4,0,4,0
341c-f0d4-70be,3547,4,-95.25,4,0,4,0,4,0,4,0
341c-f0d4-70be,3548,5,-94.0,4,1,4,1,4,1,4,1
341c-f0d4-70be,3549,5,-94.75,5,0,5,0,5,0,5,0
341c-f0d4-70be,3550,5,-95.0,4,1,4,1,4,1,4,1
341c-f0d4-70be,3551,5,-94.75,5,0,5,0,5,0,5,0
341c-f0d4-70be,3552,5,-95.0,4,1,4,1,4,1,4,1
341c-f0d4-70be,3553,5,-95.25,4,1,4,1,4,1,4,1
341c-f0d4-70be,3554,5,-95.0,4,1,4,1,4,1,4,1
341c-f0d4-70be,3555,5,-95.0,4,1,4,1,4,1,4,1
341c-f0d4-70be,3556,4,-95.0,4,0,4,0,4,0,4,0
341c-f0d4-70be,3557,4,-95.0,4,0,4,0,4,0,4,0
341c-f0d4-70be,3558,4,-95.0,4,0,4,0,4,0,4,0
341c-f0d4-70be,3559,4,-95.0,4,0,4,0,4,0,4,0
341c-f0d4-70be,3560,4,-95.0,4,0,4,0,4,0,4,0
341c-f0d4-70be,3561,5,-95.25,4,1,4,1,4,1,4,1
341c-f0d4-70be,3562,5,-95.0,4,1,4,1,4,1,4,1
341c-f0d4-70be,3563,5,-94.75,4,1,4,1,4,1,4,1
341c-f0d4-70be,3564,5,-94.75,4,1,4,1,4,1,4,1
341c-f0d4-70be,3565,5,-95.25,4,1,4,1,4,1,4,1
341c-f0d4-70be,3566,5,-95.25,4,1,4,1,4,1,4,1
341c-f0d4-70be,3567,5,-94.5,4,1,4,1,4,1,4,1
341c-f0d4-70be,3568,5,-95.0,4,1,4,1,4,1,4,1
341c-f0d4-70be,3569,5,-95.25,4,1,4,1,4,1,4,1
341c-f0d4-70be,3570,5,-95.25,4,1,4,1,4,1,4,1
341c-f0d4-70be,3571,5,-95.25,4,1,4,1,4,1,4,1
341c-f0d4-70be,3572,5,-94.75,4,1,4,1,4,1,4,1
341c-f0d4-70be,3573,5,-95.0,4,1,4,1,4,1,4,1
341c-f0d4-70be,3574,5,-95.0,4,1,4,1,4,1,4,1
341c-f0d4-70be,3575,5,-95.0,4,1,4,1,4,1,4,1
341c-f0d4-70be,3576,5,-95.0,4,1,4,1,4,1,4,1
341c-f0d4-70be,3577,5,-95.0,4,1,4,1,4,1,4,1
341c-f0d4-70be,3578,5,-95.0,4,1,4,1,4,1,4,1
341c-f0d4-70be,3579,5,-95.0,4,1,4,1,4,1,4,1
341c-f0d4-70be,3580,5,-95.0,4,1,4,1,4,1,4,1
341c-f0d4-70be,3581,5,-94.75,4,1,4,1,4,1,4,1
341c-f0d4-70be,3582,5,-95.0,5,0,5,0,5,0,5,0
341c-f0d4-70be,3583,5,-95.0,4,1,4,1,4,1,4,1
341c-f0d4-70be,3584,5,-94.75,4,1,4,1,4,1,4,1
341c-f0d4-70be,3585,4,-94.75,4,0,4,0,4,0,4,0
341c-f0d4-70be,3586,4,-94.25,4,0,4,0,4,0,4,0
341c-f0d4-70be,3587,5,-95.0,4,1,4,1,4,1,4,1
341c-f0d4-70be,3588,5,-95.0,4,1,4,1,4,1,4,1
341c-f0d4-70be,3589,5,-94.75,4,1,4,1,4,1,4,1
341c-f0d4-70be,3590,4,-95.0,4,0,4,0,4,0,4,0
341c-f0d4-70be,3591,4,-95.25,4,0,4,0,4,0,4,0
341c-f0d4-70be,3592,4,-95.25,4,0,4,0,4,0,4,0
341c-f0d4-70be,3593,4,-95.0,4,0,4,0,4,0,4,0
341c-f0d4-70be,3594,5,-94.75,5,0,5,0,5,0,5,0
341c-f0d4-70be,3595,5,-94.75,4,1,4,1,4,1,4,1
341c-f0d4-70be,3596,5,-95.5,4,1,4,1,4,1,4,1
341c-f0d4-70be,3597,5,-94.75,4,1,4,1,4,1,4,1
341c-f0d4-70be,3598,5,-95.0,4,1,4,1,4,1,4,1
341c-f0d4-70be,3599,5,-95.0,4,1,4,1,4,1,4,1
341c-f0d4-70be,3600,5,-94.75,4,1,4,1,4,1,4,1
341c-f0d4-70be,3601,5,-94.75,4,1,4,1,4,1,4,1
341c-f0d4-70be,3602,5,-94.75,4,1,4,1,4,1,4,1
341c-f0d4-70be,3603,5,-94.75,4,1,4,1,4,1,4,1
341c-f0d4-70be,3604,5,-95.25,4,1,4,1,4,1,4,1
341c-f0d4-70be,3605,5,-94.5,4,1,4,1,4,1,4,1
341c-f0d4-70be,3606,5,-94.75,4,1,4,1,4,1,4,1
341c-f0d4-70be,3607,5,-94.5,4,1,4,1,4,1,4,1
341c-f0d4-70be,3608,5,-95.0,4,1,4,1,4,1,4,1
341c-f0d4-70be,3609,5,-95.0,4,1,4,1,4,1,4,1
341c-f0d4-70be,3610,5,-94.5,4,1,4,1,4,1,4,1
341c-f0d4-70be,3611,5,-94.0,4,1,4,1,4,1,4,1
341c-f0d4-70be,3612,5,-95.25,4,1,4,1,4,1,4,1
341c-f0d4-70be,3613,5,-94.75,4,1,4,1,4,1,4,1
341c-f0d4-70be,3614,5,-93.75,4,1,4,1,4,1,4,1
341c-f0d4-70be,3615,5,-94.0,4,1,4,1,4,1,4,1
341c-f0d4-70be,3616,5,-94.75,4,1,4,1,4,1,4,1
341c-f0d4-70be,3617,5,-95.0,4,1,4,1,4,1,4,1
341c-f0d4-70be,3618,5,-94.25,4,1,4,1,4,1,4,1
341c-f0d4-70be,3619,5,-94.75,4,1,4,1,4,1,4,1
341c-f0d4-70be,3620,4,-95.0,4,0,4,0,4,0,4,0
341c-f0d4-70be,3621,4,-93.25,5,1,5,1,4,0,5,1
341c-f0d4-70be,3622,4,-95.0,4,0,4,0,4,0,4,0
341c-f0d4-70be,3623,4,-94.5,5,1,5,1,5,1,5,1
341c-f0d4-70be,3624,4,-94.75,4,0,4,0,4,0,4,0
341c-f0d4-70be,3625,4,-94.5,5,1,5,1,5,1,5,1
341c-f0d4-70be,3626,4,-94.75,5,1,5,1,5,1,5,1
341c-f0d4-70be,3627,4,-95.25,5,1,5,1,5,1,5,1
341c-f0d4-70be,3628,4,-94.25,5,1,5,1,4,0,5,1
341c-f0d4-70be,3629,4,-95.25,5,1,5,1,5,1,5,1
341c-f0d4-70be,3630,4,-95.0,5,1,5,1,5,1,5,1
341c-f0d4-70be,3631,4,-95.25,5,1,5,1,5,1,5,1
341c-f0d4-70be,3632,4,-94.5,5,1,5,1,5,1,5,1
341c-f0d4-70be,3633,4,-94.5,5,1,5,1,5,1,5,1
341c-f0d4-70be,3634,4,-94.75,5,1,5,1,5,1,5,1
341c-f0d4-70be,3635,5,-94.75,5,0,5,0,5,0,5,0
341c-f0d4-70be,3636,5,-94.25,5,0,5,0,5,0,5,0
341c-f0d4-70be,3637,4,-94.5,5,1,5,1,4,0,5,1
341c-f0d4-70be,3638,4,-95.25,5,1,5,1,5,1,5,1
341c-f0d4-70be,3639,4,-95.0,5,1,5,1,5,1,5,1
341c-f0d4-70be,3640,4,-94.5,5,1,5,1,4,0,5,1
341c-f0d4-70be,3641,4,-94.75,5,1,5,1,5,1,5,1
341c-f0d4-70be,3642,4,-94.25,5,1,5,1,5,1,5,1
341c-f0d4-70be,3643,4,-95.5,5,1,5,1,5,1,5,1
341c-f0d4-70be,3644,4,-94.5,5,1,5,1,5,1,5,1
341c-f0d4-70be,3645,4,-95.0,4,0,4,0,4,0,4,0
341c-f0d4-70be,3646,4,-95.5,4,0,4,0,5,1,4,0
341c-f0d4-70be,3647,4,-95.25,4,0,4,0,4,0,4,0
341c-f0d4-70be,3648,4,-95.25,4,0,4,0,4,0,4,0
341c-f0d4-70be,3649,4,-94.5,5,1,5,1,5,1,5,1
341c-f0d4-70be,3650,4,-94.75,5,1,5,1,5,1,5,1
341c-f0d4-70be,3651,4,-94.75,4,0,4,0,4,0,4,0
341c-f0d4-70be,3652,4,-95.0,4,0,4,0,4,0,4,0
341c-f0d4-70be,3653,4,-95.5,4,0,5,1,5,1,4,0
341c-f0d4-70be,3654,4,-94.5,5,1,5,1,4,0,5,1
341c-f0d4-70be,3655,4,-95.0,5,1,5,1,5,1,5,1
341c-f0d4-70be,3656,4,-95.0,5,1,5,1,5,1,5,1
341c-f0d4-70be,3657,4,-93.25,5,1,5,1,4,0,5,1
341c-f0d4-70be,3658,4,-95.5,5,1,5,1,6,2,5,1
341c-f0d4-70be,3659,4,-95.0,5,1,5,1,5,1,5,1
341c-f0d4-70be,3660,4,-94.5,5,1,5,1,5,1,5,1
341c-f0d4-70be,3661,4,-93.75,5,1,5,1,5,1,5,1
341c-f0d4-70be,3662,4,-94.25,5,1,5,1,5,1,5,1
341c-f0d4-70be,3663,4,-95.0,5,1,5,1,5,1,5,1
341c-f0d4-70be,3664,4,-95.0,5,1,5,1,5,1,5,1
341c-f0d4-70be,3665,4,-93.75,5,1,5,1,5,1,5,1
341c-f0d4-70be,3666,4,-95.0,5,1,5,1,5,1,5,1
341c-f0d4-70be,3667,4,-94.5,5,1,5,1,5,1,5,1
341c-f0d4-70be,3668,4,-95.25,5,1,5,1,5,1,5,1
341c-f0d4-70be,3669,5,-94.5,5,0,5,0,5,0,5,0
341c-f0d4-70be,3670,4,-94.5,5,1,5,1,5,1,5,1
341c-f0d4-70be,3671,4,-94.75,5,1,5,1,5,1,5,1
341c-f0d4-70be,3672,5,-95.0,5,0,5,0,5,0,5,0
341c-f0d4-70be,3673,5,-94.75,5,0,5,0,5,0,5,0
341c-f0d4-70be,3674,5,-94.25,5,0,5,0,5,0,5,0
341c-f0d4-70be,3675,5,-95.0,5,0,5,0,5,0,5,0
341c-f0d4-70be,3676,5,-93.5,5,0,5,0,5,0,5,0
341c-f0d4-70be,3677,5,-94.25,5,0,5,0,5,0,5,0
341c-f0d4-70be,3678,5,-94.75,4,1,4,1,4,1,4,1
341c-f0d4-70be,3679,4,-95.0,4,0,4,0,4,0,4,0
341c-f0d4-70be,3680,4,-94.75,4,0,4,0,4,0,4,0
341c-f0d4-70be,3681,4,-95.25,5,1,5,1,5,1,5,1
341c-f0d4-70be,3682,4,-94.75,5,1,5,1,5,1,5,1
341c-f0d4-70be,3683,4,-94.5,4,0,4,0,4,0,4,0
341c-f0d4-70be,3684,4,-95.0,4,0,4,0,4,0,4,0
341c-f0d4-70be,3685,4,-95.25,4,0,4,0,4,0,4,0
341c-f0d4-70be,3686,4,-95.0,4,0,4,0,4,0,4,0
341c-f0d4-70be,3687,4,-93.5,4,0,4,0,4,0,4,0
341c-f0d4-70be,3688,4,-95.0,5,1,5,1,5,1,5,1
341c-f0d4-70be,3689,4,-94.75,5,1,5,1,5,1,5,1
341c-f0d4-70be,3690,4,-95.0,5,1,5,1,5,1,5,1
341c-f0d4-70be,3691,4,-95.0,5,1,5,1,5,1,5,1
341c-f0d4-70be,3692,4,-94.25,5,1,5,1,5,1,5,1
341c-f0d4-70be,3693,4,-95.0,5,1,5,1,5,1,5,1
341c-f0d4-70be,3694,5,-94.75,5,0,5,0,5,0,5,0
341c-f0d4-70be,3695,5,-94.0,5,0,5,0,5,0,5,0
341c-f0d4-70be,3696,4,-94.75,5,1,5,1,5,1,5,1
341c-f0d4-70be,3697,4,-93.75,5,1,5,1,4,0,5,1
341c-f0d4-70be,3698,4,-94.75,5,1,5,1,5,1,5,1
341c-f0d4-70be,3699,4,-94.25,5,1,5,1,5,1,5,1
341c-f0d4-70be,3700,4,-94.75,5,1,5,1,5,1,5,1
341c-f0d4-70be,3701,4,-94.5,5,1,5,1,5,1,5,1
341c-f0d4-70be,3702,4,-95.0,5,1,5,1,5,1,5,1
341c-f0d4-70be,3703,4,-94.75,5,1,5,1,5,1,5,1
341c-f0d4-70be,3704,4,-95.0,5,1,5,1,5,1,5,1
341c-f0d4-70be,3705,4,-95.25,5,1,5,1,5,1,5,1
341c-f0d4-70be,3706,4,-94.75,5,1,5,1,5,1,5,1
341c-f0d4-70be,3707,4,-94.0,5,1,5,1,5,1,5,1
341c-f0d4-70be,3708,4,-94.75,5,1,5,1,5,1,5,1
341c-f0d4-70be,3709,4,-94.5,5,1,5,1,5,1,5,1
341c-f0d4-70be,3710,4,-94.25,5,1,5,1,5,1,5,1
341c-f0d4-70be,3711,4,-95.5,4,0,4,0,5,1,4,0
341c-f0d4-70be,3712,4,-94.5,5,1,5,1,4,0,5,1
341c-f0d4-70be,3713,5,-95.25,4,1,4,1,4,1,4,1
341c-f0d4-70be,3714,5,-95.0,4,1,4,1,4,1,4,1
341c-f0d4-70be,3715,5,-95.0,5,0,5,0,5,0,5,0
341c-f0d4-70be,3716,5,-95.0,5,0,5,0,5,0,5,0
341c-f0d4-70be,3717,4,-95.0,4,0,4,0,4,0,4,0
341c-f0d4-70be,3718,5,-94.75,4,1,4,1,4,1,4,1
341c-f0d4-70be,3719,5,-94.75,4,1,4,1,4,1,4,1
341c-f0d4-70be,3720,4,-94.75,4,0,4,0,4,0,4,0
341c-f0d4-70be,3721,4,-94.25,5,1,5,1,5,1,5,1
341c-f0d4-70be,3722,4,-94.75,5,1,5,1,5,1,5,1
341c-f0d4-70be,3723,4,-94.5,5,1,5,1,4,0,5,1
341c-f0d4-70be,3724,4,-94.75,5,1,5,1,5,1,5,1
341c-f0d4-70be,3725,4,-94.5,5,1,5,1,5,1,5,1
341c-f0d4-70be,3726,4,-94.25,5,1,5,1,5,1,5,1
341c-f0d4-70be,3727,3,-94.75,3,0,3,0,3,0,3,0
341c-f0d4-70be,3728,4,-95.0,3,1,3,1,3,1,3,1
341c-f0d4-70be,3729,4,-95.0,3,1,3,1,3,1,3,1
341c-f0d4-70be,3730,4,-94.5,3,1,3,1,3,1,3,1
341c-f0d4-70be,3731,4,-95.25,3,1,3,1,3,1,3,1
341c-f0d4-70be,3732,4,-95.25,3,1,3,1,3,1,3,1
341c-f0d4-70be,3733,4,-95.25,3,1,3,1,3,1,3,1
341c-f0d4-70be,3734,4,-95.0,3,1,3,1,3,1,3,1
341c-f0d4-70be,3735,3,-95.0,2,1,2,1,2,1,2,1
341c-f0d4-70be,3736,3,-93.75,3,0,3,0,3,0,3,0
341c-f0d4-70be,3737,3,-95.25,3,0,3,0,3,0,3,0
341c-f0d4-70be,3738,3,-94.75,3,0,3,0,3,0,3,0
341c-f0d4-70be,3739,3,-94.75,3,0,3,0,3,0,3,0
341c-f0d4-70be,3740,4,-95.0,3,1,3,1,3,1,3,1
341c-f0d4-70be,3741,4,-95.5,5,1,5,1,5,1,5,1
341c-f0d4-70be,3742,4,-95.25,4,0,4,0,4,0,4,0
341c-f0d4-70be,3743,4,-94.5,2,2,2,2,2,2,2,2
341c-f0d4-70be,3744,4,-95.25,3,1,3,1,3,1,3,1
341c-f0d4-70be,3745,4,-95.5,4,0,4,0,4,0,4,0
341c-f0d4-70be,3746,4,-95.0,2,2,2,2,2,2,2,2
341c-f0d4-70be,3747,4,-95.25,3,1,3,1,3,1,3,1
341c-f0d4-70be,3748,4,-95.25,5,1,5,1,5,1,5,1
341c-f0d4-70be,3749,4,-95.0,2,2,2,2,2,2,2,2
341c-f0d4-70be,3750,4,-95.25,3,1,3,1,3,1,3,1
341c-f0d4-70be,3751,4,-95.25,3,1,3,1,3,1,3,1
341c-f0d4-70be,3752,4,-95.25,3,1,3,1,3,1,3,1
341c-f0d4-70be,3753,4,-95.5,3,1,3,1,3,1,3,1
341c-f0d4-70be,3754,4,-95.5,3,1,3,1,3,1,3,1
341c-f0d4-70be,3755,4,-94.75,3,1,3,1,3,1,3,1
341c-f0d4-70be,3756,4,-95.0,3,1,3,1,3,1,3,1
341c-f0d4-70be,3757,4,-94.5,3,1,3,1,3,1,3,1
341c-f0d4-70be,3758,4,-94.75,3,1,3,1,3,1,3,1
341c-f0d4-70be,3759,4,-94.75,3,1,3,1,3,1,3,1
341c-f0d4-70be,3760,4,-95.25,3,1,3,1,3,1,3,1
341c-f0d4-70be,3761,4,-94.5,3,1,3,1,3,1,3,1
341c-f0d4-70be,3762,4,-94.75,3,1,3,1,3,1,3,1
341c-f0d4-70be,3763,4,-95.25,3,1,3,1,3,1,3,1
341c-f0d4-70be,3764,4,-94.25,3,1,3,1,3,1,3,1
341c-f0d4-70be,3765,4,-95.0,3,1,3,1,3,1,3,1
341c-f0d4-70be,3766,4,-94.75,4,0,4,0,4,0,4,0
341c-f0d4-70be,3767,4,-94.75,3,1,3,1,3,1,3,1
341c-f0d4-70be,3768,4,-94.75,3,1,3,1,3,1,3,1
341c-f0d4-70be,3769,4,-95.25,3,1,3,1,3,1,3,1
341c-f0d4-70be,3770,4,-94.25,3,1,3,1,3,1,3,1
341c-f0d4-70be,3771,4,-95.0,3,1,3,1,3,1,3,1
341c-f0d4-70be,3772,4,-95.0,3,1,3,1,3,1,3,1
341c-f0d4-70be,3773,4,-95.25,3,1,3,1,3,1,3,1
341c-f0d4-70be,3774,4,-95.25,3,1,3,1,3,1,3,1
341c-f0d4-70be,3775,4,-94.75,4,0,4,0,4,0,4,0
341c-f0d4-70be,3776,4,-94.5,3,1,3,1,3,1,3,1
341c-f0d4-70be,3777,4,-95.25,3,1,3,1,3,1,3,1
341c-f0d4-70be,3778,4,-95.0,4,0,4,0,4,0,4,0
341c-f0d4-70be,3779,4,-95.25,3,1,3,1,3,1,3,1
341c-f0d4-70be,3780,4,-94.75,3,1,3,1,3,1,3,1
341c-f0d4-70be,3781,4,-95.25,2,2,2,2,2,2,2,2
341c-f0d4-70be,3782,4,-94.5,2,2,2,2,2,2,2,2
341c-f0d4-70be,3783,4,-95.25,3,1,3,1,3,1,3,1
341c-f0d4-70be,3784,4,-94.75,2,2,2,2,2,2,2,2
341c-f0d4-70be,3785,4,-94.25,3,1,3,1,3,1,3,1
341c-f0d4-70be,3786,4,-95.25,2,2,2,2,2,2,2,2
341c-f0d4-70be,3787,3,-94.75,3,0,3,0,3,0,3,0
341c-f0d4-70be,3788,3,-94.75,3,0,3,0,3,0,3,0
341c-f0d4-70be,3789,4,-95.0,3,1,3,1,3,1,3,1
341c-f0d4-70be,3790,4,-94.75,3,1,3,1,3,1,3,1
341c-f0d4-70be,3791,4,-94.75,3,1,3,1,3,1,3,1
341c-f0d4-70be,3792,4,-95.25,3,1,3,1,3,1,3,1
341c-f0d4-70be,3793,4,-94.5,3,1,3,1,3,1,3,1
341c-f0d4-70be,3794,4,-95.25,3,1,3,1,3,1,3,1
341c-f0d4-70be,3795,4,-94.75,3,1,3,1,3,1,3,1
341c-f0d4-70be,3796,4,-94.75,3,1,3,1,3,1,3,1
341c-f0d4-70be,3797,4,-95.0,3,1,3,1,3,1,3,1
341c-f0d4-70be,3798,4,-95.25,3,1,3,1,3,1,3,1
341c-f0d4-70be,3799,3,-95.25,3,0,3,0,3,0,3,0
341c-f0d4-70be,3800,3,-95.0,3,0,3,0,3,0,3,0
341c-f0d4-70be,3801,3,-95.5,2,1,2,1,2,1,2,1
341c-f0d4-70be,3802,3,-94.5,3,0,3,0,3,0,3,0
341c-f0d4-70be,3803,4,-95.0,3,1,3,1,3,1,3,1
341c-f0d4-70be,3804,4,-95.25,3,1,3,1,3,1,3,1
341c-f0d4-70be,3805,4,-94.5,3,1,3,1,3,1,3,1
341c-f0d4-70be,3806,4,-95.5,2,2,2,2,2,2,2,2
341c-f0d4-70be,3807,4,-95.25,3,1,3,1,3,1,3,1
341c-f0d4-70be,3808,4,-95.0,3,1,3,1,3,1,3,1
341c-f0d4-70be,3809,4,-95.0,3,1,3,1,3,1,3,1
341c-f0d4-70be,3810,4,-95.0,3,1,3,1,3,1,3,1
341c-f0d4-70be,3811,4,-95.0,3,1,3,1,3,1,3,1
341c-f0d4-70be,3812,4,-95.0,2,2,2,2,2,2,2,2
341c-f0d4-70be,3813,4,-95.5,3,1,3,1,3,1,3,1
341c-f0d4-70be,3814,4,-94.75,3,1,3,1,3,1,3,1
341c-f0d4-70be,3815,3,-95.0,3,0,3,0,3,0,3,0
341c-f0d4-70be,3816,3,-94.75,3,0,3,0,3,0,3,0
341c-f0d4-70be,3817,3,-94.75,2,1,2,1,2,1,2,1
341c-f0d4-70be,3818,4,-95.5,3,1,3,1,3,1,3,1
341c-f0d4-70be,3819,3,-95.5,4,1,4,1,4,1,4,1
341c-f0d4-70be,3820,3,-95.5,2,1,2,1,2,1,2,1
341c-f0d4-70be,3821,3,-95.25,3,0,3,0,3,0,3,0
341c-f0d4-70be,3822,3,-95.0,3,0,3,0,3,0,3,0
341c-f0d4-70be,3823,3,-93.75,3,0,2,1,2,1,3,0
341c-f0d4-70be,3824,3,-95.25,2,1,2,1,2,1,2,1
341c-f0d4-70be,3825,3,-94.25,2,1,2,1,2,1,2,1
341c-f0d4-70be,3826,3,-95.0,3,0,3,0,3,0,3,0
341c-f0d4-70be,3827,3,-94.5,3,0,3,0,3,0,3,0
341c-f0d4-70be,3828,3,-95.0,3,0,3,0,3,0,3,0
341c-f0d4-70be,3829,3,-94.75,3,0,3,0,3,0,3,0
341c-f0d4-70be,3830,3,-94.75,3,0,3,0,3,0,3,0
341c-f0d4-70be,3831,3,-95.0,3,0,3,0,3,0,3,0
341c-f0d4-70be,3832,3,-94.5,3,0,3,0,3,0,3,0
341c-f0d4-70be,3833,4,-95.0,3,1,3,1,3,1,3,1
341c-f0d4-70be,3834,3,-95.75,2,1,2,1,2,1,2,1
341c-f0d4-70be,3835,3,-95.5,2,1,2,1,2,1,2,1
341c-f0d4-70be,3836,3,-95.5,2,1,2,1,2,1,2,1
341c-f0d4-70be,3837,3,-95.75,2,1,2,1,2,1,2,1
341c-f0d4-70be,3838,3,-95.5,4,1,4,1,4,1,4,1
341c-f0d4-70be,3839,3,-95.5,4,1,5,2,5,2,4,1
341c-f0d4-70be,3840,3,-95.25,2,1,2,1,2,1,2,1
341c-f0d4-70be,3841,3,-95.5,2,1,2,1,2,1,2,1
341c-f0d4-70be,3842,3,-95.0,2,1,2,1,2,1,2,1
341c-f0d4-70be,3843,3,-95.0,2,1,2,1,2,1,2,1
341c-f0d4-70be,3844,3,-95.5,2,1,2,1,2,1,2,1
341c-f0d4-70be,3845,2,-95.5,2,0,2,0,2,0,2,0
341c-f0d4-70be,3846,2,-94.75,2,0,2,0,2,0,2,0
341c-f0d4-70be,3847,2,-95.25,2,0,2,0,2,0,2,0
341c-f0d4-70be,3848,2,-95.75,2,0,2,0,2,0,2,0
341c-f0d4-70be,3849,2,-95.75,2,0,2,0,2,0,2,0
341c-f0d4-70be,3850,2,-95.75,2,0,2,0,2,0,2,0
341c-f0d4-70be,3851,2,-95.5,2,0,2,0,2,0,2,0
341c-f0d4-70be,3852,2,-95.5,2,0,2,0,2,0,2,0
341c-f0d4-70be,3853,2,-95.25,2,0,2,0,2,0,2,0
341c-f0d4-70be,3854,2,-95.25,2,0,2,0,2,0,2,0
341c-f0d4-70be,3855,2,-95.75,2,0,2,0,2,0,2,0
341c-f0d4-70be,3856,2,-95.5,2,0,2,0,2,0,2,0
341c-f0d4-70be,3857,2,-95.25,2,0,2,0,2,0,2,0
341c-f0d4-70be,3858,3,-95.0,2,1,2,1,2,1,2,1
341c-f0d4-70be,3859,3,-95.5,2,1,2,1,2,1,2,1
341c-f0d4-70be,3860,3,-95.5,2,1,2,1,2,1,2,1
341c-f0d4-70be,3861,3,-95.25,2,1,2,1,2,1,2,1
341c-f0d4-70be,3862,3,-95.75,2,1,2,1,2,1,2,1
341c-f0d4-70be,3863,3,-95.5,2,1,2,1,2,1,2,1
341c-f0d4-70be,3864,3,-96.0,2,1,2,1,2,1,2,1
341c-f0d4-70be,3865,3,-95.5,2,1,2,1,2,1,2,1
341c-f0d4-70be,3866,3,-95.25,2,1,2,1,2,1,2,1
341c-f0d4-70be,3867,3,-95.5,2,1,2,1,2,1,2,1
341c-f0d4-70be,3868,2,-95.5,2,0,2,0,2,0,2,0
341c-f0d4-70be,3869,2,-95.75,2,0,2,0,2,0,2,0
341c-f0d4-70be,3870,2,-95.75,2,0,2,0,2,0,2,0
341c-f0d4-70be,3871,2,-95.75,2,0,2,0,2,0,2,0
341c-f0d4-70be,3872,2,-94.75,2,0,2,0,2,0,2,0
341c-f0d4-70be,3873,2,-95.5,2,0,2,0,2,0,2,0
341c-f0d4-70be,3874,2,-95.25,2,0,2,0,2,0,2,0
341c-f0d4-70be,3875,2,-95.5,2,0,2,0,2,0,2,0
341c-f0d4-70be,3876,2,-95.25,2,0,2,0,2,0,2,0
341c-f0d4-70be,3877,2,-95.75,2,0,2,0,2,0,2,0
341c-f0d4-70be,3878,2,-95.5,2,0,2,0,2,0,2,0
341c-f0d4-70be,3879,2,-95.5,2,0,2,0,2,0,2,0
341c-f0d4-70be,3880,2,-95.5,2,0,2,0,2,0,2,0
341c-f0d4-70be,3881,2,-94.75,2,0,2,0,2,0,2,0
341c-f0d4-70be,3882,2,-95.5,2,0,2,0,2,0,2,0
341c-f0d4-70be,3883,2,-95.75,2,0,2,0,2,0,2,0
341c-f0d4-70be,3884,2,-95.0,2,0,2,0,2,0,2,0
341c-f0d4-70be,3885,2,-95.75,2,0,2,0,2,0,2,0
341c-f0d4-70be,3886,2,-95.5,2,0,2,0,2,0,2,0
341c-f0d4-70be,3887,2,-95.75,2,0,2,0,2,0,2,0
341c-f0d4-70be,3888,2,-95.5,3,1,3,1,3,1,3,1
341c-f0d4-70be,3889,2,-95.0,2,0,2,0,2,0,2,0
341c-f0d4-70be,3890,2,-95.75,2,0,2,0,2,0,2,0
341c-f0d4-70be,3891,2,-95.75,2,0,2,0,2,0,2,0
341c-f0d4-70be,3892,2,-95.25,2,0,2,0,2,0,2,0
341c-f0d4-70be,3893,2,-95.25,2,0,2,0,2,0,2,0
341c-f0d4-70be,3894,2,-95.5,2,0,2,0,2,0,2,0
341c-f0d4-70be,3895,2,-95.75,2,0,2,0,2,0,2,0
341c-f0d4-70be,3896,2,-95.25,2,0,2,0,2,0,2,0
341c-f0d4-70be,3897,2,-95.5,2,0,2,0,2,0,2,0
341c-f0d4-70be,3898,3,-95.25,2,1,2,1,2,1,2,1
341c-f0d4-70be,3899,2,-96.0,2,0,2,0,2,0,2,0
341c-f0d4-70be,3900,2,-95.5,2,0,2,0,2,0,2,0
341c-f0d4-70be,3901,2,-95.5,2,0,2,0,2,0,2,0
341c-f0d4-70be,3902,2,-95.75,2,0,2,0,2,0,2,0
341c-f0d4-70be,3903,2,-95.25,2,0,2,0,2,0,2,0
341c-f0d4-70be,3904,2,-95.75,2,0,2,0,2,0,2,0
341c-f0d4-70be,3905,2,-95.25,2,0,2,0,2,0,2,0
341c-f0d4-70be,3906,2,-95.5,2,0,2,0,2,0,2,0
341c-f0d4-70be,3907,2,-95.5,2,0,2,0,2,0,2,0
341c-f0d4-70be,3908,2,-95.25,2,0,2,0,2,0,2,0
341c-f0d4-70be,3909,2,-95.25,2,0,2,0,2,0,2,0
341c-f0d4-70be,3910,2,-95.25,2,0,2,0,2,0,2,0
341c-f0d4-70be,3911,2,-95.5,2,0,2,0,2,0,2,0
341c-f0d4-70be,3912,2,-95.5,2,0,2,0,2,0,2,0
341c-f0d4-70be,3913,2,-95.75,2,0,2,0,2,0,2,0
341c-f0d4-70be,3914,2,-95.5,2,0,2,0,2,0,2,0
341c-f0d4-70be,3915,2,-95.75,2,0,2,0,2,0,2,0
341c-f0d4-70be,3916,2,-95.25,2,0,2,0,2,0,2,0
341c-f0d4-70be,3917,3,-95.25,2,1,2,1,2,1,2,1
341c-f0d4-70be,3918,3,-95.0,2,1,2,1,2,1,2,1
341c-f0d4-70be,3919,3,-95.75,2,1,2,1,2,1,2,1
341c-f0d4-70be,3920,2,-95.25,2,0,2,0,2,0,2,0
341c-f0d4-70be,3921,2,-95.75,2,0,2,0,2,0,2,0
341c-f0d4-70be,3922,2,-95.25,2,0,2,0,2,0,2,0
341c-f0d4-70be,3923,2,-95.75,2,0,2,0,2,0,2,0
341c-f0d4-70be,3924,2,-95.5,2,0,2,0,2,0,2,0
341c-f0d4-70be,3925,2,-95.5,2,0,2,0,2,0,2,0
341c-f0d4-70be,3926,2,-95.25,2,0,2,0,2,0,2,0
341c-f0d4-70be,3927,2,-95.5,2,0,2,0,2,0,2,0
341c-f0d4-70be,3928,2,-95.5,2,0,2,0,2,0,2,0
341c-f0d4-70be,3929,2,-95.25,2,0,2,0,2,0,2,0
341c-f0d4-70be,3930,2,-95.75,2,0,2,0,2,0,2,0
341c-f0d4-70be,3931,2,-95.25,2,0,2,0,2,0,2,0
341c-f0d4-70be,3932,2,-93.5,2,0,2,0,2,0,2,0
341c-f0d4-70be,3933,2,-95.75,2,0,2,0,2,0,2,0
341c-f0d4-70be,3934,2,-95.75,2,0,2,0,2,0,2,0
341c-f0d4-70be,3935,2,-95.5,2,0,2,0,2,0,2,0
341c-f0d4-70be,3936,2,-96.0,2,0,2,0,2,0,2,0
341c-f0d4-70be,3937,2,-95.0,2,0,2,0,2,0,2,0
341c-f0d4-70be,3938,2,-95.75,2,0,2,0,2,0,2,0
341c-f0d4-70be,3939,2,-95.5,2,0,2,0,2,0,2,0
341c-f0d4-70be,3940,2,-95.25,2,0,2,0,2,0,2,0
341c-f0d4-70be,3941,2,-95.25,2,0,2,0,2,0,2,0
341c-f0d4-70be,3942,2,-95.25,2,0,2,0,2,0,2,0
341c-f0d4-70be,3943,2,-95.75,2,0,2,0,2,0,2,0
341c-f0d4-70be,3944,2,-95.25,2,0,2,0,2,0,2,0
341c-f0d4-70be,3945,2,-95.75,2,0,2,0,2,0,2,0
341c-f0d4-70be,3946,2,-95.5,2,0,2,0,2,0,2,0
341c-f0d4-70be,3947,2,-95.75,2,0,2,0,2,0,2,0
341c-f0d4-70be,3948,2,-95.0,2,0,2,0,2,0,2,0
341c-f0d4-70be,3949,2,-95.5,2,0,2,0,2,0,2,0
341c-f0d4-70be,3950,2,-95.75,2,0,2,0,2,0,2,0
341c-f0d4-70be,3951,2,-95.5,2,0,2,0,2,0,2,0
341c-f0d4-70be,3952,3,-95.5,2,1,2,1,2,1,2,1
341c-f0d4-70be,3953,3,-95.5,2,1,2,1,2,1,2,1
341c-f0d4-70be,3954,3,-95.25,2,1,2,1,2,1,2,1
341c-f0d4-70be,3955,2,-95.25,2,0,2,0,2,0,2,0
341c-f0d4-70be,3956,2,-95.5,2,0,2,0,2,0,2,0
341c-f0d4-70be,3957,2,-94.75,4,2,4,2,4,2,4,2
341c-f0d4-70be,3958,2,-95.75,2,0,2,0,2,0,2,0
341c-f0d4-70be,3959,2,-95.5,2,0,2,0,2,0,2,0
341c-f0d4-70be,3960,2,-95.25,2,0,2,0,2,0,2,0
341c-f0d4-70be,3961,2,-95.25,2,0,2,0,2,0,2,0
341c-f0d4-70be,3962,2,-95.5,2,0,2,0,2,0,2,0
341c-f0d4-70be,3963,2,-95.75,2,0,2,0,2,0,2,0
341c-f0d4-70be,3964,2,-95.5,2,0,2,0,2,0,2,0
341c-f0d4-70be,3965,2,-95.5,2,0,2,0,2,0,2,0
341c-f0d4-70be,3966,2,-95.5,2,0,2,0,2,0,2,0
341c-f0d4-70be,3967,2,-95.25,2,0,2,0,2,0,2,0
341c-f0d4-70be,3968,2,-95.75,2,0,2,0,2,0,2,0
341c-f0d4-70be,3969,2,-95.5,2,0,2,0,2,0,2,0
341c-f0d4-70be,3970,2,-95.25,2,0,2,0,2,0,2,0
341c-f0d4-70be,3971,2,-95.5,2,0,2,0,2,0,2,0
341c-f0d4-70be,3972,2,-95.25,2,0,2,0,2,0,2,0
341c-f0d4-70be,3973,2,-95.75,2,0,2,0,2,0,2,0
341c-f0d4-70be,3974,2,-95.5,2,0,2,0,2,0,2,0
341c-f0d4-70be,3975,2,-95.25,2,0,2,0,2,0,2,0
341c-f0d4-70be,3976,2,-95.5,2,0,2,0,2,0,2,0
341c-f0d4-70be,3977,2,-95.0,2,0,2,0,2,0,2,0
341c-f0d4-70be,3978,2,-95.5,2,0,2,0,2,0,2,0
341c-f0d4-70be,3979,2,-95.0,2,0,2,0,2,0,2,0
341c-f0d4-70be,3980,2,-95.0,3,1,3,1,3,1,3,1
341c-f0d4-70be,3981,2,-95.0,2,0,2,0,2,0,2,0
341c-f0d4-70be,3982,2,-95.75,2,0,2,0,2,0,2,0
341c-f0d4-70be,3983,2,-95.75,2,0,2,0,2,0,2,0
341c-f0d4-70be,3984,2,-96.0,2,0,2,0,2,0,2,0
341c-f0d4-70be,3985,2,-95.5,2,0,2,0,2,0,2,0
341c-f0d4-70be,3986,2,-94.75,2,0,2,0,2,0,2,0
341c-f0d4-70be,3987,2,-94.75,2,0,2,0,2,0,2,0
341c-f0d4-70be,3988,2,-95.25,2,0,2,0,2,0,2,0
341c-f0d4-70be,3989,2,-95.25,2,0,2,0,2,0,2,0
341c-f0d4-70be,3990,2,-95.25,2,0,2,0,2,0,2,0
341c-f0d4-70be,3991,2,-95.75,2,0,2,0,2,0,2,0
341c-f0d4-70be,3992,2,-95.5,2,0,2,0,2,0,2,0
341c-f0d4-70be,3993,2,-95.0,2,0,2,0,2,0,2,0
341c-f0d4-70be,3994,2,-95.0,2,0,2,0,2,0,2,0
341c-f0d4-70be,3995,2,-95.25,2,0,2,0,2,0,2,0
341c-f0d4-70be,3996,2,-95.5,2,0,2,0,2,0,2,0
341c-f0d4-70be,3997,2,-95.5,2,0,2,0,2,0,2,0
341c-f0d4-70be,3998,2,-95.0,2,0,2,0,2,0,2,0
341c-f0d4-70be,3999,2,-95.75,2,0,2,0,2,0,2,0
341c-f0d4-70be,4000,2,-95.0,2,0,2,0,2,0,2,0
341c-f0d4-70be,4001,2,-95.0,2,0,2,0,2,0,2,0
341c-f0d4-70be,4002,2,-95.25,2,0,2,0,2,0,2,0
341c-f0d4-70be,4003,2,-95.5,2,0,2,0,2,0,2,0
341c-f0d4-70be,4004,2,-95.25,2,0,2,0,2,0,2,0
341c-f0d4-70be,4005,2,-95.0,2,0,2,0,2,0,2,0
341c-f0d4-70be,4006,2,-95.0,2,0,2,0,2,0,2,0
341c-f0d4-70be,4007,2,-94.75,2,0,2,0,2,0,2,0
341c-f0d4-70be,4008,2,-95.25,2,0,2,0,2,0,2,0
341c-f0d4-70be,4009,2,-96.0,2,0,2,0,2,0,2,0
341c-f0d4-70be,4010,2,-95.5,2,0,2,0,2,0,2,0
341c-f0d4-70be,4011,2,-95.0,2,0,2,0,2,0,2,0
341c-f0d4-70be,4012,2,-95.75,2,0,2,0,2,0,2,0
341c-f0d4-70be,4013,2,-96.25,2,0,2,0,2,0,2,0
341c-f0d4-70be,4014,2,-95.5,2,0,2,0,2,0,2,0
341c-f0d4-70be,4015,2,-95.75,2,0,2,0,2,0,2,0
341c-f0d4-70be,4016,2,-95.5,2,0,2,0,2,0,2,0
341c-f0d4-70be,4017,2,-95.5,2,0,2,0,2,0,2,0
341c-f0d4-70be,4018,2,-94.75,2,0,2,0,2,0,2,0
341c-f0d4-70be,4019,2,-95.0,2,0,2,0,2,0,2,0
341c-f0d4-70be,4020,2,-94.75,2,0,2,0,2,0,2,0
341c-f0d4-70be,4021,2,-95.25,2,0,2,0,2,0,2,0
341c-f0d4-70be,4022,2,-95.5,2,0,2,0,2,0,2,0
341c-f0d4-70be,4023,2,-94.75,2,0,2,0,2,0,2,0
341c-f0d4-70be,4024,2,-95.5,2,0,2,0,2,0,2,0
341c-f0d4-70be,4025,2,-94.75,3,1,3,1,3,1,3,1
341c-f0d4-70be,4026,2,-95.0,2,0,2,0,2,0,2,0
341c-f0d4-70be,4027,2,-95.25,2,0,2,0,2,0,2,0
341c-f0d4-70be,4028,2,-95.75,2,0,2,0,2,0,2,0
341c-f0d4-70be,4029,2,-95.5,2,0,2,0,2,0,2,0
341c-f0d4-70be,4030,2,-94.75,2,0,2,0,2,0,2,0
341c-f0d4-70be,4031,2,-95.25,2,0,2,0,2,0,2,0
341c-f0d4-70be,4032,2,-95.25,2,0,2,0,2,0,2,0
341c-f0d4-70be,4033,2,-95.5,2,0,2,0,2,0,2,0
341c-f0d4-70be,4034,2,-95.0,2,0,2,0,2,0,2,0
341c-f0d4-70be,4035,2,-95.25,2,0,2,0,2,0,2,0
341c-f0d4-70be,4036,2,-95.25,2,0,2,0,2,0,2,0
341c-f0d4-70be,4037,2,-95.25,2,0,2,0,2,0,2,0
341c-f0d4-70be,4038,2,-95.5,2,0,2,0,2,0,2,0
341c-f0d4-70be,4039,2,-95.5,2,0,2,0,2,0,2,0
341c-f0d4-70be,4040,2,-95.25,2,0,2,0,2,0,2,0
341c-f0d4-70be,4041,2,-95.5,2,0,2,0,2,0,2,0
341c-f0d4-70be,4042,2,-95.75,2,0,2,0,2,0,2,0
341c-f0d4-70be,4043,2,-95.5,2,0,2,0,2,0,2,0
341c-f0d4-70be,4044,2,-95.5,2,0,2,0,2,0,2,0
341c-f0d4-70be,4045,2,-95.5,2,0,2,0,2,0,2,0
341c-f0d4-70be,4046,2,-95.5,2,0,2,0,2,0,2,0
341c-f0d4-70be,4047,2,-95.5,2,0,2,0,2,0,2,0
341c-f0d4-70be,4048,2,-95.5,2,0,2,0,2,0,2,0
341c-f0d4-70be,4049,2,-94.75,2,0,2,0,2,0,2,0
341c-f0d4-70be,4050,2,-96.0,2,0,2,0,2,0,2,0
341c-f0d4-70be,4051,2,-95.25,2,0,2,0,2,0,2,0
341c-f0d4-70be,4052,2,-95.25,2,0,2,0,2,0,2,0
341c-f0d4-70be,4053,2,-95.0,4,2,4,2,4,2,4,2
341c-f0d4-70be,4054,2,-95.75,4,2,4,2,4,2,4,2
341c-f0d4-70be,4055,2,-95.5,2,0,2,0,2,0,2,0
341c-f0d4-70be,4056,2,-95.0,2,0,2,0,2,0,2,0
341c-f0d4-70be,4057,2,-95.0,2,0,2,0,2,0,2,0
341c-f0d4-70be,4058,2,-95.0,2,0,2,0,2,0,2,0
341c-f0d4-70be,4059,2,-95.25,2,0,2,0,2,0,2,0
341c-f0d4-70be,4060,2,-95.5,2,0,2,0,2,0,2,0
341c-f0d4-70be,4061,2,-95.5,2,0,2,0,2,0,2,0
341c-f0d4-70be,4062,2,-95.5,2,0,2,0,2,0,2,0
341c-f0d4-70be,4063,2,-95.25,2,0,2,0,2,0,2,0
341c-f0d4-70be,4064,2,-95.0,2,0,2,0,2,0,2,0
341c-f0d4-70be,4065,2,-95.0,2,0,2,0,2,0,2,0
341c-f0d4-70be,4066,2,-95.0,2,0,2,0,3,1,2,0
341c-f0d4-70be,4067,2,-95.0,2,0,2,0,3,1,2,0
341c-f0d4-70be,4068,2,-95.0,2,0,2,0,3,1,2,0
341c-f0d4-70be,4069,2,-95.0,2,0,2,0,3,1,2,0
341c-f0d4-70be,4070,2,-95.25,2,0,2,0,3,1,2,0
341c-f0d4-70be,4071,2,-95.25,2,0,2,0,3,1,2,0
341c-f0d4-70be,4072,2,-95.0,3,1,3,1,3,1,3,1
341c-f0d4-70be,4073,2,-95.75,2,0,2,0,2,0,2,0
341c-f0d4-70be,4074,2,-95.0,2,0,2,0,2,0,2,0
341c-f0d4-70be,4075,2,-95.25,2,0,2,0,2,0,2,0
341c-f0d4-70be,4076,2,-95.25,2,0,2,0,2,0,2,0
341c-f0d4-70be,4077,2,-95.5,2,0,2,0,2,0,2,0
341c-f0d4-70be,4078,2,-95.0,2,0,2,0,3,1,2,0
341c-f0d4-70be,4079,2,-95.25,2,0,2,0,2,0,2,0
341c-f0d4-70be,4080,2,-95.0,2,0,2,0,2,0,2,0
341c-f0d4-70be,4081,2,-94.75,2,0,2,0,2,0,2,0
341c-f0d4-70be,4082,2,-95.0,2,0,2,0,3,1,2,0
341c-f0d4-70be,4083,2,-95.5,2,0,2,0,3,1,2,0
341c-f0d4-70be,4084,2,-95.25,2,0,2,0,2,0,2,0
341c-f0d4-70be,4085,2,-94.75,2,0,2,0,2,0,2,0
341c-f0d4-70be,4086,2,-95.25,2,0,2,0,3,1,2,0
341c-f0d4-70be,4087,2,-95.0,2,0,2,0,3,1,2,0
341c-f0d4-70be,4088,2,-95.25,2,0,2,0,3,1,2,0
341c-f0d4-70be,4089,2,-95.5,2,0,2,0,3,1,2,0
341c-f0d4-70be,4090,2,-95.25,2,0,2,0,3,1,2,0
341c-f0d4-70be,4091,2,-95.5,2,0,2,0,3,1,2,0
341c-f0d4-70be,4092,2,-95.0,2,0,2,0,3,1,2,0
341c-f0d4-70be,4093,2,-95.25,3,1,3,1,3,1,3,1
341c-f0d4-70be,4094,2,-95.25,2,0,2,0,3,1,2,0
341c-f0d4-70be,4095,2,-95.5,2,0,2,0,3,1,2,0
341c-f0d4-70be,4096,2,-95.0,2,0,2,0,3,1,2,0
341c-f0d4-70be,4097,2,-95.0,2,0,2,0,3,1,2,0
341c-f0d4-70be,4098,2,-95.25,2,0,2,0,3,1,2,0
341c-f0d4-70be,4099,2,-95.5,2,0,2,0,2,0,2,0
341c-f0d4-70be,4100,2,-95.0,2,0,2,0,2,0,2,0
341c-f0d4-70be,4101,2,-95.5,2,0,2,0,2,0,2,0
341c-f0d4-70be,4102,2,-95.75,2,0,2,0,2,0,2,0
341c-f0d4-70be,4103,2,-95.5,2,0,2,0,2,0,2,0
341c-f0d4-70be,4104,2,-93.75,2,0,2,0,2,0,2,0
341c-f0d4-70be,4105,2,-95.0,2,0,2,0,3,1,2,0
341c-f0d4-70be,4106,2,-95.5,3,1,3,1,3,1,3,1
341c-f0d4-70be,4107,2,-95.0,2,0,2,0,3,1,2,0
341c-f0d4-70be,4108,2,-95.0,2,0,2,0,3,1,2,0
341c-f0d4-70be,4109,2,-95.5,2,0,3,1,3,1,2,0
341c-f0d4-70be,4110,2,-94.75,2,0,2,0,2,0,2,0
341c-f0d4-70be,4111,2,-95.5,2,0,3,1,3,1,2,0
341c-f0d4-70be,4112,2,-95.25,3,1,3,1,3,1,3,1
341c-f0d4-70be,4113,2,-95.0,2,0,2,0,3,1,2,0
341c-f0d4-70be,4114,2,-95.0,2,0,2,0,3,1,2,0
341c-f0d4-70be,4115,2,-94.5,2,0,2,0,2,0,2,0
341c-f0d4-70be,4116,2,-94.75,2,0,2,0,2,0,2,0
341c-f0d4-70be,4117,2,-95.25,2,0,2,0,3,1,2,0
341c-f0d4-70be,4118,2,-95.0,2,0,2,0,3,1,2,0
341c-f0d4-70be,4119,2,-95.25,2,0,2,0,3,1,2,0
341c-f0d4-70be,4120,2,-95.25,2,0,2,0,3,1,2,0
341c-f0d4-70be,4121,2,-95.75,2,0,3,1,3,1,2,0
341c-f0d4-70be,4122,2,-95.25,2,0,2,0,3,1,2,0
341c-f0d4-70be,4123,2,-95.25,2,0,2,0,3,1,2,0
341c-f0d4-70be,4124,2,-95.25,2,0,2,0,3,1,2,0
341c-f0d4-70be,4125,2,-95.0,2,0,2,0,2,0,2,0
341c-f0d4-70be,4126,2,-95.25,2,0,2,0,3,1,2,0
341c-f0d4-70be,4127,2,-95.25,2,0,2,0,2,0,2,0
341c-f0d4-70be,4128,2,-95.25,2,0,2,0,3,1,2,0
341c-f0d4-70be,4129,2,-95.0,2,0,2,0,2,0,2,0
341c-f0d4-70be,4130,2,-95.5,2,0,2,0,2,0,2,0
341c-f0d4-70be,4131,2,-94.75,2,0,2,0,2,0,2,0
341c-f0d4-70be,4132,2,-95.25,2,0,2,0,3,1,2,0
341c-f0d4-70be,4133,2,-95.25,2,0,2,0,3,1,2,0
341c-f0d4-70be,4134,2,-94.5,3,1,3,1,3,1,3,1
341c-f0d4-70be,4135,2,-94.5,4,2,4,2,4,2,4,2
341c-f0d4-70be,4136,2,-95.0,2,0,2,0,3,1,2,0
341c-f0d4-70be,4137,2,-94.5,2,0,2,0,2,0,2,0
341c-f0d4-70be,4138,2,-95.25,2,0,2,0,2,0,2,0
341c-f0d4-70be,4139,2,-95.5,2,0,2,0,2,0,2,0
341c-f0d4-70be,4140,2,-95.0,2,0,2,0,3,1,2,0
341c-f0d4-70be,4141,2,-95.0,2,0,2,0,3,1,2,0
341c-f0d4-70be,4142,2,-95.25,2,0,2,0,3,1,2,0
341c-f0d4-70be,4143,2,-95.25,2,0,2,0,3,1,2,0
341c-f0d4-70be,4144,2,-95.0,2,0,2,0,3,1,2,0
341c-f0d4-70be,4145,2,-95.5,2,0,3,1,3,1,2,0
341c-f0d4-70be,4146,2,-94.75,2,0,2,0,2,0,2,0
341c-f0d4-70be,4147,2,-95.5,2,0,3,1,3,1,2,0
341c-f0d4-70be,4148,2,-94.25,2,0,2,0,2,0,2,0
341c-f0d4-70be,4149,2,-95.25,2,0,2,0,2,0,2,0
341c-f0d4-70be,4150,2,-95.5,2,0,2,0,2,0,2,0
341c-f0d4-70be,4151,2,-95.5,2,0,2,0,2,0,2,0
341c-f0d4-70be,4152,2,-95.5,2,0,2,0,2,0,2,0
341c-f0d4-70be,4153,2,-95.25,2,0,2,0,2,0,2,0
341c-f0d4-70be,4154,2,-95.5,2,0,2,0,2,0,2,0
341c-f0d4-70be,4155,2,-96.0,2,0,2,0,2,0,2,0
341c-f0d4-70be,4156,2,-95.0,2,0,2,0,2,0,2,0
341c-f0d4-70be,4157,2,-95.0,2,0,2,0,1,1,2,0
341c-f0d4-70be,4158,2,-95.5,1,1,1,1,1,1,1,1
341c-f0d4-70be,4159,2,-96.0,2,0,2,0,2,0,2,0
341c-f0d4-70be,4160,2,-95.0,2,0,2,0,1,1,2,0
341c-f0d4-70be,4161,2,-94.5,2,0,2,0,1,1,2,0
341c-f0d4-70be,4162,2,-95.5,2,0,2,0,1,1,2,0
341c-f0d4-70be,4163,2,-95.0,2,0,2,0,1,1,2,0
341c-f0d4-70be,4164,2,-95.5,2,0,2,0,1,1,2,0
341c-f0d4-70be,4165,2,-95.25,2,0,2,0,1,1,2,0
341c-f0d4-70be,4166,2,-95.25,2,0,2,0,1,1,2,0
341c-f0d4-70be,4167,2,-95.25,2,0,2,0,2,0,2,0
341c-f0d4-70be,4168,2,-94.75,2,0,2,0,1,1,2,0
341c-f0d4-70be,4169,2,-95.0,2,0,2,0,1,1,2,0
341c-f0d4-70be,4170,2,-95.25,2,0,2,0,1,1,2,0
341c-f0d4-70be,4171,2,-95.25,2,0,2,0,1,1,2,0
341c-f0d4-70be,4172,2,-95.0,2,0,2,0,1,1,2,0
341c-f0d4-70be,4173,2,-95.25,2,0,2,0,2,0,2,0
341c-f0d4-70be,4174,2,-95.5,2,0,2,0,1,1,2,0
341c-f0d4-70be,4175,2,-95.5,2,0,2,0,1,1,2,0
341c-f0d4-70be,4176,2,-95.75,2,0,2,0,2,0,2,0
341c-f0d4-70be,4177,2,-95.25,2,0,2,0,1,1,2,0
341c-f0d4-70be,4178,2,-94.75,2,0,2,0,1,1,2,0
341c-f0d4-70be,4179,2,-95.75,2,0,2,0,2,0,2,0
341c-f0d4-70be,4180,2,-95.25,2,0,2,0,1,1,2,0
341c-f0d4-70be,4181,2,-95.75,2,0,2,0,2,0,2,0
341c-f0d4-70be,4182,2,-95.0,2,0,2,0,2,0,2,0
341c-f0d4-70be,4183,2,-94.75,2,0,2,0,1,1,2,0
341c-f0d4-70be,4184,2,-95.5,2,0,2,0,2,0,2,0
341c-f0d4-70be,4185,2,-95.0,2,0,2,0,1,1,2,0
341c-f0d4-70be,4186,2,-93.0,2,0,2,0,1,1,2,0
341c-f0d4-70be,4187,2,-95.25,2,0,2,0,1,1,2,0
341c-f0d4-70be,4188,2,-95.0,2,0,2,0,1,1,2,0
341c-f0d4-70be,4189,2,-96.0,2,0,2,0,2,0,2,0
341c-f0d4-70be,4190,2,-95.25,2,0,2,0,2,0,2,0
341c-f0d4-70be,4191,2,-95.75,1,1,1,1,1,1,1,1
341c-f0d4-70be,4192,2,-95.25,2,0,2,0,1,1,2,0
341c-f0d4-70be,4193,2,-95.5,2,0,2,0,2,0,2,0
341c-f0d4-70be,4194,2,-95.5,2,0,2,0,2,0,2,0
341c-f0d4-70be,4195,2,-95.5,2,0,2,0,2,0,2,0
341c-f0d4-70be,4196,2,-94.75,2,0,2,0,1,1,2,0
341c-f0d4-70be,4197,2,-95.5,2,0,2,0,1,1,2,0
341c-f0d4-70be,4198,2,-95.75,2,0,2,0,2,0,2,0
341c-f0d4-70be,4199,2,-95.5,2,0,2,0,1,1,2,0
341c-f0d4-70be,4200,2,-95.75,2,0,2,0,2,0,2,0
341c-f0d4-70be,4201,2,-95.5,1,1,1,1,1,1,1,1
341c-f0d4-70be,4202,2,-95.25,2,0,2,0,1,1,2,0
341c-f0d4-70be,4203,2,-95.5,2,0,2,0,1,1,2,0
341c-f0d4-70be,4204,2,-95.0,2,0,2,0,1,1,2,0
341c-f0d4-70be,4205,2,-95.25,2,0,2,0,1,1,2,0
341c-f0d4-70be,4206,2,-95.5,2,0,2,0,1,1,2,0
341c-f0d4-70be,4207,2,-94.75,2,0,2,0,1,1,2,0
341c-f0d4-70be,4208,2,-95.75,2,0,2,0,2,0,2,0
341c-f0d4-70be,4209,2,-95.5,2,0,2,0,1,1,2,0
341c-f0d4-70be,4210,2,-95.25,2,0,2,0,1,1,2,0
341c-f0d4-70be,4211,2,-95.25,2,0,2,0,1,1,2,0
341c-f0d4-70be,4212,2,-95.25,2,0,2,0,2,0,2,0
341c-f0d4-70be,4213,2,-94.25,2,0,2,0,1,1,2,0
341c-f0d4-70be,4214,2,-95.25,2,0,2,0,1,1,2,0
341c-f0d4-70be,4215,2,-95.5,2,0,2,0,1,1,2,0
341c-f0d4-70be,4216,2,-95.25,2,0,2,0,1,1,2,0
341c-f0d4-70be,4217,2,-95.25,2,0,2,0,1,1,2,0
341c-f0d4-70be,4218,2,-95.75,2,0,2,0,2,0,2,0
341c-f0d4-70be,4219,2,-95.5,2,0,2,0,2,0,2,0
341c-f0d4-70be,4220,2,-95.5,2,0,2,0,2,0,2,0
341c-f0d4-70be,4221,2,-95.5,2,0,2,0,2,0,2,0
341c-f0d4-70be,4222,2,-95.75,2,0,2,0,2,0,2,0
341c-f0d4-70be,4223,2,-95.5,2,0,2,0,1,1,2,0
341c-f0d4-70be,4224,2,-95.25,2,0,2,0,1,1,2,0
341c-f0d4-70be,4225,2,-95.25,2,0,2,0,2,0,2,0
341c-f0d4-70be,4226,2,-95.5,1,1,1,1,1,1,1,1
341c-f0d4-70be,4227,2,-95.25,2,0,2,0,1,1,2,0
341c-f0d4-70be,4228,2,-95.75,2,0,2,0,2,0,2,0
341c-f0d4-70be,4229,2,-95.25,2,0,2,0,1,1,2,0
341c-f0d4-70be,4230,2,-95.5,2,0,2,0,1,1,2,0
341c-f0d4-70be,4231,2,-95.25,2,0,2,0,1,1,2,0
341c-f0d4-70be,4232,2,-95.5,2,0,2,0,1,1,2,0
341c-f0d4-70be,4233,2,-95.5,2,0,2,0,2,0,2,0
341c-f0d4-70be,4234,2,-95.25,2,0,2,0,1,1,2,0
341c-f0d4-70be,4235,2,-95.5,2,0,2,0,2,0,2,0
341c-f0d4-70be,4236,2,-95.75,2,0,2,0,2,0,2,0
341c-f0d4-70be,4237,2,-95.0,3,1,3,1,3,1,3,1
341c-f0d4-70be,4238,2,-94.75,3,1,3,1,3,1,3,1
341c-f0d4-70be,4239,2,-95.0,3,1,3,1,3,1,3,1
341c-f0d4-70be,4240,2,-94.75,3,1,2,0,3,1,3,1
341c-f0d4-70be,4241,2,-92.75,3,1,2,0,2,0,3,1
341c-f0d4-70be,4242,2,-94.5,3,1,3,1,3,1,3,1
341c-f0d4-70be,4243,3,-94.5,3,0,2,1,3,0,3,0
341c-f0d4-70be,4244,3,-95.0,3,0,3,0,3,0,3,0
341c-f0d4-70be,4245,3,-95.0,3,0,3,0,3,0,3,0
341c-f0d4-70be,4246,3,-95.25,3,0,3,0,3,0,3,0
341c-f0d4-70be,4247,3,-95.25,3,0,3,0,3,0,3,0
341c-f0d4-70be,4248,3,-94.25,3,0,3,0,3,0,3,0
341c-f0d4-70be,4249,3,-95.0,4,1,4,1,4,1,4,1
341c-f0d4-70be,4250,3,-95.25,4,1,4,1,4,1,4,1
341c-f0d4-70be,4251,3,-95.0,3,0,3,0,3,0,3,0
341c-f0d4-70be,4252,3,-95.25,4,1,4,1,4,1,4,1
341c-f0d4-70be,4253,3,-95.0,4,1,4,1,4,1,4,1
341c-f0d4-70be,4254,3,-95.0,4,1,4,1,4,1,4,1
341c-f0d4-70be,4255,3,-95.25,3,0,3,0,3,0,3,0
341c-f0d4-70be,4256,3,-95.25,3,0,3,0,3,0,3,0
341c-f0d4-70be,4257,3,-94.5,4,1,4,1,4,1,4,1
341c-f0d4-70be,4258,3,-94.5,5,2,5,2,5,2,5,2
341c-f0d4-70be,4259,3,-94.25,4,1,4,1,4,1,4,1
341c-f0d4-70be,4260,3,-94.5,5,2,5,2,4,1,5,2
341c-f0d4-70be,4261,3,-95.25,4,1,4,1,4,1,4,1
341c-f0d4-70be,4262,3,-94.75,4,1,4,1,4,1,4,1
341c-f0d4-70be,4263,3,-94.5,4,1,4,1,4,1,4,1
341c-f0d4-70be,4264,3,-95.25,4,1,4,1,4,1,4,1
341c-f0d4-70be,4265,3,-95.0,3,0,3,0,3,0,3,0
341c-f0d4-70be,4266,3,-95.5,3,0,3,0,3,0,3,0
341c-f0d4-70be,4267,3,-95.0,3,0,3,0,3,0,3,0
341c-f0d4-70be,4268,3,-94.5,3,0,3,0,3,0,3,0
341c-f0d4-70be,4269,3,-95.0,3,0,3,0,3,0,3,0
341c-f0d4-70be,4270,3,-95.0,4,1,4,1,4,1,4,1
341c-f0d4-70be,4271,3,-95.0,4,1,4,1,4,1,4,1
341c-f0d4-70be,4272,3,-94.75,3,0,3,0,3,0,3,0
341c-f0d4-70be,4273,3,-95.0,4,1,4,1,4,1,4,1
341c-f0d4-70be,4274,3,-94.5,4,1,4,1,4,1,4,1
341c-f0d4-70be,4275,3,-94.5,4,1,4,1,4,1,4,1
341c-f0d4-70be,4276,3,-94.75,4,1,4,1,4,1,4,1
341c-f0d4-70be,4277,3,-94.75,4,1,4,1,4,1,4,1
341c-f0d4-70be,4278,3,-95.0,4,1,4,1,4,1,4,1
341c-f0d4-70be,4279,3,-95.0,4,1,4,1,4,1,4,1
341c-f0d4-70be,4280,3,-95.0,4,1,4,1,4,1,4,1
341c-f0d4-70be,4281,3,-95.25,4,1,4,1,4,1,4,1
341c-f0d4-70be,4282,3,-95.0,4,1,4,1,4,1,4,1
341c-f0d4-70be,4283,3,-94.25,4,1,4,1,4,1,4,1
341c-f0d4-70be,4284,3,-95.0,4,1,4,1,4,1,4,1
341c-f0d4-70be,4285,3,-94.25,4,1,4,1,4,1,4,1
341c-f0d4-70be,4286,3,-95.25,4,1,4,1,4,1,4,1
341c-f0d4-70be,4287,3,-94.5,3,0,3,0,3,0,3,0
341c-f0d4-70be,4288,3,-95.0,3,0,3,0,3,0,3,0
341c-f0d4-70be,4289,3,-95.0,4,1,4,1,4,1,4,1
341c-f0d4-70be,4290,3,-94.5,3,0,3,0,3,0,3,0
341c-f0d4-70be,4291,3,-95.0,3,0,3,0,3,0,3,0
341c-f0d4-70be,4292,3,-95.0,3,0,3,0,3,0,3,0
341c-f0d4-70be,4293,3,-95.5,3,0,3,0,3,0,3,0
341c-f0d4-70be,4294,3,-95.0,3,0,3,0,3,0,3,0
341c-f0d4-70be,4295,3,-94.75,3,0,2,1,3,0,3,0
341c-f0d4-70be,4296,3,-94.25,3,0,2,1,2,1,3,0
341c-f0d4-70be,4297,3,-94.75,4,1,4,1,4,1,4,1
341c-f0d4-70be,4298,3,-95.0,4,1,4,1,4,1,4,1
341c-f0d4-70be,4299,3,-94.75,4,1,4,1,4,1,4,1
341c-f0d4-70be,4300,3,-95.25,4,1,4,1,4,1,4,1
341c-f0d4-70be,4301,3,-94.75,3,0,3,0,3,0,3,0
341c-f0d4-70be,4302,3,-95.25,4,1,4,1,4,1,4,1
341c-f0d4-70be,4303,3,-95.25,3,0,3,0,3,0,3,0
341c-f0d4-70be,4304,3,-94.5,4,1,4,1,4,1,4,1
341c-f0d4-70be,4305,5,-94.75,4,1,4,1,4,1,4,1
341c-f0d4-70be,4306,4,-94.5,5,1,5,1,5,1,5,1
341c-f0d4-70be,4307,5,-94.25,4,1,4,1,4,1,4,1
341c-f0d4-70be,4308,5,-94.25,5,0,5,0,5,0,5,0
341c-f0d4-70be,4309,4,-94.75,5,1,5,1,5,1,5,1
341c-f0d4-70be,4310,4,-94.25,5,1,5,1,5,1,5,1
341c-f0d4-70be,4311,4,-94.75,5,1,5,1,5,1,5,1
341c-f0d4-70be,4312,4,-94.25,5,1,5,1,5,1,5,1
341c-f0d4-70be,4313,4,-94.75,5,1,5,1,5,1,5,1
341c-f0d4-70be,4314,4,-94.25,5,1,5,1,5,1,5,1
341c-f0d4-70be,4315,4,-94.75,5,1,5,1,5,1,5,1
341c-f0d4-70be,4316,4,-94.5,5,1,5,1,5,1,5,1
341c-f0d4-70be,4317,5,-94.25,5,0,5,0,5,0,5,0
341c-f0d4-70be,4318,4,-94.25,5,1,5,1,5,1,5,1
341c-f0d4-70be,4319,4,-94.5,5,1,5,1,5,1,5,1
341c-f0d4-70be,4320,4,-94.5,5,1,5,1,4,0,5,1
341c-f0d4-70be,4321,4,-94.25,5,1,5,1,4,0,5,1
341c-f0d4-70be,4322,4,-95.0,4,0,4,0,4,0,4,0
341c-f0d4-70be,4323,4,-94.5,5,1,5,1,4,0,5,1
341c-f0d4-70be,4324,4,-94.5,4,0,4,0,4,0,4,0
341c-f0d4-70be,4325,5,-94.75,4,1,4,1,4,1,4,1
341c-f0d4-70be,4326,5,-94.75,5,0,5,0,5,0,5,0
341c-f0d4-70be,4327,5,-94.5,5,0,5,0,5,0,5,0
341c-f0d4-70be,4328,5,-94.5,4,1,4,1,4,1,4,1
341c-f0d4-70be,4329,5,-95.0,4,1,4,1,4,1,4,1
341c-f0d4-70be,4330,4,-94.5,4,0,4,0,4,0,4,0
341c-f0d4-70be,4331,4,-94.75,4,0,4,0,4,0,4,0
341c-f0d4-70be,4332,4,-94.75,4,0,4,0,4,0,4,0
341c-f0d4-70be,4333,4,-94.25,4,0,4,0,4,0,4,0
341c-f0d4-70be,4334,4,-94.75,5,1,5,1,5,1,5,1
341c-f0d4-70be,4335,4,-94.25,5,1,5,1,5,1,5,1
341c-f0d4-70be,4336,4,-93.75,5,1,5,1,4,0,5,1
341c-f0d4-70be,4337,4,-94.5,5,1,5,1,5,1,5,1
341c-f0d4-70be,4338,4,-94.5,5,1,5,1,4,0,5,1
341c-f0d4-70be,4339,4,-94.5,5,1,5,1,5,1,5,1
341c-f0d4-70be,4340,4,-94.75,5,1,5,1,5,1,5,1
341c-f0d4-70be,4341,4,-94.75,5,1,5,1,4,0,5,1
341c-f0d4-70be,4342,4,-95.0,5,1,5,1,5,1,5,1
341c-f0d4-70be,4343,4,-94.25,5,1,5,1,4,0,5,1
341c-f0d4-70be,4344,4,-94.5,5,1,5,1,5,1,5,1
341c-f0d4-70be,4345,4,-94.75,5,1,5,1,5,1,5,1
341c-f0d4-70be,4346,4,-95.25,5,1,5,1,5,1,5,1
341c-f0d4-70be,4347,4,-94.25,5,1,5,1,5,1,5,1
341c-f0d4-70be,4348,4,-94.25,5,1,5,1,4,0,5,1
341c-f0d4-70be,4349,4,-94.5,5,1,5,1,5,1,5,1
341c-f0d4-70be,4350,4,-95.25,5,1,5,1,5,1,5,1
341c-f0d4-70be,4351,4,-95.0,5,1,5,1,5,1,5,1
341c-f0d4-70be,4352,4,-94.25,5,1,5,1,5,1,5,1
341c-f0d4-70be,4353,4,-94.5,5,1,5,1,5,1,5,1
341c-f0d4-70be,4354,4,-94.25,5,1,5,1,4,0,5,1
341c-f0d4-70be,4355,4,-94.5,5,1,5,1,5,1,5,1
341c-f0d4-70be,4356,4,-95.0,5,1,5,1,5,1,5,1
341c-f0d4-70be,4357,4,-94.75,4,0,4,0,4,0,4,0
341c-f0d4-70be,4358,4,-94.5,4,0,4,0,4,0,4,0
341c-f0d4-70be,4359,4,-94.75,4,0,4,0,4,0,4,0
341c-f0d4-70be,4360,4,-94.75,4,0,4,0,4,0,4,0
341c-f0d4-70be,4361,4,-94.75,3,1,3,1,3,1,3,1
341c-f0d4-70be,4362,4,-95.0,4,0,4,0,4,0,4,0
341c-f0d4-70be,4363,4,-95.0,4,0,4,0,4,0,4,0
341c-f0d4-70be,4364,4,-94.5,4,0,4,0,4,0,4,0
341c-f0d4-70be,4365,4,-95.0,5,1,5,1,5,1,5,1
341c-f0d4-70be,4366,4,-95.0,5,1,5,1,5,1,5,1
341c-f0d4-70be,4367,4,-94.25,5,1,5,1,5,1,5,1
341c-f0d4-70be,4368,4,-94.75,5,1,5,1,5,1,5,1
341c-f0d4-70be,4369,5,-94.75,5,0,5,0,5,0,5,0
341c-f0d4-70be,4370,5,-94.25,5,0,5,0,5,0,5,0
341c-f0d4-70be,4371,5,-94.0,5,0,5,0,4,1,5,0
341c-f0d4-70be,4372,5,-95.25,5,0,5,0,5,0,5,0
341c-f0d4-70be,4373,5,-94.75,5,0,5,0,4,1,5,0
341c-f0d4-70be,4374,5,-95.0,5,0,5,0,5,0,5,0
341c-f0d4-70be,4375,5,-94.25,5,0,5,0,4,1,5,0
341c-f0d4-70be,4376,5,-94.5,5,0,5,0,5,0,5,0
341c-f0d4-70be,4377,5,-95.0,5,0,5,0,5,0,5,0
341c-f0d4-70be,4378,5,-94.0,5,0,5,0,4,1,5,0
341c-f0d4-70be,4379,4,-94.5,5,1,5,1,5,1,5,1
341c-f0d4-70be,4380,4,-95.0,5,1,5,1,5,1,5,1
341c-f0d4-70be,4381,5,-94.75,5,0,5,0,5,0,5,0
341c-f0d4-70be,4382,5,-93.0,5,0,5,0,4,1,5,0
341c-f0d4-70be,4383,4,-94.5,5,1,5,1,4,0,5,1
341c-f0d4-70be,4384,4,-95.0,5,1,5,1,5,1,5,1
341c-f0d4-70be,4385,4,-94.25,5,1,5,1,5,1,5,1
341c-f0d4-70be,4386,4,-94.0,5,1,5,1,5,1,5,1
341c-f0d4-70be,4387,4,-94.0,5,1,5,1,5,1,5,1
341c-f0d4-70be,4388,4,-95.25,5,1,5,1,5,1,5,1
341c-f0d4-70be,4389,4,-94.0,5,1,5,1,4,0,5,1
341c-f0d4-70be,4390,4,-94.5,5,1,5,1,5,1,5,1
341c-f0d4-70be,4391,4,-94.75,4,0,4,0,4,0,4,0
341c-f0d4-70be,4392,4,-95.0,3,1,3,1,3,1,3,1
341c-f0d4-70be,4393,4,-94.5,4,0,4,0,4,0,4,0
341c-f0d4-70be,4394,4,-95.0,4,0,4,0,4,0,4,0
341c-f0d4-70be,4395,3,-94.5,4,1,4,1,4,1,4,1
341c-f0d4-70be,4396,3,-95.25,4,1,4,1,4,1,4,1
341c-f0d4-70be,4397,4,-95.0,5,1,5,1,5,1,5,1
341c-f0d4-70be,4398,4,-94.5,5,1,5,1,5,1,5,1
341c-f0d4-70be,4399,4,-93.75,4,0,4,0,4,0,4,0
341c-f0d4-70be,4400,4,-94.25,5,1,5,1,4,0,5,1
341c-f0d4-70be,4401,4,-92.75,5,1,5,1,4,0,5,1
341c-f0d4-70be,4402,4,-94.5,5,1,5,1,5,1,5,1
341c-f0d4-70be,4403,4,-94.25,5,1,5,1,5,1,5,1
341c-f0d4-70be,4404,4,-93.75,5,1,5,1,4,0,5,1
341c-f0d4-70be,4405,5,-94.5,5,0,5,0,5,0,5,0
341c-f0d4-70be,4406,5,-93.75,5,0,5,0,4,1,5,0
341c-f0d4-70be,4407,4,-94.5,5,1,5,1,5,1,5,1
341c-f0d4-70be,4408,4,-93.75,5,1,5,1,4,0,5,1
341c-f0d4-70be,4409,4,-94.25,5,1,5,1,5,1,5,1
341c-f0d4-70be,4410,4,-94.0,5,1,5,1,5,1,5,1
341c-f0d4-70be,4411,5,-94.0,5,0,5,0,5,0,5,0
341c-f0d4-70be,4412,4,-94.25,5,1,5,1,5,1,5,1
341c-f0d4-70be,4413,4,-94.75,5,1,5,1,4,0,5,1
341c-f0d4-70be,4414,4,-94.0,5,1,5,1,4,0,5,1
341c-f0d4-70be,4415,4,-94.5,5,1,5,1,4,0,5,1
341c-f0d4-70be,4416,4,-94.0,5,1,5,1,5,1,5,1
341c-f0d4-70be,4417,4,-94.75,4,0,4,0,4,0,4,0
341c-f0d4-70be,4418,4,-94.25,5,1,5,1,5,1,5,1
341c-f0d4-70be,4419,4,-94.25,5,1,5,1,5,1,5,1
341c-f0d4-70be,4420,5,-94.75,5,0,5,0,5,0,5,0
341c-f0d4-70be,4421,4,-94.0,5,1,5,1,4,0,5,1
341c-f0d4-70be,4422,5,-93.5,7,2,7,2,7,2,7,2
341c-f0d4-70be,4423,5,-93.75,7,2,7,2,7,2,7,2
341c-f0d4-70be,4424,5,-93.75,7,2,7,2,7,2,7,2
341c-f0d4-70be,4425,5,-93.75,7,2,7,2,7,2,7,2
341c-f0d4-70be,4426,5,-91.25,7,2,7,2,7,2,7,2
341c-f0d4-70be,4427,5,-94.25,7,2,7,2,8,3,7,2
341c-f0d4-70be,4428,5,-93.25,7,2,7,2,7,2,7,2
341c-f0d4-70be,4429,5,-94.25,7,2,7,2,7,2,7,2
341c-f0d4-70be,4430,5,-93.25,7,2,7,2,7,2,7,2
341c-f0d4-70be,4431,5,-93.5,7,2,7,2,7,2,7,2
341c-f0d4-70be,4432,5,-92.75,7,2,7,2,7,2,7,2
341c-f0d4-70be,4433,5,-93.0,7,2,7,2,7,2,7,2
341c-f0d4-70be,4434,5,-92.25,7,2,7,2,7,2,7,2
341c-f0d4-70be,4435,5,-94.25,7,2,7,2,8,3,7,2
341c-f0d4-70be,4436,5,-93.5,7,2,7,2,7,2,7,2
341c-f0d4-70be,4437,5,-92.75,7,2,7,2,7,2,7,2
341c-f0d4-70be,4438,5,-91.75,7,2,7,2,7,2,7,2
341c-f0d4-70be,4439,5,-93.5,7,2,7,2,7,2,7,2
341c-f0d4-70be,4440,5,-94.25,7,2,7,2,8,3,7,2
341c-f0d4-70be,4441,5,-92.25,7,2,7,2,7,2,7,2
341c-f0d4-70be,4442,5,-94.0,7,2,7,2,7,2,7,2
341c-f0d4-70be,4443,5,-93.0,7,2,7,2,7,2,7,2
341c-f0d4-70be,4444,5,-94.25,7,2,7,2,7,2,7,2
341c-f0d4-70be,4445,5,-92.75,7,2,7,2,7,2,7,2
341c-f0d4-70be,4446,5,-94.0,7,2,7,2,7,2,7,2
341c-f0d4-70be,4447,5,-94.5,7,2,7,2,7,2,7,2
341c-f0d4-70be,4448,5,-93.75,7,2,7,2,7,2,7,2
341c-f0d4-70be,4449,5,-91.75,7,2,7,2,7,2,7,2
341c-f0d4-70be,4450,5,-92.5,7,2,7,2,7,2,7,2
341c-f0d4-70be,4451,5,-93.75,7,2,7,2,7,2,7,2
341c-f0d4-70be,4452,5,-92.75,7,2,7,2,7,2,7,2
341c-f0d4-70be,4453,5,-92.75,7,2,7,2,7,2,7,2
341c-f0d4-70be,4454,5,-93.5,7,2,7,2,7,2,7,2
341c-f0d4-70be,4455,5,-93.75,7,2,7,2,8,3,7,2
341c-f0d4-70be,4456,5,-92.75,7,2,7,2,7,2,7,2
341c-f0d4-70be,4457,5,-92.5,7,2,7,2,7,2,7,2
341c-f0d4-70be,4458,5,-91.75,7,2,7,2,7,2,7,2
341c-f0d4-70be,4459,5,-93.0,7,2,7,2,7,2,7,2
341c-f0d4-70be,4460,5,-92.25,7,2,7,2,7,2,7,2
341c-f0d4-70be,4461,5,-92.5,7,2,7,2,7,2,7,2
341c-f0d4-70be,4462,5,-93.25,7,2,7,2,7,2,7,2
341c-f0d4-70be,4463,5,-93.5,7,2,7,2,7,2,7,2
341c-f0d4-70be,4464,5,-79.5,7,2,7,2,4,1,7,2
341c-f0d4-70be,4465,5,-93.5,7,2,7,2,7,2,7,2
341c-f0d4-70be,4466,5,-93.5,7,2,7,2,7,2,7,2
341c-f0d4-70be,4467,5,-93.0,7,2,7,2,7,2,7,2
341c-f0d4-70be,4468,5,-93.0,7,2,7,2,7,2,7,2
341c-f0d4-70be,4469,5,-93.5,7,2,7,2,7,2,7,2
341c-f0d4-70be,4470,5,-91.75,7,2,7,2,7,2,7,2
341c-f0d4-70be,4471,5,-93.25,7,2,7,2,7,2,7,2
341c-f0d4-70be,4472,5,-92.25,7,2,7,2,7,2,7,2
341c-f0d4-70be,4473,5,-91.75,7,2,7,2,7,2,7,2
341c-f0d4-70be,4474,5,-94.25,7,2,7,2,7,2,7,2
341c-f0d4-70be,4475,5,-94.0,7,2,7,2,7,2,7,2
341c-f0d4-70be,4476,5,-93.5,7,2,7,2,7,2,7,2
341c-f0d4-70be,4477,5,-94.0,7,2,7,2,7,2,7,2
341c-f0d4-70be,4478,5,-94.75,7,2,7,2,7,2,7,2
341c-f0d4-70be,4479,4,-94.25,7,3,7,3,7,3,7,3
341c-f0d4-70be,4480,4,-93.5,7,3,7,3,7,3,7,3
341c-f0d4-70be,4481,4,-93.5,7,3,7,3,7,3,7,3
341c-f0d4-70be,4482,5,-93.75,7,2,7,2,7,2,7,2
341c-f0d4-70be,4483,5,-93.75,7,2,7,2,7,2,7,2
341c-f0d4-70be,4484,5,-93.0,7,2,7,2,7,2,7,2
341c-f0d4-70be,4485,5,-92.5,7,2,7,2,7,2,7,2
341c-f0d4-70be,4486,5,-93.75,7,2,7,2,7,2,7,2
341c-f0d4-70be,4487,5,-93.0,7,2,7,2,7,2,7,2
341c-f0d4-70be,4488,5,-93.75,7,2,7,2,7,2,7,2
341c-f0d4-70be,4489,5,-93.5,7,2,7,2,7,2,7,2
341c-f0d4-70be,4490,5,-93.5,7,2,7,2,7,2,7,2
341c-f0d4-70be,4491,5,-92.0,7,2,7,2,7,2,7,2
341c-f0d4-70be,4492,5,-94.0,7,2,7,2,7,2,7,2
341c-f0d4-70be,4493,5,-92.5,7,2,7,2,7,2,7,2
341c-f0d4-70be,4494,5,-93.5,7,2,7,2,7,2,7,2
341c-f0d4-70be,4495,5,-93.25,7,2,7,2,7,2,7,2
341c-f0d4-70be,4496,5,-93.5,7,2,7,2,7,2,7,2
341c-f0d4-70be,4497,5,-93.75,7,2,7,2,7,2,7,2
341c-f0d4-70be,4498,5,-94.25,7,2,7,2,8,3,7,2
341c-f0d4-70be,4499,5,-93.25,7,2,7,2,7,2,7,2
341c-f0d4-70be,4500,5,-94.0,7,2,7,2,7,2,7,2
341c-f0d4-70be,4501,5,-93.25,7,2,7,2,7,2,7,2
341c-f0d4-70be,4502,5,-93.5,7,2,7,2,7,2,7,2
341c-f0d4-70be,4503,5,-94.25,7,2,7,2,8,3,7,2
341c-f0d4-70be,4504,5,-93.0,7,2,7,2,7,2,7,2
341c-f0d4-70be,4505,5,-93.25,7,2,7,2,7,2,7,2
341c-f0d4-70be,4506,5,-93.0,7,2,7,2,7,2,7,2
341c-f0d4-70be,4507,5,-92.25,7,2,7,2,7,2,7,2
341c-f0d4-70be,4508,5,-92.25,7,2,7,2,7,2,7,2
341c-f0d4-70be,4509,5,-94.25,7,2,7,2,7,2,7,2
341c-f0d4-70be,4510,5,-94.0,7,2,7,2,7,2,7,2
341c-f0d4-70be,4511,5,-92.75,7,2,7,2,7,2,7,2
341c-f0d4-70be,4512,5,-94.5,7,2,7,2,7,2,7,2
341c-f0d4-70be,4513,5,-86.5,7,2,7,2,5,0,7,2
341c-f0d4-70be,4514,5,-94.25,7,2,7,2,7,2,7,2
341c-f0d4-70be,4515,5,-94.25,7,2,7,2,7,2,7,2
341c-f0d4-70be,4516,5,-94.25,7,2,7,2,7,2,7,2
341c-f0d4-70be,4517,5,-94.25,7,2,7,2,7,2,7,2
341c-f0d4-70be,4518,5,-93.75,7,2,7,2,7,2,7,2
341c-f0d4-70be,4519,5,-93.5,7,2,7,2,7,2,7,2
341c-f0d4-70be,4520,5,-93.5,7,2,7,2,7,2,7,2
341c-f0d4-70be,4521,5,-94.25,7,2,7,2,8,3,7,2
341c-f0d4-70be,4522,5,-93.5,7,2,7,2,7,2,7,2
341c-f0d4-70be,4523,5,-94.25,7,2,7,2,7,2,7,2
341c-f0d4-70be,4524,5,-91.5,7,2,7,2,7,2,7,2
341c-f0d4-70be,4525,5,-94.0,7,2,7,2,7,2,7,2
341c-f0d4-70be,4526,5,-94.0,7,2,7,2,7,2,7,2
341c-f0d4-70be,4527,5,-93.25,7,2,7,2,7,2,7,2
341c-f0d4-70be,4528,5,-93.5,7,2,7,2,7,2,7,2
341c-f0d4-70be,4529,5,-94.0,7,2,7,2,8,3,7,2
341c-f0d4-70be,4530,5,-94.0,7,2,7,2,7,2,7,2
341c-f0d4-70be,4531,5,-93.75,7,2,7,2,7,2,7,2
341c-f0d4-70be,4532,5,-94.25,7,2,7,2,8,3,7,2
341c-f0d4-70be,4533,5,-94.25,7,2,7,2,7,2,7,2
341c-f0d4-70be,4534,5,-93.25,7,2,7,2,7,2,7,2
341c-f0d4-70be,4535,5,-93.5,7,2,7,2,7,2,7,2
341c-f0d4-70be,4536,6,-94.0,7,1,7,1,7,1,7,1
341c-f0d4-70be,4537,6,-94.75,7,1,7,1,7,1,7,1
341c-f0d4-70be,4538,6,-94.0,7,1,7,1,7,1,7,1
341c-f0d4-70be,4539,6,-94.75,4,2,5,1,4,2,4,2
341c-f0d4-70be,4540,6,-94.75,5,1,5,1,6,0,5,1
341c-f0d4-70be,4541,6,-94.5,4,2,4,2,4,2,4,2
341c-f0d4-70be,4542,6,-95.0,4,2,4,2,4,2,4,2
341c-f0d4-70be,4543,6,-95.0,5,1,5,1,6,0,5,1
341c-f0d4-70be,4544,6,-94.75,5,1,5,1,6,0,5,1
341c-f0d4-70be,4545,6,-94.75,6,0,7,1,7,1,6,0
341c-f0d4-70be,4546,6,-94.5,6,0,7,1,7,1,6,0
341c-f0d4-70be,4547,6,-94.5,7,1,7,1,7,1,7,1
341c-f0d4-70be,4548,6,-94.25,7,1,7,1,7,1,7,1
341c-f0d4-70be,4549,6,-94.75,7,1,7,1,7,1,7,1
341c-f0d4-70be,4550,7,-95.0,7,0,7,0,7,0,7,0
341c-f0d4-70be,4551,6,-94.75,7,1,7,1,7,1,7,1
341c-f0d4-70be,4552,6,-95.0,7,1,7,1,7,1,7,1
341c-f0d4-70be,4553,6,-94.75,7,1,7,1,7,1,7,1
341c-f0d4-70be,4554,6,-94.75,7,1,7,1,7,1,7,1
341c-f0d4-70be,4555,6,-94.75,7,1,7,1,7,1,7,1
341c-f0d4-70be,4556,6,-94.75,7,1,7,1,7,1,7,1
341c-f0d4-70be,4557,6,-95.5,5,1,5,1,5,1,5,1
341c-f0d4-70be,4558,6,-94.75,4,2,4,2,4,2,4,2
341c-f0d4-70be,4559,6,-94.5,4,2,4,2,4,2,4,2
341c-f0d4-70be,4560,7,-94.75,6,1,7,0,7,0,6,1
341c-f0d4-70be,4561,6,-95.0,6,0,7,1,7,1,6,0
341c-f0d4-70be,4562,6,-95.25,6,0,7,1,7,1,6,0
341c-f0d4-70be,4563,6,-95.25,6,0,7,1,7,1,6,0
341c-f0d4-70be,4564,6,-94.25,6,0,6,0,7,1,6,0
341c-f0d4-70be,4565,6,-94.75,5,1,5,1,6,0,5,1
341c-f0d4-70be,4566,6,-95.25,6,0,7,1,7,1,6,0
341c-f0d4-70be,4567,6,-94.5,5,1,5,1,6,0,5,1
341c-f0d4-70be,4568,6,-94.75,5,1,5,1,6,0,5,1
341c-f0d4-70be,4569,6,-94.5,5,1,5,1,5,1,5,1
341c-f0d4-70be,4570,6,-95.25,4,2,5,1,5,1,4,2
341c-f0d4-70be,4571,6,-94.5,5,1,5,1,6,0,5,1
341c-f0d4-70be,4572,6,-95.0,5,1,5,1,6,0,5,1
341c-f0d4-70be,4573,6,-94.5,4,2,4,2,4,2,4,2
341c-f0d4-70be,4574,6,-94.75,5,1,5,1,5,1,5,1
341c-f0d4-70be,4575,6,-94.75,6,0,7,1,7,1,6,0
341c-f0d4-70be,4576,7,-95.0,6,1,7,0,7,0,6,1
341c-f0d4-70be,4577,6,-94.75,6,0,7,1,7,1,6,0
341c-f0d4-70be,4578,6,-94.5,7,1,7,1,7,1,7,1
341c-f0d4-70be,4579,6,-94.75,7,1,7,1,7,1,7,1
341c-f0d4-70be,4580,6,-93.75,7,1,7,1,7,1,7,1
341c-f0d4-70be,4581,6,-94.5,7,1,7,1,7,1,7,1
341c-f0d4-70be,4582,6,-93.75,7,1,7,1,7,1,7,1
341c-f0d4-70be,4583,6,-94.5,6,0,6,0,7,1,6,0
341c-f0d4-70be,4584,6,-95.0,6,0,7,1,7,1,6,0
341c-f0d4-70be,4585,6,-94.75,6,0,7,1,7,1,6,0
341c-f0d4-70be,4586,6,-94.5,6,0,6,0,7,1,6,0
341c-f0d4-70be,4587,6,-94.75,6,0,7,1,7,1,6,0
341c-f0d4-70be,4588,6,-92.75,6,0,6,0,6,0,6,0
341c-f0d4-70be,4589,6,-93.0,7,1,7,1,7,1,7,1
341c-f0d4-70be,4590,6,-94.25,7,1,7,1,7,1,7,1
341c-f0d4-70be,4591,6,-95.0,7,1,7,1,7,1,7,1
341c-f0d4-70be,4592,6,-94.75,6,0,7,1,7,1,6,0
341c-f0d4-70be,4593,6,-95.0,7,1,7,1,7,1,7,1
341c-f0d4-70be,4594,6,-94.5,6,0,7,1,7,1,6,0
341c-f0d4-70be,4595,6,-94.5,7,1,7,1,7,1,7,1
341c-f0d4-70be,4596,6,-94.25,7,1,7,1,7,1,7,1
341c-f0d4-70be,4597,6,-94.0,7,1,7,1,7,1,7,1
341c-f0d4-70be,4598,6,-93.0,7,1,7,1,7,1,7,1
341c-f0d4-70be,4599,6,-94.75,7,1,7,1,7,1,7,1
341c-f0d4-70be,4600,6,-95.25,4,2,5,1,5,1,4,2
341c-f0d4-70be,4601,6,-95.0,5,1,5,1,5,1,5,1
341c-f0d4-70be,4602,6,-94.75,4,2,5,1,5,1,4,2
341c-f0d4-70be,4603,6,-95.0,4,2,4,2,4,2,4,2
341c-f0d4-70be,4604,6,-95.75,3,3,3,3,3,3,3,3
341c-f0d4-70be,4605,6,-94.5,7,1,7,1,7,1,7,1
341c-f0d4-70be,4606,6,-93.75,7,1,7,1,7,1,7,1
341c-f0d4-70be,4607,6,-94.75,7,1,7,1,7,1,7,1
341c-f0d4-70be,4608,6,-94.75,7,1,7,1,7,1,7,1
341c-f0d4-70be,4609,6,-95.0,6,0,7,1,7,1,6,0
341c-f0d4-70be,4610,6,-94.75,6,0,7,1,7,1,6,0
341c-f0d4-70be,4611,6,-94.75,5,1,5,1,6,0,5,1
341c-f0d4-70be,4612,6,-94.5,5,1,5,1,5,1,5,1
341c-f0d4-70be,4613,6,-94.25,5,1,5,1,4,2,5,1
341c-f0d4-70be,4614,6,-95.25,5,1,5,1,5,1,5,1
341c-f0d4-70be,4615,6,-95.0,4,2,4,2,4,2,4,2
341c-f0d4-70be,4616,6,-95.0,4,2,4,2,4,2,4,2
341c-f0d4-70be,4617,6,-95.0,4,2,4,2,4,2,4,2
341c-f0d4-70be,4618,6,-95.25,4,2,4,2,4,2,4,2
341c-f0d4-70be,4619,6,-95.25,4,2,4,2,4,2,4,2
341c-f0d4-70be,4620,6,-95.25,4,2,4,2,4,2,4,2
341c-f0d4-70be,4621,6,-95.25,4,2,4,2,4,2,4,2
341c-f0d4-70be,4622,6,-95.25,4,2,5,1,5,1,4,2
341c-f0d4-70be,4623,6,-94.75,5,1,5,1,5,1,5,1
341c-f0d4-70be,4624,6,-95.0,4,2,5,1,5,1,4,2
341c-f0d4-70be,4625,5,-94.25,4,1,4,1,4,1,4,1
341c-f0d4-70be,4626,5,-94.75,4,1,4,1,4,1,4,1
341c-f0d4-70be,4627,5,-94.75,4,1,4,1,4,1,4,1
341c-f0d4-70be,4628,5,-94.0,4,1,4,1,3,2,4,1
341c-f0d4-70be,4629,5,-92.5,4,1,4,1,4,1,4,1
341c-f0d4-70be,4630,5,-95.0,4,1,4,1,4,1,4,1
341c-f0d4-70be,4631,5,-94.5,4,1,4,1,4,1,4,1
341c-f0d4-70be,4632,5,-94.25,4,1,4,1,4,1,4,1
341c-f0d4-70be,4633,5,-94.0,4,1,4,1,3,2,4,1
341c-f0d4-70be,4634,5,-94.25,4,1,4,1,4,1,4,1
341c-f0d4-70be,4635,5,-94.75,4,1,4,1,4,1,4,1
341c-f0d4-70be,4636,5,-95.0,4,1,4,1,4,1,4,1
341c-f0d4-70be,4637,5,-94.75,4,1,4,1,4,1,4,1
341c-f0d4-70be,4638,5,-94.0,4,1,4,1,3,2,4,1
341c-f0d4-70be,4639,5,-94.0,4,1,4,1,3,2,4,1
341c-f0d4-70be,4640,5,-94.5,4,1,4,1,4,1,4,1
341c-f0d4-70be,4641,5,-94.75,4,1,4,1,4,1,4,1
341c-f0d4-70be,4642,5,-94.75,4,1,4,1,4,1,4,1
341c-f0d4-70be,4643,5,-94.25,4,1,4,1,4,1,4,1
341c-f0d4-70be,4644,5,-95.0,4,1,4,1,4,1,4,1
341c-f0d4-70be,4645,5,-95.25,4,1,4,1,4,1,4,1
341c-f0d4-70be,4646,5,-94.75,4,1,4,1,4,1,4,1
341c-f0d4-70be,4647,5,-95.25,4,1,4,1,4,1,4,1
341c-f0d4-70be,4648,5,-95.0,4,1,4,1,4,1,4,1
341c-f0d4-70be,4649,5,-95.25,4,1,4,1,4,1,4,1
341c-f0d4-70be,4650,5,-95.0,4,1,4,1,4,1,4,1
341c-f0d4-70be,4651,5,-95.5,4,1,4,1,4,1,4,1
341c-f0d4-70be,4652,5,-94.75,4,1,4,1,4,1,4,1
341c-f0d4-70be,4653,5,-94.75,4,1,4,1,4,1,4,1
341c-f0d4-70be,4654,5,-94.75,4,1,4,1,4,1,4,1
341c-f0d4-70be,4655,4,-94.0,4,0,4,0,4,0,4,0
341c-f0d4-70be,4656,4,-94.5,4,0,4,0,4,0,4,0
341c-f0d4-70be,4657,4,-94.75,5,1,5,1,5,1,5,1
341c-f0d4-70be,4658,4,-95.0,4,0,4,0,4,0,4,0
341c-f0d4-70be,4659,4,-94.5,5,1,5,1,5,1,5,1
341c-f0d4-70be,4660,4,-94.5,4,0,5,1,5,1,4,0
341c-f0d4-70be,4661,5,-94.75,4,1,4,1,4,1,4,1
341c-f0d4-70be,4662,4,-95.0,4,0,5,1,5,1,4,0
341c-f0d4-70be,4663,4,-94.75,4,0,4,0,4,0,4,0
341c-f0d4-70be,4664,4,-94.25,4,0,4,0,4,0,4,0
341c-f0d4-70be,4665,5,-95.25,4,1,5,0,5,0,4,1
341c-f0d4-70be,4666,4,-94.25,4,0,4,0,4,0,4,0
341c-f0d4-70be,4667,4,-95.0,4,0,4,0,4,0,4,0
341c-f0d4-70be,4668,4,-95.25,4,0,4,0,4,0,4,0
341c-f0d4-70be,4669,5,-95.5,4,1,4,1,4,1,4,1
341c-f0d4-70be,4670,4,-94.75,4,0,4,0,4,0,4,0
341c-f0d4-70be,4671,4,-95.25,4,0,4,0,4,0,4,0
341c-f0d4-70be,4672,4,-95.0,4,0,4,0,4,0,4,0
341c-f0d4-70be,4673,4,-95.0,4,0,4,0,4,0,4,0
341c-f0d4-70be,4674,4,-95.0,4,0,4,0,4,0,4,0
341c-f0d4-70be,4675,4,-95.0,4,0,4,0,4,0,4,0
341c-f0d4-70be,4676,4,-95.5,4,0,4,0,4,0,4,0
341c-f0d4-70be,4677,5,-95.25,4,1,4,1,4,1,4,1
341c-f0d4-70be,4678,5,-95.0,4,1,4,1,4,1,4,1
341c-f0d4-70be,4679,4,-95.25,4,0,4,0,4,0,4,0
341c-f0d4-70be,4680,4,-94.75,4,0,4,0,4,0,4,0
341c-f0d4-70be,4681,4,-95.0,4,0,4,0,4,0,4,0
341c-f0d4-70be,4682,4,-94.5,4,0,5,1,4,0,4,0
341c-f0d4-70be,4683,4,-94.75,4,0,5,1,4,0,4,0
341c-f0d4-70be,4684,4,-94.25,4,0,4,0,4,0,4,0
341c-f0d4-70be,4685,5,-94.75,4,1,4,1,4,1,4,1
341c-f0d4-70be,4686,5,-94.75,5,0,5,0,5,0,5,0
341c-f0d4-70be,4687,5,-94.0,5,0,5,0,4,1,5,0
341c-f0d4-70be,4688,5,-95.25,5,0,5,0,5,0,5,0
341c-f0d4-70be,4689,5,-95.5,4,1,4,1,4,1,4,1
341c-f0d4-70be,4690,5,-94.75,4,1,4,1,4,1,4,1
341c-f0d4-70be,4691,5,-95.0,5,0,5,0,5,0,5,0
341c-f0d4-70be,4692,5,-94.5,4,1,4,1,4,1,4,1
341c-f0d4-70be,4693,4,-95.0,4,0,4,0,4,0,4,0
341c-f0d4-70be,4694,4,-94.75,4,0,4,0,4,0,4,0
341c-f0d4-70be,4695,4,-94.5,4,0,5,1,5,1,4,0
341c-f0d4-70be,4696,5,-94.25,4,1,4,1,4,1,4,1
341c-f0d4-70be,4697,5,-94.5,4,1,4,1,4,1,4,1
341c-f0d4-70be,4698,4,-94.5,4,0,5,1,5,1,4,0
341c-f0d4-70be,4699,4,-94.5,5,1,5,1,5,1,5,1
341c-f0d4-70be,4700,4,-95.25,4,0,4,0,4,0,4,0
341c-f0d4-70be,4701,4,-94.5,4,0,4,0,4,0,4,0
341c-f0d4-70be,4702,4,-94.75,4,0,4,0,4,0,4,0
341c-f0d4-70be,4703,4,-95.0,4,0,4,0,4,0,4,0
341c-f0d4-70be,4704,4,-95.0,4,0,4,0,4,0,4,0
341c-f0d4-70be,4705,4,-95.0,4,0,4,0,4,0,4,0
341c-f0d4-70be,4706,5,-94.5,4,1,4,1,4,1,4,1
341c-f0d4-70be,4707,5,-95.0,4,1,4,1,4,1,4,1
341c-f0d4-70be,4708,4,-95.25,4,0,4,0,4,0,4,0
341c-f0d4-70be,4709,5,-94.75,4,1,5,0,5,0,4,1
341c-f0d4-70be,4710,5,-94.75,5,0,5,0,5,0,5,0
341c-f0d4-70be,4711,4,-95.0,4,0,4,0,4,0,4,0
341c-f0d4-70be,4712,5,-95.25,4,1,4,1,4,1,4,1
341c-f0d4-70be,4713,5,-94.75,4,1,4,1,4,1,4,1
341c-f0d4-70be,4714,5,-95.0,4,1,5,0,5,0,4,1
341c-f0d4-70be,4715,5,-95.0,4,1,4,1,4,1,4,1
341c-f0d4-70be,4716,5,-94.5,4,1,4,1,4,1,4,1
341c-f0d4-70be,4717,5,-93.5,4,1,4,1,4,1,4,1
341c-f0d4-70be,4718,5,-94.5,4,1,5,0,5,0,4,1
341c-f0d4-70be,4719,5,-94.5,4,1,4,1,4,1,4,1
341c-f0d4-70be,4720,5,-95.25,4,1,5,0,5,0,4,1
341c-f0d4-70be,4721,5,-94.75,4,1,4,1,4,1,4,1
341c-f0d4-70be,4722,5,-94.5,4,1,4,1,4,1,4,1
341c-f0d4-70be,4723,5,-94.75,4,1,4,1,4,1,4,1
341c-f0d4-70be,4724,4,-95.0,4,0,5,1,5,1,4,0
341c-f0d4-70be,4725,5,-95.25,4,1,4,1,4,1,4,1
341c-f0d4-70be,4726,5,-93.75,4,1,4,1,3,2,4,1
341c-f0d4-70be,4727,5,-95.0,4,1,4,1,4,1,4,1
341c-f0d4-70be,4728,5,-92.25,4,1,4,1,4,1,4,1
341c-f0d4-70be,4729,5,-94.5,3,2,3,2,3,2,3,2
341c-f0d4-70be,4730,5,-94.75,4,1,4,1,4,1,4,1
341c-f0d4-70be,4731,5,-94.5,3,2,3,2,3,2,3,2
341c-f0d4-70be,4732,5,-95.25,4,1,4,1,4,1,4,1
341c-f0d4-70be,4733,5,-94.5,4,1,4,1,4,1,4,1
341c-f0d4-70be,4734,5,-94.25,4,1,4,1,4,1,4,1
341c-f0d4-70be,4735,5,-95.25,4,1,4,1,4,1,4,1
341c-f0d4-70be,4736,5,-94.5,4,1,4,1,4,1,4,1
341c-f0d4-70be,4737,5,-94.5,4,1,4,1,4,1,4,1
341c-f0d4-70be,4738,5,-95.25,4,1,4,1,4,1,4,1
341c-f0d4-70be,4739,5,-94.25,4,1,4,1,4,1,4,1
341c-f0d4-70be,4740,5,-94.75,4,1,4,1,4,1,4,1
341c-f0d4-70be,4741,5,-94.0,4,1,4,1,4,1,4,1
341c-f0d4-70be,4742,5,-94.75,4,1,4,1,4,1,4,1
341c-f0d4-70be,4743,5,-94.5,4,1,4,1,4,1,4,1
341c-f0d4-70be,4744,4,-94.75,4,0,4,0,4,0,4,0
341c-f0d4-70be,4745,4,-94.5,4,0,4,0,4,0,4,0
341c-f0d4-70be,4746,4,-95.0,4,0,4,0,4,0,4,0
341c-f0d4-70be,4747,4,-95.0,4,0,4,0,4,0,4,0
341c-f0d4-70be,4748,5,-95.0,4,1,4,1,4,1,4,1
341c-f0d4-70be,4749,5,-94.75,4,1,4,1,4,1,4,1
341c-f0d4-70be,4750,5,-94.5,4,1,4,1,4,1,4,1
341c-f0d4-70be,4751,5,-94.75,4,1,4,1,4,1,4,1
341c-f0d4-70be,4752,5,-94.75,4,1,4,1,4,1,4,1
341c-f0d4-70be,4753,5,-95.0,4,1,4,1,4,1,4,1
341c-f0d4-70be,4754,5,-94.75,4,1,4,1,4,1,4,1
341c-f0d4-70be,4755,5,-95.5,4,1,4,1,4,1,4,1
341c-f0d4-70be,4756,5,-94.75,4,1,4,1,4,1,4,1
341c-f0d4-70be,4757,5,-95.0,3,2,3,2,3,2,3,2
341c-f0d4-70be,4758,5,-94.25,4,1,4,1,4,1,4,1
341c-f0d4-70be,4759,5,-94.25,4,1,4,1,4,1,4,1
341c-f0d4-70be,4760,5,-95.25,4,1,4,1,4,1,4,1
341c-f0d4-70be,4761,5,-95.0,4,1,4,1,4,1,4,1
341c-f0d4-70be,4762,5,-94.75,4,1,4,1,4,1,4,1
341c-f0d4-70be,4763,5,-95.0,4,1,4,1,4,1,4,1
341c-f0d4-70be,4764,5,-94.5,4,1,4,1,4,1,4,1
341c-f0d4-70be,4765,5,-95.0,4,1,4,1,4,1,4,1
341c-f0d4-70be,4766,5,-94.75,4,1,4,1,4,1,4,1
341c-f0d4-70be,4767,5,-94.75,4,1,4,1,4,1,4,1
341c-f0d4-70be,4768,5,-95.25,4,1,4,1,4,1,4,1
341c-f0d4-70be,4769,5,-94.75,4,1,4,1,4,1,4,1
341c-f0d4-70be,4770,5,-94.75,4,1,4,1,4,1,4,1
341c-f0d4-70be,4771,5,-95.25,4,1,4,1,4,1,4,1
341c-f0d4-70be,4772,5,-95.0,4,1,4,1,4,1,4,1
341c-f0d4-70be,4773,5,-94.75,4,1,4,1,4,1,4,1
341c-f0d4-70be,4774,5,-94.75,4,1,4,1,4,1,4,1
341c-f0d4-70be,4775,5,-95.0,4,1,4,1,4,1,4,1
341c-f0d4-70be,4776,5,-94.5,4,1,4,1,4,1,4,1
341c-f0d4-70be,4777,5,-95.0,4,1,4,1,4,1,4,1
341c-f0d4-70be,4778,5,-94.75,4,1,4,1,4,1,4,1
341c-f0d4-70be,4779,5,-95.0,4,1,4,1,4,1,4,1
341c-f0d4-70be,4780,5,-95.5,4,1,4,1,4,1,4,1
341c-f0d4-70be,4781,5,-94.75,4,1,4,1,4,1,4,1
341c-f0d4-70be,4782,5,-95.25,3,2,3,2,3,2,3,2
341c-f0d4-70be,4783,5,-95.25,4,1,4,1,4,1,4,1
341c-f0d4-70be,4784,5,-94.25,4,1,4,1,4,1,4,1
341c-f0d4-70be,4785,5,-94.75,4,1,4,1,4,1,4,1
341c-f0d4-70be,4786,5,-94.75,3,2,3,2,3,2,3,2
341c-f0d4-70be,4787,5,-95.0,4,1,4,1,4,1,4,1
341c-f0d4-70be,4788,5,-95.0,4,1,4,1,4,1,4,1
341c-f0d4-70be,4789,5,-94.5,4,1,4,1,4,1,4,1
341c-f0d4-70be,4790,5,-94.75,4,1,4,1,4,1,4,1
341c-f0d4-70be,4791,5,-94.25,4,1,4,1,4,1,4,1
341c-f0d4-70be,4792,5,-94.5,4,1,4,1,4,1,4,1
341c-f0d4-70be,4793,5,-94.5,4,1,4,1,4,1,4,1
341c-f0d4-70be,4794,5,-94.75,4,1,4,1,4,1,4,1
341c-f0d4-70be,4795,5,-95.0,4,1,4,1,4,1,4,1
341c-f0d4-70be,4796,5,-95.0,4,1,4,1,4,1,4,1
341c-f0d4-70be,4797,5,-95.25,4,1,4,1,4,1,4,1
341c-f0d4-70be,4798,5,-95.0,4,1,4,1,4,1,4,1
341c-f0d4-70be,4799,5,-95.0,4,1,4,1,4,1,4,1
341c-f0d4-70be,4800,5,-95.25,4,1,4,1,4,1,4,1
341c-f0d4-70be,4801,5,-95.25,4,1,4,1,4,1,4,1
341c-f0d4-70be,4802,5,-94.75,4,1,4,1,4,1,4,1
341c-f0d4-70be,4803,5,-95.25,4,1,4,1,4,1,4,1
341c-f0d4-70be,4804,5,-94.75,4,1,4,1,4,1,4,1
341c-f0d4-70be,4805,5,-95.25,4,1,4,1,4,1,4,1
341c-f0d4-70be,4806,5,-94.75,4,1,4,1,4,1,4,1
341c-f0d4-70be,4807,5,-95.25,4,1,4,1,4,1,4,1
341c-f0d4-70be,4808,5,-94.25,4,1,4,1,4,1,4,1
341c-f0d4-70be,4809,5,-95.0,4,1,4,1,4,1,4,1
341c-f0d4-70be,4810,5,-94.75,4,1,4,1,4,1,4,1
341c-f0d4-70be,4811,5,-94.5,4,1,4,1,4,1,4,1
341c-f0d4-70be,4812,5,-95.25,4,1,4,1,4,1,4,1
341c-f0d4-70be,4813,5,-94.75,4,1,4,1,4,1,4,1
341c-f0d4-70be,4814,5,-95.25,3,2,3,2,3,2,3,2
341c-f0d4-70be,4815,5,-95.25,4,1,4,1,4,1,4,1
341c-f0d4-70be,4816,5,-95.0,2,3,2,3,3,2,2,3
341c-f0d4-70be,4817,5,-95.0,3,2,3,2,3,2,3,2
341c-f0d4-70be,4818,5,-94.75,4,1,4,1,4,1,4,1
341c-f0d4-70be,4819,5,-94.75,4,1,4,1,4,1,4,1
341c-f0d4-70be,4820,5,-95.0,4,1,4,1,4,1,4,1
341c-f0d4-70be,4821,5,-94.0,4,1,4,1,4,1,4,1
341c-f0d4-70be,4822,5,-94.5,4,1,4,1,4,1,4,1
341c-f0d4-70be,4823,5,-94.75,4,1,4,1,4,1,4,1
341c-f0d4-70be,4824,5,-95.25,4,1,4,1,4,1,4,1
341c-f0d4-70be,4825,5,-94.75,4,1,4,1,4,1,4,1
341c-f0d4-70be,4826,3,-95.25,3,0,3,0,3,0,3,0
341c-f0d4-70be,4827,3,-95.25,3,0,3,0,3,0,3,0
341c-f0d4-70be,4828,3,-95.0,3,0,3,0,3,0,3,0
341c-f0d4-70be,4829,3,-94.0,3,0,3,0,3,0,3,0
341c-f0d4-70be,4830,3,-95.5,3,0,3,0,3,0,3,0
341c-f0d4-70be,4831,3,-95.25,3,0,3,0,3,0,3,0
341c-f0d4-70be,4832,3,-94.75,3,0,3,0,3,0,3,0
341c-f0d4-70be,4833,3,-95.5,2,1,2,1,2,1,2,1
341c-f0d4-70be,4834,3,-95.75,2,1,2,1,2,1,2,1
341c-f0d4-70be,4835,3,-95.5,2,1,2,1,2,1,2,1
341c-f0d4-70be,4836,3,-95.5,3,0,3,0,3,0,3,0
341c-f0d4-70be,4837,3,-95.5,3,0,3,0,3,0,3,0
341c-f0d4-70be,4838,3,-95.0,3,0,3,0,3,0,3,0
341c-f0d4-70be,4839,3,-95.25,4,1,4,1,4,1,4,1
341c-f0d4-70be,4840,3,-95.25,3,0,3,0,3,0,3,0
341c-f0d4-70be,4841,3,-95.25,3,0,3,0,3,0,3,0
341c-f0d4-70be,4842,3,-95.25,3,0,3,0,3,0,3,0
341c-f0d4-70be,4843,3,-95.75,3,0,3,0,3,0,3,0
341c-f0d4-70be,4844,3,-94.75,3,0,3,0,3,0,3,0
341c-f0d4-70be,4845,3,-95.5,3,0,3,0,3,0,3,0
341c-f0d4-70be,4846,3,-95.0,3,0,3,0,3,0,3,0
341c-f0d4-70be,4847,3,-95.25,3,0,3,0,3,0,3,0
341c-f0d4-70be,4848,3,-95.75,3,0,3,0,3,0,3,0
341c-f0d4-70be,4849,3,-94.75,3,0,3,0,3,0,3,0
341c-f0d4-70be,4850,3,-95.25,3,0,3,0,3,0,3,0
341c-f0d4-70be,4851,3,-95.5,3,0,3,0,3,0,3,0
341c-f0d4-70be,4852,3,-95.5,3,0,3,0,3,0,3,0
341c-f0d4-70be,4853,3,-94.5,3,0,2,1,3,0,3,0
341c-f0d4-70be,4854,3,-95.75,2,1,2,1,2,1,2,1
341c-f0d4-70be,4855,3,-95.25,2,1,2,1,2,1,2,1
341c-f0d4-70be,4856,3,-95.5,3,0,3,0,3,0,3,0
341c-f0d4-70be,4857,3,-95.25,3,0,3,0,3,0,3,0
341c-f0d4-70be,4858,3,-95.5,3,0,3,0,3,0,3,0
341c-f0d4-70be,4859,3,-95.0,3,0,3,0,3,0,3,0
341c-f0d4-70be,4860,3,-95.25,3,0,3,0,3,0,3,0
341c-f0d4-70be,4861,3,-95.0,3,0,3,0,3,0,3,0
341c-f0d4-70be,4862,3,-95.5,3,0,3,0,3,0,3,0
341c-f0d4-70be,4863,3,-95.25,3,0,3,0,3,0,3,0
341c-f0d4-70be,4864,3,-94.75,3,0,3,0,3,0,3,0
341c-f0d4-70be,4865,3,-95.25,3,0,3,0,3,0,3,0
341c-f0d4-70be,4866,3,-94.5,3,0,3,0,3,0,3,0
341c-f0d4-70be,4867,3,-95.25,4,1,4,1,4,1,4,1
341c-f0d4-70be,4868,3,-95.0,4,1,4,1,4,1,4,1
341c-f0d4-70be,4869,3,-95.25,4,1,4,1,4,1,4,1
341c-f0d4-70be,4870,3,-95.25,3,0,3,0,3,0,3,0
341c-f0d4-70be,4871,3,-95.25,3,0,3,0,3,0,3,0
341c-f0d4-70be,4872,3,-95.5,3,0,3,0,3,0,3,0
341c-f0d4-70be,4873,3,-94.75,3,0,3,0,3,0,3,0
341c-f0d4-70be,4874,3,-94.75,3,0,3,0,3,0,3,0
341c-f0d4-70be,4875,3,-95.5,3,0,3,0,3,0,3,0
341c-f0d4-70be,4876,3,-95.25,4,1,4,1,4,1,4,1
341c-f0d4-70be,4877,3,-94.75,4,1,4,1,4,1,4,1
341c-f0d4-70be,4878,3,-94.75,4,1,4,1,4,1,4,1
341c-f0d4-70be,4879,3,-95.25,3,0,3,0,3,0,3,0
341c-f0d4-70be,4880,3,-95.25,2,1,2,1,2,1,2,1
341c-f0d4-70be,4881,3,-94.5,3,0,2,1,3,0,3,0
341c-f0d4-70be,4882,3,-95.5,3,0,3,0,3,0,3,0
341c-f0d4-70be,4883,3,-95.0,3,0,3,0,3,0,3,0
341c-f0d4-70be,4884,3,-94.75,3,0,3,0,3,0,3,0
341c-f0d4-70be,4885,3,-95.25,3,0,3,0,3,0,3,0
341c-f0d4-70be,4886,3,-95.0,3,0,3,0,3,0,3,0
341c-f0d4-70be,4887,3,-95.25,3,0,3,0,3,0,3,0
341c-f0d4-70be,4888,3,-95.25,3,0,3,0,3,0,3,0
341c-f0d4-70be,4889,3,-95.0,3,0,3,0,3,0,3,0
341c-f0d4-70be,4890,3,-94.75,3,0,3,0,3,0,3,0
341c-f0d4-70be,4891,3,-95.25,3,0,3,0,3,0,3,0
341c-f0d4-70be,4892,3,-94.75,3,0,3,0,3,0,3,0
341c-f0d4-70be,4893,3,-95.25,3,0,3,0,3,0,3,0
341c-f0d4-70be,4894,3,-95.25,3,0,3,0,3,0,3,0
341c-f0d4-70be,4895,3,-82.25,4,1,2,1,1,2,4,1
341c-f0d4-70be,4896,3,-95.25,3,0,3,0,3,0,3,0
341c-f0d4-70be,4897,3,-94.75,3,0,3,0,3,0,3,0
341c-f0d4-70be,4898,3,-95.5,3,0,3,0,3,0,3,0
341c-f0d4-70be,4899,3,-95.5,3,0,3,0,3,0,3,0
341c-f0d4-70be,4900,3,-95.0,2,1,2,1,2,1,2,1
341c-f0d4-70be,4901,3,-95.5,3,0,3,0,3,0,3,0
341c-f0d4-70be,4902,3,-95.75,3,0,3,0,3,0,3,0
341c-f0d4-70be,4903,3,-95.5,3,0,3,0,3,0,3,0
341c-f0d4-70be,4904,3,-95.25,3,0,3,0,3,0,3,0
341c-f0d4-70be,4905,3,-95.5,3,0,3,0,3,0,3,0
341c-f0d4-70be,4906,3,-95.25,3,0,3,0,3,0,3,0
341c-f0d4-70be,4907,3,-94.75,3,0,3,0,3,0,3,0
341c-f0d4-70be,4908,3,-95.0,3,0,3,0,3,0,3,0
341c-f0d4-70be,4909,3,-95.0,3,0,3,0,3,0,3,0
341c-f0d4-70be,4910,3,-95.25,3,0,3,0,3,0,3,0
341c-f0d4-70be,4911,3,-95.75,2,1,2,1,2,1,2,1
341c-f0d4-70be,4912,3,-94.75,3,0,3,0,3,0,3,0
341c-f0d4-70be,4913,3,-94.75,4,1,4,1,4,1,4,1
341c-f0d4-70be,4914,3,-95.0,4,1,4,1,4,1,4,1
341c-f0d4-70be,4915,3,-95.0,4,1,4,1,4,1,4,1
341c-f0d4-70be,4916,3,-95.25,4,1,4,1,4,1,4,1
341c-f0d4-70be,4917,3,-95.75,4,1,4,1,5,2,4,1
341c-f0d4-70be,4918,3,-95.0,3,0,3,0,3,0,3,0
341c-f0d4-70be,4919,3,-95.5,4,1,4,1,4,1,4,1
341c-f0d4-70be,4920,3,-95.0,3,0,3,0,3,0,3,0
341c-f0d4-70be,4921,3,-95.25,4,1,4,1,4,1,4,1
341c-f0d4-70be,4922,3,-95.0,3,0,3,0,3,0,3,0
341c-f0d4-70be,4923,4,-95.25,4,0,4,0,4,0,4,0
341c-f0d4-70be,4924,3,-94.75,4,1,4,1,4,1,4,1
341c-f0d4-70be,4925,3,-95.5,4,1,4,1,4,1,4,1
341c-f0d4-70be,4926,3,-95.0,4,1,4,1,4,1,4,1
341c-f0d4-70be,4927,3,-95.5,4,1,4,1,4,1,4,1
341c-f0d4-70be,4928,3,-95.0,4,1,4,1,4,1,4,1
341c-f0d4-70be,4929,3,-95.0,4,1,4,1,4,1,4,1
341c-f0d4-70be,4930,3,-95.0,4,1,4,1,4,1,4,1
341c-f0d4-70be,4931,3,-95.25,4,1,4,1,4,1,4,1
341c-f0d4-70be,4932,3,-95.0,4,1,4,1,4,1,4,1
341c-f0d4-70be,4933,3,-95.25,4,1,4,1,4,1,4,1
341c-f0d4-70be,4934,4,-95.25,4,0,4,0,4,0,4,0
341c-f0d4-70be,4935,3,-95.0,4,1,4,1,4,1,4,1
341c-f0d4-70be,4936,3,-94.25,4,1,4,1,4,1,4,1
341c-f0d4-70be,4937,3,-95.75,4,1,4,1,4,1,4,1
341c-f0d4-70be,4938,3,-95.0,4,1,4,1,4,1,4,1
341c-f0d4-70be,4939,3,-94.5,4,1,4,1,4,1,4,1
341c-f0d4-70be,4940,3,-94.75,3,0,3,0,3,0,3,0
341c-f0d4-70be,4941,3,-95.0,3,0,3,0,3,0,3,0
341c-f0d4-70be,4942,3,-95.0,4,1,4,1,4,1,4,1
341c-f0d4-70be,4943,3,-95.5,3,0,3,0,3,0,3,0
341c-f0d4-70be,4944,3,-95.5,3,0,3,0,3,0,3,0
341c-f0d4-70be,4945,3,-94.75,4,1,4,1,4,1,4,1
341c-f0d4-70be,4946,3,-95.25,3,0,3,0,3,0,3,0
341c-f0d4-70be,4947,3,-95.0,4,1,4,1,4,1,4,1
341c-f0d4-70be,4948,3,-95.25,4,1,4,1,4,1,4,1
341c-f0d4-70be,4949,3,-95.0,4,1,4,1,4,1,4,1
341c-f0d4-70be,4950,3,-95.5,4,1,4,1,4,1,4,1
341c-f0d4-70be,4951,3,-95.0,4,1,4,1,4,1,4,1
341c-f0d4-70be,4952,3,-95.25,4,1,4,1,4,1,4,1
341c-f0d4-70be,4953,3,-95.75,4,1,4,1,5,2,4,1
341c-f0d4-70be,4954,3,-95.25,4,1,4,1,4,1,4,1
341c-f0d4-70be,4955,3,-95.0,4,1,4,1,4,1,4,1
341c-f0d4-70be,4956,3,-94.75,4,1,4,1,4,1,4,1
341c-f0d4-70be,4957,3,-95.25,4,1,4,1,4,1,4,1
341c-f0d4-70be,4958,3,-95.25,4,1,4,1,4,1,4,1
341c-f0d4-70be,4959,3,-95.0,4,1,4,1,4,1,4,1
341c-f0d4-70be,4960,3,-95.25,4,1,4,1,4,1,4,1
341c-f0d4-70be,4961,3,-95.5,4,1,4,1,4,1,4,1
341c-f0d4-70be,4962,4,-95.25,4,0,4,0,4,0,4,0
341c-f0d4-70be,4963,4,-94.75,4,0,4,0,4,0,4,0
341c-f0d4-70be,4964,3,-94.75,4,1,4,1,4,1,4,1
341c-f0d4-70be,4965,3,-95.5,3,0,3,0,3,0,3,0
341c-f0d4-70be,4966,4,-95.25,4,0,4,0,4,0,4,0
341c-f0d4-70be,4967,3,-95.0,4,1,4,1,4,1,4,1
341c-f0d4-70be,4968,3,-95.0,4,1,4,1,4,1,4,1
341c-f0d4-70be,4969,3,-94.75,4,1,4,1,4,1,4,1
341c-f0d4-70be,4970,3,-95.5,4,1,4,1,4,1,4,1
341c-f0d4-70be,4971,3,-95.25,4,1,4,1,4,1,4,1
341c-f0d4-70be,4972,3,-94.5,4,1,4,1,4,1,4,1
341c-f0d4-70be,4973,3,-95.25,4,1,4,1,4,1,4,1
341c-f0d4-70be,4974,3,-94.5,4,1,4,1,4,1,4,1
341c-f0d4-70be,4975,3,-95.25,4,1,4,1,4,1,4,1
341c-f0d4-70be,4976,3,-94.75,4,1,4,1,4,1,4,1
341c-f0d4-70be,4977,3,-95.25,4,1,4,1,4,1,4,1
341c-f0d4-70be,4978,3,-94.75,4,1,4,1,4,1,4,1
341c-f0d4-70be,4979,3,-95.0,4,1,4,1,4,1,4,1
341c-f0d4-70be,4980,3,-95.0,4,1,4,1,4,1,4,1
341c-f0d4-70be,4981,3,-95.25,4,1,4,1,4,1,4,1
341c-f0d4-70be,4982,3,-95.0,4,1,4,1,4,1,4,1
341c-f0d4-70be,4983,3,-95.75,4,1,4,1,4,1,4,1
341c-f0d4-70be,4984,3,-95.25,4,1,4,1,4,1,4,1
341c-f0d4-70be,4985,3,-95.25,4,1,4,1,4,1,4,1
341c-f0d4-70be,4986,3,-95.0,4,1,4,1,4,1,4,1
341c-f0d4-70be,4987,3,-95.75,4,1,4,1,5,2,4,1
341c-f0d4-70be,4988,3,-95.0,3,0,3,0,3,0,3,0
341c-f0d4-70be,4989,3,-95.25,4,1,4,1,4,1,4,1
341c-f0d4-70be,4990,3,-95.25,4,1,4,1,4,1,4,1
341c-f0d4-70be,4991,3,-94.75,4,1,4,1,4,1,4,1
341c-f0d4-70be,4992,3,-94.75,4,1,4,1,4,1,4,1
341c-f0d4-70be,4993,3,-95.0,4,1,4,1,4,1,4,1
341c-f0d4-70be,4994,3,-95.0,4,1,4,1,4,1,4,1
341c-f0d4-70be,4995,2,-95.75,2,0,2,0,2,0,2,0
341c-f0d4-70be,4996,2,-95.75,2,0,2,0,2,0,2,0
341c-f0d4-70be,4997,2,-95.25,2,0,2,0,2,0,2,0
341c-f0d4-70be,4998,2,-95.25,2,0,2,0,2,0,2,0
341c-f0d4-70be,4999,2,-95.5,2,0,2,0,2,0,2,0
341c-f0d4-70be,5000,2,-95.75,2,0,2,0,2,0,2,0
341c-f0d4-70be,5001,2,-95.25,2,0,2,0,2,0,2,0
341c-f0d4-70be,5002,2,-96.25,2,0,2,0,2,0,2,0
341c-f0d4-70be,5003,2,-95.5,2,0,2,0,2,0,2,0
341c-f0d4-70be,5004,2,-95.5,2,0,2,0,2,0,2,0
341c-f0d4-70be,5005,2,-95.25,2,0,2,0,2,0,2,0
341c-f0d4-70be,5006,2,-95.25,2,0,2,0,2,0,2,0
341c-f0d4-70be,5007,2,-95.5,2,0,2,0,2,0,2,0
341c-f0d4-70be,5008,2,-95.75,2,0,2,0,2,0,2,0
341c-f0d4-70be,5009,2,-95.5,2,0,2,0,2,0,2,0
341c-f0d4-70be,5010,2,-95.5,2,0,2,0,2,0,2,0
341c-f0d4-70be,5011,2,-94.75,2,0,2,0,2,0,2,0
341c-f0d4-70be,5012,2,-95.0,2,0,2,0,2,0,2,0
341c-f0d4-70be,5013,2,-96.0,2,0,2,0,2,0,2,0
341c-f0d4-70be,5014,2,-95.5,2,0,2,0,2,0,2,0
341c-f0d4-70be,5015,2,-95.5,2,0,2,0,2,0,2,0
341c-f0d4-70be,5016,2,-95.75,2,0,2,0,2,0,2,0
341c-f0d4-70be,5017,2,-95.25,2,0,2,0,2,0,2,0
341c-f0d4-70be,5018,2,-95.5,2,0,2,0,2,0,2,0
341c-f0d4-70be,5019,2,-95.25,2,0,2,0,2,0,2,0
341c-f0d4-70be,5020,2,-95.5,2,0,2,0,2,0,2,0
341c-f0d4-70be,5021,2,-95.25,2,0,2,0,2,0,2,0
341c-f0d4-70be,5022,2,-95.25,2,0,2,0,2,0,2,0
341c-f0d4-70be,5023,2,-95.5,2,0,2,0,2,0,2,0
341c-f0d4-70be,5024,2,-95.5,2,0,2,0,2,0,2,0
341c-f0d4-70be,5025,2,-95.5,2,0,2,0,2,0,2,0
341c-f0d4-70be,5026,2,-95.0,2,0,2,0,2,0,2,0
341c-f0d4-70be,5027,2,-95.5,2,0,2,0,2,0,2,0
341c-f0d4-70be,5028,2,-95.25,2,0,2,0,2,0,2,0
341c-f0d4-70be,5029,2,-96.0,2,0,2,0,2,0,2,0
341c-f0d4-70be,5030,2,-94.75,2,0,2,0,2,0,2,0
341c-f0d4-70be,5031,2,-95.25,2,0,2,0,2,0,2,0
341c-f0d4-70be,5032,2,-95.5,2,0,2,0,2,0,2,0
341c-f0d4-70be,5033,2,-95.75,2,0,2,0,2,0,2,0
341c-f0d4-70be,5034,2,-95.25,2,0,2,0,2,0,2,0
341c-f0d4-70be,5035,2,-95.5,2,0,2,0,2,0,2,0
341c-f0d4-70be,5036,2,-95.75,2,0,2,0,2,0,2,0
341c-f0d4-70be,5037,2,-96.0,2,0,2,0,2,0,2,0
341c-f0d4-70be,5038,2,-95.25,2,0,2,0,2,0,2,0
341c-f0d4-70be,5039,2,-95.5,2,0,2,0,2,0,2,0
341c-f0d4-70be,5040,2,-95.5,2,0,2,0,2,0,2,0
341c-f0d4-70be,5041,2,-95.5,2,0,2,0,2,0,2,0
341c-f0d4-70be,5042,2,-95.5,2,0,2,0,2,0,2,0
341c-f0d4-70be,5043,2,-95.5,2,0,2,0,2,0,2,0
341c-f0d4-70be,5044,2,-95.5,2,0,2,0,2,0,2,0
341c-f0d4-70be,5045,2,-95.75,2,0,2,0,2,0,2,0
341c-f0d4-70be,5046,2,-95.75,2,0,2,0,2,0,2,0
341c-f0d4-70be,5047,2,-96.0,2,0,2,0,2,0,2,0
341c-f0d4-70be,5048,2,-95.25,2,0,2,0,2,0,2,0
341c-f0d4-70be,5049,2,-95.5,2,0,2,0,2,0,2,0
341c-f0d4-70be,5050,2,-96.0,2,0,2,0,2,0,2,0
341c-f0d4-70be,5051,2,-95.25,2,0,2,0,2,0,2,0
341c-f0d4-70be,5052,2,-95.5,2,0,2,0,2,0,2,0
341c-f0d4-70be,5053,2,-94.75,2,0,2,0,2,0,2,0
341c-f0d4-70be,5054,2,-95.5,2,0,2,0,2,0,2,0
341c-f0d4-70be,5055,2,-95.75,2,0,2,0,2,0,2,0
341c-f0d4-70be,5056,2,-95.5,2,0,2,0,2,0,2,0
341c-f0d4-70be,5057,2,-95.75,2,0,2,0,2,0,2,0
341c-f0d4-70be,5058,2,-95.5,2,0,2,0,2,0,2,0
341c-f0d4-70be,5059,2,-95.5,2,0,2,0,2,0,2,0
341c-f0d4-70be,5060,2,-95.25,2,0,2,0,2,0,2,0
341c-f0d4-70be,5061,2,-95.5,2,0,2,0,2,0,2,0
341c-f0d4-70be,5062,2,-95.5,2,0,2,0,2,0,2,0
341c-f0d4-70be,5063,2,-95.5,2,0,2,0,2,0,2,0
341c-f0d4-70be,5064,2,-95.75,2,0,2,0,2,0,2,0
341c-f0d4-70be,5065,2,-95.25,2,0,2,0,2,0,2,0
341c-f0d4-70be,5066,2,-95.25,2,0,2,0,2,0,2,0
341c-f0d4-70be,5067,2,-95.75,2,0,2,0,2,0,2,0
341c-f0d4-70be,5068,2,-95.5,2,0,2,0,2,0,2,0
341c-f0d4-70be,5069,2,-96.25,2,0,2,0,2,0,2,0
341c-f0d4-70be,5070,2,-95.25,2,0,2,0,2,0,2,0
341c-f0d4-70be,5071,2,-95.25,2,0,2,0,2,0,2,0
341c-f0d4-70be,5072,2,-95.25,2,0,2,0,2,0,2,0
341c-f0d4-70be,5073,2,-95.0,2,0,2,0,1,1,2,0
341c-f0d4-70be,5074,2,-95.75,2,0,2,0,2,0,2,0
341c-f0d4-70be,5075,2,-96.0,2,0,2,0,2,0,2,0
341c-f0d4-70be,5076,2,-95.25,2,0,2,0,2,0,2,0
341c-f0d4-70be,5077,2,-94.75,2,0,2,0,2,0,2,0
341c-f0d4-70be,5078,2,-95.5,2,0,2,0,2,0,2,0
341c-f0d4-70be,5079,2,-95.5,2,0,2,0,2,0,2,0
341c-f0d4-70be,5080,2,-95.0,2,0,2,0,2,0,2,0
341c-f0d4-70be,5081,2,-94.0,2,0,2,0,2,0,2,0
341c-f0d4-70be,5082,2,-94.75,2,0,2,0,2,0,2,0
341c-f0d4-70be,5083,2,-95.5,2,0,2,0,2,0,2,0
341c-f0d4-70be,5084,2,-95.5,2,0,2,0,2,0,2,0
341c-f0d4-70be,5085,2,-95.75,2,0,2,0,2,0,2,0
341c-f0d4-70be,5086,2,-95.25,2,0,2,0,2,0,2,0
341c-f0d4-70be,5087,2,-95.25,2,0,2,0,2,0,2,0
341c-f0d4-70be,5088,2,-95.75,2,0,2,0,2,0,2,0
341c-f0d4-70be,5089,2,-95.25,2,0,2,0,2,0,2,0
341c-f0d4-70be,5090,2,-95.25,2,0,2,0,2,0,2,0
341c-f0d4-70be,5091,2,-95.75,2,0,2,0,2,0,2,0
341c-f0d4-70be,5092,2,-95.5,2,0,2,0,2,0,2,0
341c-f0d4-70be,5093,2,-95.25,2,0,2,0,2,0,2,0
341c-f0d4-70be,5094,2,-95.25,2,0,2,0,2,0,2,0
341c-f0d4-70be,5095,2,-95.25,2,0,2,0,2,0,2,0
341c-f0d4-70be,5096,2,-95.0,2,0,2,0,1,1,2,0
341c-f0d4-70be,5097,2,-95.25,2,0,2,0,2,0,2,0
341c-f0d4-70be,5098,2,-94.75,2,0,2,0,2,0,2,0
341c-f0d4-70be,5099,2,-95.5,2,0,2,0,2,0,2,0
341c-f0d4-70be,5100,2,-95.75,2,0,2,0,2,0,2,0
341c-f0d4-70be,5101,2,-95.5,2,0,2,0,2,0,2,0
341c-f0d4-70be,5102,2,-95.75,2,0,2,0,2,0,2,0
341c-f0d4-70be,5103,2,-95.5,2,0,2,0,2,0,2,0
341c-f0d4-70be,5104,2,-95.5,1,1,1,1,1,1,1,1
341c-f0d4-70be,5105,2,-95.75,2,0,2,0,2,0,2,0
341c-f0d4-70be,5106,2,-95.25,1,1,1,1,1,1,1,1
341c-f0d4-70be,5107,2,-95.5,2,0,2,0,2,0,2,0
341c-f0d4-70be,5108,2,-95.5,2,0,2,0,2,0,2,0
341c-f0d4-70be,5109,2,-95.75,2,0,2,0,2,0,2,0
341c-f0d4-70be,5110,2,-95.25,2,0,2,0,2,0,2,0
341c-f0d4-70be,5111,2,-95.5,2,0,2,0,2,0,2,0
341c-f0d4-70be,5112,2,-95.75,2,0,2,0,2,0,2,0
341c-f0d4-70be,5113,2,-95.25,2,0,2,0,2,0,2,0
341c-f0d4-70be,5114,2,-95.25,2,0,2,0,2,0,2,0
341c-f0d4-70be,5115,2,-95.25,2,0,2,0,2,0,2,0
341c-f0d4-70be,5116,2,-95.5,2,0,2,0,2,0,2,0
341c-f0d4-70be,5117,2,-95.25,2,0,2,0,2,0,2,0
341c-f0d4-70be,5118,2,-95.5,2,0,2,0,2,0,2,0
341c-f0d4-70be,5119,2,-95.5,2,0,2,0,2,0,2,0
341c-f0d4-70be,5120,2,-95.25,2,0,2,0,2,0,2,0
341c-f0d4-70be,5121,2,-95.5,2,0,2,0,2,0,2,0
341c-f0d4-70be,5122,2,-95.25,2,0,2,0,2,0,2,0
341c-f0d4-70be,5123,2,-95.25,2,0,2,0,2,0,2,0
341c-f0d4-70be,5124,2,-95.25,2,0,2,0,2,0,2,0
341c-f0d4-70be,5125,2,-95.75,2,0,2,0,2,0,2,0
341c-f0d4-70be,5126,2,-95.5,2,0,2,0,2,0,2,0
341c-f0d4-70be,5127,2,-95.5,2,0,2,0,2,0,2,0
341c-f0d4-70be,5128,2,-95.25,2,0,2,0,2,0,2,0
341c-f0d4-70be,5129,2,-95.75,2,0,2,0,2,0,2,0
341c-f0d4-70be,5130,2,-95.5,2,0,2,0,2,0,2,0
341c-f0d4-70be,5131,2,-95.5,2,0,2,0,2,0,2,0
341c-f0d4-70be,5132,2,-95.25,2,0,2,0,2,0,2,0
341c-f0d4-70be,5133,2,-95.25,2,0,2,0,2,0,2,0
341c-f0d4-70be,5134,2,-95.5,2,0,2,0,2,0,2,0
341c-f0d4-70be,5135,2,-95.5,2,0,2,0,2,0,2,0
341c-f0d4-70be,5136,2,-95.75,2,0,2,0,2,0,2,0
341c-f0d4-70be,5137,2,-95.5,2,0,2,0,2,0,2,0
341c-f0d4-70be,5138,2,-95.5,2,0,2,0,2,0,2,0
341c-f0d4-70be,5139,2,-95.25,2,0,2,0,2,0,2,0
341c-f0d4-70be,5140,2,-95.5,2,0,2,0,2,0,2,0
341c-f0d4-70be,5141,2,-95.5,2,0,2,0,2,0,2,0
341c-f0d4-70be,5142,2,-94.75,2,0,2,0,2,0,2,0
341c-f0d4-70be,5143,2,-95.0,2,0,2,0,2,0,2,0
341c-f0d4-70be,5144,2,-95.25,2,0,2,0,2,0,2,0
341c-f0d4-70be,5145,2,-95.25,2,0,2,0,2,0,2,0
341c-f0d4-70be,5146,2,-95.25,2,0,2,0,2,0,2,0
341c-f0d4-70be,5147,2,-95.25,2,0,2,0,2,0,2,0
341c-f0d4-70be,5148,2,-95.25,2,0,2,0,2,0,2,0
341c-f0d4-70be,5149,2,-95.5,2,0,2,0,2,0,2,0
341c-f0d4-70be,5150,2,-94.75,2,0,2,0,2,0,2,0
341c-f0d4-70be,5151,2,-95.25,2,0,2,0,2,0,2,0
341c-f0d4-70be,5152,2,-95.75,2,0,2,0,2,0,2,0
341c-f0d4-70be,5153,2,-95.75,2,0,2,0,2,0,2,0
341c-f0d4-70be,5154,2,-95.25,2,0,2,0,2,0,2,0
341c-f0d4-70be,5155,2,-95.25,2,0,2,0,2,0,2,0
341c-f0d4-70be,5156,2,-95.25,2,0,2,0,2,0,2,0
341c-f0d4-70be,5157,2,-95.5,2,0,2,0,2,0,2,0
341c-f0d4-70be,5158,2,-95.0,2,0,2,0,2,0,2,0
341c-f0d4-70be,5159,2,-95.75,2,0,2,0,2,0,2,0
341c-f0d4-70be,5160,2,-95.5,2,0,2,0,2,0,2,0
341c-f0d4-70be,5161,2,-95.0,2,0,2,0,2,0,2,0
341c-f0d4-70be,5162,2,-93.5,2,0,2,0,2,0,2,0
341c-f0d4-70be,5163,2,-95.0,2,0,2,0,2,0,2,0
341c-f0d4-70be,5164,2,-94.75,2,0,2,0,2,0,2,0
341c-f0d4-70be,5165,2,-95.25,2,0,2,0,2,0,2,0
341c-f0d4-70be,5166,2,-95.5,2,0,2,0,2,0,2,0
341c-f0d4-70be,5167,2,-95.75,2,0,2,0,2,0,2,0
341c-f0d4-70be,5168,2,-95.25,2,0,2,0,2,0,2,0
341c-f0d4-70be,5169,2,-96.0,2,0,2,0,2,0,2,0
341c-f0d4-70be,5170,2,-95.25,2,0,2,0,2,0,2,0
341c-f0d4-70be,5171,2,-95.75,2,0,2,0,2,0,2,0
341c-f0d4-70be,5172,2,-95.0,2,0,2,0,2,0,2,0
341c-f0d4-70be,5173,2,-95.25,2,0,2,0,2,0,2,0
341c-f0d4-70be,5174,2,-95.0,2,0,2,0,2,0,2,0
341c-f0d4-70be,5175,2,-95.25,2,0,2,0,2,0,2,0
341c-f0d4-70be,5176,2,-95.75,2,0,2,0,2,0,2,0
341c-f0d4-70be,5177,2,-95.25,2,0,2,0,2,0,2,0
341c-f0d4-70be,5178,2,-95.5,2,0,2,0,2,0,2,0
341c-f0d4-70be,5179,2,-95.5,2,0,2,0,2,0,2,0
341c-f0d4-70be,5180,2,-95.5,2,0,2,0,2,0,2,0
341c-f0d4-70be,5181,2,-95.0,2,0,2,0,2,0,2,0
341c-f0d4-70be,5182,2,-95.0,2,0,2,0,2,0,2,0
341c-f0d4-70be,5183,2,-95.75,2,0,2,0,2,0,2,0
341c-f0d4-70be,5184,2,-95.0,2,0,2,0,2,0,2,0
341c-f0d4-70be,5185,2,-95.5,2,0,2,0,2,0,2,0
341c-f0d4-70be,5186,2,-95.75,2,0,2,0,2,0,2,0
341c-f0d4-70be,5187,2,-95.25,2,0,2,0,2,0,2,0
341c-f0d4-70be,5188,2,-95.25,2,0,2,0,2,0,2,0
341c-f0d4-70be,5189,2,-95.5,2,0,2,0,2,0,2,0
341c-f0d4-70be,5190,2,-95.0,2,0,2,0,2,0,2,0
341c-f0d4-70be,5191,2,-94.75,2,0,2,0,2,0,2,0
341c-f0d4-70be,5192,2,-95.25,2,0,2,0,2,0,2,0
341c-f0d4-70be,5193,2,-95.5,2,0,2,0,2,0,2,0
341c-f0d4-70be,5194,2,-94.75,2,0,2,0,2,0,2,0
341c-f0d4-70be,5195,2,-95.5,2,0,2,0,2,0,2,0
341c-f0d4-70be,5196,2,-95.0,2,0,2,0,2,0,2,0
341c-f0d4-70be,5197,2,-94.25,2,0,2,0,2,0,2,0
341c-f0d4-70be,5198,2,-95.0,2,0,2,0,2,0,2,0
341c-f0d4-70be,5199,2,-95.25,2,0,2,0,2,0,2,0
341c-f0d4-70be,5200,2,-95.0,2,0,2,0,2,0,2,0
341c-f0d4-70be,5201,2,-95.5,2,0,2,0,2,0,2,0
341c-f0d4-70be,5202,2,-95.25,2,0,2,0,2,0,2,0
341c-f0d4-70be,5203,2,-95.25,2,0,2,0,2,0,2,0
341c-f0d4-70be,5204,2,-95.0,2,0,2,0,2,0,2,0
341c-f0d4-70be,5205,2,-95.25,2,0,2,0,2,0,2,0
341c-f0d4-70be,5206,2,-95.0,2,0,2,0,2,0,2,0
341c-f0d4-70be,5207,2,-95.0,2,0,2,0,2,0,2,0
341c-f0d4-70be,5208,2,-95.25,2,0,2,0,2,0,2,0
341c-f0d4-70be,5209,2,-95.25,2,0,2,0,2,0,2,0
341c-f0d4-70be,5210,2,-95.75,2,0,2,0,2,0,2,0
341c-f0d4-70be,5211,2,-95.0,2,0,2,0,2,0,2,0
341c-f0d4-70be,5212,2,-95.0,2,0,2,0,2,0,2,0
341c-f0d4-70be,5213,2,-95.25,2,0,2,0,2,0,2,0
341c-f0d4-70be,5214,2,-95.0,2,0,2,0,2,0,2,0
341c-f0d4-70be,5215,2,-95.25,2,0,2,0,2,0,2,0
341c-f0d4-70be,5216,2,-95.25,2,0,2,0,2,0,2,0
341c-f0d4-70be,5217,2,-95.5,2,0,2,0,2,0,2,0
341c-f0d4-70be,5218,2,-95.75,3,1,3,1,3,1,3,1
341c-f0d4-70be,5219,2,-95.25,2,0,2,0,2,0,2,0
341c-f0d4-70be,5220,2,-95.0,2,0,2,0,2,0,2,0
341c-f0d4-70be,5221,2,-95.25,2,0,2,0,2,0,2,0
341c-f0d4-70be,5222,2,-95.0,2,0,2,0,2,0,2,0
341c-f0d4-70be,5223,2,-95.25,2,0,2,0,2,0,2,0
341c-f0d4-70be,5224,2,-95.5,3,1,3,1,3,1,3,1
341c-f0d4-70be,5225,2,-95.25,2,0,2,0,2,0,2,0
341c-f0d4-70be,5226,2,-95.25,2,0,2,0,2,0,2,0
341c-f0d4-70be,5227,2,-95.0,2,0,2,0,2,0,2,0
341c-f0d4-70be,5228,2,-95.25,2,0,2,0,2,0,2,0
341c-f0d4-70be,5229,2,-95.0,3,1,3,1,3,1,3,1
341c-f0d4-70be,5230,2,-95.25,3,1,3,1,3,1,3,1
341c-f0d4-70be,5231,2,-95.75,2,0,2,0,2,0,2,0
341c-f0d4-70be,5232,2,-95.5,2,0,2,0,2,0,2,0
341c-f0d4-70be,5233,2,-95.25,3,1,3,1,3,1,3,1
341c-f0d4-70be,5234,2,-95.5,3,1,3,1,3,1,3,1
341c-f0d4-70be,5235,2,-95.25,3,1,3,1,3,1,3,1
341c-f0d4-70be,5236,2,-95.75,3,1,3,1,3,1,3,1
341c-f0d4-70be,5237,2,-95.25,2,0,2,0,2,0,2,0
341c-f0d4-70be,5238,2,-95.5,3,1,3,1,3,1,3,1
341c-f0d4-70be,5239,2,-95.0,3,1,3,1,3,1,3,1
341c-f0d4-70be,5240,2,-95.5,3,1,3,1,3,1,3,1
341c-f0d4-70be,5241,2,-95.25,2,0,2,0,2,0,2,0
341c-f0d4-70be,5242,2,-95.5,2,0,2,0,2,0,2,0
341c-f0d4-70be,5243,2,-95.25,2,0,2,0,2,0,2,0
341c-f0d4-70be,5244,2,-95.0,2,0,2,0,2,0,2,0
341c-f0d4-70be,5245,2,-95.5,2,0,2,0,2,0,2,0
341c-f0d4-70be,5246,2,-95.5,2,0,2,0,2,0,2,0
341c-f0d4-70be,5247,2,-94.75,2,0,2,0,2,0,2,0
341c-f0d4-70be,5248,2,-93.0,2,0,2,0,2,0,2,0
341c-f0d4-70be,5249,2,-95.5,2,0,2,0,2,0,2,0
341c-f0d4-70be,5250,2,-95.75,3,1,3,1,3,1,3,1
341c-f0d4-70be,5251,2,-95.25,3,1,3,1,3,1,3,1
341c-f0d4-70be,5252,2,-95.5,3,1,3,1,3,1,3,1
341c-f0d4-70be,5253,2,-95.25,3,1,3,1,3,1,3,1
341c-f0d4-70be,5254,2,-95.25,3,1,3,1,3,1,3,1
341c-f0d4-70be,5255,2,-95.5,3,1,3,1,3,1,3,1
341c-f0d4-70be,5256,2,-95.5,2,0,2,0,2,0,2,0
341c-f0d4-70be,5257,2,-95.0,3,1,3,1,3,1,3,1
341c-f0d4-70be,5258,2,-95.25,3,1,3,1,3,1,3,1
341c-f0d4-70be,5259,2,-95.0,3,1,3,1,3,1,3,1
341c-f0d4-70be,5260,2,-95.25,3,1,3,1,3,1,3,1
341c-f0d4-70be,5261,2,-95.5,3,1,3,1,3,1,3,1
341c-f0d4-70be,5262,2,-95.5,3,1,3,1,3,1,3,1
341c-f0d4-70be,5263,2,-95.0,2,0,2,0,2,0,2,0
341c-f0d4-70be,5264,2,-95.25,3,1,3,1,3,1,3,1
341c-f0d4-70be,5265,2,-95.25,2,0,2,0,2,0,2,0
341c-f0d4-70be,5266,2,-95.0,2,0,2,0,2,0,2,0
341c-f0d4-70be,5267,2,-95.5,2,0,2,0,2,0,2,0
341c-f0d4-70be,5268,2,-95.5,2,0,2,0,2,0,2,0
341c-f0d4-70be,5269,2,-95.0,2,0,2,0,2,0,2,0
341c-f0d4-70be,5270,2,-95.5,2,0,2,0,2,0,2,0
341c-f0d4-70be,5271,2,-95.5,2,0,2,0,2,0,2,0
341c-f0d4-70be,5272,2,-95.5,2,0,2,0,2,0,2,0
341c-f0d4-70be,5273,2,-95.5,2,0,2,0,2,0,2,0
341c-f0d4-70be,5274,2,-95.0,2,0,2,0,2,0,2,0
341c-f0d4-70be,5275,2,-95.0,3,1,3,1,3,1,3,1
341c-f0d4-70be,5276,2,-95.25,3,1,3,1,3,1,3,1
341c-f0d4-70be,5277,2,-95.0,3,1,3,1,3,1,3,1
341c-f0d4-70be,5278,2,-95.25,3,1,3,1,3,1,3,1
341c-f0d4-70be,5279,2,-95.0,3,1,3,1,3,1,3,1
341c-f0d4-70be,5280,2,-95.25,3,1,3,1,3,1,3,1
341c-f0d4-70be,5281,2,-95.75,3,1,3,1,3,1,3,1
341c-f0d4-70be,5282,2,-95.75,3,1,3,1,3,1,3,1
341c-f0d4-70be,5283,2,-95.75,3,1,3,1,3,1,3,1
341c-f0d4-70be,5284,2,-95.25,3,1,3,1,3,1,3,1
341c-f0d4-70be,5285,2,-95.0,3,1,3,1,3,1,3,1
341c-f0d4-70be,5286,2,-95.25,3,1,3,1,3,1,3,1
341c-f0d4-70be,5287,2,-95.5,3,1,3,1,3,1,3,1
341c-f0d4-70be,5288,2,-95.5,2,0,2,0,2,0,2,0
341c-f0d4-70be,5289,2,-95.5,2,0,2,0,2,0,2,0
341c-f0d4-70be,5290,2,-95.0,2,0,2,0,2,0,2,0
341c-f0d4-70be,5291,2,-95.75,2,0,2,0,2,0,2,0
341c-f0d4-70be,5292,2,-95.0,2,0,2,0,2,0,2,0
341c-f0d4-70be,5293,2,-95.5,2,0,2,0,2,0,2,0
341c-f0d4-70be,5294,2,-94.75,2,0,2,0,2,0,2,0
341c-f0d4-70be,5295,2,-95.25,2,0,2,0,2,0,2,0
341c-f0d4-70be,5296,2,-95.25,2,0,2,0,2,0,2,0
341c-f0d4-70be,5297,1,-95.5,1,0,1,0,1,0,1,0
341c-f0d4-70be,5298,1,-94.75,2,1,2,1,1,0,2,1
341c-f0d4-70be,5299,1,-95.25,1,0,1,0,1,0,1,0
341c-f0d4-70be,5300,1,-95.25,2,1,2,1,2,1,2,1
341c-f0d4-70be,5301,1,-95.5,2,1,2,1,2,1,2,1
341c-f0d4-70be,5302,1,-95.5,1,0,1,0,1,0,1,0
341c-f0d4-70be,5303,1,-94.5,1,0,1,0,1,0,1,0
341c-f0d4-70be,5304,1,-95.25,1,0,1,0,1,0,1,0
341c-f0d4-70be,5305,1,-95.0,1,0,1,0,1,0,1,0
341c-f0d4-70be,5306,1,-95.25,1,0,1,0,1,0,1,0
341c-f0d4-70be,5307,1,-95.5,1,0,1,0,1,0,1,0
341c-f0d4-70be,5308,1,-95.5,1,0,1,0,1,0,1,0
341c-f0d4-70be,5309,1,-95.5,1,0,1,0,1,0,1,0
341c-f0d4-70be,5310,1,-93.75,1,0,1,0,1,0,1,0
341c-f0d4-70be,5311,1,-95.0,1,0,1,0,1,0,1,0
341c-f0d4-70be,5312,1,-95.25,1,0,1,0,1,0,1,0
341c-f0d4-70be,5313,1,-95.5,1,0,1,0,1,0,1,0
341c-f0d4-70be,5314,1,-95.25,2,1,2,1,2,1,2,1
341c-f0d4-70be,5315,1,-95.0,2,1,2,1,1,0,2,1
341c-f0d4-70be,5316,1,-95.25,2,1,2,1,2,1,2,1
341c-f0d4-70be,5317,1,-95.25,2,1,2,1,1,0,2,1
341c-f0d4-70be,5318,1,-95.5,2,1,2,1,2,1,2,1
341c-f0d4-70be,5319,1,-95.25,2,1,2,1,2,1,2,1
341c-f0d4-70be,5320,1,-95.25,2,1,2,1,1,0,2,1
341c-f0d4-70be,5321,1,-95.25,2,1,2,1,1,0,2,1
341c-f0d4-70be,5322,1,-95.25,2,1,2,1,2,1,2,1
341c-f0d4-70be,5323,1,-95.5,1,0,1,0,1,0,1,0
341c-f0d4-70be,5324,1,-95.25,1,0,1,0,1,0,1,0
341c-f0d4-70be,5325,1,-95.25,1,0,1,0,1,0,1,0
341c-f0d4-70be,5326,1,-95.0,1,0,1,0,1,0,1,0
341c-f0d4-70be,5327,1,-95.0,1,0,1,0,1,0,1,0
341c-f0d4-70be,5328,1,-96.0,1,0,1,0,1,0,1,0
341c-f0d4-70be,5329,1,-95.0,2,1,2,1,1,0,2,1
341c-f0d4-70be,5330,1,-95.5,1,0,1,0,1,0,1,0
341c-f0d4-70be,5331,1,-95.0,2,1,2,1,1,0,2,1
341c-f0d4-70be,5332,1,-95.25,1,0,1,0,1,0,1,0
341c-f0d4-70be,5333,1,-95.0,2,1,2,1,1,0,2,1
341c-f0d4-70be,5334,1,-95.0,2,1,2,1,1,0,2,1
341c-f0d4-70be,5335,1,-95.25,2,1,2,1,1,0,2,1
341c-f0d4-70be,5336,1,-95.0,1,0,1,0,1,0,1,0
341c-f0d4-70be,5337,1,-94.5,2,1,2,1,1,0,2,1
341c-f0d4-70be,5338,1,-95.25,2,1,2,1,2,1,2,1
341c-f0d4-70be,5339,1,-95.0,2,1,2,1,1,0,2,1
341c-f0d4-70be,5340,1,-95.0,2,1,2,1,2,1,2,1
341c-f0d4-70be,5341,1,-95.25,2,1,2,1,2,1,2,1
341c-f0d4-70be,5342,1,-94.75,2,1,2,1,1,0,2,1
341c-f0d4-70be,5343,1,-93.75,2,1,2,1,1,0,2,1
341c-f0d4-70be,5344,1,-95.25,1,0,1,0,1,0,1,0
341c-f0d4-70be,5345,1,-95.75,1,0,1,0,1,0,1,0
341c-f0d4-70be,5346,1,-95.0,1,0,1,0,1,0,1,0
341c-f0d4-70be,5347,1,-95.25,1,0,1,0,1,0,1,0
341c-f0d4-70be,5348,1,-95.5,1,0,1,0,1,0,1,0
341c-f0d4-70be,5349,1,-95.25,1,0,1,0,1,0,1,0
341c-f0d4-70be,5350,1,-95.25,1,0,1,0,1,0,1,0
341c-f0d4-70be,5351,1,-94.75,1,0,1,0,1,0,1,0
341c-f0d4-70be,5352,1,-95.0,1,0,1,0,1,0,1,0
341c-f0d4-70be,5353,1,-95.25,1,0,1,0,1,0,1,0
341c-f0d4-70be,5354,1,-95.0,2,1,2,1,1,0,2,1
341c-f0d4-70be,5355,1,-95.0,2,1,2,1,1,0,2,1
341c-f0d4-70be,5356,1,-95.0,2,1,2,1,1,0,2,1
341c-f0d4-70be,5357,1,-95.5,2,1,2,1,2,1,2,1
341c-f0d4-70be,5358,1,-95.25,2,1,2,1,1,0,2,1
341c-f0d4-70be,5359,1,-95.0,2,1,2,1,1,0,2,1
341c-f0d4-70be,5360,1,-95.0,2,1,2,1,1,0,2,1
341c-f0d4-70be,5361,1,-95.25,2,1,2,1,1,0,2,1
341c-f0d4-70be,5362,1,-95.0,2,1,2,1,1,0,2,1
341c-f0d4-70be,5363,1,-95.25,2,1,2,1,1,0,2,1
341c-f0d4-70be,5364,1,-95.25,1,0,1,0,1,0,1,0
341c-f0d4-70be,5365,1,-95.0,2,1,2,1,1,0,2,1
341c-f0d4-70be,5366,1,-95.5,2,1,2,1,2,1,2,1
341c-f0d4-70be,5367,1,-95.5,1,0,1,0,1,0,1,0
341c-f0d4-70be,5368,1,-95.25,1,0,1,0,1,0,1,0
341c-f0d4-70be,5369,1,-94.75,1,0,1,0,1,0,1,0
341c-f0d4-70be,5370,1,-95.25,1,0,1,0,1,0,1,0
341c-f0d4-70be,5371,1,-94.75,2,1,2,1,1,0,2,1
341c-f0d4-70be,5372,2,-95.25,2,0,2,0,2,0,2,0
341c-f0d4-70be,5373,2,-95.5,2,0,2,0,2,0,2,0
341c-f0d4-70be,5374,2,-95.25,2,0,2,0,2,0,2,0
341c-f0d4-70be,5375,2,-95.75,2,0,2,0,2,0,2,0
341c-f0d4-70be,5376,2,-95.75,2,0,2,0,2,0,2,0
341c-f0d4-70be,5377,2,-95.75,2,0,2,0,2,0,2,0
341c-f0d4-70be,5378,2,-95.25,2,0,2,0,2,0,2,0
341c-f0d4-70be,5379,2,-95.25,2,0,2,0,2,0,2,0
341c-f0d4-70be,5380,2,-95.25,2,0,2,0,2,0,2,0
341c-f0d4-70be,5381,2,-95.25,2,0,2,0,2,0,2,0
341c-f0d4-70be,5382,2,-95.5,2,0,2,0,2,0,2,0
341c-f0d4-70be,5383,2,-95.75,2,0,2,0,2,0,2,0
341c-f0d4-70be,5384,2,-95.75,2,0,2,0,2,0,2,0
341c-f0d4-70be,5385,2,-95.5,2,0,2,0,2,0,2,0
341c-f0d4-70be,5386,2,-94.5,2,0,2,0,2,0,2,0
341c-f0d4-70be,5387,2,-95.0,2,0,2,0,2,0,2,0
341c-f0d4-70be,5388,2,-95.0,2,0,2,0,2,0,2,0
341c-f0d4-70be,5389,2,-95.25,2,0,2,0,2,0,2,0
341c-f0d4-70be,5390,2,-95.0,2,0,2,0,2,0,2,0
341c-f0d4-70be,5391,2,-95.5,2,0,2,0,2,0,2,0
341c-f0d4-70be,5392,2,-95.75,2,0,2,0,2,0,2,0
341c-f0d4-70be,5393,2,-95.5,2,0,2,0,2,0,2,0
341c-f0d4-70be,5394,2,-95.25,2,0,2,0,2,0,2,0
341c-f0d4-70be,5395,2,-95.75,2,0,2,0,2,0,2,0
341c-f0d4-70be,5396,2,-95.25,2,0,2,0,2,0,2,0
341c-f0d4-70be,5397,2,-95.25,2,0,2,0,2,0,2,0
341c-f0d4-70be,5398,2,-95.0,2,0,2,0,2,0,2,0
341c-f0d4-70be,5399,2,-95.25,2,0,2,0,2,0,2,0
341c-f0d4-70be,5400,2,-95.75,2,0,2,0,2,0,2,0
341c-f0d4-70be,5401,2,-95.0,2,0,2,0,2,0,2,0
341c-f0d4-70be,5402,2,-95.0,2,0,2,0,2,0,2,0
341c-f0d4-70be,5403,2,-95.0,2,0,2,0,2,0,2,0
341c-f0d4-70be,5404,2,-95.0,2,0,2,0,2,0,2,0
341c-f0d4-70be,5405,2,-95.25,2,0,2,0,2,0,2,0
341c-f0d4-70be,5406,2,-95.25,2,0,2,0,2,0,2,0
341c-f0d4-70be,5407,2,-95.25,2,0,2,0,2,0,2,0
341c-f0d4-70be,5408,2,-95.5,2,0,2,0,2,0,2,0
341c-f0d4-70be,5409,2,-95.5,2,0,2,0,2,0,2,0
341c-f0d4-70be,5410,2,-95.25,2,0,2,0,2,0,2,0
341c-f0d4-70be,5411,2,-95.5,2,0,2,0,2,0,2,0
341c-f0d4-70be,5412,2,-95.25,2,0,2,0,2,0,2,0
341c-f0d4-70be,5413,2,-95.75,2,0,2,0,2,0,2,0
341c-f0d4-70be,5414,2,-95.5,2,0,2,0,2,0,2,0
341c-f0d4-70be,5415,2,-95.0,2,0,2,0,2,0,2,0
341c-f0d4-70be,5416,2,-95.5,2,0,2,0,2,0,2,0
341c-f0d4-70be,5417,1,-95.25,2,1,2,1,2,1,2,1
341c-f0d4-70be,5418,1,-95.0,2,1,2,1,2,1,2,1
341c-f0d4-70be,5419,1,-95.0,2,1,2,1,2,1,2,1
341c-f0d4-70be,5420,1,-95.25,2,1,2,1,2,1,2,1
341c-f0d4-70be,5421,1,-95.25,2,1,2,1,2,1,2,1
341c-f0d4-70be,5422,1,-95.5,2,1,2,1,2,1,2,1
341c-f0d4-70be,5423,1,-95.25,2,1,2,1,2,1,2,1
341c-f0d4-70be,5424,1,-95.75,2,1,2,1,2,1,2,1
341c-f0d4-70be,5425,1,-94.75,2,1,2,1,2,1,2,1
341c-f0d4-70be,5426,1,-95.5,2,1,2,1,2,1,2,1
341c-f0d4-70be,5427,1,-95.5,2,1,2,1,2,1,2,1
341c-f0d4-70be,5428,1,-95.0,2,1,2,1,2,1,2,1
341c-f0d4-70be,5429,1,-95.25,2,1,2,1,2,1,2,1
341c-f0d4-70be,5430,1,-95.25,2,1,2,1,2,1,2,1
341c-f0d4-70be,5431,1,-95.0,2,1,2,1,2,1,2,1
341c-f0d4-70be,5432,1,-95.5,2,1,2,1,2,1,2,1
341c-f0d4-70be,5433,1,-95.75,2,1,2,1,2,1,2,1
341c-f0d4-70be,5434,1,-95.5,2,1,2,1,2,1,2,1
341c-f0d4-70be,5435,1,-95.75,2,1,2,1,2,1,2,1
341c-f0d4-70be,5436,1,-95.5,2,1,2,1,2,1,2,1
341c-f0d4-70be,5437,1,-95.5,2,1,2,1,2,1,2,1
341c-f0d4-70be,5438,1,-95.0,2,1,2,1,2,1,2,1
341c-f0d4-70be,5439,1,-95.5,2,1,2,1,2,1,2,1
341c-f0d4-70be,5440,1,-95.75,2,1,2,1,2,1,2,1
341c-f0d4-70be,5441,1,-95.0,2,1,2,1,2,1,2,1
341c-f0d4-70be,5442,1,-95.0,2,1,2,1,2,1,2,1
341c-f0d4-70be,5443,1,-95.75,2,1,2,1,2,1,2,1
341c-f0d4-70be,5444,1,-95.75,2,1,2,1,2,1,2,1
341c-f0d4-70be,5445,1,-95.25,2,1,2,1,2,1,2,1
341c-f0d4-70be,5446,1,-95.75,2,1,2,1,2,1,2,1
341c-f0d4-70be,5447,1,-95.5,2,1,2,1,2,1,2,1
341c-f0d4-70be,5448,1,-95.75,2,1,2,1,2,1,2,1
341c-f0d4-70be,5449,1,-95.5,2,1,2,1,2,1,2,1
341c-f0d4-70be,5450,1,-95.5,2,1,2,1,2,1,2,1
341c-f0d4-70be,5451,1,-95.25,2,1,2,1,2,1,2,1
341c-f0d4-70be,5452,1,-95.75,2,1,2,1,2,1,2,1
341c-f0d4-70be,5453,3,-95.0,3,0,3,0,3,0,3,0
341c-f0d4-70be,5454,3,-95.5,3,0,3,0,3,0,3,0
341c-f0d4-70be,5455,3,-95.25,3,0,3,0,3,0,3,0
341c-f0d4-70be,5456,3,-95.25,2,1,3,0,3,0,2,1
341c-f0d4-70be,5457,3,-95.25,3,0,3,0,3,0,3,0
341c-f0d4-70be,5458,3,-95.25,3,0,3,0,3,0,3,0
341c-f0d4-70be,5459,4,-94.75,3,1,3,1,3,1,3,1
341c-f0d4-70be,5460,3,-95.25,2,1,2,1,2,1,2,1
341c-f0d4-70be,5461,3,-95.0,2,1,2,1,2,1,2,1
341c-f0d4-70be,5462,3,-95.25,2,1,2,1,2,1,2,1
341c-f0d4-70be,5463,4,-95.0,2,2,2,2,2,2,2,2
341c-f0d4-70be,5464,3,-95.25,2,1,2,1,2,1,2,1
341c-f0d4-70be,5465,3,-95.25,2,1,2,1,2,1,2,1
341c-f0d4-70be,5466,3,-95.5,3,0,3,0,3,0,3,0
341c-f0d4-70be,5467,3,-95.25,2,1,2,1,2,1,2,1
341c-f0d4-70be,5468,4,-95.5,2,2,2,2,2,2,2,2
341c-f0d4-70be,5469,4,-95.75,3,1,3,1,3,1,3,1
341c-f0d4-70be,5470,4,-95.25,3,1,3,1,3,1,3,1
341c-f0d4-70be,5471,4,-95.0,3,1,3,1,3,1,3,1
341c-f0d4-70be,5472,4,-95.0,3,1,3,1,3,1,3,1
341c-f0d4-70be,5473,4,-92.75,3,1,2,2,2,2,3,1
341c-f0d4-70be,5474,4,-95.25,3,1,3,1,3,1,3,1
341c-f0d4-70be,5475,4,-95.75,3,1,3,1,3,1,3,1
341c-f0d4-70be,5476,4,-95.0,3,1,3,1,3,1,3,1
341c-f0d4-70be,5477,4,-95.0,3,1,3,1,3,1,3,1
341c-f0d4-70be,5478,4,-95.25,3,1,3,1,3,1,3,1
341c-f0d4-70be,5479,4,-95.5,3,1,3,1,3,1,3,1
341c-f0d4-70be,5480,4,-95.25,3,1,3,1,3,1,3,1
341c-f0d4-70be,5481,4,-95.5,3,1,3,1,3,1,3,1
341c-f0d4-70be,5482,4,-95.5,3,1,3,1,3,1,3,1
341c-f0d4-70be,5483,3,-95.25,3,0,3,0,3,0,3,0
341c-f0d4-70be,5484,3,-95.25,2,1,2,1,2,1,2,1
341c-f0d4-70be,5485,4,-95.25,3,1,3,1,3,1,3,1
341c-f0d4-70be,5486,4,-95.0,3,1,3,1,3,1,3,1
341c-f0d4-70be,5487,4,-95.0,3,1,3,1,3,1,3,1
341c-f0d4-70be,5488,4,-95.25,2,2,2,2,2,2,2,2
341c-f0d4-70be,5489,4,-95.5,2,2,2,2,2,2,2,2
341c-f0d4-70be,5490,4,-95.0,3,1,3,1,3,1,3,1
341c-f0d4-70be,5491,4,-95.25,4,0,4,0,4,0,4,0
341c-f0d4-70be,5492,4,-95.5,2,2,2,2,2,2,2,2
341c-f0d4-70be,5493,4,-94.5,3,1,2,2,3,1,3,1
341c-f0d4-70be,5494,4,-95.25,3,1,3,1,3,1,3,1
341c-f0d4-70be,5495,4,-95.25,2,2,2,2,2,2,2,2
341c-f0d4-70be,5496,4,-95.25,2,2,2,2,2,2,2,2
341c-f0d4-70be,5497,4,-94.75,3,1,3,1,3,1,3,1
341c-f0d4-70be,5498,4,-95.0,3,1,3,1,3,1,3,1
341c-f0d4-70be,5499,4,-95.5,3,1,3,1,3,1,3,1
341c-f0d4-70be,5500,4,-95.0,3,1,3,1,3,1,3,1
341c-f0d4-70be,5501,4,-95.0,3,1,3,1,3,1,3,1
341c-f0d4-70be,5502,4,-95.25,3,1,3,1,3,1,3,1
341c-f0d4-70be,5503,4,-95.75,3,1,3,1,3,1,3,1
341c-f0d4-70be,5504,4,-95.0,3,1,3,1,3,1,3,1
341c-f0d4-70be,5505,4,-94.75,3,1,3,1,3,1,3,1
341c-f0d4-70be,5506,4,-95.25,3,1,3,1,3,1,3,1
341c-f0d4-70be,5507,3,-95.0,3,0,3,0,3,0,3,0
341c-f0d4-70be,5508,3,-94.5,4,1,4,1,4,1,4,1
341c-f0d4-70be,5509,3,-95.5,3,0,3,0,3,0,3,0
341c-f0d4-70be,5510,3,-95.0,3,0,3,0,3,0,3,0
341c-f0d4-70be,5511,3,-95.25,3,0,3,0,3,0,3,0
341c-f0d4-70be,5512,3,-96.0,3,0,3,0,3,0,3,0
341c-f0d4-70be,5513,3,-95.0,3,0,3,0,3,0,3,0
341c-f0d4-70be,5514,3,-95.0,2,1,2,1,3,0,2,1
341c-f0d4-70be,5515,3,-95.5,3,0,3,0,3,0,3,0
341c-f0d4-70be,5516,3,-95.5,2,1,2,1,2,1,2,1
341c-f0d4-70be,5517,3,-94.75,3,0,2,1,3,0,3,0
341c-f0d4-70be,5518,3,-95.5,2,1,2,1,2,1,2,1
341c-f0d4-70be,5519,3,-95.25,2,1,2,1,2,1,2,1
341c-f0d4-70be,5520,4,-95.5,4,0,4,0,4,0,4,0
341c-f0d4-70be,5521,4,-95.0,2,2,2,2,2,2,2,2
341c-f0d4-70be,5522,4,-95.0,3,1,3,1,3,1,3,1
341c-f0d4-70be,5523,4,-94.75,4,0,4,0,4,0,4,0
341c-f0d4-70be,5524,4,-95.0,3,1,3,1,3,1,3,1
341c-f0d4-70be,5525,4,-95.25,3,1,3,1,3,1,3,1
341c-f0d4-70be,5526,3,-95.5,3,0,3,0,3,0,3,0
341c-f0d4-70be,5527,3,-95.0,3,0,3,0,3,0,3,0
341c-f0d4-70be,5528,3,-95.5,3,0,3,0,3,0,3,0
341c-f0d4-70be,5529,3,-94.75,3,0,3,0,3,0,3,0
341c-f0d4-70be,5530,4,-95.5,3,1,3,1,3,1,3,1
341c-f0d4-70be,5531,4,-95.5,3,1,3,1,3,1,3,1
341c-f0d4-70be,5532,4,-95.0,3,1,3,1,3,1,3,1
341c-f0d4-70be,5533,4,-95.0,3,1,3,1,3,1,3,1
341c-f0d4-70be,5534,4,-95.0,3,1,3,1,3,1,3,1
341c-f0d4-70be,5535,4,-95.75,3,1,3,1,3,1,3,1
341c-f0d4-70be,5536,4,-95.0,3,1,3,1,3,1,3,1
341c-f0d4-70be,5537,4,-96.0,3,1,3,1,4,0,3,1
341c-f0d4-70be,5538,4,-95.5,3,1,3,1,3,1,3,1
341c-f0d4-70be,5539,4,-95.25,3,1,3,1,3,1,3,1
341c-f0d4-70be,5540,4,-95.5,3,1,3,1,3,1,3,1
341c-f0d4-70be,5541,4,-95.0,3,1,3,1,3,1,3,1
341c-f0d4-70be,5542,4,-95.25,3,1,3,1,3,1,3,1
341c-f0d4-70be,5543,4,-95.0,3,1,3,1,3,1,3,1
341c-f0d4-70be,5544,3,-95.0,3,0,3,0,3,0,3,0
341c-f0d4-70be,5545,3,-94.75,4,1,4,1,4,1,4,1
341c-f0d4-70be,5546,3,-94.5,4,1,5,2,5,2,4,1
341c-f0d4-70be,5547,3,-95.25,4,1,4,1,4,1,4,1
341c-f0d4-70be,5548,3,-94.75,4,1,4,1,4,1,4,1
341c-f0d4-70be,5549,3,-95.0,3,0,3,0,3,0,3,0
341c-f0d4-70be,5550,3,-94.5,4,1,4,1,4,1,4,1
341c-f0d4-70be,5551,3,-95.0,4,1,4,1,4,1,4,1
341c-f0d4-70be,5552,3,-94.25,4,1,4,1,4,1,4,1
341c-f0d4-70be,5553,3,-95.0,4,1,4,1,4,1,4,1
341c-f0d4-70be,5554,3,-95.0,4,1,4,1,4,1,4,1
341c-f0d4-70be,5555,4,-94.75,4,0,5,1,4,0,4,0
341c-f0d4-70be,5556,4,-94.75,4,0,4,0,4,0,4,0
341c-f0d4-70be,5557,3,-94.75,4,1,4,1,4,1,4,1
341c-f0d4-70be,5558,3,-95.0,4,1,5,2,5,2,4,1
341c-f0d4-70be,5559,3,-94.75,4,1,5,2,4,1,4,1
341c-f0d4-70be,5560,3,-94.5,4,1,4,1,4,1,4,1
341c-f0d4-70be,5561,3,-94.5,4,1,4,1,4,1,4,1
341c-f0d4-70be,5562,3,-95.0,5,2,5,2,5,2,5,2
341c-f0d4-70be,5563,3,-94.5,5,2,5,2,5,2,5,2
341c-f0d4-70be,5564,3,-94.25,5,2,5,2,5,2,5,2
341c-f0d4-70be,5565,3,-95.0,4,1,5,2,4,1,4,1
341c-f0d4-70be,5566,3,-94.5,4,1,4,1,4,1,4,1
341c-f0d4-70be,5567,3,-95.0,4,1,4,1,4,1,4,1
341c-f0d4-70be,5568,4,-94.75,4,0,4,0,4,0,4,0
341c-f0d4-70be,5569,3,-95.0,4,1,4,1,4,1,4,1
341c-f0d4-70be,5570,3,-95.0,4,1,4,1,4,1,4,1
341c-f0d4-70be,5571,3,-94.5,4,1,4,1,4,1,4,1
341c-f0d4-70be,5572,3,-95.0,4,1,4,1,4,1,4,1
341c-f0d4-70be,5573,3,-95.0,4,1,4,1,4,1,4,1
341c-f0d4-70be,5574,3,-95.0,4,1,4,1,4,1,4,1
341c-f0d4-70be,5575,3,-93.75,5,2,5,2,4,1,5,2
341c-f0d4-70be,5576,3,-94.5,4,1,4,1,4,1,4,1
341c-f0d4-70be,5577,3,-94.5,5,2,5,2,5,2,5,2
341c-f0d4-70be,5578,3,-95.0,4,1,4,1,4,1,4,1
341c-f0d4-70be,5579,3,-94.5,4,1,4,1,4,1,4,1
341c-f0d4-70be,5580,3,-95.25,4,1,4,1,4,1,4,1
341c-f0d4-70be,5581,3,-95.25,5,2,5,2,5,2,5,2
341c-f0d4-70be,5582,3,-94.5,4,1,4,1,4,1,4,1
341c-f0d4-70be,5583,3,-94.75,5,2,5,2,5,2,5,2
341c-f0d4-70be,5584,3,-94.25,4,1,5,2,5,2,4,1
341c-f0d4-70be,5585,3,-93.75,4,1,4,1,3,0,4,1
341c-f0d4-70be,5586,3,-95.25,5,2,5,2,5,2,5,2
341c-f0d4-70be,5587,3,-95.0,5,2,5,2,5,2,5,2
341c-f0d4-70be,5588,3,-95.0,5,2,5,2,5,2,5,2
341c-f0d4-70be,5589,3,-94.75,4,1,4,1,4,1,4,1
341c-f0d4-70be,5590,3,-95.0,4,1,4,1,4,1,4,1
341c-f0d4-70be,5591,3,-94.5,4,1,4,1,4,1,4,1
341c-f0d4-70be,5592,3,-94.5,4,1,4,1,4,1,4,1
341c-f0d4-70be,5593,3,-94.75,4,1,4,1,4,1,4,1
341c-f0d4-70be,5594,3,-94.5,4,1,4,1,4,1,4,1
341c-f0d4-70be,5595,3,-95.0,4,1,4,1,4,1,4,1
341c-f0d4-70be,5596,3,-94.75,3,0,2,1,3,0,3,0
341c-f0d4-70be,5597,3,-94.75,4,1,4,1,4,1,4,1
341c-f0d4-70be,5598,3,-94.75,4,1,5,2,4,1,4,1
341c-f0d4-70be,5599,3,-95.0,4,1,4,1,4,1,4,1
341c-f0d4-70be,5600,3,-94.75,4,1,5,2,4,1,4,1
341c-f0d4-70be,5601,3,-94.5,4,1,4,1,4,1,4,1
341c-f0d4-70be,5602,4,-95.0,4,0,5,1,5,1,4,0
341c-f0d4-70be,5603,4,-95.0,4,0,4,0,4,0,4,0
341c-f0d4-70be,5604,3,-95.25,5,2,5,2,5,2,5,2
341c-f0d4-70be,5605,3,-95.0,4,1,4,1,4,1,4,1
341c-f0d4-70be,5606,3,-94.5,4,1,4,1,4,1,4,1
341c-f0d4-70be,5607,3,-94.75,4,1,4,1,4,1,4,1
341c-f0d4-70be,5608,3,-94.75,5,2,5,2,5,2,5,2
341c-f0d4-70be,5609,3,-95.25,4,1,4,1,4,1,4,1
341c-f0d4-70be,5610,3,-95.0,4,1,4,1,4,1,4,1
341c-f0d4-70be,5611,4,-94.75,4,0,4,0,4,0,4,0
341c-f0d4-70be,5612,3,-94.5,5,2,5,2,5,2,5,2
341c-f0d4-70be,5613,3,-95.0,4,1,4,1,4,1,4,1
341c-f0d4-70be,5614,3,-94.5,4,1,4,1,4,1,4,1
341c-f0d4-70be,5615,4,-94.75,3,1,3,1,3,1,3,1
341c-f0d4-70be,5616,4,-94.25,4,0,4,0,4,0,4,0
341c-f0d4-70be,5617,4,-95.25,4,0,4,0,4,0,4,0
341c-f0d4-70be,5618,3,-94.75,4,1,4,1,4,1,4,1
341c-f0d4-70be,5619,3,-95.0,3,0,3,0,3,0,3,0
341c-f0d4-70be,5620,3,-94.0,4,1,4,1,4,1,4,1
341c-f0d4-70be,5621,3,-95.0,4,1,4,1,4,1,4,1
341c-f0d4-70be,5622,3,-95.0,4,1,4,1,4,1,4,1
341c-f0d4-70be,5623,3,-95.25,3,0,3,0,3,0,3,0
341c-f0d4-70be,5624,3,-95.0,4,1,4,1,4,1,4,1
341c-f0d4-70be,5625,3,-94.75,4,1,4,1,4,1,4,1
341c-f0d4-70be,5626,3,-94.5,4,1,4,1,4,1,4,1
341c-f0d4-70be,5627,3,-95.0,5,2,5,2,4,1,5,2
341c-f0d4-70be,5628,3,-95.25,5,2,5,2,5,2,5,2
341c-f0d4-70be,5629,5,-95.25,4,1,4,1,4,1,4,1
341c-f0d4-70be,5630,5,-94.25,4,1,5,0,4,1,4,1
341c-f0d4-70be,5631,5,-94.5,5,0,5,0,5,0,5,0
341c-f0d4-70be,5632,5,-94.5,5,0,5,0,5,0,5,0
341c-f0d4-70be,5633,6,-94.25,5,1,6,0,6,0,5,1
341c-f0d4-70be,5634,6,-94.75,5,1,5,1,5,1,5,1
341c-f0d4-70be,5635,6,-94.5,5,1,5,1,5,1,5,1
341c-f0d4-70be,5636,6,-94.0,5,1,5,1,6,0,5,1
341c-f0d4-70be,5637,5,-93.75,5,0,5,0,6,1,5,0
341c-f0d4-70be,5638,5,-94.5,5,0,6,1,6,1,5,0
341c-f0d4-70be,5639,6,-94.5,5,1,6,0,6,0,5,1
341c-f0d4-70be,5640,5,-94.25,5,0,6,1,6,1,5,0
341c-f0d4-70be,5641,5,-94.25,5,0,6,1,6,1,5,0
341c-f0d4-70be,5642,5,-95.0,5,0,6,1,6,1,5,0
341c-f0d4-70be,5643,5,-94.5,5,0,6,1,6,1,5,0
341c-f0d4-70be,5644,5,-94.0,5,0,5,0,6,1,5,0
341c-f0d4-70be,5645,6,-94.5,5,1,6,0,6,0,5,1
341c-f0d4-70be,5646,6,-94.0,5,1,5,1,6,0,5,1
341c-f0d4-70be,5647,5,-94.5,5,0,6,1,6,1,5,0
341c-f0d4-70be,5648,6,-94.0,5,1,5,1,6,0,5,1
341c-f0d4-70be,5649,6,-94.75,5,1,6,0,6,0,5,1
341c-f0d4-70be,5650,5,-94.25,5,0,5,0,6,1,5,0
341c-f0d4-70be,5651,5,-94.5,5,0,6,1,6,1,5,0
341c-f0d4-70be,5652,5,-94.25,5,0,5,0,6,1,5,0
341c-f0d4-70be,5653,5,-95.0,5,0,6,1,6,1,5,0
341c-f0d4-70be,5654,6,-94.25,5,1,6,0,6,0,5,1
341c-f0d4-70be,5655,6,-95.0,4,2,5,1,5,1,4,2
341c-f0d4-70be,5656,5,-94.75,4,1,4,1,4,1,4,1
341c-f0d4-70be,5657,5,-95.25,4,1,4,1,4,1,4,1
341c-f0d4-70be,5658,5,-94.75,4,1,4,1,4,1,4,1
341c-f0d4-70be,5659,5,-95.0,4,1,4,1,4,1,4,1
341c-f0d4-70be,5660,5,-95.5,4,1,4,1,4,1,4,1
341c-f0d4-70be,5661,6,-94.75,4,2,4,2,4,2,4,2
341c-f0d4-70be,5662,6,-95.25,3,3,3,3,3,3,3,3
341c-f0d4-70be,5663,6,-95.0,4,2,4,2,4,2,4,2
341c-f0d4-70be,5664,6,-95.0,4,2,4,2,4,2,4,2
341c-f0d4-70be,5665,6,-95.0,4,2,4,2,4,2,4,2
341c-f0d4-70be,5666,6,-94.75,5,1,5,1,4,2,5,1
341c-f0d4-70be,5667,6,-94.75,4,2,4,2,4,2,4,2
341c-f0d4-70be,5668,6,-94.75,4,2,4,2,4,2,4,2
341c-f0d4-70be,5669,6,-94.75,5,1,4,2,4,2,5,1
341c-f0d4-70be,5670,6,-94.75,4,2,5,1,4,2,4,2
341c-f0d4-70be,5671,6,-94.25,4,2,4,2,4,2,4,2
341c-f0d4-70be,5672,6,-94.75,5,1,4,2,4,2,5,1
341c-f0d4-70be,5673,6,-94.25,5,1,4,2,4,2,5,1
341c-f0d4-70be,5674,6,-94.5,4,2,4,2,4,2,4,2
341c-f0d4-70be,5675,6,-94.5,4,2,4,2,4,2,4,2
341c-f0d4-70be,5676,6,-95.25,5,1,5,1,5,1,5,1
341c-f0d4-70be,5677,6,-95.0,4,2,4,2,4,2,4,2
341c-f0d4-70be,5678,6,-95.0,4,2,4,2,4,2,4,2
341c-f0d4-70be,5679,6,-95.5,4,2,4,2,4,2,4,2
341c-f0d4-70be,5680,6,-95.0,4,2,4,2,4,2,4,2
341c-f0d4-70be,5681,6,-94.75,4,2,4,2,4,2,4,2
341c-f0d4-70be,5682,6,-94.75,4,2,5,1,4,2,4,2
341c-f0d4-70be,5683,6,-95.0,4,2,4,2,4,2,4,2
341c-f0d4-70be,5684,6,-95.0,4,2,5,1,4,2,4,2
341c-f0d4-70be,5685,6,-95.0,4,2,5,1,4,2,4,2
341c-f0d4-70be,5686,6,-95.0,4,2,4,2,4,2,4,2
341c-f0d4-70be,5687,6,-95.25,4,2,4,2,4,2,4,2
341c-f0d4-70be,5688,6,-94.75,4,2,3,3,3,3,4,2
341c-f0d4-70be,5689,6,-94.75,4,2,4,2,4,2,4,2
341c-f0d4-70be,5690,6,-94.75,4,2,3,3,3,3,4,2
341c-f0d4-70be,5691,6,-95.0,5,1,5,1,5,1,5,1
341c-f0d4-70be,5692,6,-95.0,4,2,4,2,4,2,4,2
341c-f0d4-70be,5693,6,-95.0,5,1,5,1,5,1,5,1
341c-f0d4-70be,5694,6,-94.0,4,2,4,2,4,2,4,2
341c-f0d4-70be,5695,6,-95.25,4,2,4,2,4,2,4,2
341c-f0d4-70be,5696,6,-94.75,4,2,4,2,4,2,4,2
341c-f0d4-70be,5697,6,-94.75,4,2,4,2,4,2,4,2
341c-f0d4-70be,5698,6,-94.25,4,2,4,2,4,2,4,2
341c-f0d4-70be,5699,6,-95.0,4,2,4,2,4,2,4,2
341c-f0d4-70be,5700,6,-95.25,4,2,4,2,4,2,4,2
341c-f0d4-70be,5701,6,-95.5,4,2,4,2,4,2,4,2
341c-f0d4-70be,5702,6,-92.75,4,2,4,2,3,3,4,2
341c-f0d4-70be,5703,6,-94.25,4,2,4,2,4,2,4,2
341c-f0d4-70be,5704,6,-95.25,4,2,4,2,4,2,4,2
341c-f0d4-70be,5705,6,-95.0,4,2,4,2,4,2,4,2
341c-f0d4-70be,5706,6,-94.75,4,2,4,2,4,2,4,2
341c-f0d4-70be,5707,6,-94.5,4,2,4,2,4,2,4,2
341c-f0d4-70be,5708,6,-94.75,4,2,4,2,4,2,4,2
341c-f0d4-70be,5709,6,-94.75,4,2,4,2,4,2,4,2
341c-f0d4-70be,5710,6,-95.0,4,2,4,2,4,2,4,2
341c-f0d4-70be,5711,6,-94.75,5,1,5,1,5,1,5,1
341c-f0d4-70be,5712,6,-95.0,5,1,6,0,6,0,5,1
341c-f0d4-70be,5713,6,-95.25,5,1,5,1,6,0,5,1
341c-f0d4-70be,5714,6,-94.5,5,1,5,1,5,1,5,1
341c-f0d4-70be,5715,6,-95.25,5,1,5,1,6,0,5,1
341c-f0d4-70be,5716,6,-94.0,5,1,5,1,5,1,5,1
341c-f0d4-70be,5717,6,-94.5,4,2,3,3,3,3,4,2
341c-f0d4-70be,5718,6,-94.75,4,2,4,2,4,2,4,2
341c-f0d4-70be,5719,6,-95.0,5,1,5,1,4,2,5,1
341c-f0d4-70be,5720,6,-94.5,3,3,3,3,3,3,3,3
341c-f0d4-70be,5721,6,-94.25,4,2,3,3,3,3,4,2
341c-f0d4-70be,5722,6,-94.5,4,2,4,2,4,2,4,2
341c-f0d4-70be,5723,6,-95.25,4,2,5,1,5,1,4,2
341c-f0d4-70be,5724,6,-95.0,4,2,4,2,4,2,4,2
341c-f0d4-70be,5725,5,-94.5,4,1,3,2,3,2,4,1
341c-f0d4-70be,5726,5,-95.5,4,1,4,1,4,1,4,1
341c-f0d4-70be,5727,5,-95.25,4,1,4,1,4,1,4,1
341c-f0d4-70be,5728,6,-95.5,4,2,4,2,4,2,4,2
341c-f0d4-70be,5729,6,-94.75,4,2,4,2,4,2,4,2
341c-f0d4-70be,5730,6,-95.0,4,2,4,2,4,2,4,2
341c-f0d4-70be,5731,6,-94.75,4,2,5,1,4,2,4,2
341c-f0d4-70be,5732,6,-94.75,5,1,5,1,5,1,5,1
341c-f0d4-70be,5733,5,-95.0,5,0,5,0,5,0,5,0
341c-f0d4-70be,5734,5,-94.75,4,1,5,0,4,1,4,1
341c-f0d4-70be,5735,5,-94.75,4,1,4,1,4,1,4,1
341c-f0d4-70be,5736,6,-94.25,4,2,4,2,4,2,4,2
341c-f0d4-70be,5737,6,-94.25,5,1,4,2,4,2,5,1
341c-f0d4-70be,5738,6,-94.5,4,2,5,1,4,2,4,2
341c-f0d4-70be,5739,6,-95.5,4,2,4,2,4,2,4,2
341c-f0d4-70be,5740,6,-95.0,4,2,4,2,4,2,4,2
341c-f0d4-70be,5741,6,-95.0,5,1,5,1,4,2,5,1
341c-f0d4-70be,5742,6,-94.75,4,2,5,1,4,2,4,2
341c-f0d4-70be,5743,6,-94.75,4,2,5,1,4,2,4,2
341c-f0d4-70be,5744,6,-95.0,5,1,5,1,5,1,5,1
341c-f0d4-70be,5745,6,-95.0,5,1,5,1,5,1,5,1
341c-f0d4-70be,5746,6,-95.0,4,2,5,1,5,1,4,2
341c-f0d4-70be,5747,6,-94.75,5,1,5,1,4,2,5,1
341c-f0d4-70be,5748,6,-95.0,4,2,5,1,5,1,4,2
341c-f0d4-70be,5749,6,-94.5,4,2,5,1,4,2,4,2
341c-f0d4-70be,5750,6,-94.5,5,1,4,2,4,2,5,1
341c-f0d4-70be,5751,6,-95.5,4,2,5,1,4,2,4,2
341c-f0d4-70be,5752,6,-94.0,5,1,4,2,4,2,5,1
341c-f0d4-70be,5753,6,-95.0,4,2,4,2,4,2,4,2
341c-f0d4-70be,5754,6,-94.5,4,2,4,2,4,2,4,2
341c-f0d4-70be,5755,5,-94.5,5,0,5,0,5,0,5,0
341c-f0d4-70be,5756,5,-94.5,5,0,5,0,5,0,5,0
341c-f0d4-70be,5757,5,-94.5,5,0,5,0,5,0,5,0
341c-f0d4-70be,5758,6,-95.0,5,1,5,1,5,1,5,1
341c-f0d4-70be,5759,6,-94.25,5,1,5,1,5,1,5,1
341c-f0d4-70be,5760,6,-95.25,4,2,5,1,4,2,4,2
341c-f0d4-70be,5761,6,-95.0,4,2,5,1,5,1,4,2
341c-f0d4-70be,5762,6,-94.75,4,2,4,2,4,2,4,2
341c-f0d4-70be,5763,6,-95.25,4,2,5,1,5,1,4,2
341c-f0d4-70be,5764,6,-94.75,4,2,5,1,4,2,4,2
341c-f0d4-70be,5765,6,-95.0,4,2,5,1,5,1,4,2
341c-f0d4-70be,5766,6,-94.5,4,2,3,3,3,3,4,2
341c-f0d4-70be,5767,6,-94.75,4,2,4,2,4,2,4,2
341c-f0d4-70be,5768,6,-95.25,4,2,5,1,5,1,4,2
341c-f0d4-70be,5769,6,-94.75,4,2,4,2,4,2,4,2
341c-f0d4-70be,5770,5,-95.25,4,1,4,1,4,1,4,1
341c-f0d4-70be,5771,5,-94.5,5,0,4,1,4,1,5,0
341c-f0d4-70be,5772,5,-95.25,4,1,4,1,4,1,4,1
341c-f0d4-70be,5773,5,-94.5,4,1,4,1,4,1,4,1
341c-f0d4-70be,5774,5,-94.25,4,1,4,1,4,1,4,1
341c-f0d4-70be,5775,5,-93.75,4,1,4,1,4,1,4,1
341c-f0d4-70be,5776,5,-92.75,5,0,5,0,4,1,5,0
341c-f0d4-70be,5777,5,-93.75,5,0,5,0,5,0,5,0
341c-f0d4-70be,5778,5,-93.75,5,0,5,0,5,0,5,0
341c-f0d4-70be,5779,5,-93.75,5,0,5,0,5,0,5,0
341c-f0d4-70be,5780,6,-94.25,4,2,4,2,4,2,4,2
341c-f0d4-70be,5781,6,-94.25,5,1,4,2,4,2,5,1
341c-f0d4-70be,5782,6,-93.75,5,1,4,2,4,2,5,1
341c-f0d4-70be,5783,6,-94.5,5,1,4,2,4,2,5,1
341c-f0d4-70be,5784,6,-94.5,5,1,5,1,5,1,5,1
341c-f0d4-70be,5785,6,-95.0,4,2,5,1,5,1,4,2
341c-f0d4-70be,5786,6,-94.5,4,2,5,1,4,2,4,2
341c-f0d4-70be,5787,6,-94.75,5,1,5,1,5,1,5,1
341c-f0d4-70be,5788,5,-94.25,4,1,4,1,4,1,4,1
341c-f0d4-70be,5789,6,-94.0,5,1,5,1,5,1,5,1
341c-f0d4-70be,5790,6,-94.25,5,1,4,2,4,2,5,1
341c-f0d4-70be,5791,6,-94.25,4,2,4,2,4,2,4,2
341c-f0d4-70be,5792,6,-94.25,4,2,4,2,4,2,4,2
341c-f0d4-70be,5793,5,-94.25,5,0,4,1,4,1,5,0
341c-f0d4-70be,5794,5,-93.75,5,0,5,0,5,0,5,0
341c-f0d4-70be,5795,5,-93.25,5,0,5,0,4,1,5,0
341c-f0d4-70be,5796,5,-94.5,5,0,5,0,5,0,5,0
341c-f0d4-70be,5797,5,-95.0,4,1,4,1,4,1,4,1
341c-f0d4-70be,5798,5,-95.0,5,0,6,1,6,1,5,0
341c-f0d4-70be,5799,5,-95.25,5,0,5,0,6,1,5,0
341c-f0d4-70be,5800,5,-94.25,5,0,4,1,4,1,5,0
341c-f0d4-70be,5801,5,-95.25,5,0,6,1,7,2,5,0
341c-f0d4-70be,5802,5,-95.0,5,0,6,1,6,1,5,0
341c-f0d4-70be,5803,5,-94.25,5,0,5,0,6,1,5,0
341c-f0d4-70be,5804,5,-95.0,5,0,5,0,6,1,5,0
341c-f0d4-70be,5805,5,-94.75,5,0,5,0,5,0,5,0
341c-f0d4-70be,5806,5,-94.5,5,0,6,1,6,1,5,0
341c-f0d4-70be,5807,5,-94.0,5,0,5,0,6,1,5,0
341c-f0d4-70be,5808,6,-94.5,5,1,6,0,6,0,5,1
341c-f0d4-70be,5809,6,-94.25,5,1,5,1,5,1,5,1
341c-f0d4-70be,5810,6,-95.0,4,2,4,2,4,2,4,2
341c-f0d4-70be,5811,6,-95.0,4,2,4,2,4,2,4,2
341c-f0d4-70be,5812,6,-95.0,4,2,4,2,4,2,4,2
341c-f0d4-70be,5813,6,-93.5,5,1,5,1,6,0,5,1
341c-f0d4-70be,5814,6,-94.25,5,1,5,1,5,1,5,1
341c-f0d4-70be,5815,6,-94.5,5,1,5,1,5,1,5,1
341c-f0d4-70be,5816,6,-94.75,5,1,5,1,5,1,5,1
341c-f0d4-70be,5817,6,-94.75,5,1,5,1,5,1,5,1
341c-f0d4-70be,5818,6,-94.75,4,2,4,2,4,2,4,2
341c-f0d4-70be,5819,6,-95.0,4,2,4,2,4,2,4,2
341c-f0d4-70be,5820,6,-95.0,4,2,5,1,5,1,4,2
341c-f0d4-70be,5821,6,-94.5,4,2,4,2,4,2,4,2
341c-f0d4-70be,5822,6,-92.25,4,2,4,2,4,2,4,2
341c-f0d4-70be,5823,6,-95.0,5,1,5,1,5,1,5,1
341c-f0d4-70be,5824,6,-94.5,5,1,6,0,6,0,5,1
341c-f0d4-70be,5825,6,-94.5,5,1,6,0,6,0,5,1
341c-f0d4-70be,5826,6,-94.75,5,1,5,1,5,1,5,1
341c-f0d4-70be,5827,6,-94.75,5,1,5,1,5,1,5,1
341c-f0d4-70be,5828,6,-94.5,5,1,5,1,5,1,5,1
341c-f0d4-70be,5829,6,-94.75,4,2,5,1,4,2,4,2
341c-f0d4-70be,5830,6,-94.75,4,2,4,2,4,2,4,2
341c-f0d4-70be,5831,6,-94.5,4,2,4,2,4,2,4,2
341c-f0d4-70be,5832,6,-94.5,4,2,3,3,3,3,4,2
341c-f0d4-70be,5833,6,-94.5,4,2,4,2,4,2,4,2
341c-f0d4-70be,5834,6,-94.25,4,2,3,3,3,3,4,2
341c-f0d4-70be,5835,6,-95.0,4,2,4,2,4,2,4,2
341c-f0d4-70be,5836,6,-94.5,4,2,4,2,4,2,4,2
341c-f0d4-70be,5837,5,-95.25,2,3,2,3,2,3,2,3
341c-f0d4-70be,5838,6,-95.25,3,3,3,3,3,3,3,3
341c-f0d4-70be,5839,6,-95.25,4,2,4,2,4,2,4,2
341c-f0d4-70be,5840,6,-94.75,4,2,4,2,4,2,4,2
341c-f0d4-70be,5841,6,-95.25,4,2,4,2,4,2,4,2
341c-f0d4-70be,5842,6,-94.75,4,2,4,2,3,3,4,2
341c-f0d4-70be,5843,6,-94.75,4,2,4,2,4,2,4,2
341c-f0d4-70be,5844,6,-94.75,4,2,4,2,4,2,4,2
341c-f0d4-70be,5845,6,-95.25,4,2,4,2,4,2,4,2
341c-f0d4-70be,5846,6,-94.75,4,2,4,2,4,2,4,2
341c-f0d4-70be,5847,6,-95.0,4,2,4,2,4,2,4,2
341c-f0d4-70be,5848,6,-94.5,4,2,4,2,4,2,4,2
341c-f0d4-70be,5849,6,-94.75,4,2,4,2,4,2,4,2
341c-f0d4-70be,5850,6,-94.75,4,2,4,2,4,2,4,2
341c-f0d4-70be,5851,6,-94.25,4,2,4,2,4,2,4,2
341c-f0d4-70be,5852,6,-95.25,4,2,4,2,4,2,4,2
341c-f0d4-70be,5853,6,-94.75,4,2,4,2,4,2,4,2
341c-f0d4-70be,5854,5,-95.25,5,0,5,0,5,0,5,0
341c-f0d4-70be,5855,5,-95.0,5,0,5,0,4,1,5,0
341c-f0d4-70be,5856,5,-94.75,4,1,4,1,4,1,4,1
341c-f0d4-70be,5857,5,-94.5,4,1,4,1,4,1,4,1
341c-f0d4-70be,5858,5,-95.0,4,1,4,1,4,1,4,1
341c-f0d4-70be,5859,5,-94.75,5,0,5,0,5,0,5,0
341c-f0d4-70be,5860,5,-94.5,4,1,4,1,4,1,4,1
341c-f0d4-70be,5861,5,-94.25,4,1,4,1,4,1,4,1
341c-f0d4-70be,5862,5,-94.5,4,1,4,1,4,1,4,1
341c-f0d4-70be,5863,5,-94.25,4,1,4,1,4,1,4,1
341c-f0d4-70be,5864,5,-95.0,5,0,5,0,5,0,5,0
341c-f0d4-70be,5865,5,-94.75,4,1,4,1,4,1,4,1
341c-f0d4-70be,5866,5,-94.5,4,1,4,1,4,1,4,1
341c-f0d4-70be,5867,5,-94.75,4,1,4,1,4,1,4,1
341c-f0d4-70be,5868,5,-95.0,5,0,5,0,5,0,5,0
341c-f0d4-70be,5869,5,-95.0,4,1,4,1,4,1,4,1
341c-f0d4-70be,5870,5,-95.0,4,1,4,1,4,1,4,1
341c-f0d4-70be,5871,5,-94.5,4,1,4,1,4,1,4,1
341c-f0d4-70be,5872,5,-95.0,4,1,4,1,4,1,4,1
341c-f0d4-70be,5873,5,-95.0,4,1,4,1,4,1,4,1
341c-f0d4-70be,5874,5,-95.0,4,1,4,1,4,1,4,1
341c-f0d4-70be,5875,5,-94.5,4,1,4,1,4,1,4,1
341c-f0d4-70be,5876,5,-95.0,4,1,4,1,4,1,4,1
341c-f0d4-70be,5877,5,-94.5,4,1,4,1,4,1,4,1
341c-f0d4-70be,5878,5,-95.25,4,1,4,1,4,1,4,1
341c-f0d4-70be,5879,5,-94.5,4,1,4,1,4,1,4,1
341c-f0d4-70be,5880,5,-94.75,4,1,4,1,4,1,4,1
341c-f0d4-70be,5881,5,-94.5,4,1,4,1,4,1,4,1
341c-f0d4-70be,5882,5,-93.0,4,1,4,1,4,1,4,1
341c-f0d4-70be,5883,5,-95.25,4,1,4,1,4,1,4,1
341c-f0d4-70be,5884,5,-95.0,4,1,4,1,4,1,4,1
341c-f0d4-70be,5885,5,-95.25,4,1,4,1,4,1,4,1
341c-f0d4-70be,5886,5,-94.75,4,1,4,1,4,1,4,1
341c-f0d4-70be,5887,5,-95.0,4,1,4,1,4,1,4,1
341c-f0d4-70be,5888,5,-95.0,4,1,4,1,4,1,4,1
341c-f0d4-70be,5889,5,-94.5,4,1,4,1,4,1,4,1
341c-f0d4-70be,5890,5,-95.0,4,1,4,1,4,1,4,1
341c-f0d4-70be,5891,5,-94.0,4,1,4,1,4,1,4,1
341c-f0d4-70be,5892,5,-94.5,4,1,4,1,4,1,4,1
341c-f0d4-70be,5893,5,-94.75,4,1,4,1,4,1,4,1
341c-f0d4-70be,5894,5,-94.75,4,1,4,1,4,1,4,1
341c-f0d4-70be,5895,5,-95.0,4,1,4,1,4,1,4,1
341c-f0d4-70be,5896,5,-95.5,4,1,4,1,4,1,4,1
341c-f0d4-70be,5897,5,-94.75,4,1,4,1,4,1,4,1
341c-f0d4-70be,5898,5,-95.25,4,1,4,1,4,1,4,1
341c-f0d4-70be,5899,5,-94.75,4,1,4,1,4,1,4,1
341c-f0d4-70be,5900,5,-94.5,4,1,4,1,4,1,4,1
341c-f0d4-70be,5901,5,-95.0,4,1,4,1,4,1,4,1
341c-f0d4-70be,5902,5,-94.5,4,1,4,1,4,1,4,1
341c-f0d4-70be,5903,5,-94.5,5,0,5,0,5,0,5,0
341c-f0d4-70be,5904,5,-94.75,4,1,4,1,4,1,4,1
341c-f0d4-70be,5905,5,-94.0,4,1,4,1,4,1,4,1
341c-f0d4-70be,5906,5,-95.0,4,1,4,1,4,1,4,1
341c-f0d4-70be,5907,5,-94.75,4,1,4,1,4,1,4,1
341c-f0d4-70be,5908,5,-95.0,4,1,4,1,4,1,4,1
341c-f0d4-70be,5909,5,-94.5,4,1,4,1,4,1,4,1
341c-f0d4-70be,5910,5,-95.0,4,1,4,1,4,1,4,1
341c-f0d4-70be,5911,5,-94.75,4,1,4,1,4,1,4,1
341c-f0d4-70be,5912,5,-95.0,4,1,4,1,4,1,4,1
341c-f0d4-70be,5913,5,-94.5,4,1,4,1,4,1,4,1
341c-f0d4-70be,5914,5,-95.5,4,1,4,1,4,1,4,1
341c-f0d4-70be,5915,5,-94.75,4,1,4,1,4,1,4,1
341c-f0d4-70be,5916,5,-95.25,4,1,4,1,4,1,4,1
341c-f0d4-70be,5917,5,-95.0,4,1,4,1,4,1,4,1
341c-f0d4-70be,5918,5,-94.25,4,1,4,1,4,1,4,1
341c-f0d4-70be,5919,5,-94.5,4,1,4,1,4,1,4,1
341c-f0d4-70be,5920,5,-94.5,4,1,4,1,4,1,4,1
341c-f0d4-70be,5921,5,-95.0,4,1,4,1,4,1,4,1
341c-f0d4-70be,5922,5,-94.5,4,1,4,1,4,1,4,1
341c-f0d4-70be,5923,5,-93.75,4,1,4,1,4,1,4,1
341c-f0d4-70be,5924,5,-94.75,4,1,4,1,4,1,4,1
341c-f0d4-70be,5925,5,-94.25,4,1,4,1,4,1,4,1
341c-f0d4-70be,5926,5,-94.75,4,1,4,1,4,1,4,1
341c-f0d4-70be,5927,5,-95.0,4,1,4,1,4,1,4,1
341c-f0d4-70be,5928,5,-95.0,4,1,4,1,4,1,4,1
341c-f0d4-70be,5929,5,-94.75,4,1,4,1,4,1,4,1
341c-f0d4-70be,5930,5,-94.25,4,1,4,1,4,1,4,1
341c-f0d4-70be,5931,5,-94.25,4,1,4,1,4,1,4,1
341c-f0d4-70be,5932,5,-95.0,4,1,4,1,4,1,4,1
341c-f0d4-70be,5933,5,-95.25,4,1,4,1,4,1,4,1
341c-f0d4-70be,5934,5,-94.75,5,0,5,0,5,0,5,0
341c-f0d4-70be,5935,5,-94.25,4,1,4,1,4,1,4,1
341c-f0d4-70be,5936,5,-94.75,5,0,5,0,5,0,5,0
341c-f0d4-70be,5937,5,-94.5,4,1,4,1,4,1,4,1
341c-f0d4-70be,5938,5,-95.0,5,0,5,0,4,1,5,0
341c-f0d4-70be,5939,5,-94.75,5,0,5,0,5,0,5,0
341c-f0d4-70be,5940,5,-94.75,5,0,5,0,5,0,5,0
341c-f0d4-70be,5941,5,-95.5,5,0,5,0,5,0,5,0
341c-f0d4-70be,5942,5,-94.75,5,0,5,0,4,1,5,0
341c-f0d4-70be,5943,3,-95.25,3,0,3,0,3,0,3,0
341c-f0d4-70be,5944,3,-95.0,3,0,3,0,3,0,3,0
341c-f0d4-70be,5945,3,-94.75,3,0,3,0,3,0,3,0
341c-f0d4-70be,5946,3,-95.0,3,0,3,0,3,0,3,0
341c-f0d4-70be,5947,3,-95.5,4,1,5,2,5,2,4,1
341c-f0d4-70be,5948,3,-94.75,3,0,3,0,3,0,3,0
341c-f0d4-70be,5949,3,-95.75,4,1,5,2,5,2,4,1
341c-f0d4-70be,5950,3,-95.5,4,1,4,1,5,2,4,1
341c-f0d4-70be,5951,3,-95.25,2,1,2,1,2,1,2,1
341c-f0d4-70be,5952,3,-95.25,4,1,4,1,4,1,4,1
341c-f0d4-70be,5953,3,-95.0,3,0,3,0,3,0,3,0
341c-f0d4-70be,5954,3,-95.25,3,0,3,0,3,0,3,0
341c-f0d4-70be,5955,3,-94.75,3,0,3,0,3,0,3,0
341c-f0d4-70be,5956,3,-95.0,3,0,3,0,3,0,3,0
341c-f0d4-70be,5957,3,-95.25,3,0,3,0,3,0,3,0
341c-f0d4-70be,5958,3,-95.25,3,0,3,0,3,0,3,0
341c-f0d4-70be,5959,3,-94.75,3,0,3,0,3,0,3,0
341c-f0d4-70be,5960,3,-95.25,3,0,3,0,3,0,3,0
341c-f0d4-70be,5961,3,-95.0,3,0,3,0,3,0,3,0
341c-f0d4-70be,5962,3,-95.5,3,0,3,0,3,0,3,0
341c-f0d4-70be,5963,3,-95.25,3,0,3,0,3,0,3,0
341c-f0d4-70be,5964,3,-95.0,3,0,3,0,3,0,3,0
341c-f0d4-70be,5965,3,-95.5,3,0,3,0,3,0,3,0
341c-f0d4-70be,5966,3,-95.5,3,0,3,0,3,0,3,0
341c-f0d4-70be,5967,3,-95.25,3,0,3,0,3,0,3,0
341c-f0d4-70be,5968,3,-95.5,3,0,3,0,3,0,3,0
341c-f0d4-70be,5969,3,-95.0,5,2,5,2,5,2,5,2
341c-f0d4-70be,5970,3,-96.0,4,1,5,2,5,2,4,1
341c-f0d4-70be,5971,3,-95.25,3,0,3,0,3,0,3,0
341c-f0d4-70be,5972,3,-95.5,4,1,4,1,5,2,4,1
341c-f0d4-70be,5973,3,-95.5,3,0,3,0,3,0,3,0
341c-f0d4-70be,5974,3,-95.5,4,1,4,1,5,2,4,1
341c-f0d4-70be,5975,3,-95.75,4,1,5,2,5,2,4,1
341c-f0d4-70be,5976,3,-95.25,5,2,5,2,6,3,5,2
341c-f0d4-70be,5977,3,-94.5,3,0,3,0,3,0,3,0
341c-f0d4-70be,5978,3,-95.25,3,0,3,0,3,0,3,0
341c-f0d4-70be,5979,3,-95.25,3,0,3,0,3,0,3,0
341c-f0d4-70be,5980,3,-95.25,3,0,3,0,3,0,3,0
341c-f0d4-70be,5981,3,-95.75,3,0,3,0,3,0,3,0
341c-f0d4-70be,5982,3,-95.25,3,0,3,0,3,0,3,0
341c-f0d4-70be,5983,3,-95.5,3,0,3,0,3,0,3,0
341c-f0d4-70be,5984,3,-95.25,3,0,3,0,3,0,3,0
341c-f0d4-70be,5985,3,-95.5,3,0,3,0,3,0,3,0
341c-f0d4-70be,5986,3,-95.0,3,0,3,0,3,0,3,0
341c-f0d4-70be,5987,3,-95.25,3,0,3,0,3,0,3,0
341c-f0d4-70be,5988,3,-94.5,3,0,3,0,3,0,3,0
341c-f0d4-70be,5989,3,-95.25,3,0,3,0,3,0,3,0
341c-f0d4-70be,5990,3,-94.5,3,0,3,0,3,0,3,0
341c-f0d4-70be,5991,3,-95.25,5,2,5,2,5,2,5,2
341c-f0d4-70be,5992,3,-94.75,4,1,4,1,4,1,4,1
341c-f0d4-70be,5993,3,-95.0,4,1,4,1,4,1,4,1
341c-f0d4-70be,5994,3,-95.0,3,0,3,0,3,0,3,0
341c-f0d4-70be,5995,3,-95.75,4,1,5,2,5,2,4,1
341c-f0d4-70be,5996,3,-95.5,3,0,3,0,3,0,3,0
341c-f0d4-70be,5997,3,-95.25,3,0,3,0,3,0,3,0
341c-f0d4-70be,5998,3,-95.25,3,0,3,0,3,0,3,0
341c-f0d4-70be,5999,3,-95.0,3,0,3,0,3,0,3,0
341c-f0d4-70be,6000,3,-95.75,3,0,3,0,3,0,3,0
341c-f0d4-70be,6001,3,-94.75,3,0,3,0,3,0,3,0
341c-f0d4-70be,6002,3,-95.0,3,0,3,0,3,0,3,0
341c-f0d4-70be,6003,3,-94.75,3,0,3,0,3,0,3,0
341c-f0d4-70be,6004,3,-95.5,3,0,3,0,3,0,3,0
341c-f0d4-70be,6005,3,-94.5,3,0,3,0,3,0,3,0
341c-f0d4-70be,6006,3,-94.75,3,0,3,0,3,0,3,0
341c-f0d4-70be,6007,3,-95.5,3,0,3,0,3,0,3,0
341c-f0d4-70be,6008,3,-95.0,3,0,3,0,3,0,3,0
341c-f0d4-70be,6009,3,-95.25,3,0,3,0,3,0,3,0
341c-f0d4-70be,6010,3,-94.75,3,0,3,0,3,0,3,0
341c-f0d4-70be,6011,3,-95.25,3,0,3,0,3,0,3,0
341c-f0d4-70be,6012,3,-95.5,3,0,3,0,3,0,3,0
341c-f0d4-70be,6013,3,-95.0,3,0,3,0,3,0,3,0
341c-f0d4-70be,6014,3,-95.0,3,0,3,0,3,0,3,0
341c-f0d4-70be,6015,3,-95.25,2,1,2,1,2,1,2,1
341c-f0d4-70be,6016,3,-95.25,4,1,4,1,4,1,4,1
341c-f0d4-70be,6017,3,-95.0,4,1,4,1,4,1,4,1
341c-f0d4-70be,6018,3,-95.0,3,0,3,0,3,0,3,0
341c-f0d4-70be,6019,3,-95.5,4,1,4,1,4,1,4,1
341c-f0d4-70be,6020,3,-95.25,3,0,3,0,3,0,3,0
341c-f0d4-70be,6021,3,-95.0,4,1,4,1,4,1,4,1
341c-f0d4-70be,6022,3,-95.0,2,1,2,1,2,1,2,1
341c-f0d4-70be,6023,3,-95.25,3,0,3,0,3,0,3,0
341c-f0d4-70be,6024,3,-95.25,3,0,3,0,3,0,3,0
341c-f0d4-70be,6025,3,-95.25,3,0,3,0,3,0,3,0
341c-f0d4-70be,6026,3,-94.75,3,0,3,0,3,0,3,0
341c-f0d4-70be,6027,3,-94.75,3,0,3,0,3,0,3,0
341c-f0d4-70be,6028,3,-95.25,3,0,3,0,3,0,3,0
341c-f0d4-70be,6029,3,-95.0,3,0,3,0,3,0,3,0
341c-f0d4-70be,6030,3,-94.5,3,0,3,0,3,0,3,0
341c-f0d4-70be,6031,3,-95.0,3,0,3,0,3,0,3,0
341c-f0d4-70be,6032,3,-95.0,3,0,3,0,3,0,3,0
341c-f0d4-70be,6033,3,-95.75,3,0,3,0,3,0,3,0
341c-f0d4-70be,6034,3,-95.5,3,0,3,0,3,0,3,0
341c-f0d4-70be,6035,3,-95.25,3,0,3,0,3,0,3,0
341c-f0d4-70be,6036,3,-95.5,3,0,3,0,3,0,3,0
341c-f0d4-70be,6037,3,-95.25,3,0,3,0,3,0,3,0
341c-f0d4-70be,6038,3,-95.5,3,0,3,0,3,0,3,0
341c-f0d4-70be,6039,3,-94.75,3,0,3,0,3,0,3,0
341c-f0d4-70be,6040,3,-95.25,3,0,3,0,3,0,3,0
341c-f0d4-70be,6041,3,-95.5,4,1,5,2,4,1,4,1
341c-f0d4-70be,6042,3,-95.25,3,0,3,0,3,0,3,0
341c-f0d4-70be,6043,3,-94.75,4,1,4,1,4,1,4,1
341c-f0d4-70be,6044,3,-95.0,5,2,5,2,5,2,5,2
341c-f0d4-70be,6045,3,-95.25,4,1,4,1,4,1,4,1
341c-f0d4-70be,6046,3,-95.25,5,2,5,2,5,2,5,2
341c-f0d4-70be,6047,3,-95.25,3,0,3,0,3,0,3,0
341c-f0d4-70be,6048,3,-95.5,3,0,3,0,3,0,3,0
341c-f0d4-70be,6049,3,-94.75,3,0,3,0,3,0,3,0
341c-f0d4-70be,6050,3,-95.5,3,0,3,0,3,0,3,0
341c-f0d4-70be,6051,3,-95.25,3,0,3,0,3,0,3,0
341c-f0d4-70be,6052,3,-95.25,3,0,3,0,3,0,3,0
341c-f0d4-70be,6053,3,-95.25,3,0,3,0,3,0,3,0
341c-f0d4-70be,6054,3,-95.25,3,0,3,0,3,0,3,0
341c-f0d4-70be,6055,3,-95.25,3,0,3,0,3,0,3,0
341c-f0d4-70be,6056,3,-95.5,3,0,3,0,3,0,3,0
341c-f0d4-70be,6057,3,-95.25,3,0,3,0,3,0,3,0
341c-f0d4-70be,6058,3,-94.75,3,0,3,0,3,0,3,0
341c-f0d4-70be,6059,3,-95.5,3,0,3,0,3,0,3,0
341c-f0d4-70be,6060,3,-95.25,3,0,3,0,3,0,3,0
341c-f0d4-70be,6061,3,-95.0,3,0,3,0,3,0,3,0
341c-f0d4-70be,6062,3,-95.25,3,0,3,0,3,0,3,0
341c-f0d4-70be,6063,3,-95.25,3,0,3,0,3,0,3,0
341c-f0d4-70be,6064,3,-95.5,5,2,5,2,5,2,5,2
341c-f0d4-70be,6065,3,-95.75,4,1,5,2,5,2,4,1
341c-f0d4-70be,6066,3,-95.25,4,1,4,1,4,1,4,1
341c-f0d4-70be,6067,3,-94.75,4,1,4,1,4,1,4,1
341c-f0d4-70be,6068,3,-95.0,4,1,4,1,4,1,4,1
341c-f0d4-70be,6069,3,-95.25,4,1,4,1,4,1,4,1
341c-f0d4-70be,6070,3,-95.25,2,1,2,1,2,1,2,1
341c-f0d4-70be,6071,3,-95.0,3,0,3,0,3,0,3,0
341c-f0d4-70be,6072,3,-94.75,3,0,3,0,3,0,3,0
341c-f0d4-70be,6073,3,-95.25,3,0,3,0,3,0,3,0
341c-f0d4-70be,6074,3,-94.75,3,0,3,0,3,0,3,0
341c-f0d4-70be,6075,3,-95.25,3,0,3,0,3,0,3,0
341c-f0d4-70be,6076,3,-95.0,3,0,3,0,3,0,3,0
341c-f0d4-70be,6077,3,-95.5,3,0,3,0,3,0,3,0
341c-f0d4-70be,6078,3,-95.0,3,0,3,0,3,0,3,0
341c-f0d4-70be,6079,3,-95.25,3,0,3,0,3,0,3,0
341c-f0d4-70be,6080,3,-94.25,3,0,3,0,3,0,3,0
341c-f0d4-70be,6081,3,-95.25,3,0,3,0,3,0,3,0
341c-f0d4-70be,6082,3,-95.5,3,0,3,0,3,0,3,0
341c-f0d4-70be,6083,3,-95.0,3,0,3,0,3,0,3,0
341c-f0d4-70be,6084,3,-94.5,3,0,3,0,3,0,3,0
341c-f0d4-70be,6085,3,-95.0,3,0,3,0,3,0,3,0
341c-f0d4-70be,6086,3,-95.0,3,0,3,0,3,0,3,0
341c-f0d4-70be,6087,3,-95.0,3,0,3,0,3,0,3,0
341c-f0d4-70be,6088,3,-94.75,4,1,4,1,4,1,4,1
341c-f0d4-70be,6089,3,-95.25,4,1,4,1,4,1,4,1
341c-f0d4-70be,6090,3,-95.25,5,2,5,2,5,2,5,2
341c-f0d4-70be,6091,3,-95.25,4,1,4,1,4,1,4,1
341c-f0d4-70be,6092,3,-94.75,4,1,4,1,4,1,4,1
341c-f0d4-70be,6093,3,-94.75,4,1,4,1,4,1,4,1
341c-f0d4-70be,6094,3,-95.75,3,0,3,0,3,0,3,0
341c-f0d4-70be,6095,3,-95.5,4,1,4,1,5,2,4,1
341c-f0d4-70be,6096,3,-94.5,3,0,3,0,3,0,3,0
341c-f0d4-70be,6097,3,-94.25,3,0,3,0,3,0,3,0
341c-f0d4-70be,6098,3,-94.5,3,0,3,0,3,0,3,0
341c-f0d4-70be,6099,3,-95.0,3,0,3,0,3,0,3,0
341c-f0d4-70be,6100,3,-95.25,3,0,3,0,3,0,3,0
341c-f0d4-70be,6101,3,-95.5,3,0,3,0,3,0,3,0
341c-f0d4-70be,6102,3,-94.5,3,0,3,0,3,0,3,0
341c-f0d4-70be,6103,3,-95.25,3,0,3,0,3,0,3,0
341c-f0d4-70be,6104,4,-95.0,3,1,3,1,3,1,3,1
341c-f0d4-70be,6105,3,-95.25,3,0,3,0,3,0,3,0
341c-f0d4-70be,6106,3,-94.75,3,0,3,0,3,0,3,0
341c-f0d4-70be,6107,2,-95.25,2,0,2,0,2,0,2,0
341c-f0d4-70be,6108,2,-95.75,2,0,2,0,2,0,2,0
341c-f0d4-70be,6109,2,-95.75,2,0,2,0,2,0,2,0
341c-f0d4-70be,6110,2,-95.5,2,0,2,0,2,0,2,0
341c-f0d4-70be,6111,2,-95.5,2,0,2,0,2,0,2,0
341c-f0d4-70be,6112,2,-95.5,2,0,2,0,2,0,2,0
341c-f0d4-70be,6113,2,-95.25,2,0,2,0,2,0,2,0
341c-f0d4-70be,6114,2,-95.25,2,0,2,0,2,0,2,0
341c-f0d4-70be,6115,2,-95.5,2,0,2,0,2,0,2,0
341c-f0d4-70be,6116,2,-95.75,2,0,2,0,2,0,2,0
341c-f0d4-70be,6117,2,-95.5,2,0,2,0,2,0,2,0
341c-f0d4-70be,6118,2,-95.25,2,0,2,0,2,0,2,0
341c-f0d4-70be,6119,2,-95.75,2,0,2,0,2,0,2,0
341c-f0d4-70be,6120,2,-95.0,2,0,2,0,2,0,2,0
341c-f0d4-70be,6121,2,-95.75,2,0,2,0,2,0,2,0
341c-f0d4-70be,6122,2,-95.5,2,0,2,0,2,0,2,0
341c-f0d4-70be,6123,2,-95.75,2,0,2,0,2,0,2,0
341c-f0d4-70be,6124,2,-95.75,2,0,2,0,2,0,2,0
341c-f0d4-70be,6125,2,-95.0,2,0,2,0,2,0,2,0
341c-f0d4-70be,6126,2,-95.75,2,0,2,0,2,0,2,0
341c-f0d4-70be,6127,2,-95.0,2,0,2,0,2,0,2,0
341c-f0d4-70be,6128,2,-95.0,2,0,2,0,2,0,2,0
341c-f0d4-70be,6129,2,-95.75,2,0,2,0,2,0,2,0
341c-f0d4-70be,6130,2,-95.5,2,0,2,0,2,0,2,0
341c-f0d4-70be,6131,2,-95.0,2,0,2,0,2,0,2,0
341c-f0d4-70be,6132,2,-95.5,2,0,2,0,2,0,2,0
341c-f0d4-70be,6133,2,-95.25,2,0,2,0,2,0,2,0
341c-f0d4-70be,6134,2,-96.0,2,0,2,0,2,0,2,0
341c-f0d4-70be,6135,2,-95.25,2,0,2,0,2,0,2,0
341c-f0d4-70be,6136,2,-95.25,2,0,2,0,2,0,2,0
341c-f0d4-70be,6137,2,-95.25,2,0,2,0,2,0,2,0
341c-f0d4-70be,6138,2,-95.5,2,0,2,0,2,0,2,0
341c-f0d4-70be,6139,2,-93.25,2,0,2,0,2,0,2,0
341c-f0d4-70be,6140,2,-95.5,2,0,2,0,2,0,2,0
341c-f0d4-70be,6141,2,-95.5,2,0,2,0,2,0,2,0
341c-f0d4-70be,6142,2,-95.5,2,0,2,0,2,0,2,0
341c-f0d4-70be,6143,2,-95.75,2,0,2,0,2,0,2,0
341c-f0d4-70be,6144,2,-95.5,2,0,2,0,2,0,2,0
341c-f0d4-70be,6145,2,-95.25,2,0,2,0,2,0,2,0
341c-f0d4-70be,6146,2,-95.5,2,0,2,0,2,0,2,0
341c-f0d4-70be,6147,2,-95.75,2,0,2,0,2,0,2,0
341c-f0d4-70be,6148,2,-95.5,2,0,2,0,2,0,2,0
341c-f0d4-70be,6149,2,-95.75,2,0,2,0,2,0,2,0
341c-f0d4-70be,6150,2,-95.5,2,0,2,0,2,0,2,0
341c-f0d4-70be,6151,2,-95.5,2,0,2,0,2,0,2,0
341c-f0d4-70be,6152,2,-95.0,2,0,2,0,2,0,2,0
341c-f0d4-70be,6153,2,-95.5,2,0,2,0,2,0,2,0
341c-f0d4-70be,6154,2,-95.25,2,0,2,0,2,0,2,0
341c-f0d4-70be,6155,2,-95.5,2,0,2,0,2,0,2,0
341c-f0d4-70be,6156,2,-95.5,2,0,2,0,2,0,2,0
341c-f0d4-70be,6157,2,-95.75,2,0,2,0,2,0,2,0
341c-f0d4-70be,6158,2,-95.75,2,0,2,0,2,0,2,0
341c-f0d4-70be,6159,2,-95.5,2,0,2,0,2,0,2,0
341c-f0d4-70be,6160,2,-95.5,2,0,2,0,2,0,2,0
341c-f0d4-70be,6161,2,-95.25,2,0,2,0,2,0,2,0
341c-f0d4-70be,6162,2,-95.25,2,0,2,0,2,0,2,0
341c-f0d4-70be,6163,2,-95.75,2,0,2,0,2,0,2,0
341c-f0d4-70be,6164,2,-95.25,2,0,2,0,2,0,2,0
341c-f0d4-70be,6165,2,-94.75,2,0,2,0,2,0,2,0
341c-f0d4-70be,6166,2,-95.75,2,0,2,0,2,0,2,0
341c-f0d4-70be,6167,2,-96.0,2,0,2,0,2,0,2,0
341c-f0d4-70be,6168,2,-95.0,2,0,2,0,2,0,2,0
341c-f0d4-70be,6169,2,-95.5,2,0,2,0,2,0,2,0
341c-f0d4-70be,6170,2,-95.25,2,0,2,0,2,0,2,0
341c-f0d4-70be,6171,2,-95.5,2,0,2,0,2,0,2,0
341c-f0d4-70be,6172,2,-95.25,2,0,2,0,2,0,2,0
341c-f0d4-70be,6173,2,-95.5,2,0,2,0,2,0,2,0
341c-f0d4-70be,6174,2,-95.5,2,0,2,0,2,0,2,0
341c-f0d4-70be,6175,2,-96.0,2,0,2,0,2,0,2,0
341c-f0d4-70be,6176,2,-95.5,2,0,2,0,2,0,2,0
341c-f0d4-70be,6177,2,-95.5,2,0,2,0,2,0,2,0
341c-f0d4-70be,6178,2,-95.75,2,0,2,0,2,0,2,0
341c-f0d4-70be,6179,2,-95.5,2,0,2,0,2,0,2,0
341c-f0d4-70be,6180,2,-95.5,2,0,2,0,2,0,2,0
341c-f0d4-70be,6181,2,-95.0,2,0,2,0,2,0,2,0
341c-f0d4-70be,6182,2,-95.25,2,0,2,0,2,0,2,0
341c-f0d4-70be,6183,2,-95.5,2,0,2,0,2,0,2,0
341c-f0d4-70be,6184,2,-95.5,2,0,2,0,2,0,2,0
341c-f0d4-70be,6185,2,-95.5,2,0,2,0,2,0,2,0
341c-f0d4-70be,6186,2,-95.25,2,0,2,0,2,0,2,0
341c-f0d4-70be,6187,2,-95.5,2,0,2,0,2,0,2,0
341c-f0d4-70be,6188,2,-95.75,2,0,2,0,2,0,2,0
341c-f0d4-70be,6189,2,-95.75,2,0,2,0,2,0,2,0
341c-f0d4-70be,6190,2,-95.25,2,0,2,0,2,0,2,0
341c-f0d4-70be,6191,2,-95.25,2,0,2,0,2,0,2,0
341c-f0d4-70be,6192,2,-95.25,2,0,2,0,2,0,2,0
341c-f0d4-70be,6193,2,-95.5,2,0,2,0,2,0,2,0
341c-f0d4-70be,6194,2,-95.75,2,0,2,0,2,0,2,0
341c-f0d4-70be,6195,2,-95.5,2,0,2,0,2,0,2,0
341c-f0d4-70be,6196,2,-95.0,2,0,2,0,2,0,2,0
341c-f0d4-70be,6197,2,-95.0,2,0,2,0,2,0,2,0
341c-f0d4-70be,6198,2,-95.0,2,0,2,0,2,0,2,0
341c-f0d4-70be,6199,2,-95.0,2,0,2,0,1,1,2,0
341c-f0d4-70be,6200,2,-95.5,2,0,2,0,2,0,2,0
341c-f0d4-70be,6201,2,-95.75,2,0,2,0,2,0,2,0
341c-f0d4-70be,6202,2,-95.5,2,0,2,0,2,0,2,0
341c-f0d4-70be,6203,2,-95.25,2,0,2,0,2,0,2,0
341c-f0d4-70be,6204,2,-96.0,2,0,2,0,2,0,2,0
341c-f0d4-70be,6205,2,-95.5,2,0,2,0,2,0,2,0
341c-f0d4-70be,6206,2,-96.0,2,0,2,0,2,0,2,0
341c-f0d4-70be,6207,2,-95.25,2,0,2,0,2,0,2,0
341c-f0d4-70be,6208,2,-95.25,2,0,2,0,1,1,2,0
341c-f0d4-70be,6209,2,-93.25,2,0,2,0,1,1,2,0
341c-f0d4-70be,6210,2,-95.0,2,0,2,0,2,0,2,0
341c-f0d4-70be,6211,2,-95.0,2,0,2,0,2,0,2,0
341c-f0d4-70be,6212,2,-95.5,2,0,2,0,2,0,2,0
341c-f0d4-70be,6213,2,-95.5,2,0,2,0,2,0,2,0
341c-f0d4-70be,6214,2,-95.5,2,0,2,0,2,0,2,0
341c-f0d4-70be,6215,2,-95.25,2,0,2,0,1,1,2,0
341c-f0d4-70be,6216,2,-95.25,2,0,2,0,1,1,2,0
341c-f0d4-70be,6217,2,-95.5,2,0,2,0,2,0,2,0
341c-f0d4-70be,6218,2,-95.5,2,0,2,0,2,0,2,0
341c-f0d4-70be,6219,2,-96.0,2,0,2,0,2,0,2,0
341c-f0d4-70be,6220,2,-95.25,2,0,2,0,1,1,2,0
341c-f0d4-70be,6221,2,-95.0,2,0,2,0,2,0,2,0
341c-f0d4-70be,6222,2,-95.75,2,0,2,0,2,0,2,0
341c-f0d4-70be,6223,2,-95.0,2,0,2,0,2,0,2,0
341c-f0d4-70be,6224,2,-95.25,2,0,2,0,1,1,2,0
341c-f0d4-70be,6225,2,-95.5,2,0,2,0,2,0,2,0
341c-f0d4-70be,6226,2,-95.5,2,0,2,0,2,0,2,0
341c-f0d4-70be,6227,2,-95.5,2,0,2,0,2,0,2,0
341c-f0d4-70be,6228,2,-95.5,2,0,2,0,2,0,2,0
341c-f0d4-70be,6229,2,-95.5,2,0,2,0,2,0,2,0
341c-f0d4-70be,6230,2,-95.75,2,0,2,0,2,0,2,0
341c-f0d4-70be,6231,2,-95.0,2,0,2,0,1,1,2,0
341c-f0d4-70be,6232,2,-95.5,2,0,2,0,2,0,2,0
341c-f0d4-70be,6233,2,-95.0,2,0,2,0,2,0,2,0
341c-f0d4-70be,6234,2,-95.75,2,0,2,0,2,0,2,0
341c-f0d4-70be,6235,2,-95.5,2,0,2,0,2,0,2,0
341c-f0d4-70be,6236,2,-95.25,2,0,2,0,2,0,2,0
341c-f0d4-70be,6237,2,-95.5,2,0,2,0,2,0,2,0
341c-f0d4-70be,6238,2,-95.75,2,0,2,0,2,0,2,0
341c-f0d4-70be,6239,2,-95.5,2,0,2,0,2,0,2,0
341c-f0d4-70be,6240,2,-95.5,2,0,2,0,2,0,2,0
341c-f0d4-70be,6241,2,-95.25,2,0,2,0,2,0,2,0
341c-f0d4-70be,6242,2,-95.5,2,0,2,0,2,0,2,0
341c-f0d4-70be,6243,2,-95.0,2,0,2,0,2,0,2,0
341c-f0d4-70be,6244,2,-95.25,2,0,2,0,2,0,2,0
341c-f0d4-70be,6245,2,-95.5,2,0,2,0,2,0,2,0
341c-f0d4-70be,6246,2,-95.5,2,0,2,0,2,0,2,0
341c-f0d4-70be,6247,2,-95.5,2,0,2,0,2,0,2,0
341c-f0d4-70be,6248,2,-95.0,2,0,2,0,2,0,2,0
341c-f0d4-70be,6249,2,-95.25,2,0,2,0,2,0,2,0
341c-f0d4-70be,6250,2,-95.75,2,0,2,0,2,0,2,0
341c-f0d4-70be,6251,2,-95.25,2,0,2,0,2,0,2,0
341c-f0d4-70be,6252,2,-95.5,2,0,2,0,2,0,2,0
341c-f0d4-70be,6253,2,-96.0,2,0,2,0,2,0,2,0
341c-f0d4-70be,6254,2,-95.0,2,0,2,0,2,0,2,0
341c-f0d4-70be,6255,2,-95.5,2,0,2,0,2,0,2,0
341c-f0d4-70be,6256,2,-95.25,2,0,2,0,2,0,2,0
341c-f0d4-70be,6257,2,-95.5,2,0,2,0,2,0,2,0
341c-f0d4-70be,6258,2,-95.5,2,0,2,0,2,0,2,0
341c-f0d4-70be,6259,2,-95.25,2,0,2,0,2,0,2,0
341c-f0d4-70be,6260,2,-95.5,2,0,2,0,2,0,2,0
341c-f0d4-70be,6261,2,-95.25,2,0,2,0,2,0,2,0
341c-f0d4-70be,6262,2,-95.0,2,0,2,0,2,0,2,0
341c-f0d4-70be,6263,2,-95.5,2,0,2,0,2,0,2,0
341c-f0d4-70be,6264,2,-95.5,2,0,2,0,2,0,2,0
341c-f0d4-70be,6265,2,-94.75,2,0,2,0,2,0,2,0
341c-f0d4-70be,6266,2,-95.5,2,0,2,0,2,0,2,0
341c-f0d4-70be,6267,2,-95.25,2,0,2,0,2,0,2,0
341c-f0d4-70be,6268,2,-94.75,2,0,2,0,2,0,2,0
341c-f0d4-70be,6269,2,-95.25,2,0,2,0,2,0,2,0
341c-f0d4-70be,6270,2,-95.75,2,0,2,0,2,0,2,0
341c-f0d4-70be,6271,2,-95.25,2,0,2,0,2,0,2,0
341c-f0d4-70be,6272,2,-95.5,2,0,2,0,2,0,2,0
341c-f0d4-70be,6273,2,-95.25,2,0,2,0,2,0,2,0
341c-f0d4-70be,6274,2,-94.75,2,0,2,0,2,0,2,0
341c-f0d4-70be,6275,2,-95.25,2,0,2,0,2,0,2,0
341c-f0d4-70be,6276,2,-95.0,2,0,2,0,2,0,2,0
341c-f0d4-70be,6277,2,-95.0,2,0,2,0,2,0,2,0
341c-f0d4-70be,6278,2,-95.25,2,0,2,0,2,0,2,0
341c-f0d4-70be,6279,2,-95.5,2,0,2,0,2,0,2,0
341c-f0d4-70be,6280,2,-94.75,3,1,3,1,3,1,3,1
341c-f0d4-70be,6281,2,-95.25,2,0,2,0,2,0,2,0
341c-f0d4-70be,6282,2,-95.0,2,0,2,0,2,0,2,0
341c-f0d4-70be,6283,2,-95.5,2,0,2,0,2,0,2,0
341c-f0d4-70be,6284,2,-95.5,2,0,2,0,2,0,2,0
341c-f0d4-70be,6285,2,-95.5,2,0,2,0,2,0,2,0
341c-f0d4-70be,6286,2,-95.5,2,0,2,0,2,0,2,0
341c-f0d4-70be,6287,2,-95.5,3,1,3,1,3,1,3,1
341c-f0d4-70be,6288,2,-95.25,2,0,2,0,2,0,2,0
341c-f0d4-70be,6289,2,-95.25,2,0,2,0,2,0,2,0
341c-f0d4-70be,6290,2,-95.0,2,0,2,0,2,0,2,0
341c-f0d4-70be,6291,2,-95.0,2,0,2,0,2,0,2,0
341c-f0d4-70be,6292,2,-95.5,2,0,2,0,2,0,2,0
341c-f0d4-70be,6293,2,-95.25,2,0,2,0,2,0,2,0
341c-f0d4-70be,6294,2,-94.5,2,0,2,0,2,0,2,0
341c-f0d4-70be,6295,2,-95.25,2,0,2,0,2,0,2,0
341c-f0d4-70be,6296,2,-95.5,2,0,2,0,2,0,2,0
341c-f0d4-70be,6297,2,-95.5,2,0,2,0,2,0,2,0
341c-f0d4-70be,6298,2,-95.75,2,0,2,0,2,0,2,0
341c-f0d4-70be,6299,2,-95.0,2,0,2,0,2,0,2,0
341c-f0d4-70be,6300,2,-95.25,2,0,2,0,2,0,2,0
341c-f0d4-70be,6301,2,-94.75,2,0,2,0,2,0,2,0
341c-f0d4-70be,6302,2,-95.25,3,1,3,1,3,1,3,1
341c-f0d4-70be,6303,2,-94.75,2,0,2,0,2,0,2,0
341c-f0d4-70be,6304,2,-95.5,2,0,2,0,2,0,2,0
341c-f0d4-70be,6305,2,-95.5,2,0,2,0,2,0,2,0
341c-f0d4-70be,6306,2,-95.25,2,0,2,0,2,0,2,0
341c-f0d4-70be,6307,2,-95.0,2,0,2,0,2,0,2,0
341c-f0d4-70be,6308,2,-95.5,2,0,2,0,2,0,2,0
341c-f0d4-70be,6309,2,-94.75,2,0,2,0,2,0,2,0
341c-f0d4-70be,6310,2,-94.5,2,0,2,0,2,0,2,0
341c-f0d4-70be,6311,2,-95.25,2,0,2,0,2,0,2,0
341c-f0d4-70be,6312,2,-95.25,3,1,3,1,3,1,3,1
341c-f0d4-70be,6313,2,-95.0,2,0,2,0,2,0,2,0
341c-f0d4-70be,6314,2,-95.25,2,0,2,0,2,0,2,0
341c-f0d4-70be,6315,2,-93.5,2,0,2,0,2,0,2,0
341c-f0d4-70be,6316,2,-95.5,3,1,3,1,3,1,3,1
341c-f0d4-70be,6317,2,-95.25,2,0,2,0,2,0,2,0
341c-f0d4-70be,6318,2,-95.25,2,0,2,0,2,0,2,0
341c-f0d4-70be,6319,2,-95.75,2,0,2,0,2,0,2,0
341c-f0d4-70be,6320,2,-95.5,2,0,2,0,2,0,2,0
341c-f0d4-70be,6321,2,-95.25,2,0,2,0,2,0,2,0
341c-f0d4-70be,6322,2,-94.75,2,0,2,0,2,0,2,0
341c-f0d4-70be,6323,2,-95.25,2,0,2,0,2,0,2,0
341c-f0d4-70be,6324,2,-95.25,2,0,2,0,2,0,2,0
341c-f0d4-70be,6325,2,-95.5,2,0,2,0,2,0,2,0
341c-f0d4-70be,6326,2,-95.0,2,0,2,0,2,0,2,0
341c-f0d4-70be,6327,2,-94.5,2,0,2,0,2,0,2,0
341c-f0d4-70be,6328,2,-95.5,2,0,2,0,2,0,2,0
341c-f0d4-70be,6329,2,-94.0,2,0,2,0,2,0,2,0
341c-f0d4-70be,6330,2,-95.0,2,0,2,0,2,0,2,0
341c-f0d4-70be,6331,2,-94.25,2,0,2,0,2,0,2,0
341c-f0d4-70be,6332,2,-93.0,2,0,2,0,2,0,2,0
341c-f0d4-70be,6333,2,-95.25,2,0,2,0,2,0,2,0
341c-f0d4-70be,6334,2,-95.25,2,0,2,0,2,0,2,0
341c-f0d4-70be,6335,2,-95.25,2,0,2,0,2,0,2,0
341c-f0d4-70be,6336,2,-95.0,2,0,2,0,2,0,2,0
341c-f0d4-70be,6337,2,-95.0,2,0,2,0,2,0,2,0
341c-f0d4-70be,6338,2,-94.75,2,0,2,0,2,0,2,0
341c-f0d4-70be,6339,2,-95.0,2,0,2,0,2,0,2,0
341c-f0d4-70be,6340,2,-95.0,2,0,2,0,2,0,2,0
341c-f0d4-70be,6341,2,-95.25,2,0,2,0,2,0,2,0
341c-f0d4-70be,6342,2,-95.5,2,0,2,0,2,0,2,0
341c-f0d4-70be,6343,2,-95.5,2,0,2,0,2,0,2,0
341c-f0d4-70be,6344,2,-94.75,2,0,2,0,2,0,2,0
341c-f0d4-70be,6345,2,-95.0,2,0,2,0,2,0,2,0
341c-f0d4-70be,6346,2,-95.5,2,0,2,0,2,0,2,0
341c-f0d4-70be,6347,2,-95.25,2,0,2,0,2,0,2,0
341c-f0d4-70be,6348,1,-95.0,2,1,2,1,1,0,2,1
341c-f0d4-70be,6349,1,-94.75,2,1,2,1,1,0,2,1
341c-f0d4-70be,6350,1,-95.0,2,1,2,1,1,0,2,1
341c-f0d4-70be,6351,1,-95.5,2,1,2,1,2,1,2,1
341c-f0d4-70be,6352,1,-95.0,2,1,2,1,1,0,2,1
341c-f0d4-70be,6353,1,-93.75,2,1,2,1,1,0,2,1
341c-f0d4-70be,6354,1,-95.25,1,0,1,0,1,0,1,0
341c-f0d4-70be,6355,1,-95.25,1,0,1,0,1,0,1,0
341c-f0d4-70be,6356,1,-94.5,2,1,2,1,1,0,2,1
341c-f0d4-70be,6357,1,-95.0,1,0,1,0,1,0,1,0
341c-f0d4-70be,6358,1,-95.25,2,1,2,1,2,1,2,1
341c-f0d4-70be,6359,1,-94.0,2,1,2,1,1,0,2,1
341c-f0d4-70be,6360,1,-95.25,1,0,1,0,1,0,1,0
341c-f0d4-70be,6361,1,-95.25,1,0,1,0,1,0,1,0
341c-f0d4-70be,6362,1,-95.25,2,1,2,1,2,1,2,1
341c-f0d4-70be,6363,1,-94.75,2,1,2,1,1,0,2,1
341c-f0d4-70be,6364,1,-95.0,2,1,2,1,2,1,2,1
341c-f0d4-70be,6365,1,-95.25,2,1,2,1,2,1,2,1
341c-f0d4-70be,6366,1,-95.25,2,1,2,1,2,1,2,1
341c-f0d4-70be,6367,1,-95.25,2,1,2,1,2,1,2,1
341c-f0d4-70be,6368,1,-95.25,2,1,2,1,2,1,2,1
341c-f0d4-70be,6369,1,-95.25,2,1,2,1,2,1,2,1
341c-f0d4-70be,6370,1,-95.0,2,1,2,1,1,0,2,1
341c-f0d4-70be,6371,1,-94.75,2,1,2,1,1,0,2,1
341c-f0d4-70be,6372,1,-95.25,2,1,2,1,2,1,2,1
341c-f0d4-70be,6373,1,-95.25,2,1,2,1,2,1,2,1
341c-f0d4-70be,6374,1,-94.75,2,1,2,1,1,0,2,1
341c-f0d4-70be,6375,1,-95.25,1,0,1,0,1,0,1,0
341c-f0d4-70be,6376,1,-95.5,1,0,1,0,1,0,1,0
341c-f0d4-70be,6377,1,-95.25,1,0,1,0,1,0,1,0
341c-f0d4-70be,6378,1,-94.75,1,0,1,0,1,0,1,0
341c-f0d4-70be,6379,1,-95.5,1,0,1,0,1,0,1,0
341c-f0d4-70be,6380,1,-95.25,1,0,1,0,1,0,1,0
341c-f0d4-70be,6381,1,-95.0,1,0,1,0,1,0,1,0
341c-f0d4-70be,6382,1,-95.5,1,0,1,0,1,0,1,0
341c-f0d4-70be,6383,1,-95.25,2,1,2,1,2,1,2,1
341c-f0d4-70be,6384,1,-95.0,2,1,2,1,1,0,2,1
341c-f0d4-70be,6385,1,-95.0,2,1,2,1,1,0,2,1
341c-f0d4-70be,6386,1,-94.75,2,1,2,1,1,0,2,1
341c-f0d4-70be,6387,1,-94.75,2,1,2,1,1,0,2,1
341c-f0d4-70be,6388,1,-95.75,2,1,2,1,2,1,2,1
341c-f0d4-70be,6389,1,-95.25,2,1,2,1,2,1,2,1
341c-f0d4-70be,6390,1,-95.0,2,1,2,1,1,0,2,1
341c-f0d4-70be,6391,1,-95.25,2,1,2,1,2,1,2,1
341c-f0d4-70be,6392,1,-95.75,2,1,2,1,2,1,2,1
341c-f0d4-70be,6393,1,-95.0,2,1,2,1,1,0,2,1
341c-f0d4-70be,6394,1,-95.5,2,1,2,1,2,1,2,1
341c-f0d4-70be,6395,1,-95.5,1,0,1,0,1,0,1,0
341c-f0d4-70be,6396,1,-95.5,2,1,2,1,2,1,2,1
341c-f0d4-70be,6397,1,-95.5,2,1,2,1,2,1,2,1
341c-f0d4-70be,6398,1,-94.5,1,0,1,0,1,0,1,0
341c-f0d4-70be,6399,1,-94.75,1,0,1,0,1,0,1,0
341c-f0d4-70be,6400,1,-95.25,2,1,2,1,2,1,2,1
341c-f0d4-70be,6401,1,-95.25,1,0,1,0,1,0,1,0
341c-f0d4-70be,6402,1,-95.25,1,0,1,0,1,0,1,0
341c-f0d4-70be,6403,1,-95.0,2,1,2,1,1,0,2,1
341c-f0d4-70be,6404,1,-95.0,1,0,1,0,1,0,1,0
341c-f0d4-70be,6405,1,-95.0,2,1,2,1,1,0,2,1
341c-f0d4-70be,6406,1,-95.5,2,1,2,1,2,1,2,1
341c-f0d4-70be,6407,1,-95.25,2,1,2,1,2,1,2,1
341c-f0d4-70be,6408,1,-95.25,2,1,2,1,2,1,2,1
341c-f0d4-70be,6409,1,-95.0,2,1,2,1,2,1,2,1
341c-f0d4-70be,6410,1,-95.5,2,1,2,1,2,1,2,1
341c-f0d4-70be,6411,1,-95.25,2,1,2,1,2,1,2,1
341c-f0d4-70be,6412,1,-95.25,2,1,2,1,2,1,2,1
341c-f0d4-70be,6413,1,-95.25,2,1,2,1,2,1,2,1
341c-f0d4-70be,6414,1,-96.0,2,1,2,1,2,1,2,1
341c-f0d4-70be,6415,1,-93.5,2,1,2,1,1,0,2,1
341c-f0d4-70be,6416,1,-95.0,2,1,2,1,2,1,2,1
341c-f0d4-70be,6417,1,-95.25,2,1,2,1,2,1,2,1
341c-f0d4-70be,6418,1,-95.25,2,1,2,1,2,1,2,1
341c-f0d4-70be,6419,1,-95.5,1,0,1,0,1,0,1,0
341c-f0d4-70be,6420,1,-95.0,1,0,1,0,1,0,1,0
341c-f0d4-70be,6421,1,-95.25,1,0,1,0,1,0,1,0
341c-f0d4-70be,6422,1,-95.25,1,0,1,0,1,0,1,0
341c-f0d4-70be,6423,1,-93.25,2,1,2,1,1,0,2,1
341c-f0d4-70be,6424,1,-95.25,1,0,1,0,1,0,1,0
341c-f0d4-70be,6425,1,-95.0,2,1,2,1,1,0,2,1
341c-f0d4-70be,6426,3,-94.5,5,2,5,2,4,1,5,2
341c-f0d4-70be,6427,3,-95.0,3,0,3,0,3,0,3,0
341c-f0d4-70be,6428,3,-94.75,3,0,3,0,3,0,3,0
341c-f0d4-70be,6429,3,-94.5,4,1,4,1,4,1,4,1
341c-f0d4-70be,6430,3,-95.5,4,1,4,1,4,1,4,1
341c-f0d4-70be,6431,3,-94.5,3,0,3,0,3,0,3,0
341c-f0d4-70be,6432,3,-94.75,3,0,3,0,3,0,3,0
341c-f0d4-70be,6433,3,-94.75,3,0,3,0,3,0,3,0
341c-f0d4-70be,6434,3,-94.75,3,0,3,0,3,0,3,0
341c-f0d4-70be,6435,3,-95.0,3,0,3,0,3,0,3,0
341c-f0d4-70be,6436,3,-94.75,4,1,4,1,4,1,4,1
341c-f0d4-70be,6437,3,-95.0,3,0,3,0,3,0,3,0
341c-f0d4-70be,6438,3,-94.75,4,1,4,1,4,1,4,1
341c-f0d4-70be,6439,3,-95.75,3,0,3,0,3,0,3,0
341c-f0d4-70be,6440,3,-94.75,4,1,4,1,4,1,4,1
341c-f0d4-70be,6441,3,-95.25,4,1,5,2,5,2,4,1
341c-f0d4-70be,6442,3,-92.75,3,0,3,0,2,1,3,0
341c-f0d4-70be,6443,3,-95.0,3,0,3,0,3,0,3,0
341c-f0d4-70be,6444,3,-94.5,4,1,5,2,5,2,4,1
341c-f0d4-70be,6445,3,-94.5,3,0,3,0,3,0,3,0
341c-f0d4-70be,6446,3,-95.5,3,0,3,0,3,0,3,0
341c-f0d4-70be,6447,3,-95.25,5,2,5,2,5,2,5,2
341c-f0d4-70be,6448,3,-94.75,5,2,5,2,5,2,5,2
341c-f0d4-70be,6449,3,-94.75,4,1,4,1,4,1,4,1
341c-f0d4-70be,6450,3,-94.5,4,1,4,1,4,1,4,1
341c-f0d4-70be,6451,3,-94.5,3,0,3,0,3,0,3,0
341c-f0d4-70be,6452,3,-94.5,3,0,3,0,3,0,3,0
341c-f0d4-70be,6453,3,-95.25,3,0,3,0,3,0,3,0
341c-f0d4-70be,6454,3,-94.75,3,0,3,0,3,0,3,0
341c-f0d4-70be,6455,3,-94.75,4,1,4,1,4,1,4,1
341c-f0d4-70be,6456,3,-95.0,3,0,3,0,3,0,3,0
341c-f0d4-70be,6457,3,-94.5,4,1,4,1,4,1,4,1
341c-f0d4-70be,6458,3,-94.5,4,1,4,1,4,1,4,1
341c-f0d4-70be,6459,3,-94.25,3,0,3,0,3,0,3,0
341c-f0d4-70be,6460,3,-94.75,3,0,3,0,3,0,3,0
341c-f0d4-70be,6461,3,-94.5,3,0,3,0,3,0,3,0
341c-f0d4-70be,6462,3,-95.25,4,1,4,1,4,1,4,1
341c-f0d4-70be,6463,3,-94.5,3,0,3,0,3,0,3,0
341c-f0d4-70be,6464,3,-95.0,4,1,4,1,4,1,4,1
341c-f0d4-70be,6465,3,-95.0,4,1,4,1,4,1,4,1
341c-f0d4-70be,6466,3,-95.0,2,1,2,1,3,0,2,1
341c-f0d4-70be,6467,3,-95.0,4,1,4,1,4,1,4,1
341c-f0d4-70be,6468,3,-95.0,4,1,4,1,4,1,4,1
341c-f0d4-70be,6469,3,-94.75,4,1,4,1,4,1,4,1
341c-f0d4-70be,6470,3,-95.0,4,1,4,1,4,1,4,1
341c-f0d4-70be,6471,3,-94.5,3,0,3,0,3,0,3,0
341c-f0d4-70be,6472,3,-95.0,4,1,4,1,4,1,4,1
341c-f0d4-70be,6473,3,-95.0,3,0,3,0,3,0,3,0
341c-f0d4-70be,6474,3,-95.0,3,0,3,0,3,0,3,0
341c-f0d4-70be,6475,3,-95.25,3,0,3,0,3,0,3,0
341c-f0d4-70be,6476,3,-95.0,4,1,4,1,4,1,4,1
341c-f0d4-70be,6477,3,-95.0,3,0,3,0,3,0,3,0
341c-f0d4-70be,6478,3,-95.0,3,0,3,0,3,0,3,0
341c-f0d4-70be,6479,3,-95.0,4,1,4,1,4,1,4,1
341c-f0d4-70be,6480,3,-94.5,4,1,4,1,4,1,4,1
341c-f0d4-70be,6481,3,-94.5,3,0,3,0,3,0,3,0
341c-f0d4-70be,6482,3,-94.75,3,0,3,0,3,0,3,0
341c-f0d4-70be,6483,3,-94.5,4,1,4,1,4,1,4,1
341c-f0d4-70be,6484,3,-94.75,3,0,3,0,3,0,3,0
341c-f0d4-70be,6485,3,-95.0,4,1,4,1,4,1,4,1
341c-f0d4-70be,6486,3,-95.25,4,1,4,1,4,1,4,1
341c-f0d4-70be,6487,3,-95.25,4,1,4,1,4,1,4,1
341c-f0d4-70be,6488,3,-94.5,4,1,4,1,4,1,4,1
341c-f0d4-70be,6489,8,-94.75,7,1,7,1,7,1,7,1
341c-f0d4-70be,6490,8,-93.25,7,1,7,1,8,0,7,1
341c-f0d4-70be,6491,8,-92.25,7,1,7,1,7,1,7,1
341c-f0d4-70be,6492,8,-93.25,7,1,7,1,8,0,7,1
341c-f0d4-70be,6493,8,-93.75,7,1,7,1,7,1,7,1
341c-f0d4-70be,6494,8,-94.25,7,1,7,1,7,1,7,1
341c-f0d4-70be,6495,8,-93.0,7,1,7,1,7,1,7,1
341c-f0d4-70be,6496,8,-93.75,7,1,7,1,7,1,7,1
341c-f0d4-70be,6497,8,-93.0,7,1,7,1,7,1,7,1
341c-f0d4-70be,6498,8,-93.0,7,1,7,1,7,1,7,1
341c-f0d4-70be,6499,8,-94.25,7,1,7,1,7,1,7,1
341c-f0d4-70be,6500,8,-94.0,7,1,7,1,7,1,7,1
341c-f0d4-70be,6501,8,-93.5,5,3,5,3,5,3,5,3
341c-f0d4-70be,6502,8,-94.75,5,3,5,3,5,3,5,3
341c-f0d4-70be,6503,8,-94.75,5,3,5,3,6,2,5,3
341c-f0d4-70be,6504,8,-95.0,4,4,4,4,4,4,4,4
341c-f0d4-70be,6505,8,-94.75,5,3,5,3,5,3,5,3
341c-f0d4-70be,6506,7,-95.25,5,2,5,2,5,2,5,2
341c-f0d4-70be,6507,7,-94.5,5,2,5,2,5,2,5,2
341c-f0d4-70be,6508,8,-94.0,5,3,5,3,5,3,5,3
341c-f0d4-70be,6509,8,-94.25,7,1,7,1,7,1,7,1
341c-f0d4-70be,6510,8,-94.25,7,1,7,1,7,1,7,1
341c-f0d4-70be,6511,8,-94.25,7,1,7,1,7,1,7,1
341c-f0d4-70be,6512,8,-94.25,7,1,7,1,7,1,7,1
341c-f0d4-70be,6513,8,-94.25,7,1,7,1,7,1,7,1
341c-f0d4-70be,6514,8,-94.0,7,1,7,1,7,1,7,1
341c-f0d4-70be,6515,8,-94.0,7,1,7,1,7,1,7,1
341c-f0d4-70be,6516,8,-94.5,7,1,7,1,7,1,7,1
341c-f0d4-70be,6517,8,-94.25,7,1,7,1,7,1,7,1
341c-f0d4-70be,6518,8,-94.25,7,1,7,1,7,1,7,1
341c-f0d4-70be,6519,9,-95.0,7,2,7,2,7,2,7,2
341c-f0d4-70be,6520,8,-94.25,7,1,7,1,7,1,7,1
341c-f0d4-70be,6521,8,-94.25,7,1,7,1,7,1,7,1
341c-f0d4-70be,6522,8,-95.0,5,3,5,3,6,2,5,3
341c-f0d4-70be,6523,8,-95.0,4,4,4,4,4,4,4,4
341c-f0d4-70be,6524,8,-93.5,4,4,4,4,4,4,4,4
341c-f0d4-70be,6525,8,-93.25,7,1,8,0,8,0,7,1
341c-f0d4-70be,6526,8,-93.75,7,1,7,1,7,1,7,1
341c-f0d4-70be,6527,8,-92.25,7,1,7,1,7,1,7,1
341c-f0d4-70be,6528,8,-93.75,7,1,7,1,7,1,7,1
341c-f0d4-70be,6529,8,-94.0,7,1,7,1,7,1,7,1
341c-f0d4-70be,6530,8,-93.75,7,1,7,1,7,1,7,1
341c-f0d4-70be,6531,8,-93.75,7,1,7,1,7,1,7,1
341c-f0d4-70be,6532,8,-94.25,7,1,7,1,7,1,7,1
341c-f0d4-70be,6533,8,-93.0,7,1,7,1,7,1,7,1
341c-f0d4-70be,6534,8,-93.75,7,1,7,1,7,1,7,1
341c-f0d4-70be,6535,8,-94.25,7,1,7,1,7,1,7,1
341c-f0d4-70be,6536,8,-93.5,7,1,7,1,8,0,7,1
341c-f0d4-70be,6537,8,-93.25,7,1,8,0,8,0,7,1
341c-f0d4-70be,6538,8,-93.25,7,1,7,1,8,0,7,1
341c-f0d4-70be,6539,8,-93.5,7,1,8,0,8,0,7,1
341c-f0d4-70be,6540,8,-92.75,7,1,7,1,8,0,7,1
341c-f0d4-70be,6541,8,-93.0,7,1,7,1,7,1,7,1
341c-f0d4-70be,6542,8,-94.0,7,1,7,1,7,1,7,1
341c-f0d4-70be,6543,8,-93.5,7,1,7,1,7,1,7,1
341c-f0d4-70be,6544,8,-92.5,7,1,7,1,7,1,7,1
341c-f0d4-70be,6545,8,-93.75,7,1,7,1,7,1,7,1
341c-f0d4-70be,6546,8,-94.25,7,1,7,1,7,1,7,1
341c-f0d4-70be,6547,8,-94.5,7,1,7,1,7,1,7,1
341c-f0d4-70be,6548,8,-94.0,7,1,7,1,7,1,7,1
341c-f0d4-70be,6549,8,-94.25,7,1,7,1,7,1,7,1
341c-f0d4-70be,6550,8,-94.75,5,3,5,3,5,3,5,3
341c-f0d4-70be,6551,8,-94.25,5,3,5,3,4,4,5,3
341c-f0d4-70be,6552,8,-95.25,4,4,4,4,4,4,4,4
341c-f0d4-70be,6553,8,-94.75,4,4,4,4,4,4,4,4
341c-f0d4-70be,6554,8,-95.5,4,4,4,4,4,4,4,4
341c-f0d4-70be,6555,8,-94.5,4,4,4,4,4,4,4,4
341c-f0d4-70be,6556,8,-95.0,4,4,4,4,4,4,4,4
341c-f0d4-70be,6557,8,-95.0,7,1,7,1,7,1,7,1
341c-f0d4-70be,6558,8,-94.75,5,3,5,3,6,2,5,3
341c-f0d4-70be,6559,8,-95.0,7,1,7,1,7,1,7,1
341c-f0d4-70be,6560,8,-95.0,7,1,7,1,7,1,7,1
341c-f0d4-70be,6561,8,-93.75,7,1,7,1,7,1,7,1
341c-f0d4-70be,6562,8,-94.0,7,1,7,1,7,1,7,1
341c-f0d4-70be,6563,8,-94.0,7,1,7,1,7,1,7,1
341c-f0d4-70be,6564,8,-93.75,7,1,7,1,7,1,7,1
341c-f0d4-70be,6565,8,-94.25,7,1,7,1,7,1,7,1
341c-f0d4-70be,6566,8,-93.75,7,1,7,1,7,1,7,1
341c-f0d4-70be,6567,8,-93.75,5,3,5,3,6,2,5,3
341c-f0d4-70be,6568,9,-95.0,4,5,4,5,4,5,4,5
341c-f0d4-70be,6569,8,-92.75,7,1,7,1,8,0,7,1
341c-f0d4-70be,6570,8,-92.75,7,1,7,1,8,0,7,1
341c-f0d4-70be,6571,8,-93.25,7,1,8,0,8,0,7,1
341c-f0d4-70be,6572,8,-92.5,7,1,7,1,8,0,7,1
341c-f0d4-70be,6573,8,-92.25,7,1,7,1,7,1,7,1
341c-f0d4-70be,6574,8,-93.5,7,1,7,1,7,1,7,1
341c-f0d4-70be,6575,8,-94.0,7,1,7,1,7,1,7,1
341c-f0d4-70be,6576,8,-93.25,7,1,7,1,7,1,7,1
341c-f0d4-70be,6577,8,-93.25,7,1,7,1,7,1,7,1
341c-f0d4-70be,6578,8,-94.5,7,1,7,1,7,1,7,1
341c-f0d4-70be,6579,8,-94.25,7,1,7,1,7,1,7,1
341c-f0d4-70be,6580,8,-94.5,7,1,7,1,7,1,7,1
341c-f0d4-70be,6581,8,-93.25,7,1,7,1,7,1,7,1
341c-f0d4-70be,6582,8,-93.25,7,1,7,1,7,1,7,1
341c-f0d4-70be,6583,6,-94.5,7,1,7,1,7,1,7,1
341c-f0d4-70be,6584,6,-94.25,5,1,5,1,6,0,5,1
341c-f0d4-70be,6585,6,-93.0,5,1,5,1,5,1,5,1
341c-f0d4-70be,6586,6,-95.0,5,1,5,1,6,0,5,1
341c-f0d4-70be,6587,6,-94.5,5,1,5,1,6,0,5,1
341c-f0d4-70be,6588,6,-94.25,5,1,5,1,6,0,5,1
341c-f0d4-70be,6589,6,-94.25,5,1,5,1,6,0,5,1
341c-f0d4-70be,6590,6,-94.5,5,1,5,1,6,0,5,1
341c-f0d4-70be,6591,6,-94.5,5,1,5,1,6,0,5,1
341c-f0d4-70be,6592,6,-95.25,4,2,4,2,4,2,4,2
341c-f0d4-70be,6593,6,-94.75,5,1,5,1,6,0,5,1
341c-f0d4-70be,6594,6,-94.0,6,0,7,1,7,1,6,0
341c-f0d4-70be,6595,6,-94.0,5,1,5,1,6,0,5,1
341c-f0d4-70be,6596,6,-93.75,5,1,5,1,6,0,5,1
341c-f0d4-70be,6597,6,-94.5,5,1,5,1,6,0,5,1
341c-f0d4-70be,6598,6,-94.75,7,1,7,1,7,1,7,1
341c-f0d4-70be,6599,6,-94.25,5,1,5,1,6,0,5,1
341c-f0d4-70be,6600,6,-95.0,5,1,5,1,5,1,5,1
341c-f0d4-70be,6601,6,-94.0,7,1,7,1,7,1,7,1
341c-f0d4-70be,6602,6,-94.25,7,1,7,1,7,1,7,1
341c-f0d4-70be,6603,6,-83.25,7,1,5,1,3,3,7,1
341c-f0d4-70be,6604,6,-95.0,7,1,7,1,7,1,7,1
341c-f0d4-70be,6605,6,-95.0,7,1,7,1,7,1,7,1
341c-f0d4-70be,6606,6,-94.5,4,2,4,2,4,2,4,2
341c-f0d4-70be,6607,6,-95.0,4,2,4,2,4,2,4,2
341c-f0d4-70be,6608,6,-95.0,5,1,5,1,5,1,5,1
341c-f0d4-70be,6609,6,-94.25,7,1,7,1,7,1,7,1
341c-f0d4-70be,6610,6,-94.25,5,1,5,1,6,0,5,1
341c-f0d4-70be,6611,6,-94.5,5,1,5,1,6,0,5,1
341c-f0d4-70be,6612,6,-94.75,5,1,5,1,6,0,5,1
341c-f0d4-70be,6613,6,-94.75,5,1,5,1,6,0,5,1
341c-f0d4-70be,6614,6,-94.0,5,1,5,1,6,0,5,1
341c-f0d4-70be,6615,6,-94.75,5,1,5,1,6,0,5,1
341c-f0d4-70be,6616,6,-95.0,5,1,6,0,6,0,5,1
341c-f0d4-70be,6617,6,-95.25,5,1,5,1,6,0,5,1
341c-f0d4-70be,6618,6,-95.0,5,1,5,1,6,0,5,1
341c-f0d4-70be,6619,6,-95.0,5,1,5,1,6,0,5,1
341c-f0d4-70be,6620,6,-95.0,5,1,5,1,6,0,5,1
341c-f0d4-70be,6621,6,-95.0,5,1,5,1,6,0,5,1
341c-f0d4-70be,6622,6,-94.5,5,1,5,1,6,0,5,1
341c-f0d4-70be,6623,6,-94.75,4,2,4,2,4,2,4,2
341c-f0d4-70be,6624,6,-95.0,4,2,4,2,4,2,4,2
341c-f0d4-70be,6625,6,-94.75,4,2,4,2,4,2,4,2
341c-f0d4-70be,6626,6,-94.5,4,2,4,2,4,2,4,2
341c-f0d4-70be,6627,6,-95.25,4,2,4,2,4,2,4,2
341c-f0d4-70be,6628,6,-94.75,4,2,4,2,4,2,4,2
341c-f0d4-70be,6629,6,-94.75,5,1,5,1,5,1,5,1
341c-f0d4-70be,6630,6,-94.5,5,1,5,1,6,0,5,1
341c-f0d4-70be,6631,6,-95.0,5,1,5,1,6,0,5,1
341c-f0d4-70be,6632,6,-94.5,5,1,5,1,6,0,5,1
341c-f0d4-70be,6633,6,-94.75,5,1,5,1,6,0,5,1
341c-f0d4-70be,6634,6,-94.5,5,1,5,1,6,0,5,1
341c-f0d4-70be,6635,6,-94.5,5,1,5,1,6,0,5,1
341c-f0d4-70be,6636,6,-94.25,5,1,5,1,6,0,5,1
341c-f0d4-70be,6637,6,-94.5,5,1,5,1,6,0,5,1
341c-f0d4-70be,6638,6,-94.75,5,1,5,1,6,0,5,1
341c-f0d4-70be,6639,6,-94.5,5,1,5,1,6,0,5,1
341c-f0d4-70be,6640,6,-94.75,5,1,5,1,6,0,5,1
341c-f0d4-70be,6641,6,-94.75,5,1,5,1,6,0,5,1
341c-f0d4-70be,6642,6,-94.25,5,1,5,1,6,0,5,1
341c-f0d4-70be,6643,6,-94.75,5,1,5,1,6,0,5,1
341c-f0d4-70be,6644,6,-94.75,5,1,5,1,6,0,5,1
341c-f0d4-70be,6645,6,-92.5,5,1,5,1,5,1,5,1
341c-f0d4-70be,6646,6,-94.75,5,1,5,1,6,0,5,1
341c-f0d4-70be,6647,6,-94.5,5,1,5,1,6,0,5,1
341c-f0d4-70be,6648,6,-94.75,5,1,5,1,6,0,5,1
341c-f0d4-70be,6649,6,-94.5,5,1,5,1,5,1,5,1
341c-f0d4-70be,6650,6,-94.5,4,2,4,2,4,2,4,2
341c-f0d4-70be,6651,6,-95.0,7,1,7,1,7,1,7,1
341c-f0d4-70be,6652,6,-93.5,6,0,6,0,6,0,6,0
341c-f0d4-70be,6653,6,-94.5,5,1,5,1,6,0,5,1
341c-f0d4-70be,6654,6,-94.5,5,1,5,1,6,0,5,1
341c-f0d4-70be,6655,6,-94.25,5,1,5,1,6,0,5,1
341c-f0d4-70be,6656,6,-95.0,4,2,4,2,4,2,4,2
341c-f0d4-70be,6657,6,-94.25,4,2,4,2,4,2,4,2
341c-f0d4-70be,6658,6,-95.0,5,1,5,1,5,1,5,1
341c-f0d4-70be,6659,6,-95.0,4,2,4,2,4,2,4,2
341c-f0d4-70be,6660,6,-94.75,5,1,5,1,5,1,5,1
341c-f0d4-70be,6661,6,-94.5,5,1,5,1,6,0,5,1
341c-f0d4-70be,6662,6,-94.5,5,1,5,1,6,0,5,1
341c-f0d4-70be,6663,6,-94.75,5,1,5,1,5,1,5,1
341c-f0d4-70be,6664,6,-94.0,5,1,5,1,6,0,5,1
341c-f0d4-70be,6665,6,-94.25,6,0,7,1,7,1,6,0
341c-f0d4-70be,6666,6,-94.5,6,0,7,1,7,1,6,0
341c-f0d4-70be,6667,6,-94.5,7,1,7,1,7,1,7,1
341c-f0d4-70be,6668,6,-94.5,7,1,7,1,7,1,7,1
341c-f0d4-70be,6669,6,-92.25,7,1,6,0,6,0,7,1
341c-f0d4-70be,6670,6,-94.75,7,1,7,1,7,1,7,1
341c-f0d4-70be,6671,6,-94.75,7,1,7,1,7,1,7,1
341c-f0d4-70be,6672,6,-94.0,7,1,7,1,7,1,7,1
341c-f0d4-70be,6673,6,-94.5,7,1,7,1,7,1,7,1
341c-f0d4-70be,6674,6,-94.25,6,0,7,1,7,1,6,0
341c-f0d4-70be,6675,6,-94.5,4,2,4,2,4,2,4,2
341c-f0d4-70be,6676,6,-94.75,4,2,4,2,4,2,4,2
341c-f0d4-70be,6677,6,-94.25,6,0,7,1,7,1,6,0
341c-f0d4-70be,6678,6,-94.25,7,1,7,1,7,1,7,1
341c-f0d4-70be,6679,6,-94.25,7,1,7,1,7,1,7,1
341c-f0d4-70be,6680,6,-95.0,5,1,5,1,6,0,5,1
341c-f0d4-70be,6681,6,-95.0,5,1,5,1,6,0,5,1
341c-f0d4-70be,6682,6,-94.75,5,1,5,1,6,0,5,1
341c-f0d4-70be,6683,6,-95.0,5,1,5,1,6,0,5,1
341c-f0d4-70be,6684,6,-95.0,5,1,5,1,5,1,5,1
341c-f0d4-70be,6685,6,-95.0,4,2,4,2,4,2,4,2
341c-f0d4-70be,6686,6,-94.75,4,2,4,2,4,2,4,2
341c-f0d4-70be,6687,6,-94.75,4,2,4,2,4,2,4,2
341c-f0d4-70be,6688,6,-95.0,4,2,4,2,4,2,4,2
341c-f0d4-70be,6689,6,-94.5,4,2,4,2,4,2,4,2
341c-f0d4-70be,6690,6,-94.75,4,2,4,2,4,2,4,2
341c-f0d4-70be,6691,6,-94.75,3,3,3,3,3,3,3,3
341c-f0d4-70be,6692,6,-95.0,5,1,5,1,5,1,5,1
341c-f0d4-70be,6693,6,-94.5,5,1,5,1,6,0,5,1
341c-f0d4-70be,6694,6,-95.0,4,2,4,2,4,2,4,2
341c-f0d4-70be,6695,6,-94.75,5,1,5,1,5,1,5,1
341c-f0d4-70be,6696,6,-95.0,5,1,6,0,6,0,5,1
341c-f0d4-70be,6697,6,-95.25,5,1,5,1,5,1,5,1
341c-f0d4-70be,6698,4,-95.25,4,0,4,0,4,0,4,0
341c-f0d4-70be,6699,4,-95.25,4,0,4,0,4,0,4,0
341c-f0d4-70be,6700,4,-95.25,4,0,4,0,4,0,4,0
341c-f0d4-70be,6701,4,-94.75,4,0,4,0,4,0,4,0
341c-f0d4-70be,6702,4,-94.5,4,0,4,0,4,0,4,0
341c-f0d4-70be,6703,5,-95.0,4,1,4,1,4,1,4,1
341c-f0d4-70be,6704,5,-94.75,4,1,4,1,4,1,4,1
341c-f0d4-70be,6705,5,-94.5,4,1,4,1,4,1,4,1
341c-f0d4-70be,6706,5,-95.0,4,1,4,1,4,1,4,1
341c-f0d4-70be,6707,5,-95.0,4,1,4,1,4,1,4,1
341c-f0d4-70be,6708,5,-95.0,4,1,4,1,4,1,4,1
341c-f0d4-70be,6709,5,-94.5,4,1,4,1,4,1,4,1
341c-f0d4-70be,6710,5,-94.75,4,1,4,1,4,1,4,1
341c-f0d4-70be,6711,5,-94.75,5,0,5,0,5,0,5,0
341c-f0d4-70be,6712,5,-94.75,4,1,4,1,4,1,4,1
341c-f0d4-70be,6713,5,-95.5,4,1,4,1,4,1,4,1
341c-f0d4-70be,6714,5,-95.0,4,1,4,1,4,1,4,1
341c-f0d4-70be,6715,5,-95.0,4,1,4,1,4,1,4,1
341c-f0d4-70be,6716,5,-94.75,4,1,4,1,4,1,4,1
341c-f0d4-70be,6717,4,-94.75,4,0,4,0,4,0,4,0
341c-f0d4-70be,6718,4,-94.5,4,0,4,0,4,0,4,0
341c-f0d4-70be,6719,5,-94.75,5,0,5,0,5,0,5,0
341c-f0d4-70be,6720,5,-94.5,4,1,4,1,4,1,4,1
341c-f0d4-70be,6721,5,-95.25,4,1,4,1,4,1,4,1
341c-f0d4-70be,6722,5,-95.25,4,1,4,1,4,1,4,1
341c-f0d4-70be,6723,5,-95.0,4,1,4,1,4,1,4,1
341c-f0d4-70be,6724,5,-94.5,4,1,4,1,4,1,4,1
341c-f0d4-70be,6725,5,-94.5,5,0,5,0,5,0,5,0
341c-f0d4-70be,6726,5,-94.75,4,1,4,1,4,1,4,1
341c-f0d4-70be,6727,5,-94.5,4,1,4,1,4,1,4,1
341c-f0d4-70be,6728,5,-95.0,4,1,4,1,4,1,4,1
341c-f0d4-70be,6729,5,-95.0,4,1,4,1,4,1,4,1
341c-f0d4-70be,6730,5,-94.75,5,0,5,0,5,0,5,0
341c-f0d4-70be,6731,5,-95.25,4,1,4,1,4,1,4,1
341c-f0d4-70be,6732,5,-95.25,4,1,4,1,4,1,4,1
341c-f0d4-70be,6733,5,-95.25,4,1,4,1,4,1,4,1
341c-f0d4-70be,6734,5,-95.0,4,1,4,1,4,1,4,1
341c-f0d4-70be,6735,5,-94.5,4,1,4,1,4,1,4,1
341c-f0d4-70be,6736,5,-95.25,4,1,4,1,4,1,4,1
341c-f0d4-70be,6737,5,-94.75,4,1,4,1,4,1,4,1
341c-f0d4-70be,6738,5,-95.25,4,1,4,1,4,1,4,1
341c-f0d4-70be,6739,5,-95.0,4,1,4,1,4,1,4,1
341c-f0d4-70be,6740,5,-95.25,4,1,4,1,4,1,4,1
341c-f0d4-70be,6741,5,-94.75,4,1,4,1,4,1,4,1
341c-f0d4-70be,6742,5,-95.25,4,1,4,1,4,1,4,1
341c-f0d4-70be,6743,5,-95.5,4,1,4,1,4,1,4,1
341c-f0d4-70be,6744,5,-94.5,4,1,4,1,4,1,4,1
341c-f0d4-70be,6745,5,-95.25,5,0,5,0,5,0,5,0
341c-f0d4-70be,6746,5,-94.5,4,1,4,1,4,1,4,1
341c-f0d4-70be,6747,5,-95.25,4,1,4,1,4,1,4,1
341c-f0d4-70be,6748,5,-95.25,4,1,4,1,4,1,4,1
341c-f0d4-70be,6749,5,-94.75,4,1,4,1,4,1,4,1
341c-f0d4-70be,6750,5,-94.75,4,1,4,1,4,1,4,1
341c-f0d4-70be,6751,5,-94.75,4,1,4,1,4,1,4,1
341c-f0d4-70be,6752,5,-95.5,5,0,5,0,5,0,5,0
341c-f0d4-70be,6753,5,-95.0,5,0,5,0,5,0,5,0
341c-f0d4-70be,6754,5,-94.75,4,1,4,1,4,1,4,1
341c-f0d4-70be,6755,5,-94.5,4,1,4,1,4,1,4,1
341c-f0d4-70be,6756,5,-95.0,4,1,4,1,4,1,4,1
341c-f0d4-70be,6757,5,-95.0,4,1,4,1,4,1,4,1
341c-f0d4-70be,6758,5,-95.0,4,1,4,1,4,1,4,1
341c-f0d4-70be,6759,5,-95.5,4,1,4,1,4,1,4,1
341c-f0d4-70be,6760,5,-95.0,4,1,4,1,4,1,4,1
341c-f0d4-70be,6761,5,-94.25,4,1,4,1,4,1,4,1
341c-f0d4-70be,6762,5,-94.75,4,1,4,1,4,1,4,1
341c-f0d4-70be,6763,5,-92.75,4,1,4,1,4,1,4,1
341c-f0d4-70be,6764,5,-95.0,4,1,4,1,4,1,4,1
341c-f0d4-70be,6765,5,-95.0,4,1,4,1,4,1,4,1
341c-f0d4-70be,6766,5,-94.25,4,1,4,1,4,1,4,1
341c-f0d4-70be,6767,5,-95.25,4,1,4,1,4,1,4,1
341c-f0d4-70be,6768,5,-94.5,5,0,5,0,4,1,5,0
341c-f0d4-70be,6769,5,-94.75,5,0,5,0,5,0,5,0
341c-f0d4-70be,6770,5,-94.75,5,0,5,0,5,0,5,0
341c-f0d4-70be,6771,5,-94.75,4,1,4,1,4,1,4,1
341c-f0d4-70be,6772,5,-95.25,4,1,5,0,5,0,4,1
341c-f0d4-70be,6773,5,-95.0,4,1,4,1,4,1,4,1
341c-f0d4-70be,6774,5,-95.25,4,1,4,1,4,1,4,1
341c-f0d4-70be,6775,5,-94.75,4,1,4,1,4,1,4,1
341c-f0d4-70be,6776,5,-94.5,4,1,4,1,4,1,4,1
341c-f0d4-70be,6777,5,-94.75,4,1,4,1,4,1,4,1
341c-f0d4-70be,6778,5,-95.0,4,1,4,1,4,1,4,1
341c-f0d4-70be,6779,4,-95.0,4,0,4,0,4,0,4,0
341c-f0d4-70be,6780,4,-95.25,4,0,4,0,4,0,4,0
341c-f0d4-70be,6781,5,-95.0,4,1,4,1,4,1,4,1
341c-f0d4-70be,6782,5,-94.75,5,0,5,0,4,1,5,0
341c-f0d4-70be,6783,4,-94.5,5,1,5,1,4,0,5,1
341c-f0d4-70be,6784,4,-94.75,4,0,4,0,4,0,4,0
341c-f0d4-70be,6785,4,-94.75,4,0,4,0,4,0,4,0
341c-f0d4-70be,6786,4,-94.75,4,0,5,1,5,1,4,0
341c-f0d4-70be,6787,4,-95.25,4,0,4,0,4,0,4,0
341c-f0d4-70be,6788,4,-95.0,4,0,4,0,4,0,4,0
341c-f0d4-70be,6789,4,-94.75,4,0,5,1,4,0,4,0
341c-f0d4-70be,6790,4,-95.0,4,0,4,0,4,0,4,0
341c-f0d4-70be,6791,5,-94.75,4,1,4,1,4,1,4,1
341c-f0d4-70be,6792,4,-94.75,4,0,4,0,4,0,4,0
341c-f0d4-70be,6793,4,-94.75,4,0,4,0,4,0,4,0
341c-f0d4-70be,6794,4,-95.0,4,0,4,0,4,0,4,0
341c-f0d4-70be,6795,4,-94.75,4,0,4,0,4,0,4,0
341c-f0d4-70be,6796,4,-94.75,4,0,4,0,4,0,4,0
341c-f0d4-70be,6797,4,-95.0,4,0,4,0,4,0,4,0
341c-f0d4-70be,6798,4,-95.0,5,1,5,1,5,1,5,1
341c-f0d4-70be,6799,4,-94.75,4,0,4,0,4,0,4,0
341c-f0d4-70be,6800,4,-95.0,5,1,5,1,5,1,5,1
341c-f0d4-70be,6801,4,-95.0,4,0,4,0,4,0,4,0
341c-f0d4-70be,6802,4,-94.5,4,0,4,0,4,0,4,0
341c-f0d4-70be,6803,4,-95.25,4,0,4,0,4,0,4,0
341c-f0d4-70be,6804,4,-94.75,4,0,5,1,5,1,4,0
341c-f0d4-70be,6805,5,-95.5,4,1,4,1,4,1,4,1
341c-f0d4-70be,6806,5,-95.0,4,1,4,1,4,1,4,1
341c-f0d4-70be,6807,5,-94.5,4,1,4,1,4,1,4,1
341c-f0d4-70be,6808,5,-95.0,4,1,4,1,4,1,4,1
341c-f0d4-70be,6809,5,-95.25,4,1,4,1,4,1,4,1
341c-f0d4-70be,6810,5,-94.5,5,0,5,0,5,0,5,0
341c-f0d4-70be,6811,4,-95.25,5,1,5,1,5,1,5,1
341c-f0d4-70be,6812,4,-95.0,3,1,3,1,3,1,3,1
341c-f0d4-70be,6813,4,-94.25,3,1,3,1,3,1,3,1
341c-f0d4-70be,6814,4,-94.5,3,1,3,1,3,1,3,1
341c-f0d4-70be,6815,4,-95.0,3,1,3,1,3,1,3,1
341c-f0d4-70be,6816,4,-94.5,3,1,3,1,3,1,3,1
341c-f0d4-70be,6817,4,-94.25,3,1,3,1,3,1,3,1
341c-f0d4-70be,6818,4,-95.25,3,1,3,1,3,1,3,1
341c-f0d4-70be,6819,4,-93.75,3,1,3,1,3,1,3,1
341c-f0d4-70be,6820,4,-95.0,3,1,3,1,3,1,3,1
341c-f0d4-70be,6821,4,-95.25,3,1,3,1,3,1,3,1
341c-f0d4-70be,6822,4,-95.0,3,1,3,1,3,1,3,1
341c-f0d4-70be,6823,4,-95.5,3,1,3,1,3,1,3,1
341c-f0d4-70be,6824,4,-94.5,3,1,3,1,3,1,3,1
341c-f0d4-70be,6825,4,-95.0,4,0,4,0,4,0,4,0
341c-f0d4-70be,6826,4,-95.0,4,0,4,0,4,0,4,0
341c-f0d4-70be,6827,4,-95.0,3,1,3,1,3,1,3,1
341c-f0d4-70be,6828,4,-95.0,4,0,4,0,4,0,4,0
341c-f0d4-70be,6829,4,-94.75,4,0,4,0,4,0,4,0
341c-f0d4-70be,6830,4,-94.75,4,0,4,0,4,0,4,0
341c-f0d4-70be,6831,4,-95.25,4,0,4,0,4,0,4,0
341c-f0d4-70be,6832,4,-94.0,4,0,4,0,4,0,4,0
341c-f0d4-70be,6833,4,-95.25,4,0,4,0,4,0,4,0
341c-f0d4-70be,6834,4,-94.75,4,0,4,0,4,0,4,0
341c-f0d4-70be,6835,4,-95.0,4,0,4,0,4,0,4,0
341c-f0d4-70be,6836,4,-95.25,3,1,3,1,3,1,3,1
341c-f0d4-70be,6837,4,-94.75,3,1,3,1,3,1,3,1
341c-f0d4-70be,6838,4,-94.5,4,0,4,0,4,0,4,0
341c-f0d4-70be,6839,4,-94.75,3,1,3,1,3,1,3,1
341c-f0d4-70be,6840,4,-94.75,3,1,3,1,3,1,3,1
341c-f0d4-70be,6841,4,-94.25,4,0,4,0,4,0,4,0
341c-f0d4-70be,6842,4,-94.75,3,1,3,1,3,1,3,1
341c-f0d4-70be,6843,4,-94.75,4,0,4,0,4,0,4,0
341c-f0d4-70be,6844,4,-94.75,4,0,4,0,4,0,4,0
341c-f0d4-70be,6845,4,-95.0,3,1,3,1,3,1,3,1
341c-f0d4-70be,6846,4,-95.0,4,0,4,0,4,0,4,0
341c-f0d4-70be,6847,4,-94.75,4,0,4,0,4,0,4,0
341c-f0d4-70be,6848,4,-95.0,4,0,4,0,4,0,4,0
341c-f0d4-70be,6849,4,-94.75,4,0,4,0,4,0,4,0
341c-f0d4-70be,6850,4,-94.75,4,0,4,0,4,0,4,0
341c-f0d4-70be,6851,4,-94.75,4,0,4,0,4,0,4,0
341c-f0d4-70be,6852,4,-95.0,4,0,4,0,4,0,4,0
341c-f0d4-70be,6853,4,-94.75,4,0,4,0,4,0,4,0
341c-f0d4-70be,6854,4,-94.75,3,1,3,1,3,1,3,1
341c-f0d4-70be,6855,4,-94.25,4,0,4,0,4,0,4,0
341c-f0d4-70be,6856,4,-94.5,4,0,4,0,4,0,4,0
341c-f0d4-70be,6857,4,-95.0,3,1,3,1,3,1,3,1
341c-f0d4-70be,6858,4,-94.75,4,0,4,0,4,0,4,0
341c-f0d4-70be,6859,4,-95.25,3,1,3,1,3,1,3,1
341c-f0d4-70be,6860,4,-95.0,4,0,4,0,4,0,4,0
341c-f0d4-70be,6861,4,-94.75,4,0,4,0,4,0,4,0
341c-f0d4-70be,6862,4,-94.5,4,0,4,0,4,0,4,0
341c-f0d4-70be,6863,4,-94.5,4,0,4,0,4,0,4,0
341c-f0d4-70be,6864,4,-94.5,4,0,4,0,4,0,4,0
341c-f0d4-70be,6865,4,-94.5,4,0,4,0,4,0,4,0
341c-f0d4-70be,6866,4,-94.75,4,0,4,0,4,0,4,0
341c-f0d4-70be,6867,4,-95.0,3,1,3,1,3,1,3,1
341c-f0d4-70be,6868,4,-94.75,3,1,3,1,3,1,3,1
341c-f0d4-70be,6869,4,-94.75,3,1,3,1,3,1,3,1
341c-f0d4-70be,6870,4,-94.5,3,1,3,1,3,1,3,1
341c-f0d4-70be,6871,4,-94.5,3,1,3,1,3,1,3,1
341c-f0d4-70be,6872,4,-95.0,3,1,3,1,3,1,3,1
341c-f0d4-70be,6873,4,-95.0,4,0,4,0,4,0,4,0
341c-f0d4-70be,6874,4,-95.25,3,1,3,1,3,1,3,1
341c-f0d4-70be,6875,4,-95.0,3,1,3,1,3,1,3,1
341c-f0d4-70be,6876,4,-95.0,3,1,3,1,3,1,3,1
341c-f0d4-70be,6877,4,-94.75,3,1,3,1,3,1,3,1
341c-f0d4-70be,6878,4,-94.25,4,0,4,0,4,0,4,0
341c-f0d4-70be,6879,4,-95.25,4,0,4,0,4,0,4,0
341c-f0d4-70be,6880,4,-94.75,4,0,4,0,4,0,4,0
341c-f0d4-70be,6881,4,-94.25,4,0,4,0,4,0,4,0
341c-f0d4-70be,6882,4,-95.25,4,0,4,0,4,0,4,0
341c-f0d4-70be,6883,4,-94.75,4,0,4,0,4,0,4,0
341c-f0d4-70be,6884,4,-95.0,4,0,4,0,4,0,4,0
341c-f0d4-70be,6885,4,-94.5,4,0,4,0,4,0,4,0
341c-f0d4-70be,6886,4,-95.0,4,0,4,0,4,0,4,0
341c-f0d4-70be,6887,4,-95.0,4,0,4,0,4,0,4,0
341c-f0d4-70be,6888,4,-95.25,3,1,3,1,3,1,3,1
341c-f0d4-70be,6889,4,-94.75,3,1,3,1,3,1,3,1
341c-f0d4-70be,6890,4,-94.5,4,0,4,0,4,0,4,0
341c-f0d4-70be,6891,4,-94.75,4,0,4,0,4,0,4,0
341c-f0d4-70be,6892,4,-95.0,4,0,4,0,4,0,4,0
341c-f0d4-70be,6893,4,-94.0,4,0,4,0,4,0,4,0
341c-f0d4-70be,6894,4,-94.75,4,0,4,0,4,0,4,0
341c-f0d4-70be,6895,4,-95.0,4,0,4,0,4,0,4,0
341c-f0d4-70be,6896,4,-94.75,4,0,4,0,4,0,4,0
341c-f0d4-70be,6897,4,-95.25,4,0,4,0,4,0,4,0
341c-f0d4-70be,6898,4,-95.0,4,0,4,0,4,0,4,0
341c-f0d4-70be,6899,4,-94.75,3,1,3,1,3,1,3,1
341c-f0d4-70be,6900,4,-95.0,3,1,3,1,3,1,3,1
341c-f0d4-70be,6901,4,-95.0,3,1,3,1,3,1,3,1
341c-f0d4-70be,6902,4,-94.75,3,1,3,1,3,1,3,1
341c-f0d4-70be,6903,4,-94.75,2,2,2,2,2,2,2,2
341c-f0d4-70be,6904,4,-94.75,3,1,3,1,3,1,3,1
341c-f0d4-70be,6905,4,-94.5,3,1,3,1,3,1,3,1
341c-f0d4-70be,6906,4,-95.0,3,1,3,1,3,1,3,1
341c-f0d4-70be,6907,4,-95.25,4,0,4,0,4,0,4,0
341c-f0d4-70be,6908,4,-95.25,3,1,3,1,3,1,3,1
341c-f0d4-70be,6909,4,-94.75,4,0,4,0,4,0,4,0
341c-f0d4-70be,6910,4,-95.0,4,0,4,0,4,0,4,0
341c-f0d4-70be,6911,4,-94.5,4,0,4,0,4,0,4,0
341c-f0d4-70be,6912,4,-95.25,3,1,3,1,3,1,3,1
341c-f0d4-70be,6913,2,-95.5,2,0,2,0,2,0,2,0
341c-f0d4-70be,6914,2,-95.75,2,0,2,0,2,0,2,0
341c-f0d4-70be,6915,2,-95.25,2,0,3,1,3,1,2,0
341c-f0d4-70be,6916,2,-95.0,2,0,2,0,3,1,2,0
341c-f0d4-70be,6917,2,-94.5,2,0,2,0,2,0,2,0
341c-f0d4-70be,6918,2,-95.25,2,0,2,0,3,1,2,0
341c-f0d4-70be,6919,2,-95.0,3,1,3,1,3,1,3,1
341c-f0d4-70be,6920,2,-95.25,3,1,3,1,3,1,3,1
341c-f0d4-70be,6921,2,-95.75,3,1,3,1,3,1,3,1
341c-f0d4-70be,6922,2,-95.25,3,1,3,1,3,1,3,1
341c-f0d4-70be,6923,2,-95.0,3,1,3,1,3,1,3,1
341c-f0d4-70be,6924,2,-95.0,2,0,2,0,3,1,2,0
341c-f0d4-70be,6925,2,-95.5,3,1,3,1,3,1,3,1
341c-f0d4-70be,6926,2,-95.5,3,1,3,1,3,1,3,1
341c-f0d4-70be,6927,2,-95.75,3,1,3,1,3,1,3,1
341c-f0d4-70be,6928,2,-95.5,2,0,2,0,2,0,2,0
341c-f0d4-70be,6929,2,-95.25,2,0,2,0,2,0,2,0
341c-f0d4-70be,6930,2,-96.0,2,0,2,0,2,0,2,0
341c-f0d4-70be,6931,2,-95.5,2,0,2,0,2,0,2,0
341c-f0d4-70be,6932,2,-93.75,2,0,2,0,2,0,2,0
341c-f0d4-70be,6933,2,-95.5,2,0,2,0,2,0,2,0
341c-f0d4-70be,6934,2,-94.75,2,0,2,0,2,0,2,0
341c-f0d4-70be,6935,2,-95.5,3,1,3,1,3,1,3,1
341c-f0d4-70be,6936,3,-95.0,3,0,3,0,3,0,3,0
341c-f0d4-70be,6937,3,-95.25,4,1,4,1,4,1,4,1
341c-f0d4-70be,6938,3,-95.0,3,0,3,0,3,0,3,0
341c-f0d4-70be,6939,3,-95.5,3,0,3,0,3,0,3,0
341c-f0d4-70be,6940,3,-95.0,3,0,3,0,3,0,3,0
341c-f0d4-70be,6941,3,-95.25,4,1,4,1,4,1,4,1
341c-f0d4-70be,6942,3,-95.0,4,1,4,1,4,1,4,1
341c-f0d4-70be,6943,3,-95.5,4,1,4,1,4,1,4,1
341c-f0d4-70be,6944,3,-95.25,4,1,4,1,4,1,4,1
341c-f0d4-70be,6945,3,-95.25,4,1,4,1,4,1,4,1
341c-f0d4-70be,6946,3,-95.0,4,1,4,1,4,1,4,1
341c-f0d4-70be,6947,3,-95.5,4,1,4,1,4,1,4,1
341c-f0d4-70be,6948,4,-95.25,5,1,5,1,5,1,5,1
341c-f0d4-70be,6949,3,-95.25,4,1,4,1,4,1,4,1
341c-f0d4-70be,6950,3,-95.0,4,1,4,1,4,1,4,1
341c-f0d4-70be,6951,3,-95.25,4,1,4,1,4,1,4,1
341c-f0d4-70be,6952,3,-95.0,4,1,4,1,4,1,4,1
341c-f0d4-70be,6953,3,-95.25,3,0,3,0,3,0,3,0
341c-f0d4-70be,6954,3,-95.5,4,1,4,1,4,1,4,1
341c-f0d4-70be,6955,3,-95.25,4,1,4,1,4,1,4,1
341c-f0d4-70be,6956,3,-95.0,4,1,4,1,4,1,4,1
341c-f0d4-70be,6957,3,-95.0,4,1,4,1,4,1,4,1
341c-f0d4-70be,6958,4,-95.25,4,0,4,0,4,0,4,0
341c-f0d4-70be,6959,4,-95.0,4,0,4,0,4,0,4,0
341c-f0d4-70be,6960,4,-95.25,4,0,4,0,4,0,4,0
341c-f0d4-70be,6961,4,-95.5,3,1,3,1,3,1,3,1
341c-f0d4-70be,6962,3,-95.0,3,0,3,0,3,0,3,0
341c-f0d4-70be,6963,3,-95.0,3,0,3,0,3,0,3,0
341c-f0d4-70be,6964,3,-95.5,3,0,3,0,3,0,3,0
341c-f0d4-70be,6965,3,-95.5,4,1,4,1,4,1,4,1
341c-f0d4-70be,6966,3,-95.25,4,1,4,1,4,1,4,1
341c-f0d4-70be,6967,3,-95.75,4,1,4,1,4,1,4,1
341c-f0d4-70be,6968,3,-95.5,4,1,4,1,4,1,4,1
341c-f0d4-70be,6969,3,-95.5,4,1,4,1,4,1,4,1
341c-f0d4-70be,6970,3,-95.5,4,1,4,1,4,1,4,1
341c-f0d4-70be,6971,3,-95.5,4,1,4,1,4,1,4,1
341c-f0d4-70be,6972,3,-95.0,4,1,4,1,4,1,4,1
341c-f0d4-70be,6973,3,-95.5,4,1,4,1,4,1,4,1
341c-f0d4-70be,6974,3,-95.0,4,1,4,1,4,1,4,1
341c-f0d4-70be,6975,3,-95.75,3,0,3,0,4,1,3,0
341c-f0d4-70be,6976,3,-95.5,4,1,4,1,4,1,4,1
341c-f0d4-70be,6977,3,-95.25,4,1,4,1,4,1,4,1
341c-f0d4-70be,6978,3,-95.0,4,1,4,1,4,1,4,1
341c-f0d4-70be,6979,3,-94.5,4,1,4,1,4,1,4,1
341c-f0d4-70be,6980,3,-94.75,4,1,4,1,4,1,4,1
341c-f0d4-70be,6981,3,-95.25,4,1,4,1,4,1,4,1
341c-f0d4-70be,6982,4,-94.5,4,0,4,0,4,0,4,0
341c-f0d4-70be,6983,3,-94.75,4,1,4,1,4,1,4,1
341c-f0d4-70be,6984,3,-95.0,4,1,4,1,4,1,4,1
341c-f0d4-70be,6985,3,-94.75,4,1,4,1,4,1,4,1
341c-f0d4-70be,6986,3,-95.25,4,1,4,1,4,1,4,1
341c-f0d4-70be,6987,3,-95.25,4,1,4,1,4,1,4,1
341c-f0d4-70be,6988,4,-95.25,4,0,4,0,4,0,4,0
341c-f0d4-70be,6989,3,-95.0,4,1,4,1,4,1,4,1
341c-f0d4-70be,6990,3,-95.5,3,0,3,0,3,0,3,0
341c-f0d4-70be,6991,3,-95.25,4,1,4,1,4,1,4,1
341c-f0d4-70be,6992,3,-95.5,4,1,4,1,4,1,4,1
341c-f0d4-70be,6993,4,-95.25,3,1,3,1,3,1,3,1
341c-f0d4-70be,6994,3,-94.75,3,0,3,0,3,0,3,0
341c-f0d4-70be,6995,3,-95.25,3,0,3,0,3,0,3,0
341c-f0d4-70be,6996,3,-95.75,3,0,3,0,4,1,3,0
341c-f0d4-70be,6997,3,-95.0,4,1,4,1,4,1,4,1
341c-f0d4-70be,6998,3,-95.5,4,1,4,1,4,1,4,1
341c-f0d4-70be,6999,4,-95.25,3,1,3,1,3,1,3,1
341c-f0d4-70be,7000,3,-95.75,3,0,3,0,4,1,3,0
341c-f0d4-70be,7001,3,-95.0,3,0,3,0,3,0,3,0
341c-f0d4-70be,7002,3,-95.25,4,1,4,1,4,1,4,1
341c-f0d4-70be,7003,3,-95.5,4,1,4,1,4,1,4,1
341c-f0d4-70be,7004,3,-95.5,4,1,4,1,4,1,4,1
341c-f0d4-70be,7005,3,-95.0,4,1,4,1,4,1,4,1
341c-f0d4-70be,7006,3,-95.25,4,1,4,1,4,1,4,1
341c-f0d4-70be,7007,3,-95.0,4,1,4,1,4,1,4,1
341c-f0d4-70be,7008,3,-93.25,4,1,4,1,4,1,4,1
341c-f0d4-70be,7009,3,-93.75,4,1,4,1,4,1,4,1
341c-f0d4-70be,7010,3,-95.0,4,1,4,1,4,1,4,1
341c-f0d4-70be,7011,3,-95.25,4,1,4,1,4,1,4,1
341c-f0d4-70be,7012,3,-95.0,4,1,4,1,4,1,4,1
341c-f0d4-70be,7013,3,-95.0,4,1,4,1,4,1,4,1
341c-f0d4-70be,7014,3,-95.0,4,1,4,1,4,1,4,1
341c-f0d4-70be,7015,3,-95.25,4,1,4,1,4,1,4,1
341c-f0d4-70be,7016,3,-95.0,4,1,4,1,4,1,4,1
341c-f0d4-70be,7017,3,-95.0,4,1,4,1,4,1,4,1
341c-f0d4-70be,7018,3,-95.25,4,1,4,1,4,1,4,1
341c-f0d4-70be,7019,3,-95.25,4,1,4,1,4,1,4,1
341c-f0d4-70be,7020,3,-95.5,4,1,4,1,4,1,4,1
341c-f0d4-70be,7021,3,-95.25,4,1,4,1,4,1,4,1
341c-f0d4-70be,7022,3,-95.25,4,1,4,1,4,1,4,1
341c-f0d4-70be,7023,3,-95.25,3,0,3,0,3,0,3,0
341c-f0d4-70be,7024,3,-95.25,3,0,3,0,3,0,3,0
341c-f0d4-70be,7025,3,-95.25,3,0,3,0,3,0,3,0
341c-f0d4-70be,7026,3,-94.5,3,0,3,0,3,0,3,0
341c-f0d4-70be,7027,3,-95.0,4,1,4,1,4,1,4,1
341c-f0d4-70be,7028,3,-95.25,3,0,3,0,3,0,3,0
341c-f0d4-70be,7029,3,-95.25,3,0,3,0,3,0,3,0
341c-f0d4-70be,7030,3,-95.25,4,1,4,1,4,1,4,1
341c-f0d4-70be,7031,3,-95.0,4,1,4,1,4,1,4,1
341c-f0d4-70be,7032,3,-95.25,4,1,4,1,4,1,4,1
341c-f0d4-70be,7033,3,-93.25,4,1,4,1,4,1,4,1
341c-f0d4-70be,7034,3,-95.0,4,1,4,1,4,1,4,1
341c-f0d4-70be,7035,3,-95.0,4,1,4,1,4,1,4,1
341c-f0d4-70be,7036,3,-95.5,4,1,4,1,4,1,4,1
341c-f0d4-70be,7037,3,-95.25,4,1,4,1,4,1,4,1
341c-f0d4-70be,7038,3,-95.0,4,1,4,1,4,1,4,1
341c-f0d4-70be,7039,3,-95.25,4,1,4,1,4,1,4,1
341c-f0d4-70be,7040,3,-94.75,4,1,4,1,4,1,4,1
341c-f0d4-70be,7041,3,-95.5,4,1,4,1,4,1,4,1
341c-f0d4-70be,7042,3,-95.75,4,1,4,1,4,1,4,1
341c-f0d4-70be,7043,3,-95.25,4,1,4,1,4,1,4,1
341c-f0d4-70be,7044,3,-95.75,4,1,4,1,4,1,4,1
341c-f0d4-70be,7045,3,-94.5,4,1,4,1,4,1,4,1
341c-f0d4-70be,7046,3,-95.0,4,1,4,1,4,1,4,1
341c-f0d4-70be,7047,3,-95.5,4,1,4,1,4,1,4,1
341c-f0d4-70be,7048,3,-95.0,3,0,3,0,3,0,3,0
341c-f0d4-70be,7049,3,-95.0,3,0,3,0,3,0,3,0
341c-f0d4-70be,7050,3,-95.0,4,1,4,1,4,1,4,1
341c-f0d4-70be,7051,3,-95.5,4,1,4,1,4,1,4,1
341c-f0d4-70be,7052,3,-95.5,4,1,4,1,4,1,4,1
341c-f0d4-70be,7053,3,-95.0,4,1,4,1,4,1,4,1
341c-f0d4-70be,7054,3,-95.5,4,1,4,1,4,1,4,1
341c-f0d4-70be,7055,3,-95.0,4,1,4,1,4,1,4,1
341c-f0d4-70be,7056,3,-95.0,4,1,4,1,4,1,4,1
341c-f0d4-70be,7057,3,-95.0,4,1,4,1,4,1,4,1
341c-f0d4-70be,7058,3,-95.25,4,1,4,1,4,1,4,1
341c-f0d4-70be,7059,3,-95.0,4,1,4,1,4,1,4,1
341c-f0d4-70be,7060,3,-95.5,4,1,4,1,4,1,4,1
341c-f0d4-70be,7061,3,-95.0,4,1,4,1,4,1,4,1
341c-f0d4-70be,7062,2,-95.5,2,0,2,0,2,0,2,0
341c-f0d4-70be,7063,2,-95.5,2,0,2,0,2,0,2,0
341c-f0d4-70be,7064,2,-95.0,2,0,2,0,2,0,2,0
341c-f0d4-70be,7065,2,-95.75,2,0,2,0,2,0,2,0
341c-f0d4-70be,7066,2,-95.5,2,0,2,0,2,0,2,0
341c-f0d4-70be,7067,2,-95.5,2,0,2,0,2,0,2,0
341c-f0d4-70be,7068,2,-95.75,2,0,2,0,2,0,2,0
341c-f0d4-70be,7069,2,-96.0,2,0,2,0,2,0,2,0
341c-f0d4-70be,7070,2,-96.0,2,0,2,0,2,0,2,0
341c-f0d4-70be,7071,2,-95.25,2,0,2,0,2,0,2,0
341c-f0d4-70be,7072,2,-95.5,2,0,2,0,2,0,2,0
341c-f0d4-70be,7073,2,-95.75,2,0,2,0,2,0,2,0
341c-f0d4-70be,7074,2,-95.25,2,0,2,0,2,0,2,0
341c-f0d4-70be,7075,2,-95.5,2,0,2,0,2,0,2,0
341c-f0d4-70be,7076,2,-95.25,2,0,2,0,2,0,2,0
341c-f0d4-70be,7077,2,-95.25,2,0,2,0,2,0,2,0
341c-f0d4-70be,7078,2,-95.75,2,0,2,0,2,0,2,0
341c-f0d4-70be,7079,2,-95.5,2,0,2,0,2,0,2,0
341c-f0d4-70be,7080,2,-96.0,2,0,2,0,2,0,2,0
341c-f0d4-70be,7081,2,-95.25,2,0,2,0,2,0,2,0
341c-f0d4-70be,7082,2,-96.0,2,0,2,0,2,0,2,0
341c-f0d4-70be,7083,2,-95.25,2,0,2,0,2,0,2,0
341c-f0d4-70be,7084,2,-95.25,2,0,2,0,2,0,2,0
341c-f0d4-70be,7085,2,-95.75,2,0,2,0,2,0,2,0
341c-f0d4-70be,7086,2,-95.25,2,0,2,0,2,0,2,0
341c-f0d4-70be,7087,2,-95.5,2,0,2,0,2,0,2,0
341c-f0d4-70be,7088,2,-95.5,2,0,2,0,2,0,2,0
341c-f0d4-70be,7089,2,-95.0,2,0,2,0,2,0,2,0
341c-f0d4-70be,7090,2,-95.25,2,0,2,0,2,0,2,0
341c-f0d4-70be,7091,2,-95.75,2,0,2,0,2,0,2,0
341c-f0d4-70be,7092,2,-95.75,2,0,2,0,2,0,2,0
341c-f0d4-70be,7093,2,-95.75,2,0,2,0,2,0,2,0
341c-f0d4-70be,7094,2,-95.75,2,0,2,0,2,0,2,0
341c-f0d4-70be,7095,2,-95.75,2,0,2,0,2,0,2,0
341c-f0d4-70be,7096,2,-95.75,2,0,2,0,2,0,2,0
341c-f0d4-70be,7097,2,-95.5,2,0,2,0,2,0,2,0
341c-f0d4-70be,7098,2,-95.25,2,0,2,0,2,0,2,0
341c-f0d4-70be,7099,2,-95.5,2,0,2,0,2,0,2,0
341c-f0d4-70be,7100,2,-95.75,2,0,2,0,2,0,2,0
341c-f0d4-70be,7101,2,-95.25,2,0,2,0,2,0,2,0
341c-f0d4-70be,7102,2,-95.75,2,0,2,0,2,0,2,0
341c-f0d4-70be,7103,2,-95.75,2,0,2,0,2,0,2,0
341c-f0d4-70be,7104,2,-95.0,2,0,2,0,2,0,2,0
341c-f0d4-70be,7105,2,-95.5,2,0,2,0,2,0,2,0
341c-f0d4-70be,7106,2,-95.5,2,0,2,0,2,0,2,0
341c-f0d4-70be,7107,2,-94.75,2,0,2,0,2,0,2,0
341c-f0d4-70be,7108,2,-95.75,2,0,2,0,2,0,2,0
341c-f0d4-70be,7109,2,-95.75,2,0,2,0,2,0,2,0
341c-f0d4-70be,7110,2,-95.5,2,0,2,0,2,0,2,0
341c-f0d4-70be,7111,2,-95.75,2,0,2,0,2,0,2,0
341c-f0d4-70be,7112,2,-95.5,2,0,2,0,2,0,2,0
341c-f0d4-70be,7113,2,-96.0,2,0,2,0,2,0,2,0
341c-f0d4-70be,7114,2,-95.5,2,0,2,0,2,0,2,0
341c-f0d4-70be,7115,2,-95.75,2,0,2,0,2,0,2,0
341c-f0d4-70be,7116,2,-95.75,2,0,2,0,2,0,2,0
341c-f0d4-70be,7117,2,-95.0,2,0,2,0,2,0,2,0
341c-f0d4-70be,7118,2,-95.5,2,0,2,0,2,0,2,0
341c-f0d4-70be,7119,2,-95.0,2,0,2,0,2,0,2,0
341c-f0d4-70be,7120,2,-93.5,2,0,2,0,2,0,2,0
341c-f0d4-70be,7121,2,-95.5,2,0,2,0,2,0,2,0
341c-f0d4-70be,7122,2,-95.25,2,0,2,0,2,0,2,0
341c-f0d4-70be,7123,2,-95.5,2,0,2,0,2,0,2,0
341c-f0d4-70be,7124,2,-95.0,2,0,2,0,2,0,2,0
341c-f0d4-70be,7125,2,-95.25,2,0,2,0,2,0,2,0
341c-f0d4-70be,7126,2,-95.5,2,0,2,0,2,0,2,0
341c-f0d4-70be,7127,2,-95.75,2,0,2,0,2,0,2,0
341c-f0d4-70be,7128,2,-96.0,2,0,2,0,2,0,2,0
341c-f0d4-70be,7129,2,-95.75,2,0,2,0,2,0,2,0
341c-f0d4-70be,7130,2,-95.5,2,0,2,0,2,0,2,0
341c-f0d4-70be,7131,2,-95.5,2,0,2,0,2,0,2,0
341c-f0d4-70be,7132,2,-95.5,2,0,2,0,2,0,2,0
341c-f0d4-70be,7133,2,-95.5,2,0,2,0,2,0,2,0
341c-f0d4-70be,7134,2,-95.75,2,0,2,0,2,0,2,0
341c-f0d4-70be,7135,2,-95.75,2,0,2,0,2,0,2,0
341c-f0d4-70be,7136,2,-95.25,2,0,2,0,2,0,2,0
341c-f0d4-70be,7137,2,-95.25,2,0,2,0,2,0,2,0
341c-f0d4-70be,7138,2,-95.5,2,0,2,0,2,0,2,0
341c-f0d4-70be,7139,2,-95.5,2,0,2,0,2,0,2,0
341c-f0d4-70be,7140,2,-95.5,2,0,2,0,2,0,2,0
341c-f0d4-70be,7141,2,-95.75,2,0,2,0,2,0,2,0
341c-f0d4-70be,7142,2,-95.0,2,0,2,0,2,0,2,0
341c-f0d4-70be,7143,2,-95.0,2,0,2,0,2,0,2,0
341c-f0d4-70be,7144,2,-94.75,2,0,2,0,2,0,2,0
341c-f0d4-70be,7145,2,-95.5,2,0,2,0,2,0,2,0
341c-f0d4-70be,7146,2,-95.5,2,0,2,0,2,0,2,0
341c-f0d4-70be,7147,2,-95.75,2,0,2,0,2,0,2,0
341c-f0d4-70be,7148,2,-94.75,2,0,2,0,2,0,2,0
341c-f0d4-70be,7149,2,-94.5,2,0,2,0,2,0,2,0
341c-f0d4-70be,7150,2,-94.75,2,0,2,0,2,0,2,0
341c-f0d4-70be,7151,2,-95.0,2,0,2,0,2,0,2,0
341c-f0d4-70be,7152,2,-95.5,2,0,2,0,2,0,2,0
341c-f0d4-70be,7153,2,-95.0,2,0,2,0,2,0,2,0
341c-f0d4-70be,7154,2,-95.0,2,0,2,0,2,0,2,0
341c-f0d4-70be,7155,2,-95.25,2,0,2,0,2,0,2,0
341c-f0d4-70be,7156,2,-95.75,2,0,2,0,2,0,2,0
341c-f0d4-70be,7157,2,-95.5,2,0,2,0,2,0,2,0
341c-f0d4-70be,7158,2,-95.25,2,0,2,0,2,0,2,0
341c-f0d4-70be,7159,2,-95.0,2,0,2,0,2,0,2,0
341c-f0d4-70be,7160,2,-95.5,2,0,2,0,2,0,2,0
341c-f0d4-70be,7161,2,-95.25,2,0,2,0,2,0,2,0
341c-f0d4-70be,7162,2,-95.5,2,0,2,0,2,0,2,0
341c-f0d4-70be,7163,2,-95.25,2,0,2,0,2,0,2,0
341c-f0d4-70be,7164,2,-95.0,2,0,2,0,2,0,2,0
341c-f0d4-70be,7165,2,-95.0,2,0,2,0,3,1,2,0
341c-f0d4-70be,7166,2,-95.25,2,0,2,0,2,0,2,0
341c-f0d4-70be,7167,2,-94.75,2,0,2,0,2,0,2,0
341c-f0d4-70be,7168,2,-95.5,2,0,2,0,2,0,2,0
341c-f0d4-70be,7169,2,-93.0,2,0,2,0,2,0,2,0
341c-f0d4-70be,7170,2,-95.0,2,0,2,0,2,0,2,0
341c-f0d4-70be,7171,2,-95.75,2,0,2,0,2,0,2,0
341c-f0d4-70be,7172,2,-95.0,2,0,2,0,2,0,2,0
341c-f0d4-70be,7173,2,-95.0,2,0,2,0,2,0,2,0
341c-f0d4-70be,7174,2,-95.25,2,0,2,0,2,0,2,0
341c-f0d4-70be,7175,2,-95.5,2,0,2,0,2,0,2,0
341c-f0d4-70be,7176,2,-95.25,2,0,2,0,2,0,2,0
341c-f0d4-70be,7177,2,-95.75,2,0,2,0,2,0,2,0
341c-f0d4-70be,7178,2,-95.25,2,0,2,0,2,0,2,0
341c-f0d4-70be,7179,2,-95.25,2,0,2,0,2,0,2,0
341c-f0d4-70be,7180,2,-95.5,2,0,2,0,2,0,2,0
341c-f0d4-70be,7181,2,-95.25,2,0,2,0,2,0,2,0
341c-f0d4-70be,7182,2,-93.0,2,0,2,0,2,0,2,0
341c-f0d4-70be,7183,2,-95.5,2,0,2,0,2,0,2,0
341c-f0d4-70be,7184,2,-95.75,2,0,2,0,2,0,2,0
341c-f0d4-70be,7185,2,-95.0,2,0,2,0,2,0,2,0
341c-f0d4-70be,7186,2,-95.5,2,0,2,0,2,0,2,0
341c-f0d4-70be,7187,2,-95.25,2,0,2,0,2,0,2,0
341c-f0d4-70be,7188,2,-95.0,2,0,2,0,2,0,2,0
341c-f0d4-70be,7189,2,-95.0,2,0,2,0,2,0,2,0
341c-f0d4-70be,7190,2,-95.5,2,0,2,0,2,0,2,0
341c-f0d4-70be,7191,2,-95.5,2,0,2,0,2,0,2,0
341c-f0d4-70be,7192,2,-95.5,2,0,2,0,2,0,2,0
341c-f0d4-70be,7193,2,-95.0,2,0,2,0,2,0,2,0
341c-f0d4-70be,7194,2,-95.0,2,0,2,0,2,0,2,0
341c-f0d4-70be,7195,2,-95.0,2,0,2,0,2,0,2,0
341c-f0d4-70be,7196,2,-95.25,2,0,2,0,2,0,2,0
341c-f0d4-70be,7197,2,-95.5,2,0,2,0,2,0,2,0
341c-f0d4-70be,7198,2,-95.5,2,0,2,0,2,0,2,0
341c-f0d4-70be,7199,2,-95.5,2,0,2,0,2,0,2,0
341c-f0d4-70be,7200,2,-95.25,2,0,2,0,2,0,2,0
341c-f0d4-70be,7201,2,-95.0,2,0,2,0,2,0,2,0
341c-f0d4-70be,7202,2,-95.0,2,0,2,0,2,0,2,0
341c-f0d4-70be,7203,2,-95.75,2,0,2,0,2,0,2,0
341c-f0d4-70be,7204,2,-95.25,2,0,2,0,2,0,2,0
341c-f0d4-70be,7205,2,-95.25,2,0,2,0,2,0,2,0
341c-f0d4-70be,7206,2,-95.5,2,0,2,0,2,0,2,0
341c-f0d4-70be,7207,2,-95.25,2,0,2,0,2,0,2,0
341c-f0d4-70be,7208,2,-94.75,2,0,2,0,2,0,2,0
341c-f0d4-70be,7209,2,-95.25,2,0,2,0,2,0,2,0
341c-f0d4-70be,7210,2,-95.25,2,0,2,0,2,0,2,0
341c-f0d4-70be,7211,2,-95.25,2,0,2,0,2,0,2,0
341c-f0d4-70be,7212,2,-95.5,2,0,2,0,2,0,2,0
341c-f0d4-70be,7213,2,-93.25,2,0,2,0,2,0,2,0
341c-f0d4-70be,7214,2,-95.25,2,0,2,0,2,0,2,0
341c-f0d4-70be,7215,2,-94.75,2,0,2,0,2,0,2,0
341c-f0d4-70be,7216,2,-95.75,2,0,2,0,2,0,2,0
341c-f0d4-70be,7217,2,-95.0,2,0,2,0,2,0,2,0
341c-f0d4-70be,7218,2,-94.5,2,0,2,0,2,0,2,0
341c-f0d4-70be,7219,2,-95.5,2,0,2,0,2,0,2,0
341c-f0d4-70be,7220,2,-95.25,2,0,2,0,2,0,2,0
341c-f0d4-70be,7221,2,-95.5,2,0,2,0,2,0,2,0
341c-f0d4-70be,7222,2,-95.0,2,0,2,0,2,0,2,0
341c-f0d4-70be,7223,2,-95.5,2,0,2,0,2,0,2,0
341c-f0d4-70be,7224,2,-95.75,2,0,2,0,2,0,2,0
341c-f0d4-70be,7225,2,-94.5,2,0,2,0,2,0,2,0
341c-f0d4-70be,7226,2,-94.75,2,0,2,0,2,0,2,0
341c-f0d4-70be,7227,2,-95.5,2,0,2,0,2,0,2,0
341c-f0d4-70be,7228,2,-95.5,2,0,2,0,2,0,2,0
341c-f0d4-70be,7229,2,-95.5,2,0,2,0,2,0,2,0
341c-f0d4-70be,7230,2,-95.5,2,0,2,0,2,0,2,0
341c-f0d4-70be,7231,2,-95.25,2,0,2,0,2,0,2,0
341c-f0d4-70be,7232,2,-95.0,2,0,2,0,2,0,2,0
341c-f0d4-70be,7233,2,-95.25,2,0,2,0,2,0,2,0
341c-f0d4-70be,7234,2,-95.0,2,0,2,0,2,0,2,0
341c-f0d4-70be,7235,2,-95.0,2,0,2,0,2,0,2,0
341c-f0d4-70be,7236,2,-95.75,2,0,2,0,2,0,2,0
341c-f0d4-70be,7237,2,-95.25,2,0,2,0,2,0,2,0
341c-f0d4-70be,7238,2,-95.5,2,0,2,0,2,0,2,0
341c-f0d4-70be,7239,2,-95.0,2,0,2,0,2,0,2,0
341c-f0d4-70be,7240,2,-95.5,2,0,2,0,2,0,2,0
341c-f0d4-70be,7241,2,-95.0,2,0,2,0,2,0,2,0
341c-f0d4-70be,7242,2,-95.25,2,0,2,0,2,0,2,0
341c-f0d4-70be,7243,2,-94.75,2,0,2,0,2,0,2,0
341c-f0d4-70be,7244,2,-95.25,2,0,2,0,2,0,2,0
341c-f0d4-70be,7245,2,-95.25,2,0,2,0,2,0,2,0
341c-f0d4-70be,7246,2,-95.75,2,0,2,0,2,0,2,0
341c-f0d4-70be,7247,2,-95.5,2,0,2,0,2,0,2,0
341c-f0d4-70be,7248,2,-95.75,2,0,2,0,2,0,2,0
341c-f0d4-70be,7249,2,-95.5,2,0,2,0,2,0,2,0
341c-f0d4-70be,7250,2,-95.0,2,0,2,0,2,0,2,0
341c-f0d4-70be,7251,2,-95.25,2,0,2,0,2,0,2,0
341c-f0d4-70be,7252,2,-95.0,2,0,2,0,2,0,2,0
341c-f0d4-70be,7253,2,-95.0,2,0,2,0,1,1,2,0
341c-f0d4-70be,7254,2,-95.25,2,0,2,0,2,0,2,0
341c-f0d4-70be,7255,2,-95.5,2,0,2,0,2,0,2,0
341c-f0d4-70be,7256,2,-95.25,2,0,2,0,2,0,2,0
341c-f0d4-70be,7257,2,-95.25,2,0,2,0,2,0,2,0
341c-f0d4-70be,7258,2,-95.75,2,0,2,0,2,0,2,0
341c-f0d4-70be,7259,2,-95.25,2,0,2,0,2,0,2,0
341c-f0d4-70be,7260,2,-95.0,2,0,2,0,2,0,2,0
341c-f0d4-70be,7261,2,-95.5,2,0,2,0,2,0,2,0
341c-f0d4-70be,7262,2,-95.75,2,0,2,0,2,0,2,0
341c-f0d4-70be,7263,2,-95.75,2,0,2,0,2,0,2,0
341c-f0d4-70be,7264,2,-95.5,2,0,2,0,2,0,2,0
341c-f0d4-70be,7265,2,-95.0,2,0,2,0,2,0,2,0
341c-f0d4-70be,7266,2,-95.0,2,0,2,0,2,0,2,0
341c-f0d4-70be,7267,2,-95.25,2,0,2,0,2,0,2,0
341c-f0d4-70be,7268,2,-95.0,2,0,2,0,2,0,2,0
341c-f0d4-70be,7269,2,-95.0,2,0,2,0,2,0,2,0
341c-f0d4-70be,7270,2,-95.0,2,0,2,0,2,0,2,0
341c-f0d4-70be,7271,2,-95.0,2,0,2,0,2,0,2,0
341c-f0d4-70be,7272,2,-95.25,2,0,2,0,2,0,2,0
341c-f0d4-70be,7273,2,-95.5,2,0,2,0,2,0,2,0
341c-f0d4-70be,7274,2,-95.75,2,0,2,0,2,0,2,0
341c-f0d4-70be,7275,2,-95.25,2,0,2,0,2,0,2,0
341c-f0d4-70be,7276,2,-95.5,2,0,2,0,2,0,2,0
341c-f0d4-70be,7277,2,-95.25,2,0,2,0,2,0,2,0
341c-f0d4-70be,7278,2,-95.0,2,0,2,0,2,0,2,0
341c-f0d4-70be,7279,2,-95.25,2,0,2,0,2,0,2,0
341c-f0d4-70be,7280,2,-95.0,2,0,2,0,2,0,2,0
341c-f0d4-70be,7281,2,-95.0,2,0,2,0,1,1,2,0
341c-f0d4-70be,7282,2,-95.0,2,0,2,0,2,0,2,0
341c-f0d4-70be,7283,2,-95.0,2,0,2,0,1,1,2,0
341c-f0d4-70be,7284,2,-95.5,2,0,2,0,2,0,2,0
341c-f0d4-70be,7285,2,-95.5,2,0,2,0,2,0,2,0
341c-f0d4-70be,7286,2,-95.5,2,0,2,0,2,0,2,0
341c-f0d4-70be,7287,2,-95.25,2,0,2,0,2,0,2,0
341c-f0d4-70be,7288,2,-95.5,2,0,2,0,2,0,2,0
341c-f0d4-70be,7289,2,-95.5,2,0,2,0,2,0,2,0
341c-f0d4-70be,7290,2,-95.25,2,0,2,0,2,0,2,0
341c-f0d4-70be,7291,2,-95.5,2,0,2,0,2,0,2,0
341c-f0d4-70be,7292,2,-95.25,2,0,2,0,2,0,2,0
341c-f0d4-70be,7293,2,-95.5,2,0,2,0,2,0,2,0
341c-f0d4-70be,7294,2,-95.25,2,0,2,0,2,0,2,0
341c-f0d4-70be,7295,2,-95.5,2,0,2,0,2,0,2,0
341c-f0d4-70be,7296,2,-95.0,2,0,2,0,2,0,2,0
341c-f0d4-70be,7297,2,-95.25,2,0,2,0,2,0,2,0
341c-f0d4-70be,7298,4,-95.0,2,2,1,3,1,3,2,2
341c-f0d4-70be,7299,4,-95.0,3,1,3,1,3,1,3,1
341c-f0d4-70be,7300,4,-94.75,3,1,3,1,3,1,3,1
341c-f0d4-70be,7301,4,-94.5,3,1,3,1,3,1,3,1
341c-f0d4-70be,7302,4,-95.25,3,1,3,1,3,1,3,1
341c-f0d4-70be,7303,4,-94.5,3,1,3,1,3,1,3,1
341c-f0d4-70be,7304,4,-95.0,3,1,3,1,3,1,3,1
341c-f0d4-70be,7305,4,-95.0,3,1,3,1,3,1,3,1
341c-f0d4-70be,7306,4,-94.5,3,1,3,1,3,1,3,1
341c-f0d4-70be,7307,4,-95.5,4,0,4,0,4,0,4,0
341c-f0d4-70be,7308,4,-93.75,3,1,3,1,3,1,3,1
341c-f0d4-70be,7309,4,-95.25,4,0,4,0,4,0,4,0
341c-f0d4-70be,7310,4,-94.75,3,1,3,1,3,1,3,1
341c-f0d4-70be,7311,4,-95.25,3,1,3,1,3,1,3,1
341c-f0d4-70be,7312,4,-95.0,3,1,3,1,3,1,3,1
341c-f0d4-70be,7313,4,-94.75,3,1,3,1,3,1,3,1
341c-f0d4-70be,7314,4,-95.0,4,0,4,0,4,0,4,0
341c-f0d4-70be,7315,4,-95.5,3,1,3,1,3,1,3,1
341c-f0d4-70be,7316,4,-94.75,3,1,3,1,3,1,3,1
341c-f0d4-70be,7317,4,-95.0,3,1,3,1,3,1,3,1
341c-f0d4-70be,7318,4,-95.25,3,1,3,1,3,1,3,1
341c-f0d4-70be,7319,4,-95.0,3,1,3,1,3,1,3,1
341c-f0d4-70be,7320,4,-94.75,3,1,3,1,3,1,3,1
341c-f0d4-70be,7321,4,-95.25,3,1,3,1,3,1,3,1
341c-f0d4-70be,7322,4,-95.25,2,2,2,2,2,2,2,2
341c-f0d4-70be,7323,4,-95.0,3,1,3,1,3,1,3,1
341c-f0d4-70be,7324,4,-95.0,3,1,3,1,3,1,3,1
341c-f0d4-70be,7325,4,-95.0,3,1,3,1,3,1,3,1
341c-f0d4-70be,7326,4,-95.25,3,1,3,1,3,1,3,1
341c-f0d4-70be,7327,4,-95.0,3,1,3,1,3,1,3,1
341c-f0d4-70be,7328,4,-95.25,3,1,3,1,3,1,3,1
341c-f0d4-70be,7329,4,-94.75,3,1,3,1,3,1,3,1
341c-f0d4-70be,7330,4,-95.25,3,1,3,1,3,1,3,1
341c-f0d4-70be,7331,4,-95.5,3,1,3,1,3,1,3,1
341c-f0d4-70be,7332,4,-94.75,4,0,4,0,4,0,4,0
341c-f0d4-70be,7333,4,-93.25,3,1,3,1,3,1,3,1
341c-f0d4-70be,7334,4,-94.75,3,1,3,1,3,1,3,1
341c-f0d4-70be,7335,4,-94.75,3,1,3,1,3,1,3,1
341c-f0d4-70be,7336,4,-94.75,3,1,3,1,3,1,3,1
341c-f0d4-70be,7337,4,-94.75,3,1,3,1,3,1,3,1
341c-f0d4-70be,7338,4,-95.25,3,1,3,1,3,1,3,1
341c-f0d4-70be,7339,4,-95.0,3,1,3,1,3,1,3,1
341c-f0d4-70be,7340,4,-95.25,3,1,3,1,3,1,3,1
341c-f0d4-70be,7341,4,-95.0,3,1,3,1,3,1,3,1
341c-f0d4-70be,7342,4,-95.5,3,1,3,1,3,1,3,1
341c-f0d4-70be,7343,4,-94.5,3,1,3,1,3,1,3,1
341c-f0d4-70be,7344,4,-95.0,3,1,3,1,3,1,3,1
341c-f0d4-70be,7345,4,-95.25,3,1,3,1,3,1,3,1
341c-f0d4-70be,7346,4,-95.25,3,1,3,1,3,1,3,1
341c-f0d4-70be,7347,4,-94.75,3,1,3,1,3,1,3,1
341c-f0d4-70be,7348,4,-94.75,3,1,3,1,3,1,3,1
341c-f0d4-70be,7349,4,-95.0,2,2,2,2,2,2,2,2
341c-f0d4-70be,7350,4,-95.0,3,1,3,1,3,1,3,1
341c-f0d4-70be,7351,4,-94.5,3,1,3,1,3,1,3,1
341c-f0d4-70be,7352,4,-95.5,3,1,3,1,3,1,3,1
341c-f0d4-70be,7353,4,-94.75,3,1,3,1,3,1,3,1
341c-f0d4-70be,7354,4,-95.0,3,1,3,1,3,1,3,1
341c-f0d4-70be,7355,4,-94.5,3,1,3,1,3,1,3,1
341c-f0d4-70be,7356,4,-95.25,4,0,4,0,4,0,4,0
341c-f0d4-70be,7357,4,-95.25,4,0,4,0,4,0,4,0
341c-f0d4-70be,7358,4,-94.75,4,0,4,0,4,0,4,0
341c-f0d4-70be,7359,4,-94.75,4,0,4,0,4,0,4,0
341c-f0d4-70be,7360,4,-95.0,3,1,3,1,3,1,3,1
341c-f0d4-70be,7361,4,-94.75,4,0,4,0,4,0,4,0
341c-f0d4-70be,7362,4,-95.0,4,0,4,0,4,0,4,0
341c-f0d4-70be,7363,4,-94.75,3,1,3,1,3,1,3,1
341c-f0d4-70be,7364,4,-95.0,3,1,3,1,3,1,3,1
341c-f0d4-70be,7365,4,-94.5,4,0,4,0,4,0,4,0
341c-f0d4-70be,7366,4,-94.75,3,1,3,1,3,1,3,1
341c-f0d4-70be,7367,4,-95.0,3,1,3,1,3,1,3,1
341c-f0d4-70be,7368,4,-90.0,4,0,3,1,2,2,4,0
341c-f0d4-70be,7369,4,-94.5,3,1,3,1,3,1,3,1
341c-f0d4-70be,7370,4,-95.25,3,1,3,1,3,1,3,1
341c-f0d4-70be,7371,4,-95.0,3,1,3,1,3,1,3,1
341c-f0d4-70be,7372,4,-94.5,3,1,3,1,3,1,3,1
341c-f0d4-70be,7373,4,-95.25,3,1,3,1,3,1,3,1
341c-f0d4-70be,7374,4,-95.25,3,1,3,1,3,1,3,1
341c-f0d4-70be,7375,4,-94.75,3,1,3,1,3,1,3,1
341c-f0d4-70be,7376,4,-94.75,3,1,3,1,3,1,3,1
341c-f0d4-70be,7377,4,-95.0,3,1,3,1,3,1,3,1
341c-f0d4-70be,7378,4,-95.0,3,1,3,1,3,1,3,1
341c-f0d4-70be,7379,4,-94.75,3,1,3,1,3,1,3,1
341c-f0d4-70be,7380,4,-95.25,3,1,3,1,3,1,3,1
341c-f0d4-70be,7381,3,-95.0,3,0,3,0,3,0,3,0
341c-f0d4-70be,7382,3,-94.75,3,0,3,0,3,0,3,0
341c-f0d4-70be,7383,3,-94.5,3,0,3,0,3,0,3,0
341c-f0d4-70be,7384,3,-95.25,3,0,3,0,3,0,3,0
341c-f0d4-70be,7385,4,-94.75,3,1,3,1,3,1,3,1
341c-f0d4-70be,7386,3,-94.5,3,0,3,0,3,0,3,0
341c-f0d4-70be,7387,3,-95.25,3,0,3,0,3,0,3,0
341c-f0d4-70be,7388,3,-95.25,4,1,4,1,4,1,4,1
341c-f0d4-70be,7389,4,-95.0,3,1,3,1,3,1,3,1
341c-f0d4-70be,7390,3,-94.75,4,1,4,1,4,1,4,1
341c-f0d4-70be,7391,3,-94.75,3,0,3,0,3,0,3,0
341c-f0d4-70be,7392,3,-94.75,4,1,4,1,4,1,4,1
341c-f0d4-70be,7393,3,-95.0,3,0,3,0,3,0,3,0
341c-f0d4-70be,7394,3,-95.25,3,0,3,0,3,0,3,0
341c-f0d4-70be,7395,3,-94.75,3,0,3,0,3,0,3,0
341c-f0d4-70be,7396,3,-94.5,3,0,3,0,3,0,3,0
341c-f0d4-70be,7397,3,-94.75,3,0,3,0,3,0,3,0
341c-f0d4-70be,7398,3,-95.5,3,0,3,0,3,0,3,0
341c-f0d4-70be,7399,3,-95.25,3,0,3,0,3,0,3,0
341c-f0d4-70be,7400,3,-95.5,3,0,3,0,3,0,3,0
341c-f0d4-70be,7401,3,-95.0,3,0,3,0,3,0,3,0
341c-f0d4-70be,7402,3,-95.0,3,0,3,0,3,0,3,0
341c-f0d4-70be,7403,3,-94.5,4,1,4,1,4,1,4,1
341c-f0d4-70be,7404,3,-94.5,3,0,3,0,3,0,3,0
341c-f0d4-70be,7405,3,-95.0,3,0,3,0,3,0,3,0
341c-f0d4-70be,7406,3,-95.0,3,0,3,0,3,0,3,0
341c-f0d4-70be,7407,3,-95.0,3,0,3,0,3,0,3,0
341c-f0d4-70be,7408,3,-95.0,3,0,3,0,3,0,3,0
341c-f0d4-70be,7409,3,-95.25,3,0,3,0,3,0,3,0
341c-f0d4-70be,7410,3,-95.25,3,0,3,0,3,0,3,0
341c-f0d4-70be,7411,3,-95.0,3,0,3,0,3,0,3,0
341c-f0d4-70be,7412,4,-95.0,3,1,3,1,3,1,3,1
341c-f0d4-70be,7413,3,-94.75,3,0,3,0,3,0,3,0
341c-f0d4-70be,7414,3,-95.0,3,0,3,0,3,0,3,0
341c-f0d4-70be,7415,3,-94.75,3,0,3,0,3,0,3,0
341c-f0d4-70be,7416,3,-95.25,4,1,4,1,4,1,4,1
341c-f0d4-70be,7417,3,-94.75,3,0,3,0,3,0,3,0
341c-f0d4-70be,7418,3,-95.5,3,0,3,0,3,0,3,0
341c-f0d4-70be,7419,3,-94.75,3,0,3,0,3,0,3,0
341c-f0d4-70be,7420,3,-95.25,3,0,3,0,3,0,3,0
341c-f0d4-70be,7421,3,-95.25,3,0,3,0,3,0,3,0
341c-f0d4-70be,7422,3,-95.25,3,0,3,0,3,0,3,0
341c-f0d4-70be,7423,3,-95.5,3,0,3,0,3,0,3,0
341c-f0d4-70be,7424,3,-94.75,3,0,3,0,3,0,3,0
341c-f0d4-70be,7425,3,-95.25,3,0,3,0,3,0,3,0
341c-f0d4-70be,7426,3,-95.0,3,0,3,0,3,0,3,0
341c-f0d4-70be,7427,3,-95.0,3,0,3,0,3,0,3,0
341c-f0d4-70be,7428,3,-94.25,3,0,3,0,3,0,3,0
341c-f0d4-70be,7429,3,-94.25,3,0,3,0,3,0,3,0
341c-f0d4-70be,7430,4,-94.75,3,1,3,1,3,1,3,1
341c-f0d4-70be,7431,4,-95.25,3,1,3,1,3,1,3,1
341c-f0d4-70be,7432,3,-95.25,4,1,4,1,4,1,4,1
341c-f0d4-70be,7433,3,-95.0,3,0,3,0,3,0,3,0
341c-f0d4-70be,7434,4,-95.25,3,1,3,1,3,1,3,1
341c-f0d4-70be,7435,4,-95.25,4,0,4,0,4,0,4,0
341c-f0d4-70be,7436,4,-95.25,4,0,4,0,4,0,4,0
341c-f0d4-70be,7437,3,-95.25,4,1,4,1,4,1,4,1
341c-f0d4-70be,7438,3,-94.75,3,0,3,0,3,0,3,0
341c-f0d4-70be,7439,3,-94.75,3,0,3,0,3,0,3,0
341c-f0d4-70be,7440,3,-94.75,4,1,4,1,4,1,4,1
341c-f0d4-70be,7441,3,-94.25,4,1,4,1,4,1,4,1
341c-f0d4-70be,7442,3,-95.25,4,1,4,1,4,1,4,1
341c-f0d4-70be,7443,3,-95.5,3,0,3,0,3,0,3,0
341c-f0d4-70be,7444,4,-95.25,3,1,3,1,3,1,3,1
341c-f0d4-70be,7445,3,-95.5,3,0,3,0,3,0,3,0
341c-f0d4-70be,7446,3,-94.5,4,1,4,1,4,1,4,1
341c-f0d4-70be,7447,3,-95.0,3,0,3,0,3,0,3,0
341c-f0d4-70be,7448,3,-94.75,3,0,3,0,3,0,3,0
341c-f0d4-70be,7449,3,-95.0,3,0,3,0,3,0,3,0
341c-f0d4-70be,7450,3,-94.75,3,0,3,0,3,0,3,0
341c-f0d4-70be,7451,3,-94.75,4,1,4,1,4,1,4,1
341c-f0d4-70be,7452,3,-95.0,3,0,3,0,3,0,3,0
341c-f0d4-70be,7453,3,-95.25,3,0,3,0,3,0,3,0
341c-f0d4-70be,7454,3,-95.0,3,0,3,0,3,0,3,0
341c-f0d4-70be,7455,4,-94.75,4,0,4,0,4,0,4,0
341c-f0d4-70be,7456,4,-95.0,4,0,4,0,4,0,4,0
341c-f0d4-70be,7457,4,-95.0,4,0,4,0,4,0,4,0
341c-f0d4-70be,7458,4,-94.75,4,0,4,0,4,0,4,0
341c-f0d4-70be,7459,4,-94.25,3,1,3,1,3,1,3,1
341c-f0d4-70be,7460,3,-95.25,3,0,3,0,3,0,3,0
341c-f0d4-70be,7461,3,-94.75,3,0,3,0,3,0,3,0
341c-f0d4-70be,7462,3,-95.5,4,1,4,1,4,1,4,1
341c-f0d4-70be,7463,3,-95.0,4,1,4,1,4,1,4,1
341c-f0d4-70be,7464,5,-95.25,4,1,4,1,4,1,4,1
341c-f0d4-70be,7465,5,-94.75,4,1,4,1,4,1,4,1
341c-f0d4-70be,7466,5,-94.75,4,1,4,1,4,1,4,1
341c-f0d4-70be,7467,5,-95.5,5,0,5,0,5,0,5,0
341c-f0d4-70be,7468,5,-95.25,4,1,4,1,4,1,4,1
341c-f0d4-70be,7469,5,-94.75,4,1,4,1,4,1,4,1
341c-f0d4-70be,7470,5,-95.0,5,0,5,0,5,0,5,0
341c-f0d4-70be,7471,5,-94.25,4,1,4,1,4,1,4,1
341c-f0d4-70be,7472,5,-95.25,4,1,4,1,4,1,4,1
341c-f0d4-70be,7473,5,-94.75,4,1,4,1,4,1,4,1
341c-f0d4-70be,7474,5,-95.0,5,0,5,0,5,0,5,0
341c-f0d4-70be,7475,5,-95.0,4,1,4,1,4,1,4,1
341c-f0d4-70be,7476,5,-95.0,4,1,4,1,4,1,4,1
341c-f0d4-70be,7477,5,-94.75,4,1,4,1,4,1,4,1
341c-f0d4-70be,7478,5,-95.5,4,1,4,1,4,1,4,1
341c-f0d4-70be,7479,5,-95.0,4,1,4,1,4,1,4,1
341c-f0d4-70be,7480,5,-95.0,4,1,4,1,4,1,4,1
341c-f0d4-70be,7481,5,-95.0,4,1,4,1,4,1,4,1
341c-f0d4-70be,7482,5,-94.25,4,1,4,1,4,1,4,1
341c-f0d4-70be,7483,5,-95.0,4,1,4,1,4,1,4,1
341c-f0d4-70be,7484,5,-95.75,3,2,3,2,3,2,3,2
341c-f0d4-70be,7485,5,-95.25,4,1,4,1,4,1,4,1
341c-f0d4-70be,7486,5,-94.75,4,1,4,1,4,1,4,1
341c-f0d4-70be,7487,5,-94.25,4,1,4,1,4,1,4,1
341c-f0d4-70be,7488,5,-94.75,4,1,4,1,4,1,4,1
341c-f0d4-70be,7489,5,-94.75,4,1,4,1,4,1,4,1
341c-f0d4-70be,7490,5,-94.75,4,1,4,1,4,1,4,1
341c-f0d4-70be,7491,5,-95.0,4,1,4,1,4,1,4,1
341c-f0d4-70be,7492,5,-94.75,4,1,4,1,4,1,4,1
341c-f0d4-70be,7493,5,-94.25,4,1,4,1,4,1,4,1
341c-f0d4-70be,7494,5,-94.5,4,1,4,1,4,1,4,1
341c-f0d4-70be,7495,5,-95.25,4,1,4,1,4,1,4,1
341c-f0d4-70be,7496,5,-95.0,4,1,4,1,4,1,4,1
341c-f0d4-70be,7497,5,-95.0,4,1,4,1,4,1,4,1
341c-f0d4-70be,7498,5,-94.75,4,1,4,1,4,1,4,1
341c-f0d4-70be,7499,5,-94.5,3,2,3,2,3,2,3,2
341c-f0d4-70be,7500,5,-95.0,4,1,4,1,4,1,4,1
341c-f0d4-70be,7501,5,-95.25,4,1,4,1,4,1,4,1
341c-f0d4-70be,7502,5,-95.25,3,2,3,2,3,2,3,2
341c-f0d4-70be,7503,5,-94.75,3,2,3,2,3,2,3,2
341c-f0d4-70be,7504,5,-95.25,5,0,5,0,5,0,5,0
341c-f0d4-70be,7505,5,-95.5,4,1,4,1,4,1,4,1
341c-f0d4-70be,7506,5,-94.75,4,1,4,1,4,1,4,1
341c-f0d4-70be,7507,5,-95.25,4,1,4,1,4,1,4,1
341c-f0d4-70be,7508,5,-94.25,4,1,4,1,4,1,4,1
341c-f0d4-70be,7509,5,-95.0,4,1,4,1,4,1,4,1
341c-f0d4-70be,7510,5,-94.5,4,1,4,1,4,1,4,1
341c-f0d4-70be,7511,5,-95.25,4,1,4,1,4,1,4,1
341c-f0d4-70be,7512,5,-94.25,4,1,4,1,4,1,4,1
341c-f0d4-70be,7513,5,-94.75,3,2,3,2,3,2,3,2
341c-f0d4-70be,7514,5,-94.0,4,1,4,1,4,1,4,1
341c-f0d4-70be,7515,5,-94.75,4,1,4,1,4,1,4,1
341c-f0d4-70be,7516,5,-95.0,4,1,4,1,4,1,4,1
341c-f0d4-70be,7517,5,-95.0,4,1,4,1,4,1,4,1
341c-f0d4-70be,7518,5,-94.75,4,1,4,1,4,1,4,1
341c-f0d4-70be,7519,5,-95.25,4,1,4,1,4,1,4,1
341c-f0d4-70be,7520,5,-95.0,4,1,4,1,4,1,4,1
341c-f0d4-70be,7521,5,-94.5,4,1,4,1,4,1,4,1
341c-f0d4-70be,7522,5,-95.0,4,1,4,1,4,1,4,1
341c-f0d4-70be,7523,5,-94.75,4,1,4,1,4,1,4,1
341c-f0d4-70be,7524,5,-94.25,4,1,4,1,4,1,4,1
341c-f0d4-70be,7525,5,-94.75,4,1,4,1,4,1,4,1
341c-f0d4-70be,7526,5,-94.5,4,1,4,1,4,1,4,1
341c-f0d4-70be,7527,5,-95.0,4,1,4,1,4,1,4,1
341c-f0d4-70be,7528,5,-95.25,5,0,5,0,5,0,5,0
341c-f0d4-70be,7529,5,-94.75,4,1,4,1,4,1,4,1
341c-f0d4-70be,7530,5,-94.75,3,2,3,2,3,2,3,2
341c-f0d4-70be,7531,5,-95.0,4,1,4,1,4,1,4,1
341c-f0d4-70be,7532,5,-95.0,5,0,5,0,5,0,5,0
341c-f0d4-70be,7533,5,-95.0,4,1,4,1,4,1,4,1
341c-f0d4-70be,7534,5,-95.25,4,1,4,1,4,1,4,1
341c-f0d4-70be,7535,5,-95.0,3,2,3,2,3,2,3,2
341c-f0d4-70be,7536,5,-94.75,3,2,3,2,3,2,3,2
341c-f0d4-70be,7537,5,-95.25,4,1,4,1,4,1,4,1
341c-f0d4-70be,7538,5,-94.5,4,1,4,1,4,1,4,1
341c-f0d4-70be,7539,5,-94.75,4,1,4,1,4,1,4,1
341c-f0d4-70be,7540,5,-94.5,4,1,4,1,4,1,4,1
341c-f0d4-70be,7541,5,-94.5,4,1,4,1,4,1,4,1
341c-f0d4-70be,7542,5,-94.75,4,1,4,1,4,1,4,1
341c-f0d4-70be,7543,5,-94.75,4,1,4,1,4,1,4,1
341c-f0d4-70be,7544,5,-94.5,4,1,4,1,4,1,4,1
341c-f0d4-70be,7545,5,-94.75,4,1,4,1,4,1,4,1
341c-f0d4-70be,7546,5,-94.5,4,1,4,1,4,1,4,1
341c-f0d4-70be,7547,5,-94.75,4,1,4,1,4,1,4,1
341c-f0d4-70be,7548,5,-94.75,4,1,4,1,4,1,4,1
341c-f0d4-70be,7549,5,-95.0,4,1,4,1,4,1,4,1
341c-f0d4-70be,7550,5,-94.25,4,1,4,1,4,1,4,1
341c-f0d4-70be,7551,5,-94.75,4,1,4,1,4,1,4,1
341c-f0d4-70be,7552,5,-95.25,4,1,4,1,4,1,4,1
341c-f0d4-70be,7553,5,-95.0,3,2,3,2,3,2,3,2
341c-f0d4-70be,7554,5,-95.5,4,1,4,1,4,1,4,1
341c-f0d4-70be,7555,5,-94.75,4,1,4,1,4,1,4,1
341c-f0d4-70be,7556,5,-95.0,5,0,5,0,5,0,5,0
341c-f0d4-70be,7557,5,-94.0,4,1,4,1,4,1,4,1
341c-f0d4-70be,7558,5,-94.25,4,1,4,1,4,1,4,1
341c-f0d4-70be,7559,5,-95.25,4,1,4,1,4,1,4,1
341c-f0d4-70be,7560,5,-94.5,4,1,4,1,4,1,4,1
341c-f0d4-70be,7561,5,-95.0,3,2,3,2,3,2,3,2
341c-f0d4-70be,7562,5,-94.75,4,1,4,1,4,1,4,1
341c-f0d4-70be,7563,5,-94.75,4,1,4,1,4,1,4,1
341c-f0d4-70be,7564,5,-95.0,3,2,3,2,3,2,3,2
341c-f0d4-70be,7565,5,-95.0,4,1,4,1,4,1,4,1
341c-f0d4-70be,7566,4,-94.5,4,0,4,0,4,0,4,0
341c-f0d4-70be,7567,4,-94.5,4,0,4,0,4,0,4,0
341c-f0d4-70be,7568,5,-95.0,4,1,4,1,4,1,4,1
341c-f0d4-70be,7569,4,-95.0,4,0,4,0,4,0,4,0
341c-f0d4-70be,7570,4,-95.0,5,1,5,1,5,1,5,1
341c-f0d4-70be,7571,4,-94.5,5,1,5,1,4,0,5,1
341c-f0d4-70be,7572,4,-95.0,4,0,4,0,4,0,4,0
341c-f0d4-70be,7573,4,-95.0,4,0,4,0,4,0,4,0
341c-f0d4-70be,7574,4,-94.5,4,0,4,0,4,0,4,0
341c-f0d4-70be,7575,4,-94.75,4,0,4,0,4,0,4,0
341c-f0d4-70be,7576,4,-95.0,4,0,4,0,4,0,4,0
341c-f0d4-70be,7577,4,-94.75,4,0,4,0,4,0,4,0
341c-f0d4-70be,7578,4,-95.5,4,0,4,0,4,0,4,0
341c-f0d4-70be,7579,4,-94.5,4,0,4,0,4,0,4,0
341c-f0d4-70be,7580,4,-95.0,4,0,4,0,4,0,4,0
341c-f0d4-70be,7581,4,-95.0,4,0,4,0,4,0,4,0
341c-f0d4-70be,7582,4,-95.25,4,0,4,0,4,0,4,0
341c-f0d4-70be,7583,4,-94.75,4,0,4,0,4,0,4,0
341c-f0d4-70be,7584,4,-94.75,4,0,4,0,4,0,4,0
341c-f0d4-70be,7585,4,-94.5,4,0,4,0,4,0,4,0
341c-f0d4-70be,7586,4,-94.75,4,0,4,0,4,0,4,0
341c-f0d4-70be,7587,4,-94.25,4,0,4,0,4,0,4,0
341c-f0d4-70be,7588,4,-94.5,5,1,5,1,5,1,5,1
341c-f0d4-70be,7589,4,-95.0,5,1,5,1,5,1,5,1
341c-f0d4-70be,7590,4,-94.75,5,1,5,1,5,1,5,1
341c-f0d4-70be,7591,4,-95.25,5,1,5,1,5,1,5,1
341c-f0d4-70be,7592,4,-94.25,5,1,5,1,5,1,5,1
341c-f0d4-70be,7593,4,-94.5,5,1,5,1,5,1,5,1
341c-f0d4-70be,7594,4,-93.75,5,1,5,1,5,1,5,1
341c-f0d4-70be,7595,4,-95.0,5,1,5,1,5,1,5,1
341c-f0d4-70be,7596,4,-95.0,5,1,5,1,5,1,5,1
341c-f0d4-70be,7597,4,-95.25,4,0,4,0,4,0,4,0
341c-f0d4-70be,7598,4,-94.5,5,1,5,1,5,1,5,1
341c-f0d4-70be,7599,4,-94.5,5,1,5,1,5,1,5,1
341c-f0d4-70be,7600,4,-94.75,5,1,5,1,5,1,5,1
341c-f0d4-70be,7601,4,-95.0,5,1,5,1,5,1,5,1
341c-f0d4-70be,7602,4,-95.0,5,1,5,1,5,1,5,1
341c-f0d4-70be,7603,4,-94.5,5,1,5,1,5,1,5,1
341c-f0d4-70be,7604,5,-95.0,5,0,5,0,5,0,5,0
341c-f0d4-70be,7605,5,-95.0,5,0,5,0,5,0,5,0
341c-f0d4-70be,7606,5,-94.5,4,1,4,1,4,1,4,1
341c-f0d4-70be,7607,5,-94.75,5,0,5,0,5,0,5,0
341c-f0d4-70be,7608,5,-95.0,5,0,5,0,5,0,5,0
341c-f0d4-70be,7609,5,-95.0,5,0,5,0,5,0,5,0
341c-f0d4-70be,7610,5,-94.75,5,0,5,0,5,0,5,0
341c-f0d4-70be,7611,5,-94.75,5,0,5,0,5,0,5,0
341c-f0d4-70be,7612,5,-95.0,5,0,5,0,5,0,5,0
341c-f0d4-70be,7613,5,-95.0,5,0,5,0,5,0,5,0
341c-f0d4-70be,7614,5,-94.75,4,1,4,1,4,1,4,1
341c-f0d4-70be,7615,5,-95.0,4,1,4,1,4,1,4,1
341c-f0d4-70be,7616,5,-94.75,4,1,4,1,4,1,4,1
341c-f0d4-70be,7617,5,-95.0,4,1,4,1,4,1,4,1
341c-f0d4-70be,7618,5,-94.5,4,1,4,1,4,1,4,1
341c-f0d4-70be,7619,5,-94.75,4,1,4,1,4,1,4,1
341c-f0d4-70be,7620,5,-95.0,4,1,4,1,4,1,4,1
341c-f0d4-70be,7621,5,-94.75,4,1,4,1,4,1,4,1
341c-f0d4-70be,7622,5,-95.0,4,1,4,1,4,1,4,1
341c-f0d4-70be,7623,5,-93.75,4,1,4,1,4,1,4,1
341c-f0d4-70be,7624,4,-95.5,4,0,4,0,4,0,4,0
341c-f0d4-70be,7625,4,-94.0,5,1,5,1,5,1,5,1
341c-f0d4-70be,7626,4,-94.75,5,1,5,1,5,1,5,1
341c-f0d4-70be,7627,5,-94.25,4,1,4,1,4,1,4,1
341c-f0d4-70be,7628,5,-95.25,4,1,4,1,4,1,4,1
341c-f0d4-70be,7629,5,-94.25,4,1,4,1,4,1,4,1
341c-f0d4-70be,7630,5,-94.75,5,0,5,0,5,0,5,0
341c-f0d4-70be,7631,5,-94.5,5,0,5,0,5,0,5,0
341c-f0d4-70be,7632,5,-94.75,5,0,5,0,5,0,5,0
341c-f0d4-70be,7633,5,-94.25,5,0,5,0,5,0,5,0
341c-f0d4-70be,7634,5,-94.5,5,0,5,0,5,0,5,0
341c-f0d4-70be,7635,5,-95.0,5,0,5,0,5,0,5,0
341c-f0d4-70be,7636,5,-95.25,4,1,4,1,4,1,4,1
341c-f0d4-70be,7637,5,-95.0,5,0,5,0,5,0,5,0
341c-f0d4-70be,7638,5,-95.25,4,1,4,1,4,1,4,1
341c-f0d4-70be,7639,5,-95.0,5,0,5,0,5,0,5,0
341c-f0d4-70be,7640,5,-94.75,5,0,5,0,5,0,5,0
341c-f0d4-70be,7641,5,-94.25,4,1,4,1,4,1,4,1
341c-f0d4-70be,7642,5,-94.75,5,0,5,0,5,0,5,0
341c-f0d4-70be,7643,5,-95.0,4,1,4,1,4,1,4,1
341c-f0d4-70be,7644,5,-94.75,5,0,5,0,5,0,5,0
341c-f0d4-70be,7645,5,-94.75,5,0,5,0,5,0,5,0
341c-f0d4-70be,7646,5,-95.25,5,0,5,0,5,0,5,0
341c-f0d4-70be,7647,5,-94.75,5,0,5,0,5,0,5,0
341c-f0d4-70be,7648,5,-94.5,5,0,5,0,5,0,5,0
341c-f0d4-70be,7649,5,-94.25,5,0,5,0,5,0,5,0
341c-f0d4-70be,7650,5,-94.75,4,1,4,1,4,1,4,1
341c-f0d4-70be,7651,5,-94.75,5,0,5,0,5,0,5,0
341c-f0d4-70be,7652,5,-95.25,3,2,3,2,3,2,3,2
341c-f0d4-70be,7653,5,-94.75,4,1,4,1,4,1,4,1
341c-f0d4-70be,7654,5,-94.0,4,1,4,1,4,1,4,1
341c-f0d4-70be,7655,5,-95.0,4,1,4,1,4,1,4,1
341c-f0d4-70be,7656,5,-95.0,4,1,4,1,4,1,4,1
341c-f0d4-70be,7657,5,-95.0,4,1,4,1,4,1,4,1
341c-f0d4-70be,7658,5,-94.75,4,1,4,1,4,1,4,1
341c-f0d4-70be,7659,5,-94.25,4,1,4,1,4,1,4,1
341c-f0d4-70be,7660,4,-95.25,4,0,4,0,4,0,4,0
341c-f0d4-70be,7661,4,-94.75,4,0,4,0,4,0,4,0
341c-f0d4-70be,7662,5,-95.0,5,0,5,0,5,0,5,0
341c-f0d4-70be,7663,5,-94.75,5,0,5,0,5,0,5,0
341c-f0d4-70be,7664,5,-94.0,5,0,5,0,5,0,5,0
341c-f0d4-70be,7665,4,-94.75,4,0,4,0,4,0,4,0
341c-f0d4-70be,7666,4,-95.25,5,1,5,1,5,1,5,1
341c-f0d4-70be,7667,4,-94.5,5,1,5,1,5,1,5,1
341c-f0d4-70be,7668,4,-95.5,5,1,5,1,6,2,5,1
341c-f0d4-70be,7669,4,-95.0,5,1,5,1,5,1,5,1
341c-f0d4-70be,7670,4,-94.75,5,1,5,1,5,1,5,1
341c-f0d4-70be,7671,4,-95.0,5,1,5,1,5,1,5,1
341c-f0d4-70be,7672,4,-94.25,5,1,5,1,5,1,5,1
341c-f0d4-70be,7673,5,-95.0,4,1,4,1,4,1,4,1
341c-f0d4-70be,7674,5,-94.75,5,0,5,0,5,0,5,0
341c-f0d4-70be,7675,5,-95.0,4,1,4,1,4,1,4,1
341c-f0d4-70be,7676,4,-95.25,5,1,5,1,5,1,5,1
341c-f0d4-70be,7677,4,-94.75,5,1,5,1,5,1,5,1
341c-f0d4-70be,7678,4,-94.75,5,1,5,1,5,1,5,1
341c-f0d4-70be,7679,4,-95.25,5,1,5,1,5,1,5,1
341c-f0d4-70be,7680,4,-95.0,4,0,4,0,4,0,4,0
341c-f0d4-70be,7681,4,-94.75,4,0,4,0,4,0,4,0
341c-f0d4-70be,7682,4,-94.75,4,0,4,0,4,0,4,0
341c-f0d4-70be,7683,4,-94.75,4,0,4,0,4,0,4,0
341c-f0d4-70be,7684,4,-95.25,4,0,4,0,4,0,4,0
341c-f0d4-70be,7685,5,-95.25,2,3,2,3,2,3,2,3
341c-f0d4-70be,7686,5,-94.75,3,2,3,2,3,2,3,2
341c-f0d4-70be,7687,5,-94.5,3,2,3,2,3,2,3,2
341c-f0d4-70be,7688,5,-95.0,3,2,3,2,3,2,3,2
341c-f0d4-70be,7689,5,-95.25,3,2,3,2,3,2,3,2
341c-f0d4-70be,7690,5,-95.25,3,2,3,2,3,2,3,2
341c-f0d4-70be,7691,5,-94.5,3,2,3,2,3,2,3,2
341c-f0d4-70be,7692,5,-95.5,3,2,3,2,3,2,3,2
341c-f0d4-70be,7693,5,-95.25,3,2,3,2,3,2,3,2
341c-f0d4-70be,7694,5,-94.25,3,2,3,2,3,2,3,2
341c-f0d4-70be,7695,5,-95.25,3,2,3,2,3,2,3,2
341c-f0d4-70be,7696,5,-95.5,3,2,3,2,3,2,3,2
341c-f0d4-70be,7697,5,-95.5,3,2,3,2,3,2,3,2
341c-f0d4-70be,7698,5,-95.25,3,2,3,2,3,2,3,2
341c-f0d4-70be,7699,5,-95.5,2,3,2,3,2,3,2,3
341c-f0d4-70be,7700,5,-94.75,3,2,3,2,3,2,3,2
341c-f0d4-70be,7701,5,-94.75,3,2,3,2,3,2,3,2
341c-f0d4-70be,7702,5,-94.5,3,2,2,3,3,2,3,2
341c-f0d4-70be,7703,5,-94.5,3,2,3,2,3,2,3,2
341c-f0d4-70be,7704,5,-95.0,3,2,3,2,3,2,3,2
341c-f0d4-70be,7705,5,-94.75,3,2,3,2,3,2,3,2
341c-f0d4-70be,7706,5,-93.25,2,3,2,3,2,3,2,3
341c-f0d4-70be,7707,5,-95.0,3,2,3,2,3,2,3,2
341c-f0d4-70be,7708,5,-94.75,2,3,2,3,2,3,2,3
341c-f0d4-70be,7709,5,-95.0,3,2,3,2,3,2,3,2
341c-f0d4-70be,7710,5,-95.5,2,3,2,3,2,3,2,3
341c-f0d4-70be,7711,5,-95.0,3,2,3,2,3,2,3,2
bc98-2983-907b,0,2,-95.25,4,2,4,2,4,2,4,2
bc98-2983-907b,1,2,-94.5,3,1,3,1,3,1,3,1
bc98-2983-907b,2,2,-93.75,3,1,3,1,2,0,3,1
bc98-2983-907b,3,2,-94.0,3,1,3,1,3,1,3,1
bc98-2983-907b,4,2,-95.25,3,1,3,1,3,1,3,1
bc98-2983-907b,5,2,-95.25,2,0,2,0,2,0,2,0
bc98-2983-907b,6,2,-95.25,3,1,3,1,3,1,3,1
bc98-2983-907b,7,2,-94.75,3,1,3,1,3,1,3,1
bc98-2983-907b,8,2,-92.75,3,1,2,0,2,0,3,1
bc98-2983-907b,9,2,-94.5,2,0,2,0,2,0,2,0
bc98-2983-907b,10,2,-94.5,2,0,2,0,2,0,2,0
bc98-2983-907b,11,2,-94.5,3,1,3,1,3,1,3,1
bc98-2983-907b,12,2,-93.5,3,1,3,1,2,0,3,1
bc98-2983-907b,13,2,-95.0,3,1,3,1,3,1,3,1
bc98-2983-907b,14,2,-94.0,3,1,3,1,3,1,3,1
bc98-2983-907b,15,2,-92.75,3,1,3,1,3,1,3,1
bc98-2983-907b,16,2,-94.5,2,0,2,0,2,0,2,0
bc98-2983-907b,17,2,-93.75,3,1,3,1,2,0,3,1
bc98-2983-907b,18,2,-90.5,2,0,2,0,2,0,2,0
bc98-2983-907b,19,2,-94.75,3,1,3,1,3,1,3,1
bc98-2983-907b,20,2,-94.75,2,0,2,0,2,0,2,0
bc98-2983-907b,21,2,-94.0,3,1,3,1,3,1,3,1
bc98-2983-907b,22,2,-95.0,3,1,3,1,3,1,3,1
bc98-2983-907b,23,2,-94.75,2,0,2,0,2,0,2,0
bc98-2983-907b,24,2,-95.25,2,0,2,0,2,0,2,0
bc98-2983-907b,25,2,-94.75,2,0,2,0,2,0,2,0
bc98-2983-907b,26,2,-94.75,3,1,3,1,3,1,3,1
bc98-2983-907b,27,2,-94.75,3,1,3,1,3,1,3,1
bc98-2983-907b,28,2,-94.5,3,1,3,1,3,1,3,1
bc98-2983-907b,29,2,-94.5,2,0,2,0,2,0,2,0
bc98-2983-907b,30,2,-95.0,3,1,3,1,3,1,3,1
bc98-2983-907b,31,2,-94.5,3,1,3,1,3,1,3,1
bc98-2983-907b,32,2,-93.25,3,1,2,0,2,0,3,1
bc98-2983-907b,33,2,-94.0,2,0,2,0,2,0,2,0
bc98-2983-907b,34,2,-94.0,3,1,3,1,3,1,3,1
bc98-2983-907b,35,2,-94.0,2,0,2,0,2,0,2,0
bc98-2983-907b,36,2,-94.0,3,1,3,1,3,1,3,1
bc98-2983-907b,37,2,-95.5,2,0,2,0,2,0,2,0
bc98-2983-907b,38,2,-94.5,3,1,3,1,3,1,3,1
bc98-2983-907b,39,2,-94.75,2,0,2,0,2,0,2,0
bc98-2983-907b,40,2,-94.75,2,0,2,0,2,0,2,0
bc98-2983-907b,41,2,-94.5,3,1,3,1,3,1,3,1
bc98-2983-907b,42,2,-95.25,2,0,2,0,2,0,2,0
bc98-2983-907b,43,2,-95.0,3,1,3,1,3,1,3,1
bc98-2983-907b,44,2,-94.5,3,1,3,1,3,1,3,1
bc98-2983-907b,45,2,-95.0,3,1,3,1,3,1,3,1
bc98-2983-907b,46,2,-94.25,3,1,3,1,3,1,3,1
bc98-2983-907b,47,2,-94.25,2,0,2,0,2,0,2,0
bc98-2983-907b,48,2,-94.5,2,0,2,0,2,0,2,0
bc98-2983-907b,49,2,-95.0,2,0,2,0,2,0,2,0
bc98-2983-907b,50,2,-94.0,3,1,3,1,3,1,3,1
bc98-2983-907b,51,2,-94.75,3,1,3,1,3,1,3,1
bc98-2983-907b,52,2,-95.0,2,0,2,0,2,0,2,0
bc98-2983-907b,53,2,-94.75,2,0,2,0,2,0,2,0
bc98-2983-907b,54,2,-94.75,2,0,2,0,2,0,2,0
bc98-2983-907b,55,2,-95.0,2,0,2,0,2,0,2,0
bc98-2983-907b,56,6,-92.75,5,1,5,1,4,2,5,1
bc98-2983-907b,57,6,-92.75,5,1,5,1,4,2,5,1
bc98-2983-907b,58,6,-92.0,5,1,4,2,4,2,5,1
bc98-2983-907b,59,6,-94.0,5,1,5,1,4,2,5,1
bc98-2983-907b,60,6,-93.5,4,2,4,2,4,2,4,2
bc98-2983-907b,61,6,-94.0,5,1,5,1,5,1,5,1
bc98-2983-907b,62,6,-92.75,5,1,5,1,4,2,5,1
bc98-2983-907b,63,6,-94.0,5,1,5,1,5,1,5,1
bc98-2983-907b,64,6,-93.75,5,1,5,1,4,2,5,1
bc98-2983-907b,65,6,-93.5,4,2,4,2,4,2,4,2
bc98-2983-907b,66,6,-94.75,4,2,4,2,4,2,4,2
bc98-2983-907b,67,6,-94.5,5,1,5,1,4,2,5,1
bc98-2983-907b,68,6,-93.75,5,1,5,1,4,2,5,1
bc98-2983-907b,69,6,-92.5,5,1,5,1,4,2,5,1
bc98-2983-907b,70,6,-93.25,5,1,5,1,4,2,5,1
bc98-2983-907b,71,6,-94.0,5,1,5,1,5,1,5,1
bc98-2983-907b,72,6,-92.5,5,1,4,2,4,2,5,1
bc98-2983-907b,73,6,-93.5,4,2,4,2,4,2,4,2
bc98-2983-907b,74,6,-92.5,5,1,5,1,4,2,5,1
bc98-2983-907b,75,6,-92.25,5,1,4,2,4,2,5,1
bc98-2983-907b,76,6,-93.25,4,2,4,2,4,2,4,2
bc98-2983-907b,77,6,-93.25,4,2,4,2,4,2,4,2
bc98-2983-907b,78,6,-93.5,4,2,4,2,4,2,4,2
bc98-2983-907b,79,6,-93.25,5,1,5,1,4,2,5,1
bc98-2983-907b,80,6,-92.25,5,1,5,1,4,2,5,1
bc98-2983-907b,81,6,-93.0,5,1,5,1,4,2,5,1
bc98-2983-907b,82,6,-93.5,4,2,4,2,4,2,4,2
bc98-2983-907b,83,6,-92.0,5,1,4,2,4,2,5,1
bc98-2983-907b,84,6,-93.5,5,1,5,1,4,2,5,1
bc98-2983-907b,85,6,-93.25,5,1,5,1,4,2,5,1
bc98-2983-907b,86,6,-92.0,5,1,4,2,4,2,5,1
bc98-2983-907b,87,6,-88.25,5,1,4,2,3,3,5,1
bc98-2983-907b,88,6,-92.5,5,1,5,1,4,2,5,1
bc98-2983-907b,89,6,-91.75,5,1,4,2,4,2,5,1
bc98-2983-907b,90,6,-92.0,5,1,4,2,4,2,5,1
bc98-2983-907b,91,6,-92.0,5,1,4,2,4,2,5,1
bc98-2983-907b,92,6,-93.0,5,1,5,1,4,2,5,1
bc98-2983-907b,93,6,-93.75,5,1,5,1,4,2,5,1
bc98-2983-907b,94,6,-91.75,5,1,4,2,4,2,5,1
bc98-2983-907b,95,6,-91.25,5,1,4,2,4,2,5,1
bc98-2983-907b,96,6,-92.75,5,1,5,1,4,2,5,1
bc98-2983-907b,97,6,-92.0,5,1,4,2,4,2,5,1
bc98-2983-907b,98,6,-93.0,5,1,5,1,4,2,5,1
bc98-2983-907b,99,6,-93.0,5,1,5,1,4,2,5,1
bc98-2983-907b,100,6,-93.5,5,1,5,1,4,2,5,1
bc98-2983-907b,101,6,-91.75,5,1,4,2,4,2,5,1
bc98-2983-907b,102,6,-92.25,5,1,4,2,4,2,5,1
bc98-2983-907b,103,6,-93.25,5,1,5,1,4,2,5,1
bc98-2983-907b,104,6,-91.25,5,1,4,2,4,2,5,1
bc98-2983-907b,105,6,-93.25,5,1,5,1,4,2,5,1
bc98-2983-907b,106,6,-93.0,5,1,5,1,4,2,5,1
bc98-2983-907b,107,6,-93.5,5,1,5,1,4,2,5,1
bc98-2983-907b,108,6,-91.75,5,1,4,2,4,2,5,1
bc98-2983-907b,109,6,-91.75,5,1,4,2,4,2,5,1
bc98-2983-907b,110,6,-93.75,5,1,5,1,4,2,5,1
bc98-2983-907b,111,6,-91.75,5,1,4,2,4,2,5,1
bc98-2983-907b,112,6,-93.75,5,1,5,1,4,2,5,1
bc98-2983-907b,113,6,-92.25,5,1,4,2,4,2,5,1
bc98-2983-907b,114,6,-90.0,5,1,4,2,4,2,5,1
bc98-2983-907b,115,6,-93.5,5,1,5,1,4,2,5,1
bc98-2983-907b,116,6,-92.0,5,1,4,2,4,2,5,1
bc98-2983-907b,117,6,-92.25,5,1,4,2,4,2,5,1
bc98-2983-907b,118,6,-93.5,5,1,5,1,4,2,5,1
bc98-2983-907b,119,6,-93.0,5,1,5,1,4,2,5,1
bc98-2983-907b,120,6,-94.25,5,1,5,1,4,2,5,1
bc98-2983-907b,121,6,-92.75,5,1,5,1,4,2,5,1
bc98-2983-907b,122,6,-93.0,5,1,5,1,4,2,5,1
bc98-2983-907b,123,6,-93.0,5,1,5,1,4,2,5,1
bc98-2983-907b,124,6,-94.0,5,1,5,1,5,1,5,1
bc98-2983-907b,125,6,-92.5,5,1,5,1,5,1,5,1
bc98-2983-907b,126,6,-93.0,5,1,5,1,4,2,5,1
bc98-2983-907b,127,6,-93.5,5,1,5,1,4,2,5,1
bc98-2983-907b,128,6,-92.25,5,1,4,2,4,2,5,1
bc98-2983-907b,129,6,-93.5,5,1,5,1,4,2,5,1
bc98-2983-907b,130,6,-93.25,5,1,5,1,4,2,5,1
bc98-2983-907b,131,6,-92.75,5,1,5,1,4,2,5,1
bc98-2983-907b,132,6,-93.5,5,1,5,1,4,2,5,1
bc98-2983-907b,133,6,-93.75,5,1,5,1,4,2,5,1
bc98-2983-907b,134,6,-93.0,5,1,5,1,4,2,5,1
bc98-2983-907b,135,6,-92.0,5,1,4,2,4,2,5,1
bc98-2983-907b,136,6,-93.75,5,1,5,1,4,2,5,1
bc98-2983-907b,137,6,-93.5,5,1,5,1,4,2,5,1
bc98-2983-907b,138,6,-94.0,5,1,5,1,5,1,5,1
bc98-2983-907b,139,6,-93.25,5,1,5,1,4,2,5,1
bc98-2983-907b,140,6,-92.75,5,1,5,1,4,2,5,1
bc98-2983-907b,141,6,-93.25,5,1,5,1,4,2,5,1
bc98-2983-907b,142,6,-93.75,5,1,5,1,4,2,5,1
bc98-2983-907b,143,6,-93.75,5,1,5,1,4,2,5,1
bc98-2983-907b,144,6,-92.25,5,1,5,1,4,2,5,1
bc98-2983-907b,145,8,-86.5,7,1,7,1,7,1,7,1
bc98-2983-907b,146,8,-88.25,7,1,7,1,7,1,7,1
bc98-2983-907b,147,9,-87.25,7,2,7,2,6,3,7,2
bc98-2983-907b,148,8,-88.0,7,1,7,1,7,1,7,1
bc98-2983-907b,149,9,-88.5,7,2,7,2,7,2,7,2
bc98-2983-907b,150,8,-88.0,7,1,7,1,7,1,7,1
bc98-2983-907b,151,9,-88.5,7,2,7,2,7,2,7,2
bc98-2983-907b,152,8,-88.5,7,1,7,1,7,1,7,1
bc98-2983-907b,153,9,-87.5,7,2,7,2,7,2,7,2
bc98-2983-907b,154,8,-87.25,7,1,7,1,7,1,7,1
bc98-2983-907b,155,8,-87.25,7,1,7,1,7,1,7,1
bc98-2983-907b,156,8,-87.0,7,1,7,1,7,1,7,1
bc98-2983-907b,157,8,-87.5,7,1,7,1,7,1,7,1
bc98-2983-907b,158,8,-88.5,7,1,7,1,7,1,7,1
bc98-2983-907b,159,9,-87.0,7,2,7,2,7,2,7,2
bc98-2983-907b,160,8,-88.5,7,1,7,1,7,1,7,1
bc98-2983-907b,161,8,-87.75,7,1,7,1,7,1,7,1
bc98-2983-907b,162,8,-89.25,7,1,7,1,7,1,7,1
bc98-2983-907b,163,9,-88.0,7,2,7,2,7,2,7,2
bc98-2983-907b,164,9,-87.5,7,2,7,2,7,2,7,2
bc98-2983-907b,165,9,-88.0,7,2,7,2,7,2,7,2
bc98-2983-907b,166,9,-86.25,7,2,7,2,7,2,7,2
bc98-2983-907b,167,9,-87.75,7,2,7,2,7,2,7,2
bc98-2983-907b,168,9,-87.0,7,2,7,2,7,2,7,2
bc98-2983-907b,169,8,-87.75,7,1,7,1,7,1,7,1
bc98-2983-907b,170,8,-87.0,7,1,7,1,7,1,7,1
bc98-2983-907b,171,8,-89.25,7,1,7,1,7,1,7,1
bc98-2983-907b,172,9,-87.75,7,2,7,2,7,2,7,2
bc98-2983-907b,173,9,-87.5,7,2,7,2,7,2,7,2
bc98-2983-907b,174,9,-86.25,7,2,7,2,7,2,7,2
bc98-2983-907b,175,9,-87.25,7,2,7,2,7,2,7,2
bc98-2983-907b,176,9,-87.0,7,2,7,2,7,2,7,2
bc98-2983-907b,177,9,-87.5,7,2,7,2,7,2,7,2
bc98-2983-907b,178,9,-86.5,7,2,7,2,7,2,7,2
bc98-2983-907b,179,9,-88.0,7,2,7,2,7,2,7,2
bc98-2983-907b,180,9,-90.0,7,2,7,2,7,2,7,2
bc98-2983-907b,181,9,-87.0,7,2,7,2,7,2,7,2
bc98-2983-907b,182,9,-88.75,7,2,7,2,7,2,7,2
bc98-2983-907b,183,9,-88.75,7,2,7,2,7,2,7,2
bc98-2983-907b,184,9,-87.75,7,2,7,2,7,2,7,2
bc98-2983-907b,185,9,-87.25,7,2,7,2,7,2,7,2
bc98-2983-907b,186,9,-88.0,7,2,7,2,7,2,7,2
bc98-2983-907b,187,9,-88.25,7,2,7,2,7,2,7,2
bc98-2983-907b,188,9,-87.25,7,2,7,2,7,2,7,2
bc98-2983-907b,189,9,-88.5,7,2,7,2,7,2,7,2
bc98-2983-907b,190,9,-88.25,7,2,7,2,7,2,7,2
bc98-2983-907b,191,9,-87.75,7,2,7,2,7,2,7,2
bc98-2983-907b,192,9,-87.75,7,2,7,2,7,2,7,2
bc98-2983-907b,193,9,-89.0,7,2,7,2,7,2,7,2
bc98-2983-907b,194,9,-87.25,7,2,7,2,7,2,7,2
bc98-2983-907b,195,9,-88.5,7,2,7,2,7,2,7,2
bc98-2983-907b,196,9,-88.0,7,2,7,2,7,2,7,2
bc98-2983-907b,197,8,-88.5,7,1,7,1,7,1,7,1
bc98-2983-907b,198,9,-88.5,7,2,7,2,7,2,7,2
bc98-2983-907b,199,8,-88.25,7,1,7,1,7,1,7,1
bc98-2983-907b,200,8,-88.0,7,1,7,1,7,1,7,1
bc98-2983-907b,201,8,-87.25,7,1,7,1,7,1,7,1
bc98-2983-907b,202,8,-88.0,7,1,7,1,7,1,7,1
bc98-2983-907b,203,8,-88.0,7,1,7,1,7,1,7,1
bc98-2983-907b,204,9,-89.75,7,2,7,2,7,2,7,2
bc98-2983-907b,205,9,-90.25,7,2,7,2,7,2,7,2
bc98-2983-907b,206,8,-86.75,7,1,7,1,7,1,7,1
bc98-2983-907b,207,8,-88.25,7,1,7,1,7,1,7,1
bc98-2983-907b,208,9,-87.25,7,2,7,2,6,3,7,2
bc98-2983-907b,209,9,-88.25,7,2,7,2,7,2,7,2
bc98-2983-907b,210,9,-88.25,7,2,7,2,7,2,7,2
bc98-2983-907b,211,8,-86.75,7,1,7,1,7,1,7,1
bc98-2983-907b,212,9,-87.5,7,2,7,2,7,2,7,2
bc98-2983-907b,213,8,-87.75,7,1,7,1,7,1,7,1
bc98-2983-907b,214,8,-87.25,7,1,7,1,7,1,7,1
bc98-2983-907b,215,8,-87.25,7,1,7,1,7,1,7,1
bc98-2983-907b,216,9,-89.0,7,2,7,2,7,2,7,2
bc98-2983-907b,217,8,-87.25,7,1,7,1,7,1,7,1
bc98-2983-907b,218,8,-93.0,7,1,7,1,8,0,7,1
bc98-2983-907b,219,7,-93.5,7,0,7,0,7,0,7,0
bc98-2983-907b,220,7,-93.25,7,0,7,0,7,0,7,0
bc98-2983-907b,221,7,-93.25,7,0,7,0,7,0,7,0
bc98-2983-907b,222,7,-92.0,7,0,7,0,7,0,7,0
bc98-2983-907b,223,7,-93.25,7,0,7,0,7,0,7,0
bc98-2983-907b,224,7,-93.0,7,0,7,0,7,0,7,0
bc98-2983-907b,225,7,-92.5,7,0,7,0,7,0,7,0
bc98-2983-907b,226,7,-93.25,7,0,7,0,7,0,7,0
bc98-2983-907b,227,7,-93.5,7,0,7,0,7,0,7,0
bc98-2983-907b,228,7,-93.75,7,0,7,0,7,0,7,0
bc98-2983-907b,229,7,-93.5,7,0,7,0,7,0,7,0
bc98-2983-907b,230,7,-93.0,7,0,7,0,7,0,7,0
bc98-2983-907b,231,7,-93.0,7,0,7,0,7,0,7,0
bc98-2983-907b,232,7,-92.75,7,0,7,0,7,0,7,0
bc98-2983-907b,233,7,-92.5,7,0,7,0,7,0,7,0
bc98-2983-907b,234,7,-92.5,7,0,7,0,7,0,7,0
bc98-2983-907b,235,7,-93.75,7,0,7,0,7,0,7,0
bc98-2983-907b,236,7,-93.5,7,0,7,0,7,0,7,0
bc98-2983-907b,237,7,-93.5,7,0,7,0,7,0,7,0
bc98-2983-907b,238,7,-92.25,7,0,7,0,7,0,7,0
bc98-2983-907b,239,7,-92.25,7,0,7,0,7,0,7,0
bc98-2983-907b,240,7,-93.75,7,0,7,0,7,0,7,0
bc98-2983-907b,241,7,-93.5,7,0,7,0,7,0,7,0
bc98-2983-907b,242,7,-91.75,7,0,7,0,7,0,7,0
bc98-2983-907b,243,7,-92.75,7,0,7,0,7,0,7,0
bc98-2983-907b,244,7,-92.75,7,0,7,0,7,0,7,0
bc98-2983-907b,245,7,-92.5,7,0,7,0,7,0,7,0
bc98-2983-907b,246,7,-93.0,7,0,7,0,7,0,7,0
bc98-2983-907b,247,7,-93.25,7,0,7,0,7,0,7,0
bc98-2983-907b,248,7,-93.0,7,0,7,0,7,0,7,0
bc98-2983-907b,249,7,-93.5,7,0,7,0,7,0,7,0
bc98-2983-907b,250,7,-91.75,7,0,7,0,7,0,7,0
bc98-2983-907b,251,7,-90.5,7,0,7,0,7,0,7,0
bc98-2983-907b,252,7,-90.75,7,0,7,0,7,0,7,0
bc98-2983-907b,253,7,-93.25,7,0,7,0,7,0,7,0
bc98-2983-907b,254,7,-93.75,7,0,7,0,7,0,7,0
bc98-2983-907b,255,7,-92.75,7,0,7,0,7,0,7,0
bc98-2983-907b,256,7,-92.25,7,0,7,0,7,0,7,0
bc98-2983-907b,257,7,-91.25,7,0,7,0,7,0,7,0
bc98-2983-907b,258,7,-94.0,7,0,7,0,7,0,7,0
bc98-2983-907b,259,7,-93.25,7,0,7,0,7,0,7,0
bc98-2983-907b,260,7,-93.0,7,0,7,0,7,0,7,0
bc98-2983-907b,261,7,-93.5,7,0,7,0,7,0,7,0
bc98-2983-907b,262,7,-94.0,7,0,7,0,7,0,7,0
bc98-2983-907b,263,7,-93.5,7,0,7,0,7,0,7,0
bc98-2983-907b,264,7,-93.5,7,0,7,0,7,0,7,0
bc98-2983-907b,265,7,-92.5,7,0,7,0,7,0,7,0
bc98-2983-907b,266,7,-93.25,7,0,7,0,7,0,7,0
bc98-2983-907b,267,7,-92.75,7,0,7,0,7,0,7,0
bc98-2983-907b,268,7,-93.5,7,0,7,0,7,0,7,0
bc98-2983-907b,269,7,-93.0,7,0,7,0,7,0,7,0
bc98-2983-907b,270,7,-93.25,7,0,7,0,7,0,7,0
bc98-2983-907b,271,7,-93.5,7,0,7,0,7,0,7,0
bc98-2983-907b,272,7,-93.75,7,0,7,0,7,0,7,0
bc98-2983-907b,273,7,-93.0,7,0,7,0,7,0,7,0
bc98-2983-907b,274,7,-93.25,7,0,7,0,7,0,7,0
bc98-2983-907b,275,7,-94.0,7,0,7,0,7,0,7,0
bc98-2983-907b,276,7,-93.25,7,0,7,0,7,0,7,0
bc98-2983-907b,277,7,-92.75,7,0,7,0,7,0,7,0
bc98-2983-907b,278,7,-93.5,7,0,7,0,7,0,7,0
bc98-2983-907b,279,7,-93.25,7,0,7,0,7,0,7,0
bc98-2983-907b,280,7,-93.75,7,0,7,0,7,0,7,0
bc98-2983-907b,281,7,-93.75,7,0,7,0,7,0,7,0
bc98-2983-907b,282,7,-93.5,7,0,7,0,7,0,7,0
bc98-2983-907b,283,7,-92.0,7,0,7,0,7,0,7,0
bc98-2983-907b,284,7,-93.0,7,0,7,0,7,0,7,0
bc98-2983-907b,285,7,-93.5,7,0,7,0,7,0,7,0
bc98-2983-907b,286,5,-93.25,7,2,7,2,7,2,7,2
bc98-2983-907b,287,6,-93.0,7,1,7,1,7,1,7,1
bc98-2983-907b,288,6,-93.5,7,1,7,1,7,1,7,1
bc98-2983-907b,289,7,-93.25,7,0,7,0,7,0,7,0
bc98-2983-907b,290,7,-93.25,7,0,7,0,7,0,7,0
bc98-2983-907b,291,7,-93.0,7,0,7,0,7,0,7,0
bc98-2983-907b,292,6,-92.5,7,1,7,1,7,1,7,1
bc98-2983-907b,293,6,-93.5,7,1,7,1,7,1,7,1
bc98-2983-907b,294,7,-93.5,7,0,7,0,7,0,7,0
bc98-2983-907b,295,7,-92.75,7,0,7,0,7,0,7,0
bc98-2983-907b,296,7,-93.5,7,0,7,0,7,0,7,0
bc98-2983-907b,297,7,-93.25,7,0,7,0,7,0,7,0
bc98-2983-907b,298,7,-93.0,7,0,7,0,7,0,7,0
bc98-2983-907b,299,7,-93.0,7,0,7,0,7,0,7,0
bc98-2983-907b,300,7,-93.25,7,0,7,0,7,0,7,0
bc98-2983-907b,301,7,-93.5,7,0,7,0,7,0,7,0
bc98-2983-907b,302,7,-94.0,7,0,7,0,7,0,7,0
bc98-2983-907b,303,7,-93.75,7,0,7,0,7,0,7,0
bc98-2983-907b,304,7,-93.25,7,0,7,0,7,0,7,0
bc98-2983-907b,305,7,-93.75,7,0,7,0,7,0,7,0
bc98-2983-907b,306,7,-93.25,7,0,7,0,7,0,7,0
bc98-2983-907b,307,6,-93.5,7,1,7,1,7,1,7,1
bc98-2983-907b,308,6,-93.25,7,1,7,1,7,1,7,1
bc98-2983-907b,309,6,-93.5,7,1,7,1,7,1,7,1
bc98-2983-907b,310,6,-93.5,7,1,7,1,7,1,7,1
bc98-2983-907b,311,6,-93.25,7,1,7,1,7,1,7,1
bc98-2983-907b,312,7,-93.75,7,0,7,0,7,0,7,0
bc98-2983-907b,313,7,-92.75,7,0,7,0,7,0,7,0
bc98-2983-907b,314,7,-93.25,7,0,7,0,7,0,7,0
bc98-2983-907b,315,7,-93.0,7,0,7,0,7,0,7,0
bc98-2983-907b,316,7,-93.5,7,0,7,0,7,0,7,0
bc98-2983-907b,317,7,-93.5,7,0,7,0,7,0,7,0
bc98-2983-907b,318,7,-93.75,7,0,7,0,7,0,7,0
bc98-2983-907b,319,7,-93.0,7,0,7,0,7,0,7,0
bc98-2983-907b,320,7,-93.25,7,0,7,0,7,0,7,0
bc98-2983-907b,321,7,-93.75,7,0,7,0,7,0,7,0
bc98-2983-907b,322,6,-93.25,7,1,7,1,7,1,7,1
bc98-2983-907b,323,6,-93.0,7,1,7,1,7,1,7,1
bc98-2983-907b,324,7,-93.0,7,0,7,0,7,0,7,0
bc98-2983-907b,325,7,-93.5,7,0,7,0,7,0,7,0
bc98-2983-907b,326,7,-92.5,7,0,7,0,7,0,7,0
bc98-2983-907b,327,7,-93.25,7,0,7,0,7,0,7,0
bc98-2983-907b,328,7,-93.0,7,0,7,0,7,0,7,0
bc98-2983-907b,329,7,-93.0,7,0,7,0,7,0,7,0
bc98-2983-907b,330,7,-93.0,7,0,7,0,7,0,7,0
bc98-2983-907b,331,7,-93.25,7,0,7,0,7,0,7,0
bc98-2983-907b,332,7,-93.25,7,0,7,0,7,0,7,0
bc98-2983-907b,333,7,-93.25,7,0,7,0,7,0,7,0
bc98-2983-907b,334,6,-94.0,7,1,7,1,7,1,7,1
bc98-2983-907b,335,7,-92.75,7,0,7,0,7,0,7,0
bc98-2983-907b,336,7,-93.5,7,0,7,0,7,0,7,0
bc98-2983-907b,337,7,-93.5,7,0,7,0,7,0,7,0
bc98-2983-907b,338,7,-93.5,7,0,7,0,7,0,7,0
bc98-2983-907b,339,7,-93.5,7,0,7,0,7,0,7,0
bc98-2983-907b,340,7,-93.5,7,0,7,0,7,0,7,0
bc98-2983-907b,341,7,-93.75,7,0,7,0,7,0,7,0
bc98-2983-907b,342,6,-93.75,7,1,7,1,7,1,7,1
bc98-2983-907b,343,6,-92.75,7,1,7,1,7,1,7,1
bc98-2983-907b,344,6,-93.5,7,1,7,1,7,1,7,1
bc98-2983-907b,345,6,-93.0,7,1,7,1,7,1,7,1
bc98-2983-907b,346,6,-94.0,7,1,7,1,7,1,7,1
bc98-2983-907b,347,6,-94.0,7,1,7,1,7,1,7,1
bc98-2983-907b,348,6,-93.25,7,1,7,1,7,1,7,1
bc98-2983-907b,349,6,-93.5,7,1,7,1,7,1,7,1
bc98-2983-907b,350,6,-93.5,7,1,7,1,7,1,7,1
bc98-2983-907b,351,6,-93.0,7,1,7,1,7,1,7,1
bc98-2983-907b,352,6,-93.5,7,1,7,1,7,1,7,1
bc98-2983-907b,353,6,-93.75,7,1,7,1,7,1,7,1
bc98-2983-907b,354,6,-93.5,7,1,7,1,7,1,7,1
bc98-2983-907b,355,6,-94.0,7,1,7,1,7,1,7,1
bc98-2983-907b,356,6,-93.5,7,1,7,1,7,1,7,1
bc98-2983-907b,357,6,-94.25,7,1,7,1,7,1,7,1
bc98-2983-907b,358,6,-93.0,7,1,7,1,7,1,7,1
bc98-2983-907b,359,6,-93.75,7,1,7,1,7,1,7,1
bc98-2983-907b,360,6,-81.0,7,1,5,1,3,3,7,1
bc98-2983-907b,361,6,-93.5,7,1,7,1,7,1,7,1
bc98-2983-907b,362,6,-93.25,7,1,7,1,7,1,7,1
bc98-2983-907b,363,7,-93.5,7,0,7,0,7,0,7,0
bc98-2983-907b,364,7,-93.0,7,0,7,0,7,0,7,0
bc98-2983-907b,365,4,-95.0,4,0,4,0,4,0,4,0
bc98-2983-907b,366,4,-94.0,4,0,4,0,4,0,4,0
bc98-2983-907b,367,4,-95.25,3,1,3,1,3,1,3,1
bc98-2983-907b,368,4,-95.0,5,1,5,1,5,1,5,1
bc98-2983-907b,369,4,-94.5,3,1,3,1,3,1,3,1
bc98-2983-907b,370,5,-94.5,3,2,2,3,3,2,3,2
bc98-2983-907b,371,5,-95.5,3,2,3,2,3,2,3,2
bc98-2983-907b,372,4,-95.0,3,1,3,1,3,1,3,1
bc98-2983-907b,373,4,-94.5,5,1,5,1,5,1,5,1
bc98-2983-907b,374,4,-94.5,3,1,2,2,3,1,3,1
bc98-2983-907b,375,4,-95.25,4,0,4,0,4,0,4,0
bc98-2983-907b,376,4,-95.0,5,1,5,1,5,1,5,1
bc98-2983-907b,377,4,-95.25,4,0,4,0,4,0,4,0
bc98-2983-907b,378,4,-94.75,5,1,5,1,5,1,5,1
bc98-2983-907b,379,4,-94.75,5,1,5,1,5,1,5,1
bc98-2983-907b,380,4,-94.75,5,1,5,1,5,1,5,1
bc98-2983-907b,381,5,-95.0,4,1,4,1,4,1,4,1
bc98-2983-907b,382,3,-95.25,4,1,4,1,4,1,4,1
bc98-2983-907b,383,4,-94.5,4,0,5,1,5,1,4,0
bc98-2983-907b,384,4,-95.25,5,1,5,1,5,1,5,1
bc98-2983-907b,385,4,-94.75,3,1,3,1,3,1,3,1
bc98-2983-907b,386,4,-94.5,4,0,4,0,4,0,4,0
bc98-2983-907b,387,4,-94.5,3,1,3,1,3,1,3,1
bc98-2983-907b,388,4,-95.0,4,0,5,1,5,1,4,0
bc98-2983-907b,389,4,-94.5,4,0,5,1,5,1,4,0
bc98-2983-907b,390,4,-93.25,3,1,3,1,3,1,3,1
bc98-2983-907b,391,4,-94.75,3,1,3,1,3,1,3,1
bc98-2983-907b,392,4,-94.75,3,1,3,1,3,1,3,1
bc98-2983-907b,393,4,-94.5,3,1,3,1,3,1,3,1
bc98-2983-907b,394,4,-94.5,3,1,2,2,3,1,3,1
bc98-2983-907b,395,4,-94.75,3,1,3,1,3,1,3,1
bc98-2983-907b,396,4,-95.25,3,1,3,1,3,1,3,1
bc98-2983-907b,397,4,-95.25,3,1,3,1,3,1,3,1
bc98-2983-907b,398,4,-95.0,3,1,3,1,3,1,3,1
bc98-2983-907b,399,5,-95.0,3,2,3,2,3,2,3,2
bc98-2983-907b,400,4,-95.0,5,1,5,1,5,1,5,1
bc98-2983-907b,401,4,-95.0,5,1,5,1,5,1,5,1
bc98-2983-907b,402,4,-94.75,3,1,3,1,3,1,3,1
bc98-2983-907b,403,4,-95.0,3,1,3,1,3,1,3,1
bc98-2983-907b,404,4,-95.0,5,1,5,1,5,1,5,1
bc98-2983-907b,405,5,-95.25,3,2,3,2,3,2,3,2
bc98-2983-907b,406,3,-94.5,3,0,3,0,3,0,3,0
bc98-2983-907b,407,3,-95.0,3,0,3,0,3,0,3,0
bc98-2983-907b,408,3,-95.0,3,0,3,0,3,0,3,0
bc98-2983-907b,409,4,-95.0,3,1,3,1,3,1,3,1
bc98-2983-907b,410,4,-95.0,3,1,3,1,3,1,3,1
bc98-2983-907b,411,4,-95.0,3,1,3,1,3,1,3,1
bc98-2983-907b,412,5,-94.75,3,2,3,2,3,2,3,2
bc98-2983-907b,413,4,-95.5,3,1,3,1,3,1,3,1
bc98-2983-907b,414,5,-94.5,5,0,5,0,5,0,5,0
bc98-2983-907b,415,5,-95.0,4,1,4,1,4,1,4,1
bc98-2983-907b,416,3,-95.0,3,0,3,0,3,0,3,0
bc98-2983-907b,417,3,-94.75,4,1,4,1,4,1,4,1
bc98-2983-907b,418,3,-94.75,3,0,3,0,3,0,3,0
bc98-2983-907b,419,4,-93.25,4,0,4,0,4,0,4,0
bc98-2983-907b,420,5,-92.5,4,1,4,1,4,1,4,1
bc98-2983-907b,421,5,-93.5,5,0,5,0,4,1,5,0
bc98-2983-907b,422,5,-92.25,5,0,4,1,4,1,5,0
bc98-2983-907b,423,5,-93.25,4,1,4,1,3,2,4,1
bc98-2983-907b,424,5,-92.5,5,0,4,1,4,1,5,0
bc98-2983-907b,425,5,-94.0,4,1,4,1,4,1,4,1
bc98-2983-907b,426,5,-93.0,4,1,4,1,3,2,4,1
bc98-2983-907b,427,5,-94.25,4,1,4,1,4,1,4,1
bc98-2983-907b,428,5,-93.75,4,1,4,1,3,2,4,1
bc98-2983-907b,429,5,-94.0,4,1,4,1,4,1,4,1
bc98-2983-907b,430,5,-94.5,4,1,4,1,4,1,4,1
bc98-2983-907b,431,5,-94.75,4,1,4,1,4,1,4,1
bc98-2983-907b,432,5,-94.5,4,1,4,1,4,1,4,1
bc98-2983-907b,433,5,-93.75,4,1,4,1,4,1,4,1
bc98-2983-907b,434,5,-94.0,5,0,5,0,5,0,5,0
bc98-2983-907b,435,5,-93.25,4,1,4,1,4,1,4,1
bc98-2983-907b,436,5,-94.5,4,1,4,1,4,1,4,1
bc98-2983-907b,437,5,-94.25,4,1,4,1,4,1,4,1
bc98-2983-907b,438,5,-93.25,4,1,4,1,4,1,4,1
bc98-2983-907b,439,5,-92.0,4,1,4,1,4,1,4,1
bc98-2983-907b,440,5,-94.25,4,1,4,1,4,1,4,1
bc98-2983-907b,441,5,-93.5,4,1,4,1,4,1,4,1
bc98-2983-907b,442,5,-93.75,4,1,4,1,4,1,4,1
bc98-2983-907b,443,5,-93.5,4,1,4,1,3,2,4,1
bc98-2983-907b,444,5,-93.75,4,1,4,1,4,1,4,1
bc98-2983-907b,445,5,-93.75,4,1,4,1,4,1,4,1
bc98-2983-907b,446,5,-93.25,5,0,5,0,4,1,5,0
bc98-2983-907b,447,5,-93.5,4,1,4,1,3,2,4,1
bc98-2983-907b,448,5,-93.5,4,1,4,1,4,1,4,1
bc98-2983-907b,449,5,-94.25,4,1,4,1,4,1,4,1
bc98-2983-907b,450,5,-94.0,4,1,4,1,4,1,4,1
bc98-2983-907b,451,5,-93.5,4,1,4,1,3,2,4,1
bc98-2983-907b,452,5,-94.0,4,1,4,1,4,1,4,1
bc98-2983-907b,453,5,-93.5,4,1,4,1,4,1,4,1
bc98-2983-907b,454,5,-93.5,4,1,4,1,4,1,4,1
bc98-2983-907b,455,5,-94.5,4,1,4,1,4,1,4,1
bc98-2983-907b,456,5,-94.75,4,1,4,1,4,1,4,1
bc98-2983-907b,457,5,-94.25,4,1,4,1,4,1,4,1
bc98-2983-907b,458,5,-93.75,4,1,4,1,4,1,4,1
bc98-2983-907b,459,5,-94.0,4,1,4,1,4,1,4,1
bc98-2983-907b,460,5,-93.75,4,1,4,1,4,1,4,1
bc98-2983-907b,461,5,-93.75,4,1,4,1,4,1,4,1
bc98-2983-907b,462,5,-94.5,4,1,4,1,4,1,4,1
bc98-2983-907b,463,5,-94.5,4,1,4,1,4,1,4,1
bc98-2983-907b,464,5,-94.5,5,0,5,0,5,0,5,0
bc98-2983-907b,465,5,-94.25,5,0,5,0,4,1,5,0
bc98-2983-907b,466,5,-93.75,4,1,4,1,4,1,4,1
bc98-2983-907b,467,5,-94.0,4,1,4,1,4,1,4,1
bc98-2983-907b,468,5,-94.25,4,1,4,1,4,1,4,1
bc98-2983-907b,469,5,-94.25,4,1,4,1,4,1,4,1
bc98-2983-907b,470,5,-95.0,3,2,3,2,3,2,3,2
bc98-2983-907b,471,5,-93.75,4,1,4,1,3,2,4,1
bc98-2983-907b,472,5,-94.25,3,2,3,2,3,2,3,2
bc98-2983-907b,473,5,-94.0,4,1,4,1,3,2,4,1
bc98-2983-907b,474,5,-93.5,4,1,3,2,3,2,4,1
bc98-2983-907b,475,5,-94.0,4,1,4,1,3,2,4,1
bc98-2983-907b,476,5,-94.0,4,1,4,1,3,2,4,1
bc98-2983-907b,477,5,-93.25,3,2,3,2,3,2,3,2
bc98-2983-907b,478,5,-93.75,3,2,3,2,3,2,3,2
bc98-2983-907b,479,5,-94.5,3,2,3,2,3,2,3,2
bc98-2983-907b,480,5,-93.75,3,2,3,2,3,2,3,2
bc98-2983-907b,481,5,-93.75,4,1,3,2,3,2,4,1
bc98-2983-907b,482,5,-94.0,4,1,4,1,3,2,4,1
bc98-2983-907b,483,5,-94.5,4,1,4,1,4,1,4,1
bc98-2983-907b,484,5,-94.0,3,2,3,2,3,2,3,2
bc98-2983-907b,485,5,-94.5,4,1,4,1,4,1,4,1
bc98-2983-907b,486,5,-93.75,4,1,4,1,4,1,4,1
bc98-2983-907b,487,5,-94.0,4,1,4,1,3,2,4,1
bc98-2983-907b,488,5,-94.25,3,2,3,2,3,2,3,2
bc98-2983-907b,489,5,-94.0,4,1,4,1,3,2,4,1
bc98-2983-907b,490,5,-94.0,4,1,4,1,3,2,4,1
bc98-2983-907b,491,5,-93.75,4,1,3,2,3,2,4,1
bc98-2983-907b,492,5,-94.5,4,1,4,1,4,1,4,1
bc98-2983-907b,493,5,-94.0,4,1,4,1,3,2,4,1
bc98-2983-907b,494,5,-94.25,4,1,4,1,3,2,4,1
bc98-2983-907b,495,5,-94.0,4,1,4,1,3,2,4,1
bc98-2983-907b,496,5,-94.0,3,2,3,2,3,2,3,2
bc98-2983-907b,497,5,-94.25,4,1,4,1,3,2,4,1
bc98-2983-907b,498,5,-94.0,4,1,4,1,3,2,4,1
bc98-2983-907b,499,5,-94.25,3,2,3,2,3,2,3,2
bc98-2983-907b,500,5,-94.0,3,2,3,2,3,2,3,2
bc98-2983-907b,501,5,-94.0,4,1,4,1,3,2,4,1
bc98-2983-907b,502,5,-94.25,4,1,4,1,3,2,4,1
bc98-2983-907b,503,5,-94.25,4,1,4,1,3,2,4,1
bc98-2983-907b,504,5,-93.75,3,2,3,2,3,2,3,2
bc98-2983-907b,505,5,-94.0,4,1,4,1,3,2,4,1
bc98-2983-907b,506,5,-94.0,3,2,3,2,3,2,3,2
bc98-2983-907b,507,5,-93.75,3,2,3,2,3,2,3,2
bc98-2983-907b,508,5,-94.0,4,1,4,1,3,2,4,1
bc98-2983-907b,509,5,-94.25,3,2,3,2,3,2,3,2
bc98-2983-907b,510,5,-93.25,4,1,3,2,3,2,4,1
bc98-2983-907b,511,5,-94.5,4,1,4,1,4,1,4,1
bc98-2983-907b,512,5,-94.75,3,2,3,2,3,2,3,2
bc98-2983-907b,513,5,-94.0,4,1,4,1,3,2,4,1
bc98-2983-907b,514,5,-94.0,4,1,4,1,3,2,4,1
bc98-2983-907b,515,5,-94.25,4,1,4,1,3,2,4,1
bc98-2983-907b,516,5,-94.5,3,2,3,2,3,2,3,2
bc98-2983-907b,517,5,-94.25,3,2,3,2,3,2,3,2
bc98-2983-907b,518,5,-94.5,4,1,4,1,3,2,4,1
bc98-2983-907b,519,3,-94.25,3,0,3,0,3,0,3,0
bc98-2983-907b,520,3,-95.25,3,0,3,0,3,0,3,0
bc98-2983-907b,521,3,-94.0,3,0,3,0,3,0,3,0
bc98-2983-907b,522,3,-93.75,3,0,3,0,3,0,3,0
bc98-2983-907b,523,3,-94.25,3,0,3,0,3,0,3,0
bc98-2983-907b,524,3,-94.25,3,0,3,0,3,0,3,0
bc98-2983-907b,525,3,-94.0,3,0,3,0,2,1,3,0
bc98-2983-907b,526,3,-94.5,3,0,3,0,3,0,3,0
bc98-2983-907b,527,3,-94.25,3,0,3,0,3,0,3,0
bc98-2983-907b,528,3,-94.75,3,0,3,0,3,0,3,0
bc98-2983-907b,529,3,-95.25,3,0,3,0,3,0,3,0
bc98-2983-907b,530,3,-94.25,3,0,3,0,3,0,3,0
bc98-2983-907b,531,3,-94.5,3,0,3,0,3,0,3,0
bc98-2983-907b,532,3,-94.5,3,0,3,0,3,0,3,0
bc98-2983-907b,533,3,-94.5,3,0,3,0,3,0,3,0
bc98-2983-907b,534,3,-94.5,3,0,3,0,3,0,3,0
bc98-2983-907b,535,3,-94.5,3,0,3,0,3,0,3,0
bc98-2983-907b,536,3,-94.25,3,0,3,0,3,0,3,0
bc98-2983-907b,537,3,-94.25,3,0,3,0,3,0,3,0
bc98-2983-907b,538,3,-94.0,3,0,3,0,3,0,3,0
bc98-2983-907b,539,3,-94.0,3,0,3,0,3,0,3,0
bc98-2983-907b,540,3,-94.0,3,0,3,0,3,0,3,0
bc98-2983-907b,541,3,-95.0,3,0,3,0,3,0,3,0
bc98-2983-907b,542,3,-94.0,4,1,4,1,4,1,4,1
bc98-2983-907b,543,3,-95.75,4,1,4,1,4,1,4,1
bc98-2983-907b,544,3,-94.75,3,0,3,0,3,0,3,0
bc98-2983-907b,545,3,-94.0,3,0,3,0,3,0,3,0
bc98-2983-907b,546,3,-94.0,3,0,3,0,3,0,3,0
bc98-2983-907b,547,3,-94.25,3,0,3,0,3,0,3,0
bc98-2983-907b,548,3,-94.0,3,0,3,0,3,0,3,0
bc98-2983-907b,549,3,-94.5,3,0,3,0,3,0,3,0
bc98-2983-907b,550,3,-94.5,3,0,3,0,3,0,3,0
bc98-2983-907b,551,3,-94.25,3,0,3,0,3,0,3,0
bc98-2983-907b,552,3,-95.0,3,0,3,0,3,0,3,0
bc98-2983-907b,553,3,-94.75,3,0,3,0,3,0,3,0
bc98-2983-907b,554,3,-94.5,4,1,4,1,4,1,4,1
bc98-2983-907b,555,3,-94.75,3,0,3,0,3,0,3,0
bc98-2983-907b,556,3,-94.5,3,0,3,0,3,0,3,0
bc98-2983-907b,557,3,-93.75,3,0,3,0,3,0,3,0
bc98-2983-907b,558,3,-94.0,3,0,3,0,3,0,3,0
bc98-2983-907b,559,3,-93.75,4,1,4,1,4,1,4,1
bc98-2983-907b,560,3,-93.5,3,0,3,0,3,0,3,0
bc98-2983-907b,561,3,-94.0,3,0,3,0,3,0,3,0
bc98-2983-907b,562,3,-93.5,3,0,3,0,3,0,3,0
bc98-2983-907b,563,3,-94.25,3,0,3,0,3,0,3,0
bc98-2983-907b,564,3,-92.25,3,0,3,0,3,0,3,0
bc98-2983-907b,565,3,-94.0,3,0,3,0,3,0,3,0
bc98-2983-907b,566,3,-94.75,4,1,4,1,4,1,4,1
bc98-2983-907b,567,3,-94.5,3,0,3,0,3,0,3,0
bc98-2983-907b,568,3,-95.0,4,1,4,1,4,1,4,1
bc98-2983-907b,569,3,-95.25,3,0,3,0,3,0,3,0
bc98-2983-907b,570,4,-94.5,5,1,5,1,5,1,5,1
bc98-2983-907b,571,4,-95.0,4,0,4,0,4,0,4,0
bc98-2983-907b,572,4,-94.75,4,0,4,0,4,0,4,0
bc98-2983-907b,573,5,-94.5,4,1,4,1,4,1,4,1
bc98-2983-907b,574,5,-94.25,4,1,4,1,4,1,4,1
bc98-2983-907b,575,5,-94.5,4,1,4,1,4,1,4,1
bc98-2983-907b,576,5,-94.75,4,1,4,1,4,1,4,1
bc98-2983-907b,577,5,-93.0,4,1,4,1,4,1,4,1
bc98-2983-907b,578,5,-94.5,4,1,4,1,4,1,4,1
bc98-2983-907b,579,5,-94.75,4,1,4,1,4,1,4,1
bc98-2983-907b,580,5,-94.75,5,0,5,0,4,1,5,0
bc98-2983-907b,581,5,-93.5,4,1,4,1,3,2,4,1
bc98-2983-907b,582,5,-94.5,4,1,4,1,4,1,4,1
bc98-2983-907b,583,5,-94.75,4,1,4,1,4,1,4,1
bc98-2983-907b,584,5,-95.0,4,1,4,1,4,1,4,1
bc98-2983-907b,585,5,-94.5,4,1,4,1,4,1,4,1
bc98-2983-907b,586,5,-95.25,4,1,4,1,4,1,4,1
bc98-2983-907b,587,5,-95.0,4,1,4,1,4,1,4,1
bc98-2983-907b,588,5,-95.0,5,0,5,0,4,1,5,0
bc98-2983-907b,589,5,-94.75,4,1,4,1,4,1,4,1
bc98-2983-907b,590,5,-94.75,4,1,4,1,4,1,4,1
bc98-2983-907b,591,5,-95.25,4,1,4,1,4,1,4,1
bc98-2983-907b,592,5,-94.5,4,1,4,1,4,1,4,1
bc98-2983-907b,593,5,-94.75,5,0,5,0,5,0,5,0
bc98-2983-907b,594,5,-94.25,4,1,4,1,4,1,4,1
bc98-2983-907b,595,5,-94.5,4,1,4,1,4,1,4,1
bc98-2983-907b,596,5,-94.0,4,1,4,1,4,1,4,1
bc98-2983-907b,597,5,-94.25,4,1,4,1,4,1,4,1
bc98-2983-907b,598,5,-95.0,4,1,4,1,4,1,4,1
bc98-2983-907b,599,5,-95.0,4,1,4,1,4,1,4,1
bc98-2983-907b,600,5,-95.0,4,1,4,1,4,1,4,1
bc98-2983-907b,601,5,-94.75,4,1,4,1,4,1,4,1
bc98-2983-907b,602,3,-94.5,4,1,4,1,4,1,4,1
bc98-2983-907b,603,3,-94.75,4,1,4,1,4,1,4,1
bc98-2983-907b,604,4,-93.75,4,0,4,0,3,1,4,0
bc98-2983-907b,605,5,-94.75,4,1,4,1,4,1,4,1
bc98-2983-907b,606,5,-95.0,4,1,4,1,4,1,4,1
bc98-2983-907b,607,5,-94.5,4,1,4,1,4,1,4,1
bc98-2983-907b,608,5,-94.75,4,1,4,1,4,1,4,1
bc98-2983-907b,609,5,-94.0,4,1,4,1,4,1,4,1
bc98-2983-907b,610,5,-94.5,3,2,3,2,3,2,3,2
bc98-2983-907b,611,5,-94.5,3,2,3,2,3,2,3,2
bc98-2983-907b,612,5,-95.25,4,1,4,1,4,1,4,1
bc98-2983-907b,613,5,-94.75,4,1,4,1,4,1,4,1
bc98-2983-907b,614,5,-94.75,4,1,4,1,4,1,4,1
bc98-2983-907b,615,5,-94.5,4,1,4,1,4,1,4,1
bc98-2983-907b,616,5,-94.25,3,2,3,2,3,2,3,2
bc98-2983-907b,617,3,-94.5,4,1,4,1,4,1,4,1
bc98-2983-907b,618,4,-95.0,4,0,4,0,4,0,4,0
bc98-2983-907b,619,4,-93.5,4,0,4,0,3,1,4,0
bc98-2983-907b,620,5,-94.5,4,1,4,1,4,1,4,1
bc98-2983-907b,621,5,-94.5,4,1,4,1,4,1,4,1
bc98-2983-907b,622,5,-94.75,4,1,4,1,4,1,4,1
bc98-2983-907b,623,5,-92.5,5,0,4,1,4,1,5,0
bc98-2983-907b,624,5,-94.5,5,0,5,0,5,0,5,0
bc98-2983-907b,625,3,-94.5,3,0,3,0,3,0,3,0
bc98-2983-907b,626,3,-94.0,4,1,4,1,4,1,4,1
bc98-2983-907b,627,3,-94.25,4,1,4,1,4,1,4,1
bc98-2983-907b,628,3,-94.0,4,1,4,1,4,1,4,1
bc98-2983-907b,629,3,-94.75,4,1,4,1,4,1,4,1
bc98-2983-907b,630,3,-94.0,4,1,4,1,4,1,4,1
bc98-2983-907b,631,3,-94.75,4,1,4,1,4,1,4,1
bc98-2983-907b,632,3,-94.0,4,1,4,1,4,1,4,1
bc98-2983-907b,633,3,-94.5,4,1,4,1,4,1,4,1
bc98-2983-907b,634,3,-94.75,4,1,4,1,4,1,4,1
bc98-2983-907b,635,3,-94.0,4,1,4,1,4,1,4,1
bc98-2983-907b,636,3,-95.0,4,1,4,1,4,1,4,1
bc98-2983-907b,637,3,-94.5,4,1,4,1,4,1,4,1
bc98-2983-907b,638,3,-94.5,4,1,4,1,4,1,4,1
bc98-2983-907b,639,2,-95.5,4,2,4,2,5,3,4,2
bc98-2983-907b,640,3,-94.75,4,1,4,1,4,1,4,1
bc98-2983-907b,641,3,-95.0,3,0,3,0,3,0,3,0
bc98-2983-907b,642,3,-95.25,4,1,4,1,4,1,4,1
bc98-2983-907b,643,3,-95.25,4,1,4,1,4,1,4,1
bc98-2983-907b,644,3,-94.75,4,1,4,1,4,1,4,1
bc98-2983-907b,645,3,-95.25,3,0,3,0,3,0,3,0
bc98-2983-907b,646,2,-94.75,4,2,4,2,4,2,4,2
bc98-2983-907b,647,2,-94.75,4,2,4,2,4,2,4,2
bc98-2983-907b,648,2,-95.0,4,2,4,2,4,2,4,2
bc98-2983-907b,649,2,-94.5,4,2,4,2,4,2,4,2
bc98-2983-907b,650,2,-94.5,4,2,4,2,4,2,4,2
bc98-2983-907b,651,2,-93.25,4,2,4,2,3,1,4,2
bc98-2983-907b,652,2,-95.0,5,3,5,3,5,3,5,3
bc98-2983-907b,653,2,-95.25,4,2,4,2,4,2,4,2
bc98-2983-907b,654,2,-95.0,4,2,4,2,4,2,4,2
bc98-2983-907b,655,3,-94.75,4,1,4,1,4,1,4,1
bc98-2983-907b,656,2,-95.0,4,2,4,2,4,2,4,2
bc98-2983-907b,657,2,-95.0,4,2,4,2,4,2,4,2
bc98-2983-907b,658,2,-94.5,4,2,4,2,4,2,4,2
bc98-2983-907b,659,3,-94.5,4,1,4,1,4,1,4,1
bc98-2983-907b,660,2,-95.0,4,2,4,2,4,2,4,2
bc98-2983-907b,661,2,-94.25,4,2,4,2,4,2,4,2
bc98-2983-907b,662,2,-95.0,4,2,4,2,4,2,4,2
bc98-2983-907b,663,2,-94.75,3,1,3,1,3,1,3,1
bc98-2983-907b,664,2,-94.75,4,2,4,2,4,2,4,2
bc98-2983-907b,665,2,-94.0,5,3,5,3,6,4,5,3
bc98-2983-907b,666,3,-93.5,4,1,4,1,4,1,4,1
bc98-2983-907b,667,3,-94.75,4,1,4,1,4,1,4,1
bc98-2983-907b,668,3,-94.5,4,1,4,1,4,1,4,1
bc98-2983-907b,669,2,-95.25,4,2,4,2,4,2,4,2
bc98-2983-907b,670,2,-93.0,4,2,4,2,4,2,4,2
bc98-2983-907b,671,2,-95.0,4,2,4,2,4,2,4,2
bc98-2983-907b,672,2,-95.25,4,2,4,2,4,2,4,2
bc98-2983-907b,673,2,-95.5,4,2,4,2,4,2,4,2
bc98-2983-907b,674,2,-95.25,4,2,4,2,4,2,4,2
bc98-2983-907b,675,2,-94.5,4,2,4,2,4,2,4,2
bc98-2983-907b,676,2,-94.5,4,2,4,2,4,2,4,2
bc98-2983-907b,677,2,-95.0,4,2,4,2,4,2,4,2
bc98-2983-907b,678,2,-94.75,4,2,4,2,4,2,4,2
bc98-2983-907b,679,2,-95.75,4,2,5,3,5,3,4,2
bc98-2983-907b,680,2,-87.0,4,2,3,1,2,0,4,2
bc98-2983-907b,681,2,-95.0,4,2,4,2,4,2,4,2
bc98-2983-907b,682,2,-95.0,4,2,4,2,4,2,4,2
bc98-2983-907b,683,2,-95.0,4,2,4,2,4,2,4,2
bc98-2983-907b,684,2,-95.0,4,2,4,2,4,2,4,2
bc98-2983-907b,685,2,-94.75,4,2,4,2,4,2,4,2
bc98-2983-907b,686,2,-93.5,3,1,3,1,3,1,3,1
bc98-2983-907b,687,2,-95.25,3,1,3,1,3,1,3,1
bc98-2983-907b,688,2,-95.25,3,1,3,1,3,1,3,1
bc98-2983-907b,689,2,-95.25,3,1,3,1,3,1,3,1
bc98-2983-907b,690,2,-95.0,2,0,2,0,2,0,2,0
bc98-2983-907b,691,2,-95.5,2,0,2,0,2,0,2,0
bc98-2983-907b,692,2,-95.5,2,0,2,0,2,0,2,0
bc98-2983-907b,693,2,-95.0,2,0,2,0,2,0,2,0
bc98-2983-907b,694,2,-95.25,2,0,2,0,2,0,2,0
bc98-2983-907b,695,2,-95.5,3,1,3,1,3,1,3,1
bc98-2983-907b,696,2,-94.75,2,0,2,0,2,0,2,0
bc98-2983-907b,697,2,-94.75,3,1,3,1,3,1,3,1
bc98-2983-907b,698,2,-95.0,3,1,3,1,3,1,3,1
bc98-2983-907b,699,2,-95.75,3,1,3,1,4,2,3,1
bc98-2983-907b,700,2,-95.0,3,1,3,1,3,1,3,1
bc98-2983-907b,701,2,-95.0,3,1,3,1,3,1,3,1
bc98-2983-907b,702,2,-96.0,3,1,3,1,3,1,3,1
bc98-2983-907b,703,2,-95.0,3,1,3,1,3,1,3,1
bc98-2983-907b,704,2,-94.75,3,1,3,1,3,1,3,1
bc98-2983-907b,705,2,-95.0,3,1,3,1,3,1,3,1
bc98-2983-907b,706,2,-95.0,3,1,3,1,3,1,3,1
bc98-2983-907b,707,2,-95.25,3,1,3,1,3,1,3,1
bc98-2983-907b,708,2,-95.0,3,1,3,1,3,1,3,1
bc98-2983-907b,709,2,-94.75,4,2,4,2,4,2,4,2
bc98-2983-907b,710,2,-94.75,4,2,4,2,4,2,4,2
bc98-2983-907b,711,2,-95.0,3,1,3,1,3,1,3,1
bc98-2983-907b,712,2,-95.5,3,1,3,1,3,1,3,1
bc98-2983-907b,713,2,-95.0,3,1,3,1,3,1,3,1
bc98-2983-907b,714,2,-95.25,3,1,3,1,3,1,3,1
bc98-2983-907b,715,2,-94.75,3,1,3,1,3,1,3,1
bc98-2983-907b,716,2,-95.0,3,1,3,1,3,1,3,1
bc98-2983-907b,717,2,-95.25,3,1,3,1,3,1,3,1
bc98-2983-907b,718,2,-93.25,4,2,4,2,3,1,4,2
bc98-2983-907b,719,2,-95.25,4,2,4,2,4,2,4,2
bc98-2983-907b,720,2,-94.75,3,1,3,1,3,1,3,1
bc98-2983-907b,721,2,-95.0,3,1,3,1,3,1,3,1
bc98-2983-907b,722,2,-95.25,3,1,3,1,3,1,3,1
bc98-2983-907b,723,2,-95.0,3,1,3,1,3,1,3,1
bc98-2983-907b,724,2,-95.0,3,1,3,1,3,1,3,1
bc98-2983-907b,725,2,-95.25,3,1,3,1,3,1,3,1
bc98-2983-907b,726,2,-95.25,3,1,3,1,3,1,3,1
bc98-2983-907b,727,2,-93.5,3,1,2,0,2,0,3,1
bc98-2983-907b,728,2,-94.75,3,1,3,1,3,1,3,1
bc98-2983-907b,729,2,-95.25,4,2,4,2,4,2,4,2
bc98-2983-907b,730,2,-95.0,3,1,3,1,3,1,3,1
bc98-2983-907b,731,2,-94.5,4,2,4,2,4,2,4,2
bc98-2983-907b,732,2,-94.75,3,1,3,1,3,1,3,1
bc98-2983-907b,733,2,-94.75,2,0,2,0,2,0,2,0
bc98-2983-907b,734,2,-93.25,3,1,2,0,2,0,3,1
bc98-2983-907b,735,2,-94.75,2,0,2,0,2,0,2,0
bc98-2983-907b,736,2,-95.0,3,1,3,1,3,1,3,1
bc98-2983-907b,737,2,-94.75,2,0,2,0,2,0,2,0
bc98-2983-907b,738,2,-95.0,2,0,2,0,2,0,2,0
bc98-2983-907b,739,2,-95.5,2,0,2,0,2,0,2,0
bc98-2983-907b,740,2,-95.0,2,0,2,0,2,0,2,0
bc98-2983-907b,741,1,-94.0,3,2,3,2,3,2,3,2
bc98-2983-907b,742,1,-94.5,3,2,3,2,3,2,3,2
bc98-2983-907b,743,2,-94.75,3,1,3,1,3,1,3,1
bc98-2983-907b,744,2,-94.75,3,1,3,1,3,1,3,1
bc98-2983-907b,745,2,-94.25,3,1,3,1,3,1,3,1
bc98-2983-907b,746,2,-93.5,2,0,2,0,2,0,2,0
bc98-2983-907b,747,2,-95.0,2,0,2,0,2,0,2,0
bc98-2983-907b,748,1,-94.5,3,2,3,2,3,2,3,2
bc98-2983-907b,749,1,-95.25,2,1,2,1,2,1,2,1
bc98-2983-907b,750,2,-95.0,2,0,2,0,2,0,2,0
bc98-2983-907b,751,2,-94.75,2,0,2,0,2,0,2,0
bc98-2983-907b,752,2,-94.0,3,1,3,1,3,1,3,1
bc98-2983-907b,753,2,-94.75,3,1,3,1,3,1,3,1
bc98-2983-907b,754,2,-94.75,3,1,3,1,3,1,3,1
bc98-2983-907b,755,2,-94.75,3,1,3,1,3,1,3,1
bc98-2983-907b,756,2,-93.75,2,0,2,0,2,0,2,0
bc98-2983-907b,757,2,-94.75,2,0,2,0,2,0,2,0
bc98-2983-907b,758,2,-95.0,2,0,2,0,2,0,2,0
bc98-2983-907b,759,2,-94.75,2,0,2,0,2,0,2,0
bc98-2983-907b,760,2,-94.75,2,0,2,0,2,0,2,0
bc98-2983-907b,761,2,-95.25,2,0,2,0,2,0,2,0
bc98-2983-907b,762,9,-86.25,9,0,7,2,7,2,9,0
bc98-2983-907b,763,8,-88.25,9,1,8,0,7,1,9,1
bc98-2983-907b,764,8,-87.75,7,1,7,1,7,1,7,1
bc98-2983-907b,765,8,-89.25,8,0,8,0,8,0,8,0
bc98-2983-907b,766,8,-88.5,8,0,8,0,7,1,8,0
bc98-2983-907b,767,8,-86.25,8,0,7,1,7,1,8,0
bc98-2983-907b,768,8,-89.5,8,0,8,0,8,0,8,0
bc98-2983-907b,769,9,-87.25,8,1,7,2,7,2,8,1
bc98-2983-907b,770,9,-88.25,9,0,7,2,7,2,9,0
bc98-2983-907b,771,9,-88.0,8,1,7,2,7,2,8,1
bc98-2983-907b,772,9,-86.5,8,1,7,2,7,2,8,1
bc98-2983-907b,773,9,-86.25,7,2,7,2,7,2,7,2
bc98-2983-907b,774,9,-88.5,8,1,8,1,7,2,8,1
bc98-2983-907b,775,9,-86.75,8,1,7,2,7,2,8,1
bc98-2983-907b,776,9,-86.0,8,1,7,2,7,2,8,1
bc98-2983-907b,777,9,-87.25,8,1,7,2,7,2,8,1
bc98-2983-907b,778,9,-87.0,8,1,7,2,7,2,8,1
bc98-2983-907b,779,9,-87.5,8,1,7,2,7,2,8,1
bc98-2983-907b,780,9,-87.25,7,2,7,2,7,2,7,2
bc98-2983-907b,781,9,-87.5,8,1,7,2,7,2,8,1
bc98-2983-907b,782,9,-88.5,7,2,7,2,7,2,7,2
bc98-2983-907b,783,9,-87.0,8,1,7,2,7,2,8,1
bc98-2983-907b,784,9,-87.5,7,2,7,2,7,2,7,2
bc98-2983-907b,785,9,-87.75,7,2,7,2,7,2,7,2
bc98-2983-907b,786,9,-86.25,9,0,7,2,7,2,9,0
bc98-2983-907b,787,9,-86.5,7,2,7,2,7,2,7,2
bc98-2983-907b,788,9,-86.0,9,0,7,2,7,2,9,0
bc98-2983-907b,789,9,-87.25,8,1,7,2,7,2,8,1
bc98-2983-907b,790,9,-87.5,8,1,7,2,7,2,8,1
bc98-2983-907b,791,9,-87.5,8,1,7,2,7,2,8,1
bc98-2983-907b,792,9,-88.0,8,1,7,2,7,2,8,1
bc98-2983-907b,793,9,-86.25,9,0,7,2,7,2,9,0
bc98-2983-907b,794,9,-85.0,8,1,7,2,7,2,8,1
bc98-2983-907b,795,9,-87.0,9,0,7,2,7,2,9,0
bc98-2983-907b,796,9,-86.0,8,1,7,2,7,2,8,1
bc98-2983-907b,797,9,-85.0,8,1,7,2,7,2,8,1
bc98-2983-907b,798,9,-86.25,9,0,7,2,7,2,9,0
bc98-2983-907b,799,9,-87.5,8,1,7,2,7,2,8,1
bc98-2983-907b,800,9,-87.75,8,1,7,2,7,2,8,1
bc98-2983-907b,801,9,-87.75,8,1,7,2,7,2,8,1
bc98-2983-907b,802,9,-86.75,8,1,7,2,7,2,8,1
bc98-2983-907b,803,9,-88.0,7,2,7,2,7,2,7,2
bc98-2983-907b,804,9,-86.25,8,1,7,2,7,2,8,1
bc98-2983-907b,805,9,-87.75,9,0,8,1,7,2,9,0
bc98-2983-907b,806,9,-88.0,9,0,7,2,7,2,9,0
bc98-2983-907b,807,9,-89.0,8,1,8,1,8,1,8,1
bc98-2983-907b,808,9,-87.25,9,0,8,1,8,1,9,0
bc98-2983-907b,809,8,-86.25,9,1,7,1,7,1,9,1
bc98-2983-907b,810,8,-87.75,9,1,9,1,8,0,9,1
bc98-2983-907b,811,8,-85.75,7,1,7,1,7,1,7,1
bc98-2983-907b,812,8,-92.5,7,1,7,1,7,1,7,1
bc98-2983-907b,813,7,-92.5,7,0,7,0,7,0,7,0
bc98-2983-907b,814,8,-92.75,7,1,7,1,7,1,7,1
bc98-2983-907b,815,8,-92.5,7,1,7,1,7,1,7,1
bc98-2983-907b,816,8,-92.75,7,1,7,1,7,1,7,1
bc98-2983-907b,817,8,-93.5,7,1,7,1,7,1,7,1
bc98-2983-907b,818,8,-92.75,7,1,7,1,7,1,7,1
bc98-2983-907b,819,8,-92.5,7,1,7,1,7,1,7,1
bc98-2983-907b,820,8,-92.5,7,1,7,1,7,1,7,1
bc98-2983-907b,821,8,-92.75,7,1,7,1,7,1,7,1
bc98-2983-907b,822,8,-91.5,7,1,7,1,7,1,7,1
bc98-2983-907b,823,8,-92.25,7,1,7,1,7,1,7,1
bc98-2983-907b,824,8,-92.5,7,1,7,1,7,1,7,1
bc98-2983-907b,825,8,-93.5,7,1,7,1,7,1,7,1
bc98-2983-907b,826,8,-92.5,7,1,7,1,7,1,7,1
bc98-2983-907b,827,8,-92.5,7,1,7,1,7,1,7,1
bc98-2983-907b,828,8,-92.5,7,1,7,1,7,1,7,1
bc98-2983-907b,829,7,-93.0,7,0,7,0,7,0,7,0
bc98-2983-907b,830,7,-92.25,7,0,7,0,7,0,7,0
bc98-2983-907b,831,8,-91.75,7,1,7,1,7,1,7,1
bc98-2983-907b,832,8,-91.75,7,1,7,1,7,1,7,1
bc98-2983-907b,833,8,-92.5,7,1,7,1,7,1,7,1
bc98-2983-907b,834,8,-93.5,7,1,7,1,7,1,7,1
bc98-2983-907b,835,7,-93.0,7,0,7,0,7,0,7,0
bc98-2983-907b,836,8,-93.0,7,1,7,1,7,1,7,1
bc98-2983-907b,837,8,-93.25,7,1,7,1,7,1,7,1
bc98-2983-907b,838,8,-93.25,7,1,7,1,7,1,7,1
bc98-2983-907b,839,7,-92.75,7,0,7,0,7,0,7,0
bc98-2983-907b,840,7,-92.75,7,0,7,0,7,0,7,0
bc98-2983-907b,841,8,-92.25,7,1,7,1,7,1,7,1
bc98-2983-907b,842,7,-92.0,7,0,7,0,7,0,7,0
bc98-2983-907b,843,8,-92.0,7,1,7,1,7,1,7,1
bc98-2983-907b,844,7,-90.75,7,0,7,0,7,0,7,0
bc98-2983-907b,845,7,-93.0,7,0,7,0,7,0,7,0
bc98-2983-907b,846,7,-91.75,7,0,7,0,7,0,7,0
bc98-2983-907b,847,7,-92.75,7,0,7,0,7,0,7,0
bc98-2983-907b,848,8,-93.0,7,1,7,1,7,1,7,1
bc98-2983-907b,849,7,-92.5,7,0,7,0,7,0,7,0
bc98-2983-907b,850,7,-92.5,7,0,7,0,7,0,7,0
bc98-2983-907b,851,7,-92.75,7,0,7,0,7,0,7,0
bc98-2983-907b,852,7,-93.0,7,0,7,0,7,0,7,0
bc98-2983-907b,853,7,-91.5,7,0,7,0,7,0,7,0
bc98-2983-907b,854,8,-92.0,7,1,7,1,7,1,7,1
bc98-2983-907b,855,8,-91.75,7,1,7,1,7,1,7,1
bc98-2983-907b,856,8,-92.75,7,1,7,1,7,1,7,1
bc98-2983-907b,857,8,-91.75,7,1,7,1,7,1,7,1
bc98-2983-907b,858,8,-93.0,7,1,7,1,7,1,7,1
bc98-2983-907b,859,9,-92.25,7,2,7,2,7,2,7,2
bc98-2983-907b,860,8,-92.75,7,1,7,1,7,1,7,1
bc98-2983-907b,861,7,-92.0,7,0,7,0,7,0,7,0
bc98-2983-907b,862,8,-92.5,7,1,7,1,7,1,7,1
bc98-2983-907b,863,8,-92.75,7,1,7,1,7,1,7,1
bc98-2983-907b,864,8,-92.75,7,1,7,1,7,1,7,1
bc98-2983-907b,865,8,-92.5,7,1,7,1,7,1,7,1
bc98-2983-907b,866,8,-92.75,7,1,7,1,7,1,7,1
bc98-2983-907b,867,8,-92.75,7,1,7,1,7,1,7,1
bc98-2983-907b,868,8,-92.5,7,1,7,1,7,1,7,1
bc98-2983-907b,869,8,-92.75,7,1,7,1,7,1,7,1
bc98-2983-907b,870,8,-93.0,7,1,7,1,7,1,7,1
bc98-2983-907b,871,8,-92.0,7,1,7,1,7,1,7,1
bc98-2983-907b,872,7,-93.5,7,0,7,0,7,0,7,0
bc98-2983-907b,873,7,-92.5,7,0,7,0,7,0,7,0
bc98-2983-907b,874,7,-93.5,7,0,7,0,7,0,7,0
bc98-2983-907b,875,7,-92.75,7,0,7,0,7,0,7,0
bc98-2983-907b,876,7,-92.25,7,0,7,0,7,0,7,0
bc98-2983-907b,877,7,-92.5,7,0,7,0,7,0,7,0
bc98-2983-907b,878,7,-93.75,7,0,7,0,7,0,7,0
bc98-2983-907b,879,7,-93.25,7,0,7,0,7,0,7,0
bc98-2983-907b,880,7,-92.0,7,0,7,0,7,0,7,0
bc98-2983-907b,881,7,-93.75,7,0,7,0,7,0,7,0
bc98-2983-907b,882,7,-93.5,7,0,7,0,7,0,7,0
bc98-2983-907b,883,7,-94.25,7,0,7,0,7,0,7,0
bc98-2983-907b,884,7,-93.25,7,0,7,0,7,0,7,0
bc98-2983-907b,885,7,-93.75,7,0,7,0,7,0,7,0
bc98-2983-907b,886,7,-93.75,7,0,7,0,7,0,7,0
bc98-2983-907b,887,7,-94.25,7,0,7,0,7,0,7,0
bc98-2983-907b,888,7,-93.5,7,0,7,0,7,0,7,0
bc98-2983-907b,889,7,-93.75,7,0,7,0,7,0,7,0
bc98-2983-907b,890,7,-94.25,7,0,7,0,7,0,7,0
bc98-2983-907b,891,7,-93.5,7,0,7,0,7,0,7,0
bc98-2983-907b,892,7,-92.75,7,0,7,0,7,0,7,0
bc98-2983-907b,893,7,-93.5,7,0,7,0,7,0,7,0
bc98-2983-907b,894,7,-93.25,7,0,7,0,7,0,7,0
bc98-2983-907b,895,7,-94.0,7,0,7,0,7,0,7,0
bc98-2983-907b,896,7,-93.5,7,0,7,0,7,0,7,0
bc98-2983-907b,897,7,-93.0,7,0,7,0,7,0,7,0
bc98-2983-907b,898,7,-93.5,7,0,7,0,7,0,7,0
bc98-2983-907b,899,7,-93.5,7,0,7,0,7,0,7,0
bc98-2983-907b,900,7,-71.5,7,0,4,3,2,5,7,0
bc98-2983-907b,901,7,-93.5,7,0,7,0,7,0,7,0
bc98-2983-907b,902,7,-94.25,7,0,7,0,7,0,7,0
bc98-2983-907b,903,7,-93.75,7,0,7,0,7,0,7,0
bc98-2983-907b,904,7,-94.0,7,0,7,0,7,0,7,0
bc98-2983-907b,905,7,-93.75,7,0,7,0,7,0,7,0
bc98-2983-907b,906,7,-94.0,7,0,7,0,7,0,7,0
bc98-2983-907b,907,7,-94.25,7,0,7,0,7,0,7,0
bc98-2983-907b,908,7,-92.25,7,0,7,0,7,0,7,0
bc98-2983-907b,909,7,-93.5,7,0,7,0,7,0,7,0
bc98-2983-907b,910,7,-93.5,7,0,7,0,7,0,7,0
bc98-2983-907b,911,7,-93.0,7,0,7,0,7,0,7,0
bc98-2983-907b,912,7,-93.0,7,0,7,0,7,0,7,0
bc98-2983-907b,913,7,-92.5,7,0,7,0,7,0,7,0
bc98-2983-907b,914,7,-93.25,7,0,7,0,7,0,7,0
bc98-2983-907b,915,7,-93.5,7,0,7,0,7,0,7,0
bc98-2983-907b,916,7,-93.25,7,0,7,0,7,0,7,0
bc98-2983-907b,917,7,-92.75,7,0,7,0,7,0,7,0
bc98-2983-907b,918,7,-92.75,7,0,7,0,7,0,7,0
bc98-2983-907b,919,7,-92.5,7,0,7,0,7,0,7,0
bc98-2983-907b,920,7,-92.5,7,0,7,0,7,0,7,0
bc98-2983-907b,921,7,-92.5,7,0,7,0,7,0,7,0
bc98-2983-907b,922,7,-92.5,7,0,7,0,7,0,7,0
bc98-2983-907b,923,7,-92.5,7,0,7,0,7,0,7,0
bc98-2983-907b,924,7,-93.0,7,0,7,0,7,0,7,0
bc98-2983-907b,925,7,-93.0,7,0,7,0,7,0,7,0
bc98-2983-907b,926,5,-94.25,5,0,5,0,5,0,5,0
bc98-2983-907b,927,5,-90.75,7,2,6,1,5,0,7,2
bc98-2983-907b,928,5,-93.25,7,2,7,2,6,1,7,2
bc98-2983-907b,929,5,-94.0,7,2,7,2,7,2,7,2
bc98-2983-907b,930,5,-94.0,7,2,7,2,7,2,7,2
bc98-2983-907b,931,5,-91.5,7,2,6,1,6,1,7,2
bc98-2983-907b,932,5,-93.0,5,0,5,0,4,1,5,0
bc98-2983-907b,933,5,-94.75,5,0,5,0,5,0,5,0
bc98-2983-907b,934,5,-93.0,5,0,5,0,4,1,5,0
bc98-2983-907b,935,5,-94.0,5,0,5,0,5,0,5,0
bc98-2983-907b,936,5,-92.5,5,0,5,0,4,1,5,0
bc98-2983-907b,937,5,-93.5,5,0,5,0,5,0,5,0
bc98-2983-907b,938,5,-94.0,5,0,5,0,4,1,5,0
bc98-2983-907b,939,5,-93.25,5,0,5,0,5,0,5,0
bc98-2983-907b,940,5,-94.5,5,0,5,0,5,0,5,0
bc98-2983-907b,941,5,-94.0,5,0,5,0,4,1,5,0
bc98-2983-907b,942,6,-94.25,5,1,5,1,5,1,5,1
bc98-2983-907b,943,6,-94.5,5,1,5,1,5,1,5,1
bc98-2983-907b,944,5,-92.0,5,0,5,0,4,1,5,0
bc98-2983-907b,945,6,-93.0,5,1,5,1,4,2,5,1
bc98-2983-907b,946,6,-93.75,5,1,5,1,5,1,5,1
bc98-2983-907b,947,5,-94.0,5,0,5,0,5,0,5,0
bc98-2983-907b,948,5,-92.75,5,0,5,0,4,1,5,0
bc98-2983-907b,949,5,-93.25,5,0,5,0,5,0,5,0
bc98-2983-907b,950,5,-94.5,5,0,5,0,5,0,5,0
bc98-2983-907b,951,5,-94.5,5,0,5,0,5,0,5,0
bc98-2983-907b,952,5,-93.5,5,0,5,0,5,0,5,0
bc98-2983-907b,953,5,-93.5,5,0,5,0,5,0,5,0
bc98-2983-907b,954,6,-93.5,5,1,5,1,5,1,5,1
bc98-2983-907b,955,6,-94.0,5,1,5,1,5,1,5,1
bc98-2983-907b,956,5,-92.25,5,0,5,0,4,1,5,0
bc98-2983-907b,957,5,-94.5,5,0,5,0,5,0,5,0
bc98-2983-907b,958,5,-93.0,5,0,5,0,4,1,5,0
bc98-2983-907b,959,5,-93.25,5,0,5,0,4,1,5,0
bc98-2983-907b,960,5,-93.75,6,1,7,2,7,2,6,1
bc98-2983-907b,961,5,-93.0,5,0,5,0,4,1,5,0
bc98-2983-907b,962,5,-92.25,5,0,5,0,4,1,5,0
bc98-2983-907b,963,5,-93.0,5,0,5,0,4,1,5,0
bc98-2983-907b,964,5,-92.5,5,0,5,0,4,1,5,0
bc98-2983-907b,965,5,-94.75,5,0,5,0,5,0,5,0
bc98-2983-907b,966,5,-92.5,5,0,5,0,4,1,5,0
bc98-2983-907b,967,6,-93.5,5,1,5,1,5,1,5,1
bc98-2983-907b,968,6,-94.5,5,1,5,1,5,1,5,1
bc98-2983-907b,969,5,-92.75,5,0,5,0,4,1,5,0
bc98-2983-907b,970,5,-92.25,5,0,5,0,4,1,5,0
bc98-2983-907b,971,6,-94.5,5,1,5,1,5,1,5,1
bc98-2983-907b,972,6,-92.0,5,1,5,1,4,2,5,1
bc98-2983-907b,973,5,-94.75,5,0,5,0,5,0,5,0
bc98-2983-907b,974,5,-93.5,5,0,5,0,5,0,5,0
bc98-2983-907b,975,6,-94.0,5,1,5,1,5,1,5,1
bc98-2983-907b,976,5,-93.75,3,2,3,2,3,2,3,2
bc98-2983-907b,977,5,-94.5,3,2,3,2,3,2,3,2
bc98-2983-907b,978,5,-94.5,4,1,4,1,4,1,4,1
bc98-2983-907b,979,5,-95.0,3,2,3,2,3,2,3,2
bc98-2983-907b,980,5,-95.0,5,0,5,0,5,0,5,0
bc98-2983-907b,981,5,-94.25,4,1,4,1,4,1,4,1
bc98-2983-907b,982,5,-94.75,4,1,5,0,5,0,4,1
bc98-2983-907b,983,5,-95.0,3,2,3,2,3,2,3,2
bc98-2983-907b,984,5,-94.5,4,1,4,1,4,1,4,1
bc98-2983-907b,985,5,-95.25,4,1,4,1,4,1,4,1
bc98-2983-907b,986,5,-95.0,4,1,4,1,4,1,4,1
bc98-2983-907b,987,5,-94.75,5,0,5,0,5,0,5,0
bc98-2983-907b,988,5,-95.25,5,0,5,0,5,0,5,0
bc98-2983-907b,989,5,-94.75,5,0,5,0,5,0,5,0
bc98-2983-907b,990,5,-95.0,4,1,4,1,4,1,4,1
bc98-2983-907b,991,5,-94.5,5,0,5,0,5,0,5,0
bc98-2983-907b,992,3,-94.75,4,1,4,1,4,1,4,1
bc98-2983-907b,993,3,-95.0,3,0,3,0,3,0,3,0
bc98-2983-907b,994,4,-95.0,4,0,4,0,4,0,4,0
bc98-2983-907b,995,4,-95.0,3,1,3,1,3,1,3,1
bc98-2983-907b,996,5,-94.75,4,1,4,1,4,1,4,1
bc98-2983-907b,997,5,-95.25,3,2,3,2,3,2,3,2
bc98-2983-907b,998,3,-95.25,4,1,4,1,4,1,4,1
bc98-2983-907b,999,4,-95.0,4,0,5,1,5,1,4,0
bc98-2983-907b,1000,5,-95.0,3,2,3,2,3,2,3,2
bc98-2983-907b,1001,5,-95.25,3,2,3,2,3,2,3,2
bc98-2983-907b,1002,5,-94.5,4,1,4,1,4,1,4,1
bc98-2983-907b,1003,5,-94.75,3,2,3,2,3,2,3,2
bc98-2983-907b,1004,5,-95.0,4,1,4,1,4,1,4,1
bc98-2983-907b,1005,5,-94.75,3,2,3,2,3,2,3,2
bc98-2983-907b,1006,5,-94.75,3,2,3,2,3,2,3,2
bc98-2983-907b,1007,5,-95.0,4,1,4,1,4,1,4,1
bc98-2983-907b,1008,3,-95.0,3,0,3,0,3,0,3,0
bc98-2983-907b,1009,3,-95.5,3,0,3,0,3,0,3,0
bc98-2983-907b,1010,4,-94.5,3,1,3,1,3,1,3,1
bc98-2983-907b,1011,4,-95.0,4,0,4,0,4,0,4,0
bc98-2983-907b,1012,5,-94.75,3,2,3,2,3,2,3,2
bc98-2983-907b,1013,4,-94.75,4,0,4,0,4,0,4,0
bc98-2983-907b,1014,5,-94.75,3,2,3,2,3,2,3,2
bc98-2983-907b,1015,4,-95.25,5,1,5,1,5,1,5,1
bc98-2983-907b,1016,4,-95.0,3,1,3,1,3,1,3,1
bc98-2983-907b,1017,4,-94.75,3,1,3,1,3,1,3,1
bc98-2983-907b,1018,4,-94.75,4,0,4,0,4,0,4,0
bc98-2983-907b,1019,4,-94.75,3,1,3,1,3,1,3,1
bc98-2983-907b,1020,4,-94.75,4,0,4,0,4,0,4,0
bc98-2983-907b,1021,5,-94.75,3,2,3,2,3,2,3,2
bc98-2983-907b,1022,4,-94.5,4,0,4,0,4,0,4,0
bc98-2983-907b,1023,4,-94.5,3,1,3,1,3,1,3,1
bc98-2983-907b,1024,4,-94.75,3,1,3,1,3,1,3,1
bc98-2983-907b,1025,4,-94.75,4,0,4,0,4,0,4,0
bc98-2983-907b,1026,4,-94.75,4,0,4,0,4,0,4,0
bc98-2983-907b,1027,4,-94.25,3,1,3,1,3,1,3,1
bc98-2983-907b,1028,4,-95.0,3,1,3,1,3,1,3,1
bc98-2983-907b,1029,5,-94.75,5,0,5,0,5,0,5,0
bc98-2983-907b,1030,5,-94.0,3,2,3,2,3,2,3,2
bc98-2983-907b,1031,5,-94.25,4,1,4,1,3,2,4,1
bc98-2983-907b,1032,5,-94.0,3,2,3,2,3,2,3,2
bc98-2983-907b,1033,3,-95.0,4,1,4,1,4,1,4,1
bc98-2983-907b,1034,4,-94.25,4,0,4,0,3,1,4,0
bc98-2983-907b,1035,4,-94.25,4,0,4,0,4,0,4,0
bc98-2983-907b,1036,4,-94.75,4,0,4,0,4,0,4,0
bc98-2983-907b,1037,4,-94.75,4,0,4,0,4,0,4,0
bc98-2983-907b,1038,4,-94.0,4,0,4,0,3,1,4,0
bc98-2983-907b,1039,4,-94.75,4,0,4,0,4,0,4,0
bc98-2983-907b,1040,5,-94.0,3,2,3,2,3,2,3,2
bc98-2983-907b,1041,5,-94.5,4,1,4,1,4,1,4,1
bc98-2983-907b,1042,5,-94.5,3,2,3,2,3,2,3,2
bc98-2983-907b,1043,5,-94.25,3,2,3,2,3,2,3,2
bc98-2983-907b,1044,3,-95.25,3,0,3,0,3,0,3,0
bc98-2983-907b,1045,4,-95.25,3,1,3,1,3,1,3,1
bc98-2983-907b,1046,4,-94.5,3,1,3,1,3,1,3,1
bc98-2983-907b,1047,4,-94.5,3,1,3,1,3,1,3,1
bc98-2983-907b,1048,4,-93.0,4,0,3,1,3,1,4,0
bc98-2983-907b,1049,4,-94.5,3,1,3,1,3,1,3,1
bc98-2983-907b,1050,4,-94.0,3,1,3,1,3,1,3,1
bc98-2983-907b,1051,5,-94.25,4,1,4,1,4,1,4,1
bc98-2983-907b,1052,4,-94.25,3,1,3,1,3,1,3,1
bc98-2983-907b,1053,4,-95.0,3,1,3,1,3,1,3,1
bc98-2983-907b,1054,4,-95.25,4,0,4,0,4,0,4,0
bc98-2983-907b,1055,4,-93.0,4,0,3,1,3,1,4,0
bc98-2983-907b,1056,4,-94.5,4,0,4,0,4,0,4,0
bc98-2983-907b,1057,4,-94.5,3,1,3,1,3,1,3,1
bc98-2983-907b,1058,4,-94.75,3,1,3,1,3,1,3,1
bc98-2983-907b,1059,4,-94.75,4,0,4,0,4,0,4,0
bc98-2983-907b,1060,4,-93.0,4,0,3,1,3,1,4,0
bc98-2983-907b,1061,4,-94.25,4,0,4,0,4,0,4,0
bc98-2983-907b,1062,4,-94.5,4,0,4,0,4,0,4,0
bc98-2983-907b,1063,4,-94.75,4,0,4,0,4,0,4,0
bc98-2983-907b,1064,5,-94.0,4,1,4,1,3,2,4,1
bc98-2983-907b,1065,5,-93.75,4,1,4,1,4,1,4,1
bc98-2983-907b,1066,4,-95.0,3,1,3,1,3,1,3,1
bc98-2983-907b,1067,4,-94.75,4,0,4,0,4,0,4,0
bc98-2983-907b,1068,4,-95.0,3,1,3,1,3,1,3,1
bc98-2983-907b,1069,4,-95.25,4,0,4,0,4,0,4,0
bc98-2983-907b,1070,4,-94.75,4,0,4,0,4,0,4,0
bc98-2983-907b,1071,4,-94.5,3,1,3,1,3,1,3,1
bc98-2983-907b,1072,5,-95.0,3,2,3,2,3,2,3,2
bc98-2983-907b,1073,4,-94.5,3,1,3,1,3,1,3,1
bc98-2983-907b,1074,5,-94.75,3,2,3,2,3,2,3,2
bc98-2983-907b,1075,4,-94.25,4,0,4,0,3,1,4,0
bc98-2983-907b,1076,5,-94.25,3,2,3,2,3,2,3,2
bc98-2983-907b,1077,5,-94.75,4,1,4,1,4,1,4,1
bc98-2983-907b,1078,5,-94.75,3,2,3,2,3,2,3,2
bc98-2983-907b,1079,4,-94.25,3,1,3,1,3,1,3,1
bc98-2983-907b,1080,4,-94.75,4,0,4,0,4,0,4,0
bc98-2983-907b,1081,4,-94.75,4,0,4,0,4,0,4,0
bc98-2983-907b,1082,5,-94.0,4,1,4,1,4,1,4,1
bc98-2983-907b,1083,5,-93.75,4,1,4,1,4,1,4,1
bc98-2983-907b,1084,5,-93.25,5,0,5,0,4,1,5,0
bc98-2983-907b,1085,3,-93.0,4,1,4,1,3,0,4,1
bc98-2983-907b,1086,3,-91.75,5,2,4,1,4,1,5,2
bc98-2983-907b,1087,4,-93.75,4,0,4,0,4,0,4,0
bc98-2983-907b,1088,4,-94.5,4,0,4,0,4,0,4,0
bc98-2983-907b,1089,4,-92.75,4,0,4,0,4,0,4,0
bc98-2983-907b,1090,4,-94.0,4,0,4,0,4,0,4,0
bc98-2983-907b,1091,4,-93.0,3,1,3,1,3,1,3,1
bc98-2983-907b,1092,4,-93.5,5,1,5,1,4,0,5,1
bc98-2983-907b,1093,4,-92.75,5,1,5,1,4,0,5,1
bc98-2983-907b,1094,4,-92.75,5,1,5,1,4,0,5,1
bc98-2983-907b,1095,4,-92.25,4,0,4,0,3,1,4,0
bc98-2983-907b,1096,4,-94.0,4,0,4,0,4,0,4,0
bc98-2983-907b,1097,4,-92.75,4,0,4,0,4,0,4,0
bc98-2983-907b,1098,4,-91.75,4,0,4,0,4,0,4,0
bc98-2983-907b,1099,4,-94.0,4,0,4,0,4,0,4,0
bc98-2983-907b,1100,4,-93.25,4,0,4,0,3,1,4,0
bc98-2983-907b,1101,4,-93.5,4,0,4,0,3,1,4,0
bc98-2983-907b,1102,4,-92.25,4,0,4,0,4,0,4,0
bc98-2983-907b,1103,4,-93.0,4,0,4,0,4,0,4,0
bc98-2983-907b,1104,4,-92.75,4,0,4,0,4,0,4,0
bc98-2983-907b,1105,4,-91.75,4,0,4,0,4,0,4,0
bc98-2983-907b,1106,4,-93.0,5,1,5,1,5,1,5,1
bc98-2983-907b,1107,5,-93.5,4,1,4,1,3,2,4,1
bc98-2983-907b,1108,5,-91.75,4,1,3,2,3,2,4,1
bc98-2983-907b,1109,5,-91.75,5,0,4,1,4,1,5,0
bc98-2983-907b,1110,5,-92.25,5,0,5,0,4,1,5,0
bc98-2983-907b,1111,5,-93.0,5,0,5,0,4,1,5,0
bc98-2983-907b,1112,5,-91.0,4,1,3,2,3,2,4,1
bc98-2983-907b,1113,3,-93.5,3,0,3,0,3,0,3,0
bc98-2983-907b,1114,3,-94.25,4,1,4,1,4,1,4,1
bc98-2983-907b,1115,3,-93.75,4,1,4,1,4,1,4,1
bc98-2983-907b,1116,4,-93.75,4,0,4,0,4,0,4,0
bc98-2983-907b,1117,4,-92.5,4,0,4,0,4,0,4,0
bc98-2983-907b,1118,4,-92.75,5,1,5,1,4,0,5,1
bc98-2983-907b,1119,4,-92.5,5,1,5,1,4,0,5,1
bc98-2983-907b,1120,4,-92.75,5,1,5,1,4,0,5,1
bc98-2983-907b,1121,4,-94.0,5,1,5,1,5,1,5,1
bc98-2983-907b,1122,4,-92.5,5,1,5,1,4,0,5,1
bc98-2983-907b,1123,4,-93.0,4,0,4,0,3,1,4,0
bc98-2983-907b,1124,5,-92.5,4,1,4,1,4,1,4,1
bc98-2983-907b,1125,5,-91.0,4,1,3,2,3,2,4,1
bc98-2983-907b,1126,5,-92.25,3,2,3,2,3,2,3,2
bc98-2983-907b,1127,5,-90.0,5,0,4,1,4,1,5,0
bc98-2983-907b,1128,5,-93.5,4,1,4,1,4,1,4,1
bc98-2983-907b,1129,5,-94.0,4,1,4,1,4,1,4,1
bc98-2983-907b,1130,5,-93.5,3,2,3,2,3,2,3,2
bc98-2983-907b,1131,5,-93.0,3,2,3,2,3,2,3,2
bc98-2983-907b,1132,5,-92.75,5,0,5,0,4,1,5,0
bc98-2983-907b,1133,5,-94.0,3,2,2,3,2,3,3,2
bc98-2983-907b,1134,5,-94.0,3,2,3,2,3,2,3,2
bc98-2983-907b,1135,5,-92.25,5,0,5,0,4,1,5,0
bc98-2983-907b,1136,5,-79.75,3,2,2,3,1,4,3,2
bc98-2983-907b,1137,5,-92.25,3,2,3,2,3,2,3,2
bc98-2983-907b,1138,5,-94.0,3,2,2,3,2,3,3,2
bc98-2983-907b,1139,5,-92.75,3,2,3,2,3,2,3,2
bc98-2983-907b,1140,5,-92.75,3,2,3,2,3,2,3,2
bc98-2983-907b,1141,5,-94.0,3,2,3,2,3,2,3,2
bc98-2983-907b,1142,5,-93.25,3,2,3,2,3,2,3,2
bc98-2983-907b,1143,5,-93.0,3,2,3,2,3,2,3,2
bc98-2983-907b,1144,5,-92.5,3,2,3,2,3,2,3,2
bc98-2983-907b,1145,5,-92.0,4,1,3,2,3,2,4,1
bc98-2983-907b,1146,5,-94.5,5,0,5,0,5,0,5,0
bc98-2983-907b,1147,5,-92.5,3,2,3,2,3,2,3,2
bc98-2983-907b,1148,5,-92.5,5,0,5,0,4,1,5,0
bc98-2983-907b,1149,5,-93.0,3,2,3,2,3,2,3,2
bc98-2983-907b,1150,5,-92.0,4,1,3,2,3,2,4,1
bc98-2983-907b,1151,3,-92.0,4,1,3,0,3,0,4,1
bc98-2983-907b,1152,3,-94.0,5,2,5,2,5,2,5,2
bc98-2983-907b,1153,4,-91.75,4,0,4,0,4,0,4,0
bc98-2983-907b,1154,4,-93.25,3,1,3,1,3,1,3,1
bc98-2983-907b,1155,4,-90.0,4,0,3,1,2,2,4,0
bc98-2983-907b,1156,4,-92.0,4,0,3,1,3,1,4,0
bc98-2983-907b,1157,4,-90.75,4,0,4,0,3,1,4,0
bc98-2983-907b,1158,4,-92.0,4,0,4,0,4,0,4,0
bc98-2983-907b,1159,5,-79.75,5,0,3,2,2,3,5,0
bc98-2983-907b,1160,5,-92.25,4,1,3,2,3,2,4,1
bc98-2983-907b,1161,5,-92.75,4,1,4,1,3,2,4,1
bc98-2983-907b,1162,5,-93.5,4,1,4,1,4,1,4,1
bc98-2983-907b,1163,4,-94.25,4,0,4,0,4,0,4,0
bc98-2983-907b,1164,4,-94.25,4,0,4,0,4,0,4,0
bc98-2983-907b,1165,4,-94.5,4,0,4,0,4,0,4,0
bc98-2983-907b,1166,4,-94.0,4,0,4,0,4,0,4,0
bc98-2983-907b,1167,4,-94.5,4,0,4,0,4,0,4,0
bc98-2983-907b,1168,4,-95.0,4,0,4,0,4,0,4,0
bc98-2983-907b,1169,4,-93.0,4,0,4,0,4,0,4,0
bc98-2983-907b,1170,4,-94.5,4,0,5,1,4,0,4,0
bc98-2983-907b,1171,4,-94.5,4,0,4,0,4,0,4,0
bc98-2983-907b,1172,4,-94.0,4,0,5,1,4,0,4,0
bc98-2983-907b,1173,4,-94.5,4,0,4,0,4,0,4,0
bc98-2983-907b,1174,4,-94.5,4,0,4,0,4,0,4,0
bc98-2983-907b,1175,4,-94.75,4,0,4,0,4,0,4,0
bc98-2983-907b,1176,4,-94.0,4,0,4,0,3,1,4,0
bc98-2983-907b,1177,4,-94.5,4,0,4,0,4,0,4,0
bc98-2983-907b,1178,4,-94.25,4,0,4,0,4,0,4,0
bc98-2983-907b,1179,4,-95.0,4,0,4,0,4,0,4,0
bc98-2983-907b,1180,4,-94.5,4,0,4,0,4,0,4,0
bc98-2983-907b,1181,4,-76.25,4,0,2,2,1,3,4,0
bc98-2983-907b,1182,4,-94.5,4,0,4,0,4,0,4,0
bc98-2983-907b,1183,4,-94.5,2,2,2,2,2,2,2,2
bc98-2983-907b,1184,4,-94.75,3,1,3,1,3,1,3,1
bc98-2983-907b,1185,4,-94.75,4,0,4,0,4,0,4,0
bc98-2983-907b,1186,4,-94.5,4,0,4,0,4,0,4,0
bc98-2983-907b,1187,4,-94.0,4,0,4,0,3,1,4,0
bc98-2983-907b,1188,4,-94.75,4,0,4,0,4,0,4,0
bc98-2983-907b,1189,4,-93.5,4,0,4,0,4,0,4,0
bc98-2983-907b,1190,4,-94.5,4,0,4,0,4,0,4,0
bc98-2983-907b,1191,4,-94.5,4,0,4,0,4,0,4,0
bc98-2983-907b,1192,4,-94.5,4,0,4,0,4,0,4,0
bc98-2983-907b,1193,4,-94.25,3,1,3,1,3,1,3,1
bc98-2983-907b,1194,4,-94.5,4,0,4,0,4,0,4,0
bc98-2983-907b,1195,4,-94.25,4,0,4,0,4,0,4,0
bc98-2983-907b,1196,4,-94.75,3,1,3,1,3,1,3,1
bc98-2983-907b,1197,4,-94.25,4,0,4,0,4,0,4,0
bc98-2983-907b,1198,4,-93.75,3,1,3,1,3,1,3,1
bc98-2983-907b,1199,4,-94.5,4,0,4,0,4,0,4,0
bc98-2983-907b,1200,4,-94.0,4,0,4,0,3,1,4,0
bc98-2983-907b,1201,4,-93.75,4,0,4,0,3,1,4,0
bc98-2983-907b,1202,4,-94.25,4,0,4,0,4,0,4,0
bc98-2983-907b,1203,4,-95.0,4,0,4,0,4,0,4,0
bc98-2983-907b,1204,4,-93.0,4,0,3,1,3,1,4,0
bc98-2983-907b,1205,4,-94.5,3,1,3,1,3,1,3,1
bc98-2983-907b,1206,4,-93.0,4,0,3,1,3,1,4,0
bc98-2983-907b,1207,5,-94.75,2,3,2,3,2,3,2,3
bc98-2983-907b,1208,5,-94.25,4,1,4,1,4,1,4,1
bc98-2983-907b,1209,5,-94.5,4,1,4,1,4,1,4,1
bc98-2983-907b,1210,5,-94.0,4,1,4,1,4,1,4,1
bc98-2983-907b,1211,5,-94.75,3,2,3,2,3,2,3,2
bc98-2983-907b,1212,5,-94.5,3,2,3,2,3,2,3,2
bc98-2983-907b,1213,5,-94.5,4,1,4,1,4,1,4,1
bc98-2983-907b,1214,5,-93.75,4,1,4,1,3,2,4,1
bc98-2983-907b,1215,3,-94.0,4,1,4,1,3,0,4,1
bc98-2983-907b,1216,4,-93.75,4,0,4,0,3,1,4,0
bc98-2983-907b,1217,4,-93.75,4,0,4,0,4,0,4,0
bc98-2983-907b,1218,4,-94.25,3,1,3,1,3,1,3,1
bc98-2983-907b,1219,4,-95.25,4,0,4,0,4,0,4,0
bc98-2983-907b,1220,4,-94.0,4,0,4,0,3,1,4,0
bc98-2983-907b,1221,4,-94.5,4,0,4,0,4,0,4,0
bc98-2983-907b,1222,4,-95.0,4,0,4,0,4,0,4,0
bc98-2983-907b,1223,5,-94.75,2,3,2,3,2,3,2,3
bc98-2983-907b,1224,4,-94.25,3,1,3,1,3,1,3,1
bc98-2983-907b,1225,4,-94.0,4,0,4,0,4,0,4,0
bc98-2983-907b,1226,4,-94.5,4,0,4,0,4,0,4,0
bc98-2983-907b,1227,4,-94.25,4,0,4,0,3,1,4,0
bc98-2983-907b,1228,5,-94.0,4,1,4,1,4,1,4,1
bc98-2983-907b,1229,4,-95.0,5,1,5,1,5,1,5,1
bc98-2983-907b,1230,4,-94.25,4,0,4,0,3,1,4,0
bc98-2983-907b,1231,4,-94.75,4,0,4,0,4,0,4,0
bc98-2983-907b,1232,4,-94.5,4,0,4,0,4,0,4,0
bc98-2983-907b,1233,4,-94.0,4,0,4,0,4,0,4,0
bc98-2983-907b,1234,4,-94.5,4,0,4,0,4,0,4,0
bc98-2983-907b,1235,4,-94.5,4,0,4,0,4,0,4,0
bc98-2983-907b,1236,4,-93.5,4,0,4,0,3,1,4,0
bc98-2983-907b,1237,5,-95.0,4,1,4,1,4,1,4,1
bc98-2983-907b,1238,4,-94.0,4,0,4,0,3,1,4,0
bc98-2983-907b,1239,4,-82.25,4,0,2,2,2,2,4,0
bc98-2983-907b,1240,4,-94.25,4,0,4,0,4,0,4,0
bc98-2983-907b,1241,4,-94.0,4,0,4,0,3,1,4,0
bc98-2983-907b,1242,4,-94.5,4,0,4,0,4,0,4,0
bc98-2983-907b,1243,4,-94.25,4,0,4,0,4,0,4,0
bc98-2983-907b,1244,4,-94.75,3,1,3,1,3,1,3,1
bc98-2983-907b,1245,3,-94.75,3,0,3,0,3,0,3,0
bc98-2983-907b,1246,3,-94.75,3,0,3,0,3,0,3,0
bc98-2983-907b,1247,3,-94.25,3,0,3,0,3,0,3,0
bc98-2983-907b,1248,3,-95.0,2,1,2,1,2,1,2,1
bc98-2983-907b,1249,3,-95.0,2,1,2,1,2,1,2,1
bc98-2983-907b,1250,3,-94.75,3,0,3,0,3,0,3,0
bc98-2983-907b,1251,3,-94.5,2,1,2,1,2,1,2,1
bc98-2983-907b,1252,3,-95.5,3,0,3,0,3,0,3,0
bc98-2983-907b,1253,3,-95.0,3,0,3,0,3,0,3,0
bc98-2983-907b,1254,3,-94.75,3,0,3,0,3,0,3,0
bc98-2983-907b,1255,3,-94.5,3,0,3,0,3,0,3,0
bc98-2983-907b,1256,3,-95.0,3,0,3,0,3,0,3,0
bc98-2983-907b,1257,3,-95.0,3,0,3,0,3,0,3,0
bc98-2983-907b,1258,3,-95.25,3,0,3,0,3,0,3,0
bc98-2983-907b,1259,3,-94.75,3,0,3,0,3,0,3,0
bc98-2983-907b,1260,3,-94.75,2,1,2,1,2,1,2,1
bc98-2983-907b,1261,3,-95.0,3,0,3,0,3,0,3,0
bc98-2983-907b,1262,3,-94.75,3,0,3,0,3,0,3,0
bc98-2983-907b,1263,3,-94.25,3,0,3,0,3,0,3,0
bc98-2983-907b,1264,3,-94.75,3,0,3,0,3,0,3,0
bc98-2983-907b,1265,3,-93.5,3,0,3,0,2,1,3,0
bc98-2983-907b,1266,3,-94.75,3,0,3,0,3,0,3,0
bc98-2983-907b,1267,3,-94.5,3,0,3,0,3,0,3,0
bc98-2983-907b,1268,3,-94.25,4,1,4,1,4,1,4,1
bc98-2983-907b,1269,3,-95.0,3,0,3,0,3,0,3,0
bc98-2983-907b,1270,3,-94.75,2,1,2,1,2,1,2,1
bc98-2983-907b,1271,3,-94.75,3,0,3,0,3,0,3,0
bc98-2983-907b,1272,3,-94.75,3,0,3,0,3,0,3,0
bc98-2983-907b,1273,3,-94.5,3,0,3,0,3,0,3,0
bc98-2983-907b,1274,3,-94.75,3,0,3,0,3,0,3,0
bc98-2983-907b,1275,3,-95.25,3,0,3,0,3,0,3,0
bc98-2983-907b,1276,3,-94.25,3,0,3,0,3,0,3,0
bc98-2983-907b,1277,3,-94.75,3,0,3,0,3,0,3,0
bc98-2983-907b,1278,3,-94.75,3,0,3,0,3,0,3,0
bc98-2983-907b,1279,3,-94.75,3,0,3,0,3,0,3,0
bc98-2983-907b,1280,3,-95.0,3,0,3,0,3,0,3,0
bc98-2983-907b,1281,3,-95.25,3,0,3,0,3,0,3,0
bc98-2983-907b,1282,3,-95.0,3,0,3,0,3,0,3,0
bc98-2983-907b,1283,3,-95.25,3,0,3,0,3,0,3,0
bc98-2983-907b,1284,3,-95.25,3,0,3,0,3,0,3,0
bc98-2983-907b,1285,3,-95.0,3,0,3,0,3,0,3,0
bc98-2983-907b,1286,3,-94.75,3,0,3,0,3,0,3,0
bc98-2983-907b,1287,3,-94.75,3,0,3,0,3,0,3,0
bc98-2983-907b,1288,3,-94.75,3,0,3,0,3,0,3,0
bc98-2983-907b,1289,3,-95.0,3,0,3,0,3,0,3,0
bc98-2983-907b,1290,4,-95.0,3,1,3,1,3,1,3,1
bc98-2983-907b,1291,3,-94.75,3,0,3,0,3,0,3,0
bc98-2983-907b,1292,3,-95.25,3,0,3,0,3,0,3,0
bc98-2983-907b,1293,3,-95.25,3,0,3,0,3,0,3,0
bc98-2983-907b,1294,4,-94.25,3,1,3,1,3,1,3,1
bc98-2983-907b,1295,3,-94.75,3,0,3,0,3,0,3,0
bc98-2983-907b,1296,3,-95.0,3,0,3,0,3,0,3,0
bc98-2983-907b,1297,3,-95.0,3,0,3,0,3,0,3,0
bc98-2983-907b,1298,3,-95.25,3,0,3,0,3,0,3,0
bc98-2983-907b,1299,3,-95.0,2,1,2,1,2,1,2,1
bc98-2983-907b,1300,3,-95.25,2,1,2,1,2,1,2,1
bc98-2983-907b,1301,3,-95.25,3,0,3,0,3,0,3,0
bc98-2983-907b,1302,3,-94.75,3,0,3,0,3,0,3,0
bc98-2983-907b,1303,3,-95.5,3,0,3,0,3,0,3,0
bc98-2983-907b,1304,3,-94.75,2,1,2,1,2,1,2,1
bc98-2983-907b,1305,3,-94.75,3,0,3,0,3,0,3,0
bc98-2983-907b,1306,3,-95.25,3,0,3,0,3,0,3,0
bc98-2983-907b,1307,3,-95.0,3,0,3,0,3,0,3,0
bc98-2983-907b,1308,3,-94.75,2,1,2,1,2,1,2,1
bc98-2983-907b,1309,3,-94.25,2,1,2,1,2,1,2,1
bc98-2983-907b,1310,3,-95.5,3,0,3,0,3,0,3,0
bc98-2983-907b,1311,3,-94.5,3,0,3,0,3,0,3,0
bc98-2983-907b,1312,3,-94.75,3,0,3,0,3,0,3,0
bc98-2983-907b,1313,3,-94.75,3,0,3,0,3,0,3,0
bc98-2983-907b,1314,3,-95.0,3,0,3,0,3,0,3,0
bc98-2983-907b,1315,3,-95.25,3,0,3,0,3,0,3,0
bc98-2983-907b,1316,3,-94.5,3,0,3,0,3,0,3,0
bc98-2983-907b,1317,3,-94.75,3,0,3,0,3,0,3,0
bc98-2983-907b,1318,3,-94.75,3,0,3,0,3,0,3,0
bc98-2983-907b,1319,3,-94.75,3,0,3,0,3,0,3,0
bc98-2983-907b,1320,4,-92.25,3,1,2,2,2,2,3,1
bc98-2983-907b,1321,3,-93.25,5,2,5,2,4,1,5,2
bc98-2983-907b,1322,3,-92.0,3,0,2,1,2,1,3,0
bc98-2983-907b,1323,3,-91.0,3,0,2,1,2,1,3,0
bc98-2983-907b,1324,3,-92.5,5,2,5,2,4,1,5,2
bc98-2983-907b,1325,3,-93.0,4,1,4,1,4,1,4,1
bc98-2983-907b,1326,3,-93.0,4,1,4,1,4,1,4,1
bc98-2983-907b,1327,3,-93.5,4,1,4,1,4,1,4,1
bc98-2983-907b,1328,3,-93.5,4,1,4,1,4,1,4,1
bc98-2983-907b,1329,3,-93.25,4,1,4,1,3,0,4,1
bc98-2983-907b,1330,3,-93.5,4,1,4,1,4,1,4,1
bc98-2983-907b,1331,3,-93.25,4,1,4,1,3,0,4,1
bc98-2983-907b,1332,3,-93.25,4,1,4,1,3,0,4,1
bc98-2983-907b,1333,3,-91.25,4,1,3,0,3,0,4,1
bc98-2983-907b,1334,3,-92.75,4,1,4,1,3,0,4,1
bc98-2983-907b,1335,3,-93.0,4,1,4,1,3,0,4,1
bc98-2983-907b,1336,3,-92.75,3,0,3,0,3,0,3,0
bc98-2983-907b,1337,3,-92.75,4,1,4,1,3,0,4,1
bc98-2983-907b,1338,3,-92.5,4,1,4,1,3,0,4,1
bc98-2983-907b,1339,3,-93.5,4,1,4,1,3,0,4,1
bc98-2983-907b,1340,3,-93.0,4,1,4,1,3,0,4,1
bc98-2983-907b,1341,3,-93.25,4,1,4,1,3,0,4,1
bc98-2983-907b,1342,3,-92.25,4,1,4,1,3,0,4,1
bc98-2983-907b,1343,3,-91.75,4,1,4,1,3,0,4,1
bc98-2983-907b,1344,3,-93.75,4,1,4,1,4,1,4,1
bc98-2983-907b,1345,3,-91.75,4,1,4,1,4,1,4,1
bc98-2983-907b,1346,3,-92.75,4,1,4,1,3,0,4,1
bc98-2983-907b,1347,3,-93.25,4,1,4,1,3,0,4,1
bc98-2983-907b,1348,3,-93.0,3,0,3,0,3,0,3,0
bc98-2983-907b,1349,3,-92.5,4,1,4,1,3,0,4,1
bc98-2983-907b,1350,3,-93.25,3,0,3,0,3,0,3,0
bc98-2983-907b,1351,3,-93.0,4,1,4,1,3,0,4,1
bc98-2983-907b,1352,3,-92.75,4,1,4,1,3,0,4,1
bc98-2983-907b,1353,3,-94.0,5,2,5,2,5,2,5,2
bc98-2983-907b,1354,3,-93.25,4,1,4,1,3,0,4,1
bc98-2983-907b,1355,3,-94.0,5,2,5,2,5,2,5,2
bc98-2983-907b,1356,3,-93.5,5,2,5,2,4,1,5,2
bc98-2983-907b,1357,3,-95.25,4,1,4,1,4,1,4,1
bc98-2983-907b,1358,3,-94.25,4,1,4,1,4,1,4,1
bc98-2983-907b,1359,3,-93.75,3,0,3,0,3,0,3,0
bc98-2983-907b,1360,3,-94.25,5,2,5,2,5,2,5,2
bc98-2983-907b,1361,3,-93.75,4,1,4,1,4,1,4,1
bc98-2983-907b,1362,3,-93.25,4,1,4,1,3,0,4,1
bc98-2983-907b,1363,3,-93.5,5,2,5,2,4,1,5,2
bc98-2983-907b,1364,3,-94.0,5,2,5,2,5,2,5,2
bc98-2983-907b,1365,3,-93.0,4,1,4,1,4,1,4,1
bc98-2983-907b,1366,3,-94.0,5,2,5,2,5,2,5,2
bc98-2983-907b,1367,3,-93.5,5,2,5,2,5,2,5,2
bc98-2983-907b,1368,3,-93.0,5,2,5,2,4,1,5,2
bc98-2983-907b,1369,3,-93.25,4,1,4,1,4,1,4,1
bc98-2983-907b,1370,3,-93.25,5,2,5,2,4,1,5,2
bc98-2983-907b,1371,3,-92.5,4,1,4,1,4,1,4,1
bc98-2983-907b,1372,3,-94.25,4,1,4,1,4,1,4,1
bc98-2983-907b,1373,3,-93.75,5,2,5,2,5,2,5,2
bc98-2983-907b,1374,3,-93.25,5,2,5,2,4,1,5,2
bc98-2983-907b,1375,3,-93.0,4,1,4,1,3,0,4,1
bc98-2983-907b,1376,3,-93.5,4,1,4,1,4,1,4,1
bc98-2983-907b,1377,3,-92.5,4,1,4,1,3,0,4,1
bc98-2983-907b,1378,3,-93.75,4,1,4,1,4,1,4,1
bc98-2983-907b,1379,3,-93.0,4,1,4,1,3,0,4,1
bc98-2983-907b,1380,4,-94.25,5,1,5,1,4,0,5,1
bc98-2983-907b,1381,3,-94.0,3,0,3,0,3,0,3,0
bc98-2983-907b,1382,3,-92.75,4,1,4,1,4,1,4,1
bc98-2983-907b,1383,3,-92.5,4,1,4,1,3,0,4,1
bc98-2983-907b,1384,3,-94.0,4,1,4,1,4,1,4,1
bc98-2983-907b,1385,3,-93.5,4,1,4,1,4,1,4,1
bc98-2983-907b,1386,3,-93.5,4,1,4,1,4,1,4,1
bc98-2983-907b,1387,3,-93.75,4,1,4,1,4,1,4,1
bc98-2983-907b,1388,3,-93.75,5,2,5,2,5,2,5,2
bc98-2983-907b,1389,3,-93.5,4,1,4,1,4,1,4,1
bc98-2983-907b,1390,3,-93.0,4,1,4,1,4,1,4,1
bc98-2983-907b,1391,2,-95.25,3,1,3,1,3,1,3,1
bc98-2983-907b,1392,2,-95.0,3,1,3,1,3,1,3,1
bc98-2983-907b,1393,2,-95.25,3,1,3,1,3,1,3,1
bc98-2983-907b,1394,2,-95.5,3,1,3,1,3,1,3,1
bc98-2983-907b,1395,2,-95.0,3,1,3,1,3,1,3,1
bc98-2983-907b,1396,2,-93.75,3,1,2,0,2,0,3,1
bc98-2983-907b,1397,2,-95.0,3,1,3,1,3,1,3,1
bc98-2983-907b,1398,2,-94.75,3,1,3,1,3,1,3,1
bc98-2983-907b,1399,2,-95.0,3,1,3,1,3,1,3,1
bc98-2983-907b,1400,2,-95.25,3,1,3,1,3,1,3,1
bc98-2983-907b,1401,2,-95.0,3,1,3,1,3,1,3,1
bc98-2983-907b,1402,2,-95.0,3,1,3,1,3,1,3,1
bc98-2983-907b,1403,2,-95.0,3,1,3,1,3,1,3,1
bc98-2983-907b,1404,2,-95.0,3,1,3,1,3,1,3,1
bc98-2983-907b,1405,2,-95.0,3,1,3,1,3,1,3,1
bc98-2983-907b,1406,2,-95.0,3,1,3,1,3,1,3,1
bc98-2983-907b,1407,2,-95.5,3,1,3,1,3,1,3,1
bc98-2983-907b,1408,2,-94.75,3,1,3,1,3,1,3,1
bc98-2983-907b,1409,2,-95.75,3,1,3,1,4,2,3,1
bc98-2983-907b,1410,2,-95.0,3,1,3,1,3,1,3,1
bc98-2983-907b,1411,2,-95.0,3,1,3,1,3,1,3,1
bc98-2983-907b,1412,2,-94.25,3,1,3,1,3,1,3,1
bc98-2983-907b,1413,2,-94.75,3,1,3,1,3,1,3,1
bc98-2983-907b,1414,2,-94.75,3,1,3,1,3,1,3,1
bc98-2983-907b,1415,2,-95.5,3,1,3,1,3,1,3,1
bc98-2983-907b,1416,2,-95.25,3,1,3,1,3,1,3,1
bc98-2983-907b,1417,2,-95.0,3,1,3,1,3,1,3,1
bc98-2983-907b,1418,2,-95.0,3,1,3,1,3,1,3,1
bc98-2983-907b,1419,2,-96.0,3,1,3,1,3,1,3,1
bc98-2983-907b,1420,2,-95.75,3,1,3,1,3,1,3,1
bc98-2983-907b,1421,2,-95.0,3,1,3,1,3,1,3,1
bc98-2983-907b,1422,2,-95.5,3,1,3,1,3,1,3,1
bc98-2983-907b,1423,2,-93.5,3,1,2,0,2,0,3,1
bc98-2983-907b,1424,2,-95.5,3,1,3,1,3,1,3,1
bc98-2983-907b,1425,2,-95.5,3,1,3,1,3,1,3,1
bc98-2983-907b,1426,2,-95.5,3,1,3,1,3,1,3,1
bc98-2983-907b,1427,2,-95.75,3,1,3,1,4,2,3,1
bc98-2983-907b,1428,2,-95.25,3,1,3,1,3,1,3,1
bc98-2983-907b,1429,2,-95.25,3,1,3,1,3,1,3,1
bc98-2983-907b,1430,2,-95.5,3,1,3,1,3,1,3,1
bc98-2983-907b,1431,2,-95.0,3,1,3,1,3,1,3,1
bc98-2983-907b,1432,2,-95.5,3,1,3,1,3,1,3,1
bc98-2983-907b,1433,2,-95.0,3,1,3,1,3,1,3,1
bc98-2983-907b,1434,2,-95.0,3,1,3,1,3,1,3,1
bc98-2983-907b,1435,2,-94.75,3,1,3,1,3,1,3,1
bc98-2983-907b,1436,2,-95.0,3,1,3,1,3,1,3,1
bc98-2983-907b,1437,2,-95.0,3,1,3,1,3,1,3,1
bc98-2983-907b,1438,2,-94.75,3,1,3,1,3,1,3,1
bc98-2983-907b,1439,2,-94.75,3,1,3,1,3,1,3,1
bc98-2983-907b,1440,2,-93.75,3,1,3,1,3,1,3,1
bc98-2983-907b,1441,2,-95.25,3,1,3,1,3,1,3,1
bc98-2983-907b,1442,2,-95.25,3,1,3,1,3,1,3,1
bc98-2983-907b,1443,2,-95.0,3,1,3,1,3,1,3,1
bc98-2983-907b,1444,2,-95.0,3,1,3,1,3,1,3,1
bc98-2983-907b,1445,2,-94.75,3,1,3,1,3,1,3,1
bc98-2983-907b,1446,2,-95.25,3,1,3,1,3,1,3,1
bc98-2983-907b,1447,2,-95.5,3,1,3,1,3,1,3,1
bc98-2983-907b,1448,2,-95.25,3,1,3,1,3,1,3,1
bc98-2983-907b,1449,2,-95.75,3,1,3,1,3,1,3,1
bc98-2983-907b,1450,2,-95.5,3,1,3,1,3,1,3,1
bc98-2983-907b,1451,2,-95.5,3,1,3,1,3,1,3,1
bc98-2983-907b,1452,2,-95.25,3,1,3,1,3,1,3,1
bc98-2983-907b,1453,2,-95.25,3,1,3,1,3,1,3,1
bc98-2983-907b,1454,2,-95.25,3,1,3,1,3,1,3,1
bc98-2983-907b,1455,2,-95.5,2,0,2,0,2,0,2,0
bc98-2983-907b,1456,2,-95.0,3,1,3,1,3,1,3,1
bc98-2983-907b,1457,2,-94.5,3,1,3,1,3,1,3,1
bc98-2983-907b,1458,2,-94.75,4,2,4,2,4,2,4,2
bc98-2983-907b,1459,2,-94.75,3,1,3,1,3,1,3,1
bc98-2983-907b,1460,2,-94.75,3,1,3,1,3,1,3,1
bc98-2983-907b,1461,2,-94.75,4,2,4,2,4,2,4,2
bc98-2983-907b,1462,2,-95.0,4,2,4,2,4,2,4,2
bc98-2983-907b,1463,2,-95.0,4,2,4,2,4,2,4,2
bc98-2983-907b,1464,2,-95.25,4,2,4,2,4,2,4,2
bc98-2983-907b,1465,2,-95.25,4,2,4,2,4,2,4,2
bc98-2983-907b,1466,2,-94.5,4,2,4,2,4,2,4,2
bc98-2983-907b,1467,2,-95.25,4,2,4,2,4,2,4,2
bc98-2983-907b,1468,2,-95.5,4,2,4,2,4,2,4,2
bc98-2983-907b,1469,2,-95.0,4,2,4,2,4,2,4,2
bc98-2983-907b,1470,2,-95.5,4,2,4,2,5,3,4,2
bc98-2983-907b,1471,2,-95.0,3,1,3,1,3,1,3,1
bc98-2983-907b,1472,2,-95.25,4,2,4,2,4,2,4,2
bc98-2983-907b,1473,2,-95.0,4,2,4,2,4,2,4,2
bc98-2983-907b,1474,2,-95.0,4,2,4,2,4,2,4,2
bc98-2983-907b,1475,2,-95.0,4,2,4,2,4,2,4,2
bc98-2983-907b,1476,2,-95.0,4,2,4,2,4,2,4,2
bc98-2983-907b,1477,2,-95.0,4,2,4,2,4,2,4,2
bc98-2983-907b,1478,2,-95.0,4,2,4,2,4,2,4,2
bc98-2983-907b,1479,2,-95.0,3,1,3,1,3,1,3,1
bc98-2983-907b,1480,2,-94.75,4,2,4,2,4,2,4,2
bc98-2983-907b,1481,2,-95.25,4,2,4,2,4,2,4,2
bc98-2983-907b,1482,2,-93.0,4,2,4,2,3,1,4,2
bc98-2983-907b,1483,2,-95.0,3,1,3,1,3,1,3,1
bc98-2983-907b,1484,2,-94.75,3,1,3,1,3,1,3,1
bc98-2983-907b,1485,2,-95.25,3,1,3,1,3,1,3,1
bc98-2983-907b,1486,2,-94.75,4,2,4,2,4,2,4,2
bc98-2983-907b,1487,2,-94.75,4,2,4,2,4,2,4,2
bc98-2983-907b,1488,2,-95.0,4,2,4,2,4,2,4,2
bc98-2983-907b,1489,2,-95.0,4,2,4,2,4,2,4,2
bc98-2983-907b,1490,2,-95.5,4,2,4,2,4,2,4,2
bc98-2983-907b,1491,2,-94.75,4,2,4,2,4,2,4,2
bc98-2983-907b,1492,2,-95.0,4,2,4,2,4,2,4,2
bc98-2983-907b,1493,2,-95.5,4,2,4,2,4,2,4,2
bc98-2983-907b,1494,2,-94.75,4,2,4,2,4,2,4,2
bc98-2983-907b,1495,2,-94.5,3,1,3,1,3,1,3,1
bc98-2983-907b,1496,2,-95.5,4,2,4,2,4,2,4,2
bc98-2983-907b,1497,2,-95.0,4,2,4,2,4,2,4,2
bc98-2983-907b,1498,2,-94.75,4,2,4,2,4,2,4,2
bc98-2983-907b,1499,2,-95.0,4,2,4,2,4,2,4,2
bc98-2983-907b,1500,2,-94.75,4,2,4,2,4,2,4,2
bc98-2983-907b,1501,2,-94.75,4,2,4,2,4,2,4,2
bc98-2983-907b,1502,2,-95.0,4,2,4,2,4,2,4,2
bc98-2983-907b,1503,2,-94.75,4,2,4,2,4,2,4,2
bc98-2983-907b,1504,2,-92.25,4,2,4,2,3,1,4,2
bc98-2983-907b,1505,2,-95.25,4,2,4,2,4,2,4,2
bc98-2983-907b,1506,2,-94.75,4,2,4,2,4,2,4,2
bc98-2983-907b,1507,2,-95.25,4,2,4,2,4,2,4,2
bc98-2983-907b,1508,2,-95.0,4,2,4,2,4,2,4,2
bc98-2983-907b,1509,3,-95.0,3,0,3,0,3,0,3,0
bc98-2983-907b,1510,3,-95.5,3,0,3,0,3,0,3,0
bc98-2983-907b,1511,3,-95.25,3,0,3,0,3,0,3,0
bc98-2983-907b,1512,3,-95.25,3,0,3,0,3,0,3,0
bc98-2983-907b,1513,3,-95.0,2,1,2,1,2,1,2,1
bc98-2983-907b,1514,3,-94.75,3,0,3,0,3,0,3,0
bc98-2983-907b,1515,3,-95.0,3,0,3,0,3,0,3,0
bc98-2983-907b,1516,3,-95.5,3,0,3,0,3,0,3,0
bc98-2983-907b,1517,3,-94.75,3,0,3,0,3,0,3,0
bc98-2983-907b,1518,3,-94.5,3,0,3,0,3,0,3,0
bc98-2983-907b,1519,3,-95.0,3,0,3,0,3,0,3,0
bc98-2983-907b,1520,3,-95.25,3,0,3,0,3,0,3,0
bc98-2983-907b,1521,3,-94.5,3,0,3,0,3,0,3,0
bc98-2983-907b,1522,3,-95.25,3,0,3,0,3,0,3,0
bc98-2983-907b,1523,3,-95.25,3,0,3,0,3,0,3,0
bc98-2983-907b,1524,3,-95.0,3,0,3,0,3,0,3,0
bc98-2983-907b,1525,3,-94.75,3,0,3,0,3,0,3,0
bc98-2983-907b,1526,3,-95.0,3,0,3,0,3,0,3,0
bc98-2983-907b,1527,3,-94.5,3,0,3,0,3,0,3,0
bc98-2983-907b,1528,3,-94.75,3,0,3,0,3,0,3,0
bc98-2983-907b,1529,3,-95.25,3,0,3,0,3,0,3,0
bc98-2983-907b,1530,3,-95.0,3,0,3,0,3,0,3,0
bc98-2983-907b,1531,3,-95.25,3,0,3,0,3,0,3,0
bc98-2983-907b,1532,3,-94.75,3,0,3,0,3,0,3,0
bc98-2983-907b,1533,3,-94.75,3,0,3,0,3,0,3,0
bc98-2983-907b,1534,3,-95.0,3,0,3,0,3,0,3,0
bc98-2983-907b,1535,3,-95.0,3,0,3,0,3,0,3,0
bc98-2983-907b,1536,3,-94.75,3,0,3,0,3,0,3,0
bc98-2983-907b,1537,3,-94.75,4,1,4,1,4,1,4,1
bc98-2983-907b,1538,3,-95.0,3,0,3,0,3,0,3,0
bc98-2983-907b,1539,3,-95.25,3,0,3,0,3,0,3,0
bc98-2983-907b,1540,3,-95.5,3,0,3,0,3,0,3,0
bc98-2983-907b,1541,3,-95.5,3,0,3,0,3,0,3,0
bc98-2983-907b,1542,3,-94.75,3,0,3,0,3,0,3,0
bc98-2983-907b,1543,3,-95.5,3,0,3,0,3,0,3,0
bc98-2983-907b,1544,3,-95.25,3,0,3,0,3,0,3,0
bc98-2983-907b,1545,3,-94.75,3,0,3,0,3,0,3,0
bc98-2983-907b,1546,3,-94.75,3,0,3,0,3,0,3,0
bc98-2983-907b,1547,3,-95.0,3,0,3,0,3,0,3,0
bc98-2983-907b,1548,3,-94.25,3,0,3,0,3,0,3,0
bc98-2983-907b,1549,3,-95.0,3,0,3,0,3,0,3,0
bc98-2983-907b,1550,3,-95.25,3,0,3,0,3,0,3,0
bc98-2983-907b,1551,3,-94.75,3,0,3,0,3,0,3,0
bc98-2983-907b,1552,3,-95.25,3,0,3,0,3,0,3,0
bc98-2983-907b,1553,3,-94.75,3,0,3,0,3,0,3,0
bc98-2983-907b,1554,3,-94.75,3,0,3,0,3,0,3,0
bc98-2983-907b,1555,6,-92.75,7,1,7,1,7,1,7,1
bc98-2983-907b,1556,6,-91.0,7,1,7,1,7,1,7,1
bc98-2983-907b,1557,6,-91.75,7,1,7,1,7,1,7,1
bc98-2983-907b,1558,6,-91.5,7,1,7,1,7,1,7,1
bc98-2983-907b,1559,6,-90.75,7,1,7,1,7,1,7,1
bc98-2983-907b,1560,6,-89.75,7,1,7,1,7,1,7,1
bc98-2983-907b,1561,6,-89.75,7,1,7,1,7,1,7,1
bc98-2983-907b,1562,6,-90.75,7,1,7,1,7,1,7,1
bc98-2983-907b,1563,7,-88.25,7,0,7,0,7,0,7,0
bc98-2983-907b,1564,6,-88.0,7,1,7,1,7,1,7,1
bc98-2983-907b,1565,6,-88.5,7,1,7,1,7,1,7,1
bc98-2983-907b,1566,6,-89.75,7,1,7,1,7,1,7,1
bc98-2983-907b,1567,7,-87.5,7,0,7,0,6,1,7,0
bc98-2983-907b,1568,6,-87.75,7,1,7,1,6,0,7,1
bc98-2983-907b,1569,6,-89.5,7,1,7,1,7,1,7,1
bc98-2983-907b,1570,7,-90.0,7,0,7,0,7,0,7,0
bc98-2983-907b,1571,7,-91.0,7,0,7,0,7,0,7,0
bc98-2983-907b,1572,6,-88.25,7,1,7,1,7,1,7,1
bc98-2983-907b,1573,7,-91.0,7,0,7,0,7,0,7,0
bc98-2983-907b,1574,7,-90.5,7,0,7,0,7,0,7,0
bc98-2983-907b,1575,7,-90.5,7,0,7,0,7,0,7,0
bc98-2983-907b,1576,7,-91.5,7,0,7,0,7,0,7,0
bc98-2983-907b,1577,7,-91.25,7,0,7,0,7,0,7,0
bc98-2983-907b,1578,7,-90.75,7,0,7,0,7,0,7,0
bc98-2983-907b,1579,7,-89.75,7,0,7,0,7,0,7,0
bc98-2983-907b,1580,7,-90.75,7,0,7,0,7,0,7,0
bc98-2983-907b,1581,7,-88.25,7,0,7,0,7,0,7,0
bc98-2983-907b,1582,7,-90.5,7,0,7,0,7,0,7,0
bc98-2983-907b,1583,7,-90.5,7,0,7,0,7,0,7,0
bc98-2983-907b,1584,6,-89.5,7,1,7,1,7,1,7,1
bc98-2983-907b,1585,7,-89.75,7,0,7,0,7,0,7,0
bc98-2983-907b,1586,7,-90.5,7,0,7,0,7,0,7,0
bc98-2983-907b,1587,7,-90.5,7,0,7,0,7,0,7,0
bc98-2983-907b,1588,7,-90.0,7,0,7,0,7,0,7,0
bc98-2983-907b,1589,7,-91.0,7,0,7,0,7,0,7,0
bc98-2983-907b,1590,7,-91.25,7,0,7,0,7,0,7,0
bc98-2983-907b,1591,7,-89.25,7,0,7,0,7,0,7,0
bc98-2983-907b,1592,7,-91.0,7,0,7,0,7,0,7,0
bc98-2983-907b,1593,7,-92.0,7,0,7,0,7,0,7,0
bc98-2983-907b,1594,6,-91.25,7,1,7,1,7,1,7,1
bc98-2983-907b,1595,6,-91.25,7,1,7,1,7,1,7,1
bc98-2983-907b,1596,7,-91.0,7,0,7,0,7,0,7,0
bc98-2983-907b,1597,8,-91.0,7,1,7,1,7,1,7,1
bc98-2983-907b,1598,6,-91.0,7,1,7,1,7,1,7,1
bc98-2983-907b,1599,7,-91.5,7,0,7,0,7,0,7,0
bc98-2983-907b,1600,8,-91.25,7,1,7,1,7,1,7,1
bc98-2983-907b,1601,6,-90.75,7,1,7,1,7,1,7,1
bc98-2983-907b,1602,6,-92.0,7,1,7,1,7,1,7,1
bc98-2983-907b,1603,6,-91.0,7,1,7,1,7,1,7,1
bc98-2983-907b,1604,7,-89.5,7,0,7,0,7,0,7,0
bc98-2983-907b,1605,6,-90.75,7,1,7,1,7,1,7,1
bc98-2983-907b,1606,6,-91.5,7,1,7,1,7,1,7,1
bc98-2983-907b,1607,7,-90.25,7,0,7,0,7,0,7,0
bc98-2983-907b,1608,6,-89.5,7,1,7,1,7,1,7,1
bc98-2983-907b,1609,6,-91.75,7,1,7,1,7,1,7,1
bc98-2983-907b,1610,6,-91.0,7,1,7,1,7,1,7,1
bc98-2983-907b,1611,7,-93.75,7,0,7,0,7,0,7,0
bc98-2983-907b,1612,7,-92.5,7,0,7,0,7,0,7,0
bc98-2983-907b,1613,8,-92.75,7,1,7,1,7,1,7,1
bc98-2983-907b,1614,7,-93.25,7,0,7,0,7,0,7,0
bc98-2983-907b,1615,7,-93.0,7,0,7,0,7,0,7,0
bc98-2983-907b,1616,8,-91.25,7,1,7,1,6,2,7,1
bc98-2983-907b,1617,7,-93.0,7,0,7,0,7,0,7,0
bc98-2983-907b,1618,7,-93.25,7,0,7,0,7,0,7,0
bc98-2983-907b,1619,8,-92.0,7,1,7,1,7,1,7,1
bc98-2983-907b,1620,8,-93.25,7,1,7,1,7,1,7,1
bc98-2983-907b,1621,9,-92.25,7,2,7,2,7,2,7,2
bc98-2983-907b,1622,8,-92.75,7,1,7,1,7,1,7,1
bc98-2983-907b,1623,7,-92.75,7,0,7,0,7,0,7,0
bc98-2983-907b,1624,7,-93.25,7,0,7,0,7,0,7,0
bc98-2983-907b,1625,8,-92.5,7,1,7,1,7,1,7,1
bc98-2983-907b,1626,8,-93.0,7,1,7,1,7,1,7,1
bc98-2983-907b,1627,8,-93.0,7,1,7,1,7,1,7,1
bc98-2983-907b,1628,8,-92.25,7,1,7,1,7,1,7,1
bc98-2983-907b,1629,8,-93.25,7,1,7,1,7,1,7,1
bc98-2983-907b,1630,8,-93.25,7,1,7,1,7,1,7,1
bc98-2983-907b,1631,8,-92.75,7,1,7,1,7,1,7,1
bc98-2983-907b,1632,8,-92.5,7,1,7,1,7,1,7,1
bc98-2983-907b,1633,8,-93.5,7,1,7,1,7,1,7,1
bc98-2983-907b,1634,7,-92.75,7,0,7,0,7,0,7,0
bc98-2983-907b,1635,8,-93.0,7,1,7,1,7,1,7,1
bc98-2983-907b,1636,8,-92.75,7,1,7,1,7,1,7,1
bc98-2983-907b,1637,8,-93.25,7,1,7,1,7,1,7,1
bc98-2983-907b,1638,8,-92.5,7,1,7,1,7,1,7,1
bc98-2983-907b,1639,9,-92.5,7,2,7,2,7,2,7,2
bc98-2983-907b,1640,8,-93.0,7,1,7,1,7,1,7,1
bc98-2983-907b,1641,8,-93.0,7,1,7,1,7,1,7,1
bc98-2983-907b,1642,8,-93.25,7,1,7,1,7,1,7,1
bc98-2983-907b,1643,8,-92.25,7,1,7,1,7,1,7,1
bc98-2983-907b,1644,8,-93.25,7,1,7,1,7,1,7,1
bc98-2983-907b,1645,8,-93.25,7,1,7,1,7,1,7,1
bc98-2983-907b,1646,9,-93.25,7,2,7,2,7,2,7,2
bc98-2983-907b,1647,8,-92.5,7,1,7,1,7,1,7,1
bc98-2983-907b,1648,8,-93.25,7,1,7,1,7,1,7,1
bc98-2983-907b,1649,8,-92.25,7,1,7,1,7,1,7,1
bc98-2983-907b,1650,7,-93.25,7,0,7,0,7,0,7,0
bc98-2983-907b,1651,7,-93.0,7,0,7,0,7,0,7,0
bc98-2983-907b,1652,7,-92.75,7,0,7,0,7,0,7,0
bc98-2983-907b,1653,7,-92.75,7,0,7,0,7,0,7,0
bc98-2983-907b,1654,8,-93.0,7,1,7,1,7,1,7,1
bc98-2983-907b,1655,9,-93.0,7,2,7,2,7,2,7,2
bc98-2983-907b,1656,8,-93.25,7,1,7,1,7,1,7,1
bc98-2983-907b,1657,8,-92.5,7,1,7,1,7,1,7,1
bc98-2983-907b,1658,8,-93.0,7,1,7,1,7,1,7,1
bc98-2983-907b,1659,8,-92.5,7,1,7,1,7,1,7,1
bc98-2983-907b,1660,9,-92.75,7,2,7,2,7,2,7,2
bc98-2983-907b,1661,8,-92.25,7,1,7,1,7,1,7,1
bc98-2983-907b,1662,8,-92.75,7,1,7,1,7,1,7,1
bc98-2983-907b,1663,8,-93.0,7,1,7,1,7,1,7,1
bc98-2983-907b,1664,8,-92.5,7,1,7,1,7,1,7,1
bc98-2983-907b,1665,7,-93.5,7,0,7,0,7,0,7,0
bc98-2983-907b,1666,7,-92.75,7,0,7,0,7,0,7,0
bc98-2983-907b,1667,7,-93.5,7,0,7,0,7,0,7,0
bc98-2983-907b,1668,8,-93.0,7,1,7,1,7,1,7,1
bc98-2983-907b,1669,8,-93.0,7,1,7,1,7,1,7,1
bc98-2983-907b,1670,8,-93.25,7,1,7,1,7,1,7,1
bc98-2983-907b,1671,7,-93.25,7,0,7,0,7,0,7,0
bc98-2983-907b,1672,6,-92.25,7,1,7,1,7,1,7,1
bc98-2983-907b,1673,6,-91.0,7,1,7,1,7,1,7,1
bc98-2983-907b,1674,6,-91.5,7,1,7,1,7,1,7,1
bc98-2983-907b,1675,6,-89.25,7,1,7,1,7,1,7,1
bc98-2983-907b,1676,6,-92.0,7,1,7,1,7,1,7,1
bc98-2983-907b,1677,6,-89.25,7,1,7,1,7,1,7,1
bc98-2983-907b,1678,6,-89.25,7,1,7,1,7,1,7,1
bc98-2983-907b,1679,7,-92.25,7,0,7,0,7,0,7,0
bc98-2983-907b,1680,6,-89.25,7,1,7,1,7,1,7,1
bc98-2983-907b,1681,6,-91.75,7,1,7,1,7,1,7,1
bc98-2983-907b,1682,6,-90.25,7,1,7,1,7,1,7,1
bc98-2983-907b,1683,6,-89.25,7,1,7,1,7,1,7,1
bc98-2983-907b,1684,6,-91.25,7,1,7,1,7,1,7,1
bc98-2983-907b,1685,6,-89.5,7,1,7,1,7,1,7,1
bc98-2983-907b,1686,6,-91.0,7,1,7,1,7,1,7,1
bc98-2983-907b,1687,6,-89.75,7,1,7,1,7,1,7,1
bc98-2983-907b,1688,6,-91.25,7,1,7,1,7,1,7,1
bc98-2983-907b,1689,7,-90.75,7,0,7,0,7,0,7,0
bc98-2983-907b,1690,7,-91.5,7,0,7,0,7,0,7,0
bc98-2983-907b,1691,7,-92.5,7,0,7,0,7,0,7,0
bc98-2983-907b,1692,7,-91.25,7,0,7,0,7,0,7,0
bc98-2983-907b,1693,7,-88.5,7,0,7,0,7,0,7,0
bc98-2983-907b,1694,7,-88.5,7,0,7,0,7,0,7,0
bc98-2983-907b,1695,7,-88.75,7,0,7,0,7,0,7,0
bc98-2983-907b,1696,7,-92.0,7,0,7,0,7,0,7,0
bc98-2983-907b,1697,7,-89.75,7,0,7,0,7,0,7,0
bc98-2983-907b,1698,7,-90.75,7,0,7,0,7,0,7,0
bc98-2983-907b,1699,7,-91.0,7,0,7,0,7,0,7,0
bc98-2983-907b,1700,7,-90.25,7,0,7,0,7,0,7,0
bc98-2983-907b,1701,7,-91.5,7,0,7,0,7,0,7,0
bc98-2983-907b,1702,7,-89.75,7,0,7,0,7,0,7,0
bc98-2983-907b,1703,7,-91.0,7,0,7,0,7,0,7,0
bc98-2983-907b,1704,7,-89.25,7,0,7,0,7,0,7,0
bc98-2983-907b,1705,7,-89.75,7,0,7,0,7,0,7,0
bc98-2983-907b,1706,7,-90.0,7,0,7,0,7,0,7,0
bc98-2983-907b,1707,7,-92.25,7,0,7,0,7,0,7,0
bc98-2983-907b,1708,7,-91.5,7,0,7,0,7,0,7,0
bc98-2983-907b,1709,7,-91.25,7,0,7,0,7,0,7,0
bc98-2983-907b,1710,7,-90.0,7,0,7,0,7,0,7,0
bc98-2983-907b,1711,7,-92.0,7,0,7,0,7,0,7,0
bc98-2983-907b,1712,7,-90.0,7,0,7,0,7,0,7,0
bc98-2983-907b,1713,7,-89.5,7,0,7,0,7,0,7,0
bc98-2983-907b,1714,7,-90.75,7,0,7,0,7,0,7,0
bc98-2983-907b,1715,7,-89.0,7,0,7,0,7,0,7,0
bc98-2983-907b,1716,7,-88.75,7,0,7,0,7,0,7,0
bc98-2983-907b,1717,7,-88.75,7,0,7,0,7,0,7,0
bc98-2983-907b,1718,6,-89.5,7,1,7,1,7,1,7,1
bc98-2983-907b,1719,7,-89.25,7,0,7,0,7,0,7,0
bc98-2983-907b,1720,7,-90.0,7,0,7,0,7,0,7,0
bc98-2983-907b,1721,6,-89.0,7,1,7,1,7,1,7,1
bc98-2983-907b,1722,7,-89.0,7,0,7,0,7,0,7,0
bc98-2983-907b,1723,6,-90.0,7,1,7,1,7,1,7,1
bc98-2983-907b,1724,7,-88.5,7,0,7,0,7,0,7,0
bc98-2983-907b,1725,6,-90.5,7,1,7,1,7,1,7,1
bc98-2983-907b,1726,5,-94.0,7,2,7,2,7,2,7,2
bc98-2983-907b,1727,5,-94.0,7,2,7,2,7,2,7,2
bc98-2983-907b,1728,5,-94.25,7,2,7,2,7,2,7,2
bc98-2983-907b,1729,5,-94.0,7,2,7,2,7,2,7,2
bc98-2983-907b,1730,5,-93.75,7,2,7,2,7,2,7,2
bc98-2983-907b,1731,5,-94.0,7,2,7,2,7,2,7,2
bc98-2983-907b,1732,5,-94.25,7,2,7,2,7,2,7,2
bc98-2983-907b,1733,5,-92.75,7,2,7,2,7,2,7,2
bc98-2983-907b,1734,5,-93.5,7,2,7,2,7,2,7,2
bc98-2983-907b,1735,5,-94.25,7,2,7,2,7,2,7,2
bc98-2983-907b,1736,5,-93.5,7,2,7,2,7,2,7,2
bc98-2983-907b,1737,5,-93.75,7,2,7,2,7,2,7,2
bc98-2983-907b,1738,5,-94.25,7,2,7,2,7,2,7,2
bc98-2983-907b,1739,5,-93.5,7,2,7,2,7,2,7,2
bc98-2983-907b,1740,5,-94.0,7,2,7,2,7,2,7,2
bc98-2983-907b,1741,5,-93.5,7,2,7,2,7,2,7,2
bc98-2983-907b,1742,5,-93.75,7,2,7,2,7,2,7,2
bc98-2983-907b,1743,5,-93.75,7,2,7,2,7,2,7,2
bc98-2983-907b,1744,5,-93.75,7,2,7,2,7,2,7,2
bc98-2983-907b,1745,5,-94.0,7,2,7,2,7,2,7,2
bc98-2983-907b,1746,5,-94.5,7,2,7,2,7,2,7,2
bc98-2983-907b,1747,5,-94.25,7,2,7,2,7,2,7,2
bc98-2983-907b,1748,5,-94.25,7,2,7,2,7,2,7,2
bc98-2983-907b,1749,5,-93.75,7,2,7,2,7,2,7,2
bc98-2983-907b,1750,5,-94.5,7,2,7,2,7,2,7,2
bc98-2983-907b,1751,5,-94.5,7,2,7,2,7,2,7,2
bc98-2983-907b,1752,5,-93.75,7,2,7,2,7,2,7,2
bc98-2983-907b,1753,5,-94.25,7,2,7,2,7,2,7,2
bc98-2983-907b,1754,5,-94.25,7,2,7,2,7,2,7,2
bc98-2983-907b,1755,5,-93.75,7,2,7,2,7,2,7,2
bc98-2983-907b,1756,5,-93.75,7,2,7,2,7,2,7,2
bc98-2983-907b,1757,5,-94.0,7,2,7,2,7,2,7,2
bc98-2983-907b,1758,5,-93.75,7,2,7,2,7,2,7,2
bc98-2983-907b,1759,5,-94.0,7,2,7,2,7,2,7,2
bc98-2983-907b,1760,5,-93.75,7,2,7,2,7,2,7,2
bc98-2983-907b,1761,5,-94.0,7,2,7,2,7,2,7,2
bc98-2983-907b,1762,5,-93.5,7,2,7,2,7,2,7,2
bc98-2983-907b,1763,5,-93.75,7,2,7,2,7,2,7,2
bc98-2983-907b,1764,5,-93.75,7,2,7,2,7,2,7,2
bc98-2983-907b,1765,5,-93.75,7,2,7,2,7,2,7,2
bc98-2983-907b,1766,5,-94.0,7,2,7,2,7,2,7,2
bc98-2983-907b,1767,5,-94.5,7,2,7,2,7,2,7,2
bc98-2983-907b,1768,3,-95.0,4,1,4,1,4,1,4,1
bc98-2983-907b,1769,3,-95.25,4,1,4,1,4,1,4,1
bc98-2983-907b,1770,4,-95.0,5,1,5,1,5,1,5,1
bc98-2983-907b,1771,4,-94.75,4,0,4,0,4,0,4,0
bc98-2983-907b,1772,4,-94.75,4,0,4,0,4,0,4,0
bc98-2983-907b,1773,4,-94.25,3,1,3,1,3,1,3,1
bc98-2983-907b,1774,5,-95.0,4,1,4,1,4,1,4,1
bc98-2983-907b,1775,5,-95.0,4,1,4,1,4,1,4,1
bc98-2983-907b,1776,5,-93.0,4,1,4,1,4,1,4,1
bc98-2983-907b,1777,3,-95.0,4,1,4,1,4,1,4,1
bc98-2983-907b,1778,3,-95.25,4,1,4,1,4,1,4,1
bc98-2983-907b,1779,4,-94.5,4,0,4,0,4,0,4,0
bc98-2983-907b,1780,5,-94.0,4,1,4,1,3,2,4,1
bc98-2983-907b,1781,5,-94.75,4,1,4,1,4,1,4,1
bc98-2983-907b,1782,5,-95.0,4,1,4,1,4,1,4,1
bc98-2983-907b,1783,5,-94.75,4,1,4,1,4,1,4,1
bc98-2983-907b,1784,5,-94.5,4,1,5,0,5,0,4,1
bc98-2983-907b,1785,5,-94.5,4,1,4,1,4,1,4,1
bc98-2983-907b,1786,5,-94.75,4,1,4,1,4,1,4,1
bc98-2983-907b,1787,5,-94.5,4,1,4,1,4,1,4,1
bc98-2983-907b,1788,5,-94.25,4,1,4,1,4,1,4,1
bc98-2983-907b,1789,5,-94.75,4,1,4,1,4,1,4,1
bc98-2983-907b,1790,5,-94.5,4,1,4,1,4,1,4,1
bc98-2983-907b,1791,5,-94.75,5,0,5,0,5,0,5,0
bc98-2983-907b,1792,3,-94.25,4,1,4,1,4,1,4,1
bc98-2983-907b,1793,4,-94.0,4,0,4,0,4,0,4,0
bc98-2983-907b,1794,4,-94.25,4,0,4,0,4,0,4,0
bc98-2983-907b,1795,5,-94.75,4,1,4,1,4,1,4,1
bc98-2983-907b,1796,5,-95.0,5,0,5,0,5,0,5,0
bc98-2983-907b,1797,5,-94.25,4,1,4,1,4,1,4,1
bc98-2983-907b,1798,3,-95.0,4,1,4,1,4,1,4,1
bc98-2983-907b,1799,4,-95.25,4,0,4,0,4,0,4,0
bc98-2983-907b,1800,4,-94.25,4,0,4,0,4,0,4,0
bc98-2983-907b,1801,5,-95.25,4,1,4,1,4,1,4,1
bc98-2983-907b,1802,5,-94.5,5,0,5,0,5,0,5,0
bc98-2983-907b,1803,5,-95.0,4,1,4,1,4,1,4,1
bc98-2983-907b,1804,5,-95.25,4,1,4,1,4,1,4,1
bc98-2983-907b,1805,5,-94.5,5,0,5,0,4,1,5,0
bc98-2983-907b,1806,5,-94.75,4,1,4,1,4,1,4,1
bc98-2983-907b,1807,5,-94.5,4,1,4,1,4,1,4,1
bc98-2983-907b,1808,5,-94.0,4,1,4,1,4,1,4,1
bc98-2983-907b,1809,3,-94.5,4,1,4,1,4,1,4,1
bc98-2983-907b,1810,3,-94.25,4,1,4,1,4,1,4,1
bc98-2983-907b,1811,4,-94.75,4,0,4,0,4,0,4,0
bc98-2983-907b,1812,4,-94.75,4,0,4,0,4,0,4,0
bc98-2983-907b,1813,5,-94.75,4,1,4,1,4,1,4,1
bc98-2983-907b,1814,5,-95.25,4,1,4,1,4,1,4,1
bc98-2983-907b,1815,5,-94.5,4,1,4,1,4,1,4,1
bc98-2983-907b,1816,5,-95.0,4,1,4,1,4,1,4,1
bc98-2983-907b,1817,5,-95.0,4,1,4,1,4,1,4,1
bc98-2983-907b,1818,5,-95.25,4,1,4,1,4,1,4,1
bc98-2983-907b,1819,5,-94.75,4,1,4,1,4,1,4,1
bc98-2983-907b,1820,5,-94.75,4,1,4,1,4,1,4,1
bc98-2983-907b,1821,5,-94.75,4,1,4,1,4,1,4,1
bc98-2983-907b,1822,4,-94.25,5,1,5,1,5,1,5,1
bc98-2983-907b,1823,4,-93.75,5,1,5,1,4,0,5,1
bc98-2983-907b,1824,4,-92.75,3,1,2,2,2,2,3,1
bc98-2983-907b,1825,4,-93.0,5,1,5,1,4,0,5,1
bc98-2983-907b,1826,4,-93.5,5,1,5,1,4,0,5,1
bc98-2983-907b,1827,4,-95.25,4,0,4,0,4,0,4,0
bc98-2983-907b,1828,4,-94.75,5,1,5,1,5,1,5,1
bc98-2983-907b,1829,4,-92.75,3,1,3,1,3,1,3,1
bc98-2983-907b,1830,4,-94.5,5,1,5,1,5,1,5,1
bc98-2983-907b,1831,4,-94.75,5,1,5,1,4,0,5,1
bc98-2983-907b,1832,4,-94.25,4,0,4,0,4,0,4,0
bc98-2983-907b,1833,4,-94.5,5,1,5,1,4,0,5,1
bc98-2983-907b,1834,4,-93.5,4,0,4,0,4,0,4,0
bc98-2983-907b,1835,4,-95.0,5,1,5,1,5,1,5,1
bc98-2983-907b,1836,4,-94.75,5,1,5,1,5,1,5,1
bc98-2983-907b,1837,4,-94.25,4,0,4,0,4,0,4,0
bc98-2983-907b,1838,3,-93.75,5,2,5,2,4,1,5,2
bc98-2983-907b,1839,3,-95.0,5,2,5,2,5,2,5,2
bc98-2983-907b,1840,4,-94.0,5,1,5,1,5,1,5,1
bc98-2983-907b,1841,4,-94.5,5,1,5,1,5,1,5,1
bc98-2983-907b,1842,4,-93.75,5,1,5,1,4,0,5,1
bc98-2983-907b,1843,4,-94.5,5,1,5,1,5,1,5,1
bc98-2983-907b,1844,4,-94.75,5,1,5,1,5,1,5,1
bc98-2983-907b,1845,4,-95.0,5,1,5,1,5,1,5,1
bc98-2983-907b,1846,4,-94.75,5,1,5,1,5,1,5,1
bc98-2983-907b,1847,4,-95.0,5,1,5,1,5,1,5,1
bc98-2983-907b,1848,4,-95.0,5,1,5,1,5,1,5,1
bc98-2983-907b,1849,4,-95.0,5,1,5,1,4,0,5,1
bc98-2983-907b,1850,4,-94.25,5,1,5,1,5,1,5,1
bc98-2983-907b,1851,4,-94.0,5,1,5,1,4,0,5,1
bc98-2983-907b,1852,4,-94.0,4,0,5,1,5,1,4,0
bc98-2983-907b,1853,4,-94.5,4,0,5,1,5,1,4,0
bc98-2983-907b,1854,4,-94.75,4,0,5,1,5,1,4,0
bc98-2983-907b,1855,4,-94.25,5,1,5,1,5,1,5,1
bc98-2983-907b,1856,4,-93.25,3,1,3,1,3,1,3,1
bc98-2983-907b,1857,4,-94.25,4,0,5,1,4,0,4,0
bc98-2983-907b,1858,4,-94.0,4,0,4,0,4,0,4,0
bc98-2983-907b,1859,4,-94.5,4,0,5,1,4,0,4,0
bc98-2983-907b,1860,4,-95.25,4,0,5,1,5,1,4,0
bc98-2983-907b,1861,4,-94.75,4,0,4,0,4,0,4,0
bc98-2983-907b,1862,4,-94.5,3,1,3,1,3,1,3,1
bc98-2983-907b,1863,4,-95.0,4,0,4,0,4,0,4,0
bc98-2983-907b,1864,4,-94.5,4,0,5,1,5,1,4,0
bc98-2983-907b,1865,4,-94.75,4,0,5,1,5,1,4,0
bc98-2983-907b,1866,4,-94.75,5,1,5,1,5,1,5,1
bc98-2983-907b,1867,4,-94.5,3,1,3,1,3,1,3,1
bc98-2983-907b,1868,4,-94.5,4,0,4,0,4,0,4,0
bc98-2983-907b,1869,4,-94.5,4,0,4,0,4,0,4,0
bc98-2983-907b,1870,4,-94.25,4,0,4,0,4,0,4,0
bc98-2983-907b,1871,4,-94.25,5,1,5,1,4,0,5,1
bc98-2983-907b,1872,4,-95.0,4,0,4,0,4,0,4,0
bc98-2983-907b,1873,4,-94.75,4,0,4,0,4,0,4,0
bc98-2983-907b,1874,4,-95.0,5,1,5,1,5,1,5,1
bc98-2983-907b,1875,4,-94.25,4,0,5,1,5,1,4,0
bc98-2983-907b,1876,4,-95.25,4,0,4,0,4,0,4,0
bc98-2983-907b,1877,5,-94.25,3,2,2,3,2,3,3,2
bc98-2983-907b,1878,3,-92.25,5,2,5,2,5,2,5,2
bc98-2983-907b,1879,4,-91.25,4,0,3,1,3,1,4,0
bc98-2983-907b,1880,4,-92.75,5,1,5,1,5,1,5,1
bc98-2983-907b,1881,4,-92.5,4,0,4,0,4,0,4,0
bc98-2983-907b,1882,4,-92.0,5,1,5,1,5,1,5,1
bc98-2983-907b,1883,4,-92.5,4,0,4,0,4,0,4,0
bc98-2983-907b,1884,4,-92.5,4,0,4,0,4,0,4,0
bc98-2983-907b,1885,4,-92.5,5,1,5,1,4,0,5,1
bc98-2983-907b,1886,4,-92.5,4,0,4,0,4,0,4,0
bc98-2983-907b,1887,4,-92.75,4,0,4,0,3,1,4,0
bc98-2983-907b,1888,4,-92.25,4,0,4,0,4,0,4,0
bc98-2983-907b,1889,4,-92.25,5,1,5,1,4,0,5,1
bc98-2983-907b,1890,4,-92.25,5,1,5,1,5,1,5,1
bc98-2983-907b,1891,4,-92.75,4,0,4,0,4,0,4,0
bc98-2983-907b,1892,4,-92.75,4,0,4,0,4,0,4,0
bc98-2983-907b,1893,4,-93.5,4,0,4,0,4,0,4,0
bc98-2983-907b,1894,4,-93.0,4,0,4,0,4,0,4,0
bc98-2983-907b,1895,4,-93.5,4,0,4,0,4,0,4,0
bc98-2983-907b,1896,4,-92.75,4,0,4,0,4,0,4,0
bc98-2983-907b,1897,4,-93.25,4,0,4,0,4,0,4,0
bc98-2983-907b,1898,4,-92.75,4,0,4,0,3,1,4,0
bc98-2983-907b,1899,4,-92.75,4,0,4,0,4,0,4,0
bc98-2983-907b,1900,4,-94.0,4,0,4,0,4,0,4,0
bc98-2983-907b,1901,4,-93.0,4,0,4,0,4,0,4,0
bc98-2983-907b,1902,4,-92.0,4,0,4,0,3,1,4,0
bc98-2983-907b,1903,4,-92.5,4,0,4,0,4,0,4,0
bc98-2983-907b,1904,4,-93.25,4,0,4,0,4,0,4,0
bc98-2983-907b,1905,4,-92.5,5,1,5,1,4,0,5,1
bc98-2983-907b,1906,4,-93.75,4,0,4,0,4,0,4,0
bc98-2983-907b,1907,4,-91.25,4,0,4,0,3,1,4,0
bc98-2983-907b,1908,4,-93.0,4,0,4,0,4,0,4,0
bc98-2983-907b,1909,4,-92.75,5,1,5,1,4,0,5,1
bc98-2983-907b,1910,4,-93.5,5,1,5,1,4,0,5,1
bc98-2983-907b,1911,4,-93.25,5,1,5,1,4,0,5,1
bc98-2983-907b,1912,4,-92.75,4,0,4,0,4,0,4,0
bc98-2983-907b,1913,4,-92.0,4,0,4,0,4,0,4,0
bc98-2983-907b,1914,4,-93.0,4,0,4,0,3,1,4,0
bc98-2983-907b,1915,4,-93.0,4,0,4,0,4,0,4,0
bc98-2983-907b,1916,4,-92.5,4,0,4,0,3,1,4,0
bc98-2983-907b,1917,4,-92.75,4,0,4,0,4,0,4,0
bc98-2983-907b,1918,4,-92.75,5,1,5,1,4,0,5,1
bc98-2983-907b,1919,4,-92.5,4,0,4,0,3,1,4,0
bc98-2983-907b,1920,4,-92.5,4,0,4,0,3,1,4,0
bc98-2983-907b,1921,4,-92.75,5,1,5,1,4,0,5,1
bc98-2983-907b,1922,4,-93.75,5,1,5,1,4,0,5,1
bc98-2983-907b,1923,4,-92.0,5,1,5,1,4,0,5,1
bc98-2983-907b,1924,4,-92.75,4,0,4,0,4,0,4,0
bc98-2983-907b,1925,4,-93.25,5,1,5,1,4,0,5,1
bc98-2983-907b,1926,4,-92.75,4,0,4,0,4,0,4,0
bc98-2983-907b,1927,4,-93.5,5,1,5,1,5,1,5,1
bc98-2983-907b,1928,4,-92.25,5,1,5,1,4,0,5,1
bc98-2983-907b,1929,4,-92.75,4,0,4,0,4,0,4,0
bc98-2983-907b,1930,4,-92.25,4,0,4,0,3,1,4,0
bc98-2983-907b,1931,4,-92.0,5,1,5,1,5,1,5,1
bc98-2983-907b,1932,3,-92.25,4,1,4,1,3,0,4,1
bc98-2983-907b,1933,4,-92.75,4,0,4,0,4,0,4,0
bc98-2983-907b,1934,4,-93.25,4,0,4,0,4,0,4,0
bc98-2983-907b,1935,4,-92.5,4,0,4,0,4,0,4,0
bc98-2983-907b,1936,4,-93.5,5,1,5,1,5,1,5,1
bc98-2983-907b,1937,4,-93.25,4,0,4,0,4,0,4,0
bc98-2983-907b,1938,4,-92.75,4,0,4,0,3,1,4,0
bc98-2983-907b,1939,4,-93.75,4,0,4,0,4,0,4,0
bc98-2983-907b,1940,5,-94.0,4,1,5,0,4,1,4,1
bc98-2983-907b,1941,5,-95.0,3,2,3,2,3,2,3,2
bc98-2983-907b,1942,5,-95.25,3,2,3,2,3,2,3,2
bc98-2983-907b,1943,5,-94.0,4,1,4,1,3,2,4,1
bc98-2983-907b,1944,5,-94.25,4,1,4,1,4,1,4,1
bc98-2983-907b,1945,5,-94.25,4,1,4,1,4,1,4,1
bc98-2983-907b,1946,5,-94.5,4,1,4,1,4,1,4,1
bc98-2983-907b,1947,5,-95.0,4,1,4,1,4,1,4,1
bc98-2983-907b,1948,5,-94.25,4,1,4,1,4,1,4,1
bc98-2983-907b,1949,3,-94.5,4,1,4,1,4,1,4,1
bc98-2983-907b,1950,4,-94.75,4,0,4,0,4,0,4,0
bc98-2983-907b,1951,4,-94.75,4,0,4,0,4,0,4,0
bc98-2983-907b,1952,4,-95.25,4,0,4,0,4,0,4,0
bc98-2983-907b,1953,4,-94.0,4,0,4,0,3,1,4,0
bc98-2983-907b,1954,4,-94.25,4,0,4,0,4,0,4,0
bc98-2983-907b,1955,4,-94.75,4,0,4,0,4,0,4,0
bc98-2983-907b,1956,4,-94.0,4,0,4,0,4,0,4,0
bc98-2983-907b,1957,4,-93.0,4,0,4,0,4,0,4,0
bc98-2983-907b,1958,4,-94.75,4,0,4,0,4,0,4,0
bc98-2983-907b,1959,4,-94.5,4,0,4,0,4,0,4,0
bc98-2983-907b,1960,4,-94.75,4,0,4,0,4,0,4,0
bc98-2983-907b,1961,4,-94.5,4,0,4,0,4,0,4,0
bc98-2983-907b,1962,4,-94.75,3,1,3,1,3,1,3,1
bc98-2983-907b,1963,4,-95.5,3,1,3,1,3,1,3,1
bc98-2983-907b,1964,4,-94.5,3,1,3,1,3,1,3,1
bc98-2983-907b,1965,5,-94.0,3,2,3,2,3,2,3,2
bc98-2983-907b,1966,5,-94.5,4,1,4,1,4,1,4,1
bc98-2983-907b,1967,5,-94.75,4,1,4,1,4,1,4,1
bc98-2983-907b,1968,5,-94.25,4,1,4,1,4,1,4,1
bc98-2983-907b,1969,5,-94.5,4,1,4,1,4,1,4,1
bc98-2983-907b,1970,5,-94.0,4,1,4,1,3,2,4,1
bc98-2983-907b,1971,5,-93.75,4,1,4,1,4,1,4,1
bc98-2983-907b,1972,5,-94.25,4,1,4,1,4,1,4,1
bc98-2983-907b,1973,5,-93.25,4,1,4,1,4,1,4,1
bc98-2983-907b,1974,5,-95.0,4,1,4,1,4,1,4,1
bc98-2983-907b,1975,5,-94.75,4,1,4,1,4,1,4,1
bc98-2983-907b,1976,5,-94.25,5,0,5,0,4,1,5,0
bc98-2983-907b,1977,5,-94.0,4,1,4,1,4,1,4,1
bc98-2983-907b,1978,5,-94.25,4,1,4,1,4,1,4,1
bc98-2983-907b,1979,5,-95.0,4,1,4,1,4,1,4,1
bc98-2983-907b,1980,5,-94.0,4,1,4,1,4,1,4,1
bc98-2983-907b,1981,5,-95.5,4,1,4,1,4,1,4,1
bc98-2983-907b,1982,5,-93.75,4,1,4,1,4,1,4,1
bc98-2983-907b,1983,5,-94.75,4,1,4,1,4,1,4,1
bc98-2983-907b,1984,5,-94.25,4,1,4,1,4,1,4,1
bc98-2983-907b,1985,5,-94.5,3,2,3,2,3,2,3,2
bc98-2983-907b,1986,5,-95.25,3,2,3,2,3,2,3,2
bc98-2983-907b,1987,5,-95.0,3,2,3,2,3,2,3,2
bc98-2983-907b,1988,5,-94.25,3,2,3,2,3,2,3,2
bc98-2983-907b,1989,5,-95.25,3,2,3,2,3,2,3,2
bc98-2983-907b,1990,5,-94.25,4,1,4,1,4,1,4,1
bc98-2983-907b,1991,5,-94.25,4,1,4,1,4,1,4,1
bc98-2983-907b,1992,5,-94.0,4,1,4,1,4,1,4,1
bc98-2983-907b,1993,5,-94.75,4,1,4,1,4,1,4,1
bc98-2983-907b,1994,5,-93.75,4,1,4,1,3,2,4,1
bc98-2983-907b,1995,5,-94.25,4,1,4,1,4,1,4,1
bc98-2983-907b,1996,3,-94.5,3,0,3,0,3,0,3,0
bc98-2983-907b,1997,3,-94.5,3,0,3,0,3,0,3,0
bc98-2983-907b,1998,3,-94.0,3,0,3,0,3,0,3,0
bc98-2983-907b,1999,3,-94.25,3,0,3,0,3,0,3,0
bc98-2983-907b,2000,3,-95.0,3,0,3,0,3,0,3,0
bc98-2983-907b,2001,3,-94.25,3,0,3,0,3,0,3,0
bc98-2983-907b,2002,3,-94.75,4,1,4,1,4,1,4,1
bc98-2983-907b,2003,3,-94.75,3,0,3,0,3,0,3,0
bc98-2983-907b,2004,3,-95.25,3,0,3,0,4,1,3,0
bc98-2983-907b,2005,4,-94.5,3,1,3,1,3,1,3,1
bc98-2983-907b,2006,3,-95.0,3,0,3,0,3,0,3,0
bc98-2983-907b,2007,3,-94.25,3,0,3,0,3,0,3,0
bc98-2983-907b,2008,3,-95.0,3,0,3,0,3,0,3,0
bc98-2983-907b,2009,3,-95.0,3,0,3,0,3,0,3,0
bc98-2983-907b,2010,3,-94.75,3,0,3,0,3,0,3,0
bc98-2983-907b,2011,3,-94.5,3,0,3,0,3,0,3,0
bc98-2983-907b,2012,4,-93.75,3,1,3,1,3,1,3,1
bc98-2983-907b,2013,3,-94.25,3,0,3,0,3,0,3,0
bc98-2983-907b,2014,3,-94.5,3,0,3,0,3,0,3,0
bc98-2983-907b,2015,3,-94.5,3,0,3,0,3,0,3,0
bc98-2983-907b,2016,3,-94.5,3,0,3,0,3,0,3,0
bc98-2983-907b,2017,4,-94.75,3,1,3,1,3,1,3,1
bc98-2983-907b,2018,4,-94.5,3,1,3,1,3,1,3,1
bc98-2983-907b,2019,3,-94.5,3,0,3,0,3,0,3,0
bc98-2983-907b,2020,3,-95.0,3,0,3,0,3,0,3,0
bc98-2983-907b,2021,3,-94.75,3,0,3,0,3,0,3,0
bc98-2983-907b,2022,3,-94.75,3,0,3,0,3,0,3,0
bc98-2983-907b,2023,3,-94.75,3,0,3,0,3,0,3,0
bc98-2983-907b,2024,3,-94.0,3,0,3,0,3,0,3,0
bc98-2983-907b,2025,3,-94.75,3,0,3,0,3,0,3,0
bc98-2983-907b,2026,3,-95.0,3,0,3,0,3,0,3,0
bc98-2983-907b,2027,3,-94.75,3,0,3,0,3,0,3,0
bc98-2983-907b,2028,3,-94.5,3,0,3,0,3,0,3,0
bc98-2983-907b,2029,3,-94.25,3,0,3,0,3,0,3,0
bc98-2983-907b,2030,4,-95.0,3,1,3,1,3,1,3,1
bc98-2983-907b,2031,4,-94.75,3,1,3,1,3,1,3,1
bc98-2983-907b,2032,3,-94.5,3,0,3,0,3,0,3,0
bc98-2983-907b,2033,3,-95.0,3,0,3,0,3,0,3,0
bc98-2983-907b,2034,3,-94.0,3,0,3,0,3,0,3,0
bc98-2983-907b,2035,3,-94.75,3,0,3,0,3,0,3,0
bc98-2983-907b,2036,3,-94.5,3,0,3,0,3,0,3,0
bc98-2983-907b,2037,3,-95.0,3,0,3,0,3,0,3,0
bc98-2983-907b,2038,3,-95.0,3,0,3,0,3,0,3,0
bc98-2983-907b,2039,3,-94.0,3,0,3,0,3,0,3,0
bc98-2983-907b,2040,3,-95.0,3,0,3,0,3,0,3,0
bc98-2983-907b,2041,3,-95.0,3,0,3,0,3,0,3,0
bc98-2983-907b,2042,3,-94.75,3,0,3,0,3,0,3,0
bc98-2983-907b,2043,3,-94.5,3,0,3,0,3,0,3,0
bc98-2983-907b,2044,3,-94.25,3,0,3,0,3,0,3,0
bc98-2983-907b,2045,3,-94.75,3,0,3,0,3,0,3,0
bc98-2983-907b,2046,3,-94.75,3,0,3,0,3,0,3,0
bc98-2983-907b,2047,3,-95.0,3,0,3,0,3,0,3,0
bc98-2983-907b,2048,3,-94.5,3,0,3,0,3,0,3,0
bc98-2983-907b,2049,3,-95.0,3,0,3,0,3,0,3,0
bc98-2983-907b,2050,3,-94.75,3,0,3,0,3,0,3,0
bc98-2983-907b,2051,2,-95.25,3,1,3,1,3,1,3,1
bc98-2983-907b,2052,2,-94.75,3,1,3,1,3,1,3,1
bc98-2983-907b,2053,2,-94.5,3,1,3,1,3,1,3,1
bc98-2983-907b,2054,2,-95.0,3,1,3,1,3,1,3,1
bc98-2983-907b,2055,2,-95.0,3,1,3,1,3,1,3,1
bc98-2983-907b,2056,2,-95.25,3,1,3,1,3,1,3,1
bc98-2983-907b,2057,2,-95.5,3,1,3,1,4,2,3,1
bc98-2983-907b,2058,2,-95.25,3,1,3,1,3,1,3,1
bc98-2983-907b,2059,2,-95.0,3,1,3,1,3,1,3,1
bc98-2983-907b,2060,2,-94.75,3,1,3,1,3,1,3,1
bc98-2983-907b,2061,2,-95.0,3,1,3,1,3,1,3,1
bc98-2983-907b,2062,2,-95.0,3,1,3,1,3,1,3,1
bc98-2983-907b,2063,2,-95.0,3,1,3,1,3,1,3,1
bc98-2983-907b,2064,2,-95.0,3,1,3,1,3,1,3,1
bc98-2983-907b,2065,2,-94.75,3,1,3,1,3,1,3,1
bc98-2983-907b,2066,2,-94.25,3,1,3,1,3,1,3,1
bc98-2983-907b,2067,2,-94.75,3,1,3,1,3,1,3,1
bc98-2983-907b,2068,2,-94.75,3,1,3,1,3,1,3,1
bc98-2983-907b,2069,2,-95.0,3,1,3,1,3,1,3,1
bc98-2983-907b,2070,2,-94.75,3,1,3,1,3,1,3,1
bc98-2983-907b,2071,2,-94.75,3,1,3,1,3,1,3,1
bc98-2983-907b,2072,2,-95.25,3,1,3,1,3,1,3,1
bc98-2983-907b,2073,2,-95.0,3,1,3,1,3,1,3,1
bc98-2983-907b,2074,2,-95.0,3,1,3,1,3,1,3,1
bc98-2983-907b,2075,2,-95.0,3,1,3,1,3,1,3,1
bc98-2983-907b,2076,2,-94.75,3,1,3,1,3,1,3,1
bc98-2983-907b,2077,2,-95.25,3,1,3,1,3,1,3,1
bc98-2983-907b,2078,2,-95.0,3,1,3,1,3,1,3,1
bc98-2983-907b,2079,2,-95.25,3,1,3,1,3,1,3,1
bc98-2983-907b,2080,2,-94.75,3,1,3,1,3,1,3,1
bc98-2983-907b,2081,2,-94.75,3,1,3,1,3,1,3,1
bc98-2983-907b,2082,2,-95.0,3,1,3,1,3,1,3,1
bc98-2983-907b,2083,2,-94.5,3,1,3,1,3,1,3,1
bc98-2983-907b,2084,2,-95.25,3,1,3,1,3,1,3,1
bc98-2983-907b,2085,2,-95.5,5,3,5,3,5,3,5,3
bc98-2983-907b,2086,2,-95.25,5,3,5,3,5,3,5,3
bc98-2983-907b,2087,2,-94.75,3,1,3,1,3,1,3,1
bc98-2983-907b,2088,2,-95.0,3,1,3,1,3,1,3,1
bc98-2983-907b,2089,2,-94.25,3,1,3,1,3,1,3,1
bc98-2983-907b,2090,2,-95.25,3,1,3,1,3,1,3,1
bc98-2983-907b,2091,2,-94.5,3,1,3,1,3,1,3,1
bc98-2983-907b,2092,2,-95.0,3,1,3,1,3,1,3,1
bc98-2983-907b,2093,2,-94.75,3,1,3,1,3,1,3,1
bc98-2983-907b,2094,2,-95.25,3,1,3,1,3,1,3,1
bc98-2983-907b,2095,2,-95.0,3,1,3,1,3,1,3,1
bc98-2983-907b,2096,2,-95.0,3,1,3,1,3,1,3,1
bc98-2983-907b,2097,2,-94.75,3,1,3,1,3,1,3,1
bc98-2983-907b,2098,2,-94.75,3,1,3,1,3,1,3,1
bc98-2983-907b,2099,2,-93.0,3,1,2,0,2,0,3,1
bc98-2983-907b,2100,2,-93.25,3,1,3,1,3,1,3,1
bc98-2983-907b,2101,2,-94.75,3,1,3,1,3,1,3,1
bc98-2983-907b,2102,2,-94.75,3,1,3,1,3,1,3,1
bc98-2983-907b,2103,2,-95.5,3,1,3,1,3,1,3,1
bc98-2983-907b,2104,2,-94.75,3,1,3,1,3,1,3,1
bc98-2983-907b,2105,2,-95.25,3,1,3,1,3,1,3,1
bc98-2983-907b,2106,2,-95.25,3,1,3,1,3,1,3,1
bc98-2983-907b,2107,2,-94.5,3,1,3,1,3,1,3,1
bc98-2983-907b,2108,2,-95.0,3,1,3,1,3,1,3,1
bc98-2983-907b,2109,2,-95.0,3,1,3,1,3,1,3,1
bc98-2983-907b,2110,2,-95.25,3,1,3,1,3,1,3,1
bc98-2983-907b,2111,2,-95.25,3,1,3,1,3,1,3,1
bc98-2983-907b,2112,2,-95.0,3,1,3,1,3,1,3,1
bc98-2983-907b,2113,2,-95.75,3,1,3,1,4,2,3,1
bc98-2983-907b,2114,2,-95.0,3,1,3,1,3,1,3,1
bc98-2983-907b,2115,2,-95.0,3,1,3,1,3,1,3,1
bc98-2983-907b,2116,2,-95.0,3,1,3,1,3,1,3,1
bc98-2983-907b,2117,2,-95.0,3,1,3,1,3,1,3,1
bc98-2983-907b,2118,2,-95.0,3,1,3,1,3,1,3,1
bc98-2983-907b,2119,2,-95.0,3,1,3,1,3,1,3,1
bc98-2983-907b,2120,2,-95.25,3,1,3,1,3,1,3,1
bc98-2983-907b,2121,2,-95.0,3,1,3,1,3,1,3,1
bc98-2983-907b,2122,2,-95.0,3,1,3,1,3,1,3,1
bc98-2983-907b,2123,2,-95.0,3,1,3,1,3,1,3,1
bc98-2983-907b,2124,2,-95.0,3,1,3,1,3,1,3,1
bc98-2983-907b,2125,2,-94.75,3,1,3,1,3,1,3,1
bc98-2983-907b,2126,2,-95.5,3,1,3,1,4,2,3,1
bc98-2983-907b,2127,2,-95.25,3,1,3,1,3,1,3,1
bc98-2983-907b,2128,2,-95.0,3,1,3,1,3,1,3,1
bc98-2983-907b,2129,2,-95.0,3,1,3,1,3,1,3,1
bc98-2983-907b,2130,2,-95.0,3,1,3,1,3,1,3,1
bc98-2983-907b,2131,2,-95.0,3,1,3,1,3,1,3,1
bc98-2983-907b,2132,2,-95.25,3,1,3,1,3,1,3,1
bc98-2983-907b,2133,2,-95.5,3,1,3,1,4,2,3,1
bc98-2983-907b,2134,2,-95.25,3,1,3,1,3,1,3,1
bc98-2983-907b,2135,2,-94.75,3,1,3,1,3,1,3,1
bc98-2983-907b,2136,2,-95.25,3,1,3,1,3,1,3,1
bc98-2983-907b,2137,2,-94.75,3,1,3,1,3,1,3,1
bc98-2983-907b,2138,2,-95.25,3,1,3,1,3,1,3,1
bc98-2983-907b,2139,2,-95.25,3,1,3,1,3,1,3,1
bc98-2983-907b,2140,2,-95.5,3,1,3,1,4,2,3,1
bc98-2983-907b,2141,2,-95.5,3,1,3,1,4,2,3,1
bc98-2983-907b,2142,2,-94.75,4,2,4,2,4,2,4,2
bc98-2983-907b,2143,2,-95.25,3,1,3,1,3,1,3,1
bc98-2983-907b,2144,2,-95.25,3,1,3,1,3,1,3,1
bc98-2983-907b,2145,2,-95.0,3,1,3,1,3,1,3,1
bc98-2983-907b,2146,2,-94.75,3,1,3,1,3,1,3,1
bc98-2983-907b,2147,2,-95.25,3,1,3,1,3,1,3,1
bc98-2983-907b,2148,2,-95.25,3,1,3,1,3,1,3,1
bc98-2983-907b,2149,2,-94.75,3,1,3,1,3,1,3,1
bc98-2983-907b,2150,2,-95.0,3,1,3,1,3,1,3,1
bc98-2983-907b,2151,2,-95.0,3,1,3,1,3,1,3,1
bc98-2983-907b,2152,2,-95.0,3,1,3,1,3,1,3,1
bc98-2983-907b,2153,2,-94.75,3,1,3,1,3,1,3,1
bc98-2983-907b,2154,2,-94.75,3,1,3,1,3,1,3,1
bc98-2983-907b,2155,2,-95.0,3,1,3,1,3,1,3,1
bc98-2983-907b,2156,2,-95.0,3,1,3,1,3,1,3,1
bc98-2983-907b,2157,2,-95.25,3,1,3,1,3,1,3,1
bc98-2983-907b,2158,2,-95.0,3,1,3,1,3,1,3,1
bc98-2983-907b,2159,2,-95.0,4,2,4,2,4,2,4,2
bc98-2983-907b,2160,2,-94.75,4,2,4,2,4,2,4,2
bc98-2983-907b,2161,2,-95.0,4,2,4,2,4,2,4,2
bc98-2983-907b,2162,2,-95.25,3,1,3,1,3,1,3,1
bc98-2983-907b,2163,2,-95.0,4,2,4,2,4,2,4,2
bc98-2983-907b,2164,2,-95.0,3,1,3,1,3,1,3,1
bc98-2983-907b,2165,2,-94.5,3,1,3,1,3,1,3,1
bc98-2983-907b,2166,2,-95.25,3,1,3,1,3,1,3,1
bc98-2983-907b,2167,2,-95.0,3,1,3,1,3,1,3,1
bc98-2983-907b,2168,2,-95.5,3,1,3,1,3,1,3,1
bc98-2983-907b,2169,2,-95.5,3,1,3,1,3,1,3,1
bc98-2983-907b,2170,2,-95.25,3,1,3,1,3,1,3,1
bc98-2983-907b,2171,2,-95.0,4,2,4,2,4,2,4,2
bc98-2983-907b,2172,2,-95.0,4,2,4,2,4,2,4,2
bc98-2983-907b,2173,2,-94.75,4,2,4,2,4,2,4,2
bc98-2983-907b,2174,2,-95.75,3,1,3,1,4,2,3,1
bc98-2983-907b,2175,2,-95.25,3,1,3,1,3,1,3,1
bc98-2983-907b,2176,2,-95.25,3,1,3,1,3,1,3,1
bc98-2983-907b,2177,2,-95.25,3,1,3,1,3,1,3,1
bc98-2983-907b,2178,2,-94.75,3,1,3,1,3,1,3,1
bc98-2983-907b,2179,2,-95.25,3,1,3,1,3,1,3,1
bc98-2983-907b,2180,2,-95.75,3,1,4,2,4,2,3,1
bc98-2983-907b,2181,2,-94.75,3,1,3,1,3,1,3,1
bc98-2983-907b,2182,2,-95.25,3,1,3,1,3,1,3,1
bc98-2983-907b,2183,2,-95.0,3,1,3,1,3,1,3,1
bc98-2983-907b,2184,2,-95.25,3,1,3,1,3,1,3,1
bc98-2983-907b,2185,2,-95.0,3,1,3,1,3,1,3,1
bc98-2983-907b,2186,2,-95.0,3,1,3,1,3,1,3,1
bc98-2983-907b,2187,2,-95.25,3,1,3,1,3,1,3,1
bc98-2983-907b,2188,2,-94.75,3,1,3,1,3,1,3,1
bc98-2983-907b,2189,2,-95.5,3,1,3,1,3,1,3,1
bc98-2983-907b,2190,2,-95.0,3,1,3,1,3,1,3,1
bc98-2983-907b,2191,2,-95.25,4,2,4,2,4,2,4,2
bc98-2983-907b,2192,2,-94.75,3,1,3,1,3,1,3,1
bc98-2983-907b,2193,2,-95.0,3,1,3,1,3,1,3,1
bc98-2983-907b,2194,2,-95.5,3,1,3,1,3,1,3,1
bc98-2983-907b,2195,2,-94.75,3,1,3,1,3,1,3,1
bc98-2983-907b,2196,2,-95.25,4,2,4,2,4,2,4,2
bc98-2983-907b,2197,2,-94.5,3,1,3,1,3,1,3,1
bc98-2983-907b,2198,2,-94.5,5,3,5,3,5,3,5,3
bc98-2983-907b,2199,2,-95.0,4,2,4,2,4,2,4,2
bc98-2983-907b,2200,2,-95.5,3,1,3,1,3,1,3,1
bc98-2983-907b,2201,2,-95.25,3,1,3,1,3,1,3,1
bc98-2983-907b,2202,2,-95.25,3,1,3,1,3,1,3,1
bc98-2983-907b,2203,2,-93.0,3,1,3,1,3,1,3,1
bc98-2983-907b,2204,2,-95.0,3,1,3,1,3,1,3,1
bc98-2983-907b,2205,2,-94.5,2,0,2,0,2,0,2,0
bc98-2983-907b,2206,2,-92.75,3,1,3,1,3,1,3,1
bc98-2983-907b,2207,2,-94.0,2,0,2,0,2,0,2,0
bc98-2983-907b,2208,2,-93.25,4,2,4,2,3,1,4,2
bc98-2983-907b,2209,2,-94.0,3,1,3,1,3,1,3,1
bc98-2983-907b,2210,2,-92.25,3,1,2,0,2,0,3,1
bc98-2983-907b,2211,2,-93.75,2,0,2,0,2,0,2,0
bc98-2983-907b,2212,2,-94.5,2,0,2,0,2,0,2,0
bc98-2983-907b,2213,2,-94.75,2,0,2,0,2,0,2,0
bc98-2983-907b,2214,2,-94.75,2,0,2,0,2,0,2,0
bc98-2983-907b,2215,2,-94.75,2,0,2,0,2,0,2,0
bc98-2983-907b,2216,2,-95.0,2,0,2,0,2,0,2,0
bc98-2983-907b,2217,2,-93.5,2,0,2,0,2,0,2,0
bc98-2983-907b,2218,2,-95.25,2,0,2,0,2,0,2,0
bc98-2983-907b,2219,2,-93.5,2,0,2,0,2,0,2,0
bc98-2983-907b,2220,2,-94.0,2,0,2,0,2,0,2,0
bc98-2983-907b,2221,2,-94.25,2,0,2,0,2,0,2,0
bc98-2983-907b,2222,2,-95.0,2,0,2,0,2,0,2,0
bc98-2983-907b,2223,2,-94.75,2,0,2,0,2,0,2,0
bc98-2983-907b,2224,2,-95.5,2,0,2,0,2,0,2,0
bc98-2983-907b,2225,2,-94.75,3,1,3,1,3,1,3,1
bc98-2983-907b,2226,2,-94.75,2,0,2,0,2,0,2,0
bc98-2983-907b,2227,2,-93.0,2,0,2,0,2,0,2,0
bc98-2983-907b,2228,2,-93.25,2,0,2,0,2,0,2,0
bc98-2983-907b,2229,2,-93.25,2,0,2,0,2,0,2,0
bc98-2983-907b,2230,2,-94.0,2,0,2,0,2,0,2,0
bc98-2983-907b,2231,2,-93.25,3,1,2,0,2,0,3,1
bc98-2983-907b,2232,2,-95.25,2,0,2,0,2,0,2,0
bc98-2983-907b,2233,2,-94.25,2,0,2,0,2,0,2,0
bc98-2983-907b,2234,2,-94.25,2,0,2,0,2,0,2,0
bc98-2983-907b,2235,2,-94.5,2,0,2,0,2,0,2,0
bc98-2983-907b,2236,2,-92.75,2,0,2,0,2,0,2,0
bc98-2983-907b,2237,2,-92.75,2,0,2,0,2,0,2,0
bc98-2983-907b,2238,2,-94.75,2,0,2,0,2,0,2,0
bc98-2983-907b,2239,2,-93.5,2,0,2,0,2,0,2,0
bc98-2983-907b,2240,2,-93.25,2,0,2,0,2,0,2,0
bc98-2983-907b,2241,2,-95.0,2,0,2,0,2,0,2,0
bc98-2983-907b,2242,2,-93.5,2,0,2,0,2,0,2,0
bc98-2983-907b,2243,2,-94.75,2,0,2,0,2,0,2,0
bc98-2983-907b,2244,2,-92.25,2,0,2,0,2,0,2,0
bc98-2983-907b,2245,2,-94.75,3,1,3,1,3,1,3,1
bc98-2983-907b,2246,2,-92.75,2,0,2,0,2,0,2,0
bc98-2983-907b,2247,2,-93.25,2,0,2,0,2,0,2,0
bc98-2983-907b,2248,2,-93.5,2,0,2,0,2,0,2,0
bc98-2983-907b,2249,2,-93.5,2,0,2,0,2,0,2,0
bc98-2983-907b,2250,2,-94.5,2,0,2,0,2,0,2,0
bc98-2983-907b,2251,2,-94.5,2,0,2,0,2,0,2,0
bc98-2983-907b,2252,2,-94.0,2,0,2,0,2,0,2,0
bc98-2983-907b,2253,2,-94.75,2,0,2,0,2,0,2,0
bc98-2983-907b,2254,2,-94.5,2,0,2,0,2,0,2,0
bc98-2983-907b,2255,2,-94.5,2,0,2,0,2,0,2,0
bc98-2983-907b,2256,2,-92.75,2,0,2,0,2,0,2,0
bc98-2983-907b,2257,6,-94.25,5,1,5,1,6,0,5,1
bc98-2983-907b,2258,6,-92.75,5,1,5,1,4,2,5,1
bc98-2983-907b,2259,6,-93.0,5,1,5,1,5,1,5,1
bc98-2983-907b,2260,6,-95.0,5,1,5,1,5,1,5,1
bc98-2983-907b,2261,6,-94.5,5,1,5,1,6,0,5,1
bc98-2983-907b,2262,6,-94.25,4,2,5,1,4,2,4,2
bc98-2983-907b,2263,6,-94.25,5,1,5,1,6,0,5,1
bc98-2983-907b,2264,6,-93.75,5,1,5,1,5,1,5,1
bc98-2983-907b,2265,6,-94.0,5,1,5,1,5,1,5,1
bc98-2983-907b,2266,6,-93.25,5,1,5,1,5,1,5,1
bc98-2983-907b,2267,6,-93.5,5,1,5,1,5,1,5,1
bc98-2983-907b,2268,6,-94.75,5,1,5,1,6,0,5,1
bc98-2983-907b,2269,6,-91.75,5,1,5,1,5,1,5,1
bc98-2983-907b,2270,6,-92.0,5,1,5,1,4,2,5,1
bc98-2983-907b,2271,6,-94.0,5,1,5,1,5,1,5,1
bc98-2983-907b,2272,6,-93.5,5,1,5,1,5,1,5,1
bc98-2983-907b,2273,6,-93.75,5,1,5,1,5,1,5,1
bc98-2983-907b,2274,6,-94.0,5,1,5,1,6,0,5,1
bc98-2983-907b,2275,6,-93.5,5,1,5,1,5,1,5,1
bc98-2983-907b,2276,6,-94.25,4,2,5,1,4,2,4,2
bc98-2983-907b,2277,6,-94.5,5,1,5,1,5,1,5,1
bc98-2983-907b,2278,6,-94.25,5,1,5,1,6,0,5,1
bc98-2983-907b,2279,6,-94.0,5,1,5,1,5,1,5,1
bc98-2983-907b,2280,6,-94.75,5,1,5,1,6,0,5,1
bc98-2983-907b,2281,6,-94.25,5,1,5,1,6,0,5,1
bc98-2983-907b,2282,6,-94.0,5,1,5,1,5,1,5,1
bc98-2983-907b,2283,6,-94.5,5,1,5,1,6,0,5,1
bc98-2983-907b,2284,6,-93.75,5,1,5,1,5,1,5,1
bc98-2983-907b,2285,6,-94.0,5,1,5,1,6,0,5,1
bc98-2983-907b,2286,6,-93.75,5,1,5,1,5,1,5,1
bc98-2983-907b,2287,6,-94.75,5,1,5,1,6,0,5,1
bc98-2983-907b,2288,6,-94.0,5,1,5,1,6,0,5,1
bc98-2983-907b,2289,6,-93.75,5,1,5,1,5,1,5,1
bc98-2983-907b,2290,6,-93.75,5,1,5,1,5,1,5,1
bc98-2983-907b,2291,6,-94.0,4,2,5,1,4,2,4,2
bc98-2983-907b,2292,6,-93.75,5,1,5,1,5,1,5,1
bc98-2983-907b,2293,6,-94.0,4,2,5,1,4,2,4,2
bc98-2983-907b,2294,6,-93.25,4,2,4,2,4,2,4,2
bc98-2983-907b,2295,6,-93.5,5,1,5,1,4,2,5,1
bc98-2983-907b,2296,6,-92.5,4,2,4,2,4,2,4,2
bc98-2983-907b,2297,6,-79.25,4,2,2,4,1,5,4,2
bc98-2983-907b,2298,6,-94.0,5,1,5,1,4,2,5,1
bc98-2983-907b,2299,6,-93.5,5,1,4,2,4,2,5,1
bc98-2983-907b,2300,6,-94.0,5,1,5,1,4,2,5,1
bc98-2983-907b,2301,6,-92.25,4,2,4,2,4,2,4,2
bc98-2983-907b,2302,6,-94.0,5,1,5,1,4,2,5,1
bc98-2983-907b,2303,6,-94.75,4,2,5,1,5,1,4,2
bc98-2983-907b,2304,6,-94.5,4,2,5,1,4,2,4,2
bc98-2983-907b,2305,6,-92.75,5,1,4,2,4,2,5,1
bc98-2983-907b,2306,6,-94.75,4,2,5,1,5,1,4,2
bc98-2983-907b,2307,6,-93.75,4,2,5,1,4,2,4,2
bc98-2983-907b,2308,6,-94.25,4,2,5,1,4,2,4,2
bc98-2983-907b,2309,6,-94.5,4,2,5,1,4,2,4,2
bc98-2983-907b,2310,6,-94.75,5,1,5,1,5,1,5,1
bc98-2983-907b,2311,6,-94.25,4,2,5,1,4,2,4,2
bc98-2983-907b,2312,6,-82.75,7,1,7,1,5,1,7,1
bc98-2983-907b,2313,7,-85.75,7,0,7,0,7,0,7,0
bc98-2983-907b,2314,7,-85.0,7,0,7,0,6,1,7,0
bc98-2983-907b,2315,7,-84.75,7,0,7,0,6,1,7,0
bc98-2983-907b,2316,7,-84.5,7,0,7,0,6,1,7,0
bc98-2983-907b,2317,7,-83.25,7,0,7,0,5,2,7,0
bc98-2983-907b,2318,7,-82.5,7,0,7,0,5,2,7,0
bc98-2983-907b,2319,7,-82.25,7,0,7,0,5,2,7,0
bc98-2983-907b,2320,7,-82.75,7,0,7,0,5,2,7,0
bc98-2983-907b,2321,7,-83.25,7,0,7,0,5,2,7,0
bc98-2983-907b,2322,7,-83.0,7,0,7,0,5,2,7,0
bc98-2983-907b,2323,7,-85.75,7,0,7,0,7,0,7,0
bc98-2983-907b,2324,7,-86.75,7,0,7,0,7,0,7,0
bc98-2983-907b,2325,7,-85.0,7,0,7,0,6,1,7,0
bc98-2983-907b,2326,7,-83.0,7,0,7,0,5,2,7,0
bc98-2983-907b,2327,8,-85.5,7,1,7,1,7,1,7,1
bc98-2983-907b,2328,7,-83.0,7,0,7,0,5,2,7,0
bc98-2983-907b,2329,7,-83.75,7,0,7,0,6,1,7,0
bc98-2983-907b,2330,8,-84.0,7,1,7,1,6,2,7,1
bc98-2983-907b,2331,8,-84.0,7,1,7,1,6,2,7,1
bc98-2983-907b,2332,7,-85.0,7,0,7,0,6,1,7,0
bc98-2983-907b,2333,7,-84.75,7,0,7,0,6,1,7,0
bc98-2983-907b,2334,7,-83.75,7,0,7,0,6,1,7,0
bc98-2983-907b,2335,7,-83.25,7,0,7,0,5,2,7,0
bc98-2983-907b,2336,7,-83.0,7,0,7,0,5,2,7,0
bc98-2983-907b,2337,8,-83.25,7,1,7,1,6,2,7,1
bc98-2983-907b,2338,7,-83.5,7,0,7,0,6,1,7,0
bc98-2983-907b,2339,7,-83.0,7,0,7,0,6,1,7,0
bc98-2983-907b,2340,7,-83.5,7,0,7,0,6,1,7,0
bc98-2983-907b,2341,8,-83.0,7,1,7,1,5,3,7,1
bc98-2983-907b,2342,7,-83.0,7,0,7,0,5,2,7,0
bc98-2983-907b,2343,7,-82.75,7,0,7,0,5,2,7,0
bc98-2983-907b,2344,7,-83.25,7,0,7,0,6,1,7,0
bc98-2983-907b,2345,7,-85.25,7,0,7,0,7,0,7,0
bc98-2983-907b,2346,7,-87.5,7,0,7,0,7,0,7,0
bc98-2983-907b,2347,7,-83.5,7,0,7,0,6,1,7,0
bc98-2983-907b,2348,8,-83.75,7,1,7,1,6,2,7,1
bc98-2983-907b,2349,8,-83.25,7,1,7,1,5,3,7,1
bc98-2983-907b,2350,8,-84.5,7,1,7,1,6,2,7,1
bc98-2983-907b,2351,7,-84.0,7,0,7,0,6,1,7,0
bc98-2983-907b,2352,8,-83.75,7,1,7,1,6,2,7,1
bc98-2983-907b,2353,7,-84.25,7,0,7,0,6,1,7,0
bc98-2983-907b,2354,7,-84.5,7,0,7,0,6,1,7,0
bc98-2983-907b,2355,7,-82.75,7,0,7,0,5,2,7,0
bc98-2983-907b,2356,7,-83.0,7,0,7,0,5,2,7,0
bc98-2983-907b,2357,7,-85.5,7,0,7,0,7,0,7,0
bc98-2983-907b,2358,7,-85.25,7,0,7,0,7,0,7,0
bc98-2983-907b,2359,7,-87.25,7,0,7,0,7,0,7,0
bc98-2983-907b,2360,7,-83.25,7,0,7,0,6,1,7,0
bc98-2983-907b,2361,7,-82.75,7,0,7,0,5,2,7,0
bc98-2983-907b,2362,7,-82.25,7,0,7,0,5,2,7,0
bc98-2983-907b,2363,7,-83.5,7,0,7,0,6,1,7,0
bc98-2983-907b,2364,7,-83.75,7,0,7,0,6,1,7,0
bc98-2983-907b,2365,7,-83.0,7,0,7,0,5,2,7,0
bc98-2983-907b,2366,7,-83.75,7,0,7,0,6,1,7,0
bc98-2983-907b,2367,7,-82.0,7,0,7,0,4,3,7,0
bc98-2983-907b,2368,8,-89.75,8,0,8,0,8,0,8,0
bc98-2983-907b,2369,8,-90.75,9,1,8,0,8,0,9,1
bc98-2983-907b,2370,8,-89.25,8,0,8,0,8,0,8,0
bc98-2983-907b,2371,8,-89.5,9,1,8,0,8,0,9,1
bc98-2983-907b,2372,8,-89.0,9,1,8,0,8,0,9,1
bc98-2983-907b,2373,8,-88.25,8,0,8,0,7,1,8,0
bc98-2983-907b,2374,8,-91.25,8,0,8,0,8,0,8,0
bc98-2983-907b,2375,8,-91.0,9,1,8,0,8,0,9,1
bc98-2983-907b,2376,8,-90.5,8,0,8,0,8,0,8,0
bc98-2983-907b,2377,8,-91.25,9,1,8,0,8,0,9,1
bc98-2983-907b,2378,8,-89.75,9,1,8,0,8,0,9,1
bc98-2983-907b,2379,8,-89.5,8,0,8,0,8,0,8,0
bc98-2983-907b,2380,8,-91.25,8,0,8,0,8,0,8,0
bc98-2983-907b,2381,8,-90.0,9,1,8,0,8,0,9,1
bc98-2983-907b,2382,8,-92.0,8,0,9,1,8,0,8,0
bc98-2983-907b,2383,8,-90.25,8,0,8,0,8,0,8,0
bc98-2983-907b,2384,8,-91.5,9,1,8,0,8,0,9,1
bc98-2983-907b,2385,8,-90.0,9,1,8,0,8,0,9,1
bc98-2983-907b,2386,8,-89.75,9,1,8,0,8,0,9,1
bc98-2983-907b,2387,8,-90.75,8,0,8,0,8,0,8,0
bc98-2983-907b,2388,8,-88.5,8,0,8,0,7,1,8,0
bc98-2983-907b,2389,8,-90.5,9,1,8,0,8,0,9,1
bc98-2983-907b,2390,8,-89.5,9,1,8,0,8,0,9,1
bc98-2983-907b,2391,8,-92.25,8,0,9,1,8,0,8,0
bc98-2983-907b,2392,8,-90.5,9,1,8,0,8,0,9,1
bc98-2983-907b,2393,7,-91.75,9,2,8,1,8,1,9,2
bc98-2983-907b,2394,8,-89.75,9,1,8,0,8,0,9,1
bc98-2983-907b,2395,8,-90.25,8,0,8,0,8,0,8,0
bc98-2983-907b,2396,8,-90.0,9,1,8,0,8,0,9,1
bc98-2983-907b,2397,8,-90.5,8,0,8,0,8,0,8,0
bc98-2983-907b,2398,8,-90.5,9,1,8,0,8,0,9,1
bc98-2983-907b,2399,8,-90.5,8,0,8,0,8,0,8,0
bc98-2983-907b,2400,8,-91.0,9,1,8,0,8,0,9,1
bc98-2983-907b,2401,8,-91.0,9,1,8,0,8,0,9,1
bc98-2983-907b,2402,8,-91.25,9,1,8,0,8,0,9,1
bc98-2983-907b,2403,8,-91.25,8,0,8,0,8,0,8,0
bc98-2983-907b,2404,8,-90.5,8,0,8,0,8,0,8,0
bc98-2983-907b,2405,8,-88.0,8,0,7,1,7,1,8,0
bc98-2983-907b,2406,8,-90.5,8,0,8,0,8,0,8,0
bc98-2983-907b,2407,8,-91.25,9,1,8,0,8,0,9,1
bc98-2983-907b,2408,8,-92.0,8,0,9,1,8,0,8,0
bc98-2983-907b,2409,8,-89.5,8,0,8,0,8,0,8,0
bc98-2983-907b,2410,8,-92.0,8,0,9,1,8,0,8,0
bc98-2983-907b,2411,8,-89.5,9,1,8,0,8,0,9,1
bc98-2983-907b,2412,8,-91.5,9,1,8,0,8,0,9,1
bc98-2983-907b,2413,8,-90.75,8,0,8,0,8,0,8,0
bc98-2983-907b,2414,8,-91.0,8,0,8,0,8,0,8,0
bc98-2983-907b,2415,8,-89.75,8,0,8,0,8,0,8,0
bc98-2983-907b,2416,8,-91.25,9,1,8,0,8,0,9,1
bc98-2983-907b,2417,8,-90.75,9,1,8,0,8,0,9,1
bc98-2983-907b,2418,8,-89.5,8,0,8,0,8,0,8,0
bc98-2983-907b,2419,8,-91.75,8,0,9,1,8,0,8,0
bc98-2983-907b,2420,8,-91.0,7,1,7,1,6,2,7,1
bc98-2983-907b,2421,8,-92.5,7,1,7,1,7,1,7,1
bc98-2983-907b,2422,7,-92.0,7,0,7,0,7,0,7,0
bc98-2983-907b,2423,7,-93.25,7,0,7,0,7,0,7,0
bc98-2983-907b,2424,7,-93.0,7,0,7,0,7,0,7,0
bc98-2983-907b,2425,7,-92.5,7,0,7,0,7,0,7,0
bc98-2983-907b,2426,7,-93.5,7,0,7,0,7,0,7,0
bc98-2983-907b,2427,7,-92.25,7,0,7,0,7,0,7,0
bc98-2983-907b,2428,7,-92.75,7,0,7,0,7,0,7,0
bc98-2983-907b,2429,7,-90.75,7,0,7,0,6,1,7,0
bc98-2983-907b,2430,7,-92.75,7,0,7,0,7,0,7,0
bc98-2983-907b,2431,7,-92.5,7,0,7,0,7,0,7,0
bc98-2983-907b,2432,7,-93.25,7,0,7,0,7,0,7,0
bc98-2983-907b,2433,7,-91.75,7,0,7,0,7,0,7,0
bc98-2983-907b,2434,7,-92.25,7,0,7,0,7,0,7,0
bc98-2983-907b,2435,7,-93.25,7,0,7,0,7,0,7,0
bc98-2983-907b,2436,7,-91.25,7,0,7,0,7,0,7,0
bc98-2983-907b,2437,7,-91.5,7,0,7,0,7,0,7,0
bc98-2983-907b,2438,7,-93.0,7,0,7,0,7,0,7,0
bc98-2983-907b,2439,7,-93.0,7,0,7,0,7,0,7,0
bc98-2983-907b,2440,8,-92.5,7,1,7,1,7,1,7,1
bc98-2983-907b,2441,7,-91.25,7,0,7,0,7,0,7,0
bc98-2983-907b,2442,7,-91.75,7,0,7,0,7,0,7,0
bc98-2983-907b,2443,7,-91.75,7,0,7,0,7,0,7,0
bc98-2983-907b,2444,7,-90.75,7,0,7,0,6,1,7,0
bc98-2983-907b,2445,7,-91.0,7,0,7,0,7,0,7,0
bc98-2983-907b,2446,7,-91.0,7,0,7,0,6,1,7,0
bc98-2983-907b,2447,7,-91.5,7,0,7,0,6,1,7,0
bc98-2983-907b,2448,7,-92.75,7,0,7,0,7,0,7,0
bc98-2983-907b,2449,7,-91.0,7,0,7,0,6,1,7,0
bc98-2983-907b,2450,7,-93.0,7,0,7,0,7,0,7,0
bc98-2983-907b,2451,7,-92.0,7,0,7,0,7,0,7,0
bc98-2983-907b,2452,7,-92.0,7,0,7,0,7,0,7,0
bc98-2983-907b,2453,7,-92.5,7,0,7,0,7,0,7,0
bc98-2983-907b,2454,7,-91.5,7,0,7,0,7,0,7,0
bc98-2983-907b,2455,7,-92.5,7,0,7,0,7,0,7,0
bc98-2983-907b,2456,8,-93.0,7,1,7,1,7,1,7,1
bc98-2983-907b,2457,6,-92.25,7,1,7,1,7,1,7,1
bc98-2983-907b,2458,7,-92.0,7,0,7,0,7,0,7,0
bc98-2983-907b,2459,7,-92.25,7,0,7,0,7,0,7,0
bc98-2983-907b,2460,7,-93.5,7,0,7,0,7,0,7,0
bc98-2983-907b,2461,7,-91.0,7,0,7,0,6,1,7,0
bc98-2983-907b,2462,7,-92.25,7,0,7,0,7,0,7,0
bc98-2983-907b,2463,7,-92.25,7,0,7,0,7,0,7,0
bc98-2983-907b,2464,8,-92.25,7,1,7,1,7,1,7,1
bc98-2983-907b,2465,7,-90.75,7,0,7,0,6,1,7,0
bc98-2983-907b,2466,7,-90.25,7,0,7,0,6,1,7,0
bc98-2983-907b,2467,7,-91.25,7,0,7,0,7,0,7,0
bc98-2983-907b,2468,7,-92.25,7,0,7,0,7,0,7,0
bc98-2983-907b,2469,7,-91.0,7,0,7,0,6,1,7,0
bc98-2983-907b,2470,7,-92.0,7,0,7,0,7,0,7,0
bc98-2983-907b,2471,7,-92.25,7,0,7,0,7,0,7,0
bc98-2983-907b,2472,7,-91.75,7,0,7,0,7,0,7,0
bc98-2983-907b,2473,7,-91.75,7,0,7,0,7,0,7,0
bc98-2983-907b,2474,7,-90.75,7,0,7,0,6,1,7,0
bc98-2983-907b,2475,7,-91.75,7,0,7,0,6,1,7,0
bc98-2983-907b,2476,7,-92.75,7,0,7,0,7,0,7,0
bc98-2983-907b,2477,7,-92.25,7,0,7,0,7,0,7,0
bc98-2983-907b,2478,7,-93.25,7,0,7,0,7,0,7,0
bc98-2983-907b,2479,6,-93.75,7,1,7,1,7,1,7,1
bc98-2983-907b,2480,6,-93.0,7,1,7,1,7,1,7,1
bc98-2983-907b,2481,7,-92.5,7,0,7,0,7,0,7,0
bc98-2983-907b,2482,7,-93.0,7,0,7,0,7,0,7,0
bc98-2983-907b,2483,7,-94.5,7,0,7,0,7,0,7,0
bc98-2983-907b,2484,7,-93.0,7,0,7,0,7,0,7,0
bc98-2983-907b,2485,7,-93.0,7,0,7,0,7,0,7,0
bc98-2983-907b,2486,7,-93.25,7,0,7,0,7,0,7,0
bc98-2983-907b,2487,7,-93.25,7,0,7,0,7,0,7,0
bc98-2983-907b,2488,7,-93.5,7,0,7,0,7,0,7,0
bc98-2983-907b,2489,7,-93.75,7,0,7,0,7,0,7,0
bc98-2983-907b,2490,7,-93.5,7,0,7,0,7,0,7,0
bc98-2983-907b,2491,7,-93.5,7,0,7,0,7,0,7,0
bc98-2983-907b,2492,7,-92.5,7,0,7,0,7,0,7,0
bc98-2983-907b,2493,7,-93.25,7,0,7,0,7,0,7,0
bc98-2983-907b,2494,7,-93.5,7,0,7,0,7,0,7,0
bc98-2983-907b,2495,7,-93.75,7,0,7,0,7,0,7,0
bc98-2983-907b,2496,7,-94.0,7,0,7,0,7,0,7,0
bc98-2983-907b,2497,7,-93.25,7,0,7,0,7,0,7,0
bc98-2983-907b,2498,6,-93.5,7,1,7,1,7,1,7,1
bc98-2983-907b,2499,6,-93.75,7,1,7,1,7,1,7,1
bc98-2983-907b,2500,6,-92.75,7,1,7,1,7,1,7,1
bc98-2983-907b,2501,6,-93.25,7,1,7,1,7,1,7,1
bc98-2983-907b,2502,7,-94.25,7,0,7,0,7,0,7,0
bc98-2983-907b,2503,6,-93.5,7,1,7,1,7,1,7,1
bc98-2983-907b,2504,6,-93.25,7,1,7,1,7,1,7,1
bc98-2983-907b,2505,6,-93.25,7,1,7,1,7,1,7,1
bc98-2983-907b,2506,6,-93.0,7,1,7,1,7,1,7,1
bc98-2983-907b,2507,6,-92.75,7,1,7,1,7,1,7,1
bc98-2983-907b,2508,6,-93.0,7,1,7,1,7,1,7,1
bc98-2983-907b,2509,6,-92.75,7,1,7,1,7,1,7,1
bc98-2983-907b,2510,6,-93.75,7,1,7,1,7,1,7,1
bc98-2983-907b,2511,6,-93.5,7,1,7,1,7,1,7,1
bc98-2983-907b,2512,6,-93.75,7,1,7,1,7,1,7,1
bc98-2983-907b,2513,6,-93.5,7,1,7,1,7,1,7,1
bc98-2983-907b,2514,6,-93.5,7,1,7,1,7,1,7,1
bc98-2983-907b,2515,6,-92.75,7,1,7,1,7,1,7,1
bc98-2983-907b,2516,6,-93.25,7,1,7,1,7,1,7,1
bc98-2983-907b,2517,7,-93.0,7,0,7,0,7,0,7,0
bc98-2983-907b,2518,7,-93.75,7,0,7,0,7,0,7,0
bc98-2983-907b,2519,6,-94.0,7,1,7,1,7,1,7,1
bc98-2983-907b,2520,6,-94.0,7,1,7,1,7,1,7,1
bc98-2983-907b,2521,6,-93.25,7,1,7,1,7,1,7,1
bc98-2983-907b,2522,7,-93.0,7,0,7,0,7,0,7,0
bc98-2983-907b,2523,7,-93.0,7,0,7,0,7,0,7,0
bc98-2983-907b,2524,7,-93.5,7,0,7,0,7,0,7,0
bc98-2983-907b,2525,6,-93.75,7,1,7,1,7,1,7,1
bc98-2983-907b,2526,6,-92.5,7,1,7,1,7,1,7,1
bc98-2983-907b,2527,7,-93.25,7,0,7,0,7,0,7,0
bc98-2983-907b,2528,7,-93.75,7,0,7,0,7,0,7,0
bc98-2983-907b,2529,7,-93.0,7,0,7,0,7,0,7,0
bc98-2983-907b,2530,7,-92.25,7,0,7,0,7,0,7,0
bc98-2983-907b,2531,7,-93.0,7,0,7,0,7,0,7,0
bc98-2983-907b,2532,7,-93.5,7,0,7,0,7,0,7,0
bc98-2983-907b,2533,7,-93.5,7,0,7,0,7,0,7,0
bc98-2983-907b,2534,7,-93.0,7,0,7,0,7,0,7,0
bc98-2983-907b,2535,7,-93.25,7,0,7,0,7,0,7,0
bc98-2983-907b,2536,4,-92.5,4,0,4,0,4,0,4,0
bc98-2983-907b,2537,4,-92.25,4,0,4,0,4,0,4,0
bc98-2983-907b,2538,4,-92.25,4,0,4,0,4,0,4,0
bc98-2983-907b,2539,4,-93.75,4,0,4,0,4,0,4,0
bc98-2983-907b,2540,4,-92.5,4,0,4,0,4,0,4,0
bc98-2983-907b,2541,4,-94.0,4,0,4,0,4,0,4,0
bc98-2983-907b,2542,5,-94.0,5,0,5,0,5,0,5,0
bc98-2983-907b,2543,5,-93.0,4,1,4,1,4,1,4,1
bc98-2983-907b,2544,5,-94.5,5,0,5,0,4,1,5,0
bc98-2983-907b,2545,5,-92.5,4,1,4,1,4,1,4,1
bc98-2983-907b,2546,5,-93.75,5,0,5,0,4,1,5,0
bc98-2983-907b,2547,5,-93.75,5,0,5,0,5,0,5,0
bc98-2983-907b,2548,4,-93.25,5,1,5,1,4,0,5,1
bc98-2983-907b,2549,4,-92.75,5,1,5,1,4,0,5,1
bc98-2983-907b,2550,5,-93.25,5,0,5,0,4,1,5,0
bc98-2983-907b,2551,4,-92.75,5,1,5,1,4,0,5,1
bc98-2983-907b,2552,4,-93.5,5,1,5,1,4,0,5,1
bc98-2983-907b,2553,5,-92.5,5,0,5,0,4,1,5,0
bc98-2983-907b,2554,3,-93.5,5,2,5,2,4,1,5,2
bc98-2983-907b,2555,4,-94.0,5,1,5,1,4,0,5,1
bc98-2983-907b,2556,4,-92.5,5,1,5,1,4,0,5,1
bc98-2983-907b,2557,4,-92.5,5,1,5,1,4,0,5,1
bc98-2983-907b,2558,5,-93.5,5,0,5,0,4,1,5,0
bc98-2983-907b,2559,5,-93.25,5,0,5,0,5,0,5,0
bc98-2983-907b,2560,5,-92.5,5,0,5,0,4,1,5,0
bc98-2983-907b,2561,4,-92.5,5,1,5,1,4,0,5,1
bc98-2983-907b,2562,4,-93.0,5,1,5,1,4,0,5,1
bc98-2983-907b,2563,4,-93.75,5,1,5,1,5,1,5,1
bc98-2983-907b,2564,4,-92.5,4,0,4,0,4,0,4,0
bc98-2983-907b,2565,4,-93.0,5,1,5,1,4,0,5,1
bc98-2983-907b,2566,4,-93.5,5,1,5,1,4,0,5,1
bc98-2983-907b,2567,5,-93.25,5,0,5,0,4,1,5,0
bc98-2983-907b,2568,5,-93.75,5,0,5,0,4,1,5,0
bc98-2983-907b,2569,4,-94.0,4,0,4,0,4,0,4,0
bc98-2983-907b,2570,4,-94.0,5,1,5,1,5,1,5,1
bc98-2983-907b,2571,5,-94.25,4,1,4,1,4,1,4,1
bc98-2983-907b,2572,5,-93.5,4,1,4,1,4,1,4,1
bc98-2983-907b,2573,5,-92.5,4,1,4,1,4,1,4,1
bc98-2983-907b,2574,5,-92.5,4,1,4,1,4,1,4,1
bc98-2983-907b,2575,4,-93.75,4,0,4,0,4,0,4,0
bc98-2983-907b,2576,4,-92.5,5,1,5,1,4,0,5,1
bc98-2983-907b,2577,5,-92.5,4,1,4,1,4,1,4,1
bc98-2983-907b,2578,5,-92.5,4,1,4,1,4,1,4,1
bc98-2983-907b,2579,4,-92.25,4,0,4,0,4,0,4,0
bc98-2983-907b,2580,4,-92.75,4,0,4,0,4,0,4,0
bc98-2983-907b,2581,4,-94.25,4,0,4,0,4,0,4,0
bc98-2983-907b,2582,5,-93.25,4,1,4,1,4,1,4,1
bc98-2983-907b,2583,4,-92.0,5,1,5,1,4,0,5,1
bc98-2983-907b,2584,5,-94.75,4,1,4,1,4,1,4,1
bc98-2983-907b,2585,5,-95.0,4,1,4,1,4,1,4,1
bc98-2983-907b,2586,5,-94.75,4,1,4,1,4,1,4,1
bc98-2983-907b,2587,5,-95.0,4,1,4,1,4,1,4,1
bc98-2983-907b,2588,5,-95.75,4,1,4,1,4,1,4,1
bc98-2983-907b,2589,5,-94.5,4,1,4,1,4,1,4,1
bc98-2983-907b,2590,5,-94.75,4,1,4,1,4,1,4,1
bc98-2983-907b,2591,5,-94.5,4,1,4,1,4,1,4,1
bc98-2983-907b,2592,5,-94.75,4,1,4,1,4,1,4,1
bc98-2983-907b,2593,5,-94.75,4,1,4,1,4,1,4,1
bc98-2983-907b,2594,5,-94.25,4,1,4,1,4,1,4,1
bc98-2983-907b,2595,5,-95.0,4,1,4,1,4,1,4,1
bc98-2983-907b,2596,5,-95.0,4,1,4,1,4,1,4,1
bc98-2983-907b,2597,5,-94.25,4,1,4,1,4,1,4,1
bc98-2983-907b,2598,5,-94.5,4,1,4,1,4,1,4,1
bc98-2983-907b,2599,5,-92.75,4,1,3,2,3,2,4,1
bc98-2983-907b,2600,5,-94.5,4,1,4,1,4,1,4,1
bc98-2983-907b,2601,5,-94.5,4,1,4,1,4,1,4,1
bc98-2983-907b,2602,5,-94.5,4,1,4,1,4,1,4,1
bc98-2983-907b,2603,5,-94.75,3,2,3,2,3,2,3,2
bc98-2983-907b,2604,5,-94.5,4,1,5,0,5,0,4,1
bc98-2983-907b,2605,5,-94.75,3,2,3,2,3,2,3,2
bc98-2983-907b,2606,5,-93.0,4,1,4,1,4,1,4,1
bc98-2983-907b,2607,5,-93.75,4,1,4,1,3,2,4,1
bc98-2983-907b,2608,5,-94.75,4,1,4,1,4,1,4,1
bc98-2983-907b,2609,5,-93.5,4,1,4,1,3,2,4,1
bc98-2983-907b,2610,5,-94.75,4,1,4,1,4,1,4,1
bc98-2983-907b,2611,5,-94.75,4,1,4,1,4,1,4,1
bc98-2983-907b,2612,5,-94.75,4,1,4,1,4,1,4,1
bc98-2983-907b,2613,5,-94.5,4,1,4,1,4,1,4,1
bc98-2983-907b,2614,5,-95.0,4,1,4,1,4,1,4,1
bc98-2983-907b,2615,5,-94.5,4,1,4,1,4,1,4,1
bc98-2983-907b,2616,5,-94.75,4,1,4,1,4,1,4,1
bc98-2983-907b,2617,5,-94.75,4,1,4,1,4,1,4,1
bc98-2983-907b,2618,5,-94.75,4,1,4,1,4,1,4,1
bc98-2983-907b,2619,5,-95.0,4,1,4,1,4,1,4,1
bc98-2983-907b,2620,5,-94.0,4,1,4,1,3,2,4,1
bc98-2983-907b,2621,5,-94.75,4,1,4,1,4,1,4,1
bc98-2983-907b,2622,5,-94.75,4,1,4,1,4,1,4,1
bc98-2983-907b,2623,5,-94.5,4,1,4,1,4,1,4,1
bc98-2983-907b,2624,5,-95.0,4,1,4,1,4,1,4,1
bc98-2983-907b,2625,5,-94.5,4,1,4,1,4,1,4,1
bc98-2983-907b,2626,5,-94.5,4,1,4,1,4,1,4,1
bc98-2983-907b,2627,5,-94.25,4,1,4,1,4,1,4,1
bc98-2983-907b,2628,5,-94.5,4,1,4,1,4,1,4,1
bc98-2983-907b,2629,5,-94.75,4,1,4,1,4,1,4,1
bc98-2983-907b,2630,5,-94.0,4,1,4,1,3,2,4,1
bc98-2983-907b,2631,5,-93.75,4,1,4,1,3,2,4,1
bc98-2983-907b,2632,5,-94.25,4,1,4,1,4,1,4,1
bc98-2983-907b,2633,5,-94.75,4,1,4,1,4,1,4,1
bc98-2983-907b,2634,5,-94.25,4,1,4,1,4,1,4,1
bc98-2983-907b,2635,4,-92.0,4,0,3,1,3,1,4,0
bc98-2983-907b,2636,4,-94.25,5,1,5,1,5,1,5,1
bc98-2983-907b,2637,5,-94.5,4,1,4,1,4,1,4,1
bc98-2983-907b,2638,5,-93.75,5,0,5,0,5,0,5,0
bc98-2983-907b,2639,4,-93.75,3,1,3,1,3,1,3,1
bc98-2983-907b,2640,4,-94.75,3,1,3,1,3,1,3,1
bc98-2983-907b,2641,4,-94.0,4,0,4,0,4,0,4,0
bc98-2983-907b,2642,4,-94.5,4,0,4,0,4,0,4,0
bc98-2983-907b,2643,4,-95.0,4,0,4,0,4,0,4,0
bc98-2983-907b,2644,4,-94.5,4,0,4,0,4,0,4,0
bc98-2983-907b,2645,4,-94.5,3,1,3,1,3,1,3,1
bc98-2983-907b,2646,4,-94.25,4,0,4,0,4,0,4,0
bc98-2983-907b,2647,4,-94.25,4,0,4,0,4,0,4,0
bc98-2983-907b,2648,4,-92.25,4,0,4,0,3,1,4,0
bc98-2983-907b,2649,4,-94.75,4,0,4,0,4,0,4,0
bc98-2983-907b,2650,4,-94.75,4,0,4,0,4,0,4,0
bc98-2983-907b,2651,4,-94.5,4,0,4,0,4,0,4,0
bc98-2983-907b,2652,4,-95.0,4,0,4,0,4,0,4,0
bc98-2983-907b,2653,4,-94.0,4,0,4,0,4,0,4,0
bc98-2983-907b,2654,4,-93.75,4,0,4,0,4,0,4,0
bc98-2983-907b,2655,4,-93.5,4,0,4,0,4,0,4,0
bc98-2983-907b,2656,4,-93.5,4,0,4,0,4,0,4,0
bc98-2983-907b,2657,4,-93.5,4,0,4,0,3,1,4,0
bc98-2983-907b,2658,4,-93.25,5,1,5,1,4,0,5,1
bc98-2983-907b,2659,4,-93.5,4,0,4,0,4,0,4,0
bc98-2983-907b,2660,4,-94.25,4,0,4,0,4,0,4,0
bc98-2983-907b,2661,4,-94.75,4,0,4,0,4,0,4,0
bc98-2983-907b,2662,4,-94.25,4,0,4,0,4,0,4,0
bc98-2983-907b,2663,4,-94.25,4,0,4,0,4,0,4,0
bc98-2983-907b,2664,4,-94.0,3,1,3,1,3,1,3,1
bc98-2983-907b,2665,4,-95.25,4,0,4,0,4,0,4,0
bc98-2983-907b,2666,4,-94.25,4,0,4,0,4,0,4,0
bc98-2983-907b,2667,4,-94.25,4,0,4,0,4,0,4,0
bc98-2983-907b,2668,4,-94.75,4,0,4,0,4,0,4,0
bc98-2983-907b,2669,4,-92.75,4,0,4,0,3,1,4,0
bc98-2983-907b,2670,4,-94.5,4,0,4,0,4,0,4,0
bc98-2983-907b,2671,4,-95.0,4,0,4,0,4,0,4,0
bc98-2983-907b,2672,4,-93.75,4,0,4,0,3,1,4,0
bc98-2983-907b,2673,4,-93.75,4,0,4,0,3,1,4,0
bc98-2983-907b,2674,4,-94.25,4,0,4,0,4,0,4,0
bc98-2983-907b,2675,4,-94.25,4,0,4,0,4,0,4,0
bc98-2983-907b,2676,4,-93.25,4,0,4,0,4,0,4,0
bc98-2983-907b,2677,4,-94.0,4,0,4,0,4,0,4,0
bc98-2983-907b,2678,4,-94.0,4,0,4,0,4,0,4,0
bc98-2983-907b,2679,4,-94.25,4,0,4,0,4,0,4,0
bc98-2983-907b,2680,4,-93.25,4,0,4,0,3,1,4,0
bc98-2983-907b,2681,4,-94.75,4,0,4,0,4,0,4,0
bc98-2983-907b,2682,4,-94.75,3,1,3,1,3,1,3,1
bc98-2983-907b,2683,4,-93.5,4,0,4,0,3,1,4,0
bc98-2983-907b,2684,4,-94.75,3,1,3,1,3,1,3,1
bc98-2983-907b,2685,4,-93.25,3,1,3,1,3,1,3,1
bc98-2983-907b,2686,4,-94.75,4,0,4,0,4,0,4,0
bc98-2983-907b,2687,5,-94.25,3,2,3,2,3,2,3,2
bc98-2983-907b,2688,3,-94.0,4,1,4,1,4,1,4,1
bc98-2983-907b,2689,4,-93.75,3,1,3,1,3,1,3,1
bc98-2983-907b,2690,4,-93.5,4,0,4,0,4,0,4,0
bc98-2983-907b,2691,4,-92.0,4,0,4,0,4,0,4,0
bc98-2983-907b,2692,4,-91.25,4,0,4,0,4,0,4,0
bc98-2983-907b,2693,4,-95.0,5,1,5,1,5,1,5,1
bc98-2983-907b,2694,3,-91.75,4,1,4,1,4,1,4,1
bc98-2983-907b,2695,3,-93.0,4,1,4,1,4,1,4,1
bc98-2983-907b,2696,4,-94.0,5,1,5,1,5,1,5,1
bc98-2983-907b,2697,4,-91.0,4,0,4,0,3,1,4,0
bc98-2983-907b,2698,4,-92.75,5,1,5,1,4,0,5,1
bc98-2983-907b,2699,3,-92.75,4,1,4,1,4,1,4,1
bc98-2983-907b,2700,4,-92.25,4,0,4,0,4,0,4,0
bc98-2983-907b,2701,4,-92.0,5,1,5,1,4,0,5,1
bc98-2983-907b,2702,3,-92.25,4,1,4,1,4,1,4,1
bc98-2983-907b,2703,3,-94.25,4,1,4,1,4,1,4,1
bc98-2983-907b,2704,3,-94.75,4,1,4,1,4,1,4,1
bc98-2983-907b,2705,3,-94.0,5,2,5,2,5,2,5,2
bc98-2983-907b,2706,4,-91.0,5,1,4,0,4,0,5,1
bc98-2983-907b,2707,3,-91.75,4,1,4,1,4,1,4,1
bc98-2983-907b,2708,4,-92.0,5,1,5,1,4,0,5,1
bc98-2983-907b,2709,4,-92.75,4,0,4,0,3,1,4,0
bc98-2983-907b,2710,4,-92.25,5,1,5,1,4,0,5,1
bc98-2983-907b,2711,4,-93.75,4,0,4,0,4,0,4,0
bc98-2983-907b,2712,4,-92.5,4,0,4,0,3,1,4,0
bc98-2983-907b,2713,4,-92.5,4,0,4,0,3,1,4,0
bc98-2983-907b,2714,4,-92.75,4,0,4,0,4,0,4,0
bc98-2983-907b,2715,4,-92.25,4,0,4,0,4,0,4,0
bc98-2983-907b,2716,4,-92.5,5,1,5,1,4,0,5,1
bc98-2983-907b,2717,4,-93.25,4,0,4,0,4,0,4,0
bc98-2983-907b,2718,4,-92.5,4,0,4,0,3,1,4,0
bc98-2983-907b,2719,3,-92.75,4,1,4,1,4,1,4,1
bc98-2983-907b,2720,3,-92.75,4,1,4,1,4,1,4,1
bc98-2983-907b,2721,3,-93.75,5,2,5,2,5,2,5,2
bc98-2983-907b,2722,4,-92.75,4,0,4,0,4,0,4,0
bc98-2983-907b,2723,3,-91.75,4,1,4,1,4,1,4,1
bc98-2983-907b,2724,3,-93.25,5,2,5,2,4,1,5,2
bc98-2983-907b,2725,3,-92.75,4,1,4,1,3,0,4,1
bc98-2983-907b,2726,4,-92.25,4,0,4,0,3,1,4,0
bc98-2983-907b,2727,3,-92.75,4,1,4,1,4,1,4,1
bc98-2983-907b,2728,3,-91.25,5,2,5,2,4,1,5,2
bc98-2983-907b,2729,3,-92.0,4,1,4,1,3,0,4,1
bc98-2983-907b,2730,3,-93.75,5,2,5,2,5,2,5,2
bc98-2983-907b,2731,3,-80.25,5,2,3,0,2,1,5,2
bc98-2983-907b,2732,3,-92.0,4,1,4,1,4,1,4,1
bc98-2983-907b,2733,4,-92.25,5,1,5,1,4,0,5,1
bc98-2983-907b,2734,3,-92.5,5,2,5,2,5,2,5,2
bc98-2983-907b,2735,3,-92.75,4,1,4,1,4,1,4,1
bc98-2983-907b,2736,4,-92.5,5,1,5,1,4,0,5,1
bc98-2983-907b,2737,4,-92.75,4,0,4,0,3,1,4,0
bc98-2983-907b,2738,4,-92.75,4,0,4,0,3,1,4,0
bc98-2983-907b,2739,4,-92.5,5,1,5,1,5,1,5,1
bc98-2983-907b,2740,4,-92.0,4,0,4,0,4,0,4,0
bc98-2983-907b,2741,4,-92.75,4,0,4,0,4,0,4,0
bc98-2983-907b,2742,3,-92.5,4,1,4,1,4,1,4,1
bc98-2983-907b,2743,3,-92.5,4,1,4,1,3,0,4,1
bc98-2983-907b,2744,4,-91.75,5,1,5,1,4,0,5,1
bc98-2983-907b,2745,4,-92.75,4,0,4,0,4,0,4,0
bc98-2983-907b,2746,2,-93.25,5,3,5,3,4,2,5,3
bc98-2983-907b,2747,2,-94.25,5,3,5,3,5,3,5,3
bc98-2983-907b,2748,2,-93.75,5,3,5,3,4,2,5,3
bc98-2983-907b,2749,2,-94.75,5,3,5,3,4,2,5,3
bc98-2983-907b,2750,2,-94.25,5,3,5,3,5,3,5,3
bc98-2983-907b,2751,2,-94.5,5,3,5,3,5,3,5,3
bc98-2983-907b,2752,2,-93.75,4,2,4,2,4,2,4,2
bc98-2983-907b,2753,2,-93.75,3,1,3,1,3,1,3,1
bc98-2983-907b,2754,2,-94.0,5,3,5,3,5,3,5,3
bc98-2983-907b,2755,2,-94.25,4,2,4,2,4,2,4,2
bc98-2983-907b,2756,2,-94.0,5,3,5,3,5,3,5,3
bc98-2983-907b,2757,2,-93.25,5,3,5,3,5,3,5,3
bc98-2983-907b,2758,2,-94.0,5,3,5,3,5,3,5,3
bc98-2983-907b,2759,2,-94.0,5,3,5,3,5,3,5,3
bc98-2983-907b,2760,2,-95.25,5,3,5,3,5,3,5,3
bc98-2983-907b,2761,2,-94.5,4,2,4,2,4,2,4,2
bc98-2983-907b,2762,2,-94.5,3,1,3,1,3,1,3,1
bc98-2983-907b,2763,2,-95.0,4,2,4,2,4,2,4,2
bc98-2983-907b,2764,2,-94.5,4,2,4,2,4,2,4,2
bc98-2983-907b,2765,2,-94.25,4,2,4,2,4,2,4,2
bc98-2983-907b,2766,2,-94.25,4,2,4,2,4,2,4,2
bc98-2983-907b,2767,2,-94.25,3,1,3,1,3,1,3,1
bc98-2983-907b,2768,2,-93.0,5,3,5,3,4,2,5,3
bc98-2983-907b,2769,2,-94.25,5,3,5,3,5,3,5,3
bc98-2983-907b,2770,2,-94.5,4,2,4,2,4,2,4,2
bc98-2983-907b,2771,2,-95.0,3,1,3,1,3,1,3,1
bc98-2983-907b,2772,2,-94.75,3,1,3,1,3,1,3,1
bc98-2983-907b,2773,2,-94.25,4,2,4,2,4,2,4,2
bc98-2983-907b,2774,2,-94.25,4,2,4,2,4,2,4,2
bc98-2983-907b,2775,2,-94.0,5,3,5,3,5,3,5,3
bc98-2983-907b,2776,2,-92.25,4,2,3,1,3,1,4,2
bc98-2983-907b,2777,2,-94.5,5,3,5,3,5,3,5,3
bc98-2983-907b,2778,2,-94.75,4,2,4,2,4,2,4,2
bc98-2983-907b,2779,2,-94.75,4,2,4,2,4,2,4,2
bc98-2983-907b,2780,2,-94.5,5,3,5,3,5,3,5,3
bc98-2983-907b,2781,2,-94.25,5,3,5,3,5,3,5,3
bc98-2983-907b,2782,2,-93.5,4,2,4,2,3,1,4,2
bc98-2983-907b,2783,2,-94.5,5,3,5,3,4,2,5,3
bc98-2983-907b,2784,2,-94.5,4,2,4,2,4,2,4,2
bc98-2983-907b,2785,2,-95.0,4,2,4,2,4,2,4,2
bc98-2983-907b,2786,2,-94.0,5,3,5,3,5,3,5,3
bc98-2983-907b,2787,2,-94.75,5,3,5,3,5,3,5,3
bc98-2983-907b,2788,2,-94.75,4,2,4,2,4,2,4,2
bc98-2983-907b,2789,2,-94.5,4,2,4,2,4,2,4,2
bc98-2983-907b,2790,2,-94.25,5,3,5,3,5,3,5,3
bc98-2983-907b,2791,2,-94.0,5,3,5,3,5,3,5,3
bc98-2983-907b,2792,2,-94.25,4,2,4,2,4,2,4,2
bc98-2983-907b,2793,2,-94.75,5,3,5,3,5,3,5,3
bc98-2983-907b,2794,2,-94.5,5,3,5,3,5,3,5,3
bc98-2983-907b,2795,2,-94.5,5,3,5,3,5,3,5,3
bc98-2983-907b,2796,2,-94.75,5,3,5,3,6,4,5,3
bc98-2983-907b,2797,2,-94.25,4,2,4,2,4,2,4,2
bc98-2983-907b,2798,2,-94.75,3,1,3,1,3,1,3,1
bc98-2983-907b,2799,2,-94.5,4,2,4,2,4,2,4,2
bc98-2983-907b,2800,2,-95.25,3,1,3,1,3,1,3,1
bc98-2983-907b,2801,2,-94.75,4,2,4,2,4,2,4,2
bc98-2983-907b,2802,2,-94.75,4,2,4,2,4,2,4,2
bc98-2983-907b,2803,2,-94.75,4,2,4,2,4,2,4,2
bc98-2983-907b,2804,3,-94.25,4,1,4,1,4,1,4,1
bc98-2983-907b,2805,3,-95.0,4,1,4,1,4,1,4,1
bc98-2983-907b,2806,3,-94.75,5,2,5,2,5,2,5,2
bc98-2983-907b,2807,2,-95.25,3,1,3,1,3,1,3,1
bc98-2983-907b,2808,2,-94.5,5,3,5,3,4,2,5,3
bc98-2983-907b,2809,2,-95.0,4,2,4,2,4,2,4,2
bc98-2983-907b,2810,2,-95.0,3,1,3,1,3,1,3,1
bc98-2983-907b,2811,2,-94.75,3,1,3,1,3,1,3,1
bc98-2983-907b,2812,2,-94.5,4,2,4,2,4,2,4,2
bc98-2983-907b,2813,2,-95.0,4,2,4,2,4,2,4,2
bc98-2983-907b,2814,2,-94.5,4,2,4,2,4,2,4,2
bc98-2983-907b,2815,3,-94.5,4,1,4,1,4,1,4,1
bc98-2983-907b,2816,2,-95.25,4,2,4,2,4,2,4,2
bc98-2983-907b,2817,2,-94.25,5,3,5,3,5,3,5,3
bc98-2983-907b,2818,2,-94.75,4,2,4,2,4,2,4,2
bc98-2983-907b,2819,2,-95.25,4,2,4,2,4,2,4,2
bc98-2983-907b,2820,2,-94.75,3,1,3,1,3,1,3,1
bc98-2983-907b,2821,3,-94.25,3,0,3,0,3,0,3,0
bc98-2983-907b,2822,2,-95.0,5,3,5,3,5,3,5,3
bc98-2983-907b,2823,2,-94.75,4,2,4,2,4,2,4,2
bc98-2983-907b,2824,2,-94.25,5,3,5,3,5,3,5,3
bc98-2983-907b,2825,2,-94.75,4,2,4,2,4,2,4,2
bc98-2983-907b,2826,2,-92.5,4,2,4,2,3,1,4,2
bc98-2983-907b,2827,3,-94.25,4,1,4,1,4,1,4,1
bc98-2983-907b,2828,3,-93.75,4,1,4,1,4,1,4,1
bc98-2983-907b,2829,2,-93.75,4,2,4,2,4,2,4,2
bc98-2983-907b,2830,2,-94.5,4,2,4,2,4,2,4,2
bc98-2983-907b,2831,2,-94.25,4,2,4,2,4,2,4,2
bc98-2983-907b,2832,3,-94.5,5,2,5,2,5,2,5,2
bc98-2983-907b,2833,3,-94.75,4,1,4,1,4,1,4,1
bc98-2983-907b,2834,2,-93.75,4,2,4,2,4,2,4,2
bc98-2983-907b,2835,2,-94.0,4,2,4,2,4,2,4,2
bc98-2983-907b,2836,2,-94.75,5,3,5,3,5,3,5,3
bc98-2983-907b,2837,2,-94.75,4,2,4,2,4,2,4,2
bc98-2983-907b,2838,2,-93.75,4,2,4,2,4,2,4,2
bc98-2983-907b,2839,2,-94.0,4,2,4,2,4,2,4,2
bc98-2983-907b,2840,2,-95.25,4,2,4,2,4,2,4,2
bc98-2983-907b,2841,2,-94.25,4,2,4,2,4,2,4,2
bc98-2983-907b,2842,2,-94.5,5,3,5,3,5,3,5,3
bc98-2983-907b,2843,2,-95.5,5,3,5,3,6,4,5,3
bc98-2983-907b,2844,2,-95.25,4,2,4,2,4,2,4,2
bc98-2983-907b,2845,2,-94.75,4,2,4,2,4,2,4,2
bc98-2983-907b,2846,2,-94.75,4,2,4,2,4,2,4,2
bc98-2983-907b,2847,2,-94.75,4,2,4,2,4,2,4,2
bc98-2983-907b,2848,2,-94.5,4,2,4,2,4,2,4,2
bc98-2983-907b,2849,2,-94.75,4,2,4,2,4,2,4,2
bc98-2983-907b,2850,2,-93.5,4,2,4,2,4,2,4,2
bc98-2983-907b,2851,2,-93.75,4,2,4,2,4,2,4,2
bc98-2983-907b,2852,2,-95.0,3,1,3,1,3,1,3,1
bc98-2983-907b,2853,2,-95.0,4,2,4,2,4,2,4,2
bc98-2983-907b,2854,2,-94.25,4,2,4,2,4,2,4,2
bc98-2983-907b,2855,2,-94.75,4,2,4,2,4,2,4,2
bc98-2983-907b,2856,2,-95.0,4,2,4,2,4,2,4,2
bc98-2983-907b,2857,2,-94.0,4,2,4,2,4,2,4,2
bc98-2983-907b,2858,2,-93.25,4,2,4,2,3,1,4,2
bc98-2983-907b,2859,2,-94.5,3,1,3,1,3,1,3,1
bc98-2983-907b,2860,2,-95.0,4,2,4,2,4,2,4,2
bc98-2983-907b,2861,2,-93.75,4,2,4,2,4,2,4,2
bc98-2983-907b,2862,2,-95.5,4,2,5,3,4,2,4,2
bc98-2983-907b,2863,2,-95.25,5,3,5,3,5,3,5,3
bc98-2983-907b,2864,2,-94.75,4,2,4,2,4,2,4,2
bc98-2983-907b,2865,2,-95.0,4,2,4,2,4,2,4,2
bc98-2983-907b,2866,2,-94.25,4,2,4,2,4,2,4,2
bc98-2983-907b,2867,2,-94.75,3,1,3,1,3,1,3,1
bc98-2983-907b,2868,2,-95.25,5,3,5,3,5,3,5,3
bc98-2983-907b,2869,2,-94.75,4,2,4,2,4,2,4,2
bc98-2983-907b,2870,2,-94.5,3,1,3,1,3,1,3,1
bc98-2983-907b,2871,2,-95.25,3,1,3,1,3,1,3,1
bc98-2983-907b,2872,2,-95.0,4,2,4,2,4,2,4,2
bc98-2983-907b,2873,2,-94.25,4,2,4,2,4,2,4,2
bc98-2983-907b,2874,2,-95.25,4,2,4,2,4,2,4,2
bc98-2983-907b,2875,2,-93.75,4,2,4,2,4,2,4,2
bc98-2983-907b,2876,2,-93.75,4,2,4,2,4,2,4,2
bc98-2983-907b,2877,2,-94.5,4,2,4,2,4,2,4,2
bc98-2983-907b,2878,2,-95.0,4,2,4,2,4,2,4,2
bc98-2983-907b,2879,2,-94.25,4,2,4,2,4,2,4,2
bc98-2983-907b,2880,2,-93.5,4,2,4,2,4,2,4,2
bc98-2983-907b,2881,2,-94.5,4,2,4,2,4,2,4,2
bc98-2983-907b,2882,2,-94.25,4,2,4,2,4,2,4,2
bc98-2983-907b,2883,2,-94.0,4,2,4,2,4,2,4,2
bc98-2983-907b,2884,2,-95.5,4,2,5,3,4,2,4,2
bc98-2983-907b,2885,2,-95.25,4,2,4,2,4,2,4,2
bc98-2983-907b,2886,2,-94.0,4,2,4,2,4,2,4,2
bc98-2983-907b,2887,3,-94.75,5,2,5,2,5,2,5,2
bc98-2983-907b,2888,3,-94.25,4,1,4,1,4,1,4,1
bc98-2983-907b,2889,3,-93.25,5,2,5,2,4,1,5,2
bc98-2983-907b,2890,3,-93.5,4,1,4,1,3,0,4,1
bc98-2983-907b,2891,3,-95.25,5,2,5,2,5,2,5,2
bc98-2983-907b,2892,3,-94.5,4,1,4,1,4,1,4,1
bc98-2983-907b,2893,3,-95.0,5,2,5,2,5,2,5,2
bc98-2983-907b,2894,3,-94.5,4,1,4,1,4,1,4,1
bc98-2983-907b,2895,3,-94.25,4,1,4,1,4,1,4,1
bc98-2983-907b,2896,3,-94.75,4,1,4,1,4,1,4,1
bc98-2983-907b,2897,3,-95.25,4,1,4,1,4,1,4,1
bc98-2983-907b,2898,3,-95.0,5,2,5,2,5,2,5,2
bc98-2983-907b,2899,3,-95.5,4,1,4,1,4,1,4,1
bc98-2983-907b,2900,3,-94.5,4,1,4,1,4,1,4,1
bc98-2983-907b,2901,3,-93.0,4,1,4,1,3,0,4,1
bc98-2983-907b,2902,3,-95.0,4,1,4,1,4,1,4,1
bc98-2983-907b,2903,3,-94.25,4,1,4,1,4,1,4,1
bc98-2983-907b,2904,3,-94.0,5,2,5,2,5,2,5,2
bc98-2983-907b,2905,3,-94.0,4,1,4,1,4,1,4,1
bc98-2983-907b,2906,3,-94.75,4,1,4,1,4,1,4,1
bc98-2983-907b,2907,3,-95.0,4,1,4,1,4,1,4,1
bc98-2983-907b,2908,3,-94.75,4,1,4,1,4,1,4,1
bc98-2983-907b,2909,3,-94.25,4,1,4,1,4,1,4,1
bc98-2983-907b,2910,3,-94.5,4,1,4,1,4,1,4,1
bc98-2983-907b,2911,3,-94.25,4,1,4,1,4,1,4,1
bc98-2983-907b,2912,3,-95.0,4,1,4,1,4,1,4,1
bc98-2983-907b,2913,3,-94.75,4,1,4,1,4,1,4,1
bc98-2983-907b,2914,3,-94.0,4,1,4,1,4,1,4,1
bc98-2983-907b,2915,3,-94.0,4,1,4,1,4,1,4,1
bc98-2983-907b,2916,3,-95.0,5,2,5,2,5,2,5,2
bc98-2983-907b,2917,3,-94.25,5,2,5,2,5,2,5,2
bc98-2983-907b,2918,3,-94.75,5,2,5,2,5,2,5,2
bc98-2983-907b,2919,2,-95.0,4,2,4,2,4,2,4,2
bc98-2983-907b,2920,2,-95.25,4,2,4,2,4,2,4,2
bc98-2983-907b,2921,2,-95.25,4,2,4,2,4,2,4,2
bc98-2983-907b,2922,2,-94.0,4,2,4,2,4,2,4,2
bc98-2983-907b,2923,2,-95.0,4,2,4,2,4,2,4,2
bc98-2983-907b,2924,2,-94.75,4,2,4,2,4,2,4,2
bc98-2983-907b,2925,2,-95.25,4,2,4,2,4,2,4,2
bc98-2983-907b,2926,2,-95.25,4,2,4,2,4,2,4,2
bc98-2983-907b,2927,2,-94.75,4,2,4,2,4,2,4,2
bc98-2983-907b,2928,2,-95.0,3,1,3,1,3,1,3,1
bc98-2983-907b,2929,2,-94.75,4,2,4,2,4,2,4,2
bc98-2983-907b,2930,2,-95.0,3,1,3,1,3,1,3,1
bc98-2983-907b,2931,2,-94.5,4,2,4,2,4,2,4,2
bc98-2983-907b,2932,2,-94.75,4,2,4,2,4,2,4,2
bc98-2983-907b,2933,2,-95.25,4,2,4,2,4,2,4,2
bc98-2983-907b,2934,2,-95.0,4,2,4,2,4,2,4,2
bc98-2983-907b,2935,2,-95.0,4,2,4,2,4,2,4,2
bc98-2983-907b,2936,2,-95.0,3,1,3,1,3,1,3,1
bc98-2983-907b,2937,2,-95.0,4,2,4,2,4,2,4,2
bc98-2983-907b,2938,2,-94.75,4,2,4,2,4,2,4,2
bc98-2983-907b,2939,2,-95.0,3,1,3,1,3,1,3,1
bc98-2983-907b,2940,2,-95.25,4,2,4,2,4,2,4,2
bc98-2983-907b,2941,2,-94.75,3,1,3,1,3,1,3,1
bc98-2983-907b,2942,2,-95.25,4,2,4,2,4,2,4,2
bc98-2983-907b,2943,2,-95.0,4,2,4,2,4,2,4,2
bc98-2983-907b,2944,2,-95.75,3,1,3,1,4,2,3,1
bc98-2983-907b,2945,2,-95.5,4,2,4,2,4,2,4,2
bc98-2983-907b,2946,2,-95.25,4,2,4,2,4,2,4,2
bc98-2983-907b,2947,2,-95.0,4,2,4,2,4,2,4,2
bc98-2983-907b,2948,2,-95.0,3,1,3,1,3,1,3,1
bc98-2983-907b,2949,2,-95.0,4,2,4,2,4,2,4,2
bc98-2983-907b,2950,2,-95.0,4,2,4,2,4,2,4,2
bc98-2983-907b,2951,2,-95.0,4,2,4,2,4,2,4,2
bc98-2983-907b,2952,2,-95.25,4,2,4,2,4,2,4,2
bc98-2983-907b,2953,2,-94.5,4,2,4,2,4,2,4,2
bc98-2983-907b,2954,2,-94.5,4,2,4,2,4,2,4,2
bc98-2983-907b,2955,2,-95.0,3,1,3,1,3,1,3,1
bc98-2983-907b,2956,2,-94.5,4,2,4,2,4,2,4,2
bc98-2983-907b,2957,2,-95.25,4,2,4,2,4,2,4,2
bc98-2983-907b,2958,2,-95.0,3,1,3,1,3,1,3,1
bc98-2983-907b,2959,2,-95.25,3,1,3,1,3,1,3,1
bc98-2983-907b,2960,2,-94.75,4,2,4,2,4,2,4,2
bc98-2983-907b,2961,2,-95.25,3,1,3,1,3,1,3,1
bc98-2983-907b,2962,2,-94.75,4,2,4,2,4,2,4,2
bc98-2983-907b,2963,2,-95.0,4,2,4,2,4,2,4,2
bc98-2983-907b,2964,2,-95.0,4,2,4,2,4,2,4,2
bc98-2983-907b,2965,2,-95.5,4,2,4,2,4,2,4,2
bc98-2983-907b,2966,2,-95.0,4,2,4,2,4,2,4,2
bc98-2983-907b,2967,2,-95.0,4,2,4,2,4,2,4,2
bc98-2983-907b,2968,2,-95.25,4,2,4,2,4,2,4,2
bc98-2983-907b,2969,2,-95.25,4,2,4,2,4,2,4,2
bc98-2983-907b,2970,2,-95.75,2,0,2,0,2,0,2,0
bc98-2983-907b,2971,2,-95.5,2,0,2,0,2,0,2,0
bc98-2983-907b,2972,2,-95.25,2,0,2,0,2,0,2,0
bc98-2983-907b,2973,2,-95.5,2,0,2,0,2,0,2,0
bc98-2983-907b,2974,2,-95.75,2,0,2,0,2,0,2,0
bc98-2983-907b,2975,2,-94.75,3,1,3,1,3,1,3,1
bc98-2983-907b,2976,2,-95.5,2,0,2,0,2,0,2,0
bc98-2983-907b,2977,2,-95.25,3,1,3,1,3,1,3,1
bc98-2983-907b,2978,2,-96.0,3,1,3,1,3,1,3,1
bc98-2983-907b,2979,2,-95.25,3,1,3,1,3,1,3,1
bc98-2983-907b,2980,2,-95.0,3,1,3,1,3,1,3,1
bc98-2983-907b,2981,2,-95.5,3,1,3,1,3,1,3,1
bc98-2983-907b,2982,2,-95.75,4,2,5,3,5,3,4,2
bc98-2983-907b,2983,2,-95.5,3,1,3,1,3,1,3,1
bc98-2983-907b,2984,2,-95.25,3,1,3,1,3,1,3,1
bc98-2983-907b,2985,2,-95.75,3,1,3,1,3,1,3,1
bc98-2983-907b,2986,2,-95.25,3,1,3,1,3,1,3,1
bc98-2983-907b,2987,2,-95.25,3,1,3,1,3,1,3,1
bc98-2983-907b,2988,2,-95.75,3,1,3,1,3,1,3,1
bc98-2983-907b,2989,2,-95.0,3,1,3,1,3,1,3,1
bc98-2983-907b,2990,2,-95.75,3,1,3,1,3,1,3,1
bc98-2983-907b,2991,2,-95.5,3,1,3,1,3,1,3,1
bc98-2983-907b,2992,2,-95.25,3,1,3,1,3,1,3,1
bc98-2983-907b,2993,2,-95.5,3,1,3,1,3,1,3,1
bc98-2983-907b,2994,2,-95.5,3,1,3,1,3,1,3,1
bc98-2983-907b,2995,2,-95.5,3,1,3,1,3,1,3,1
bc98-2983-907b,2996,2,-95.5,3,1,3,1,3,1,3,1
bc98-2983-907b,2997,2,-95.0,3,1,3,1,3,1,3,1
bc98-2983-907b,2998,2,-95.25,3,1,3,1,3,1,3,1
bc98-2983-907b,2999,2,-95.25,2,0,2,0,2,0,2,0
bc98-2983-907b,3000,2,-93.5,3,1,2,0,2,0,3,1
bc98-2983-907b,3001,2,-95.5,3,1,3,1,3,1,3,1
bc98-2983-907b,3002,2,-95.5,3,1,3,1,3,1,3,1
bc98-2983-907b,3003,2,-95.5,3,1,3,1,3,1,3,1
bc98-2983-907b,3004,2,-95.0,3,1,3,1,3,1,3,1
bc98-2983-907b,3005,2,-95.5,2,0,2,0,2,0,2,0
bc98-2983-907b,3006,2,-95.0,2,0,2,0,2,0,2,0
bc98-2983-907b,3007,2,-94.75,2,0,2,0,2,0,2,0
bc98-2983-907b,3008,2,-95.5,3,1,3,1,3,1,3,1
bc98-2983-907b,3009,2,-95.75,3,1,3,1,3,1,3,1
bc98-2983-907b,3010,2,-95.75,3,1,3,1,4,2,3,1
bc98-2983-907b,3011,2,-95.5,2,0,2,0,2,0,2,0
bc98-2983-907b,3012,2,-95.25,2,0,2,0,2,0,2,0
bc98-2983-907b,3013,2,-95.25,2,0,2,0,2,0,2,0
bc98-2983-907b,3014,2,-95.75,2,0,2,0,2,0,2,0
bc98-2983-907b,3015,2,-95.25,2,0,2,0,2,0,2,0
bc98-2983-907b,3016,2,-95.5,2,0,2,0,2,0,2,0
bc98-2983-907b,3017,10,-86.0,10,0,10,0,9,1,10,0
bc98-2983-907b,3018,10,-87.0,10,0,10,0,9,1,10,0
bc98-2983-907b,3019,10,-86.5,10,0,10,0,9,1,10,0
bc98-2983-907b,3020,10,-85.75,10,0,10,0,9,1,10,0
bc98-2983-907b,3021,10,-87.5,10,0,10,0,9,1,10,0
bc98-2983-907b,3022,10,-85.75,10,0,10,0,9,1,10,0
bc98-2983-907b,3023,10,-87.0,10,0,10,0,9,1,10,0
bc98-2983-907b,3024,10,-87.0,10,0,10,0,9,1,10,0
bc98-2983-907b,3025,10,-85.25,10,0,10,0,9,1,10,0
bc98-2983-907b,3026,10,-89.25,10,0,10,0,9,1,10,0
bc98-2983-907b,3027,10,-88.25,10,0,10,0,9,1,10,0
bc98-2983-907b,3028,10,-87.0,10,0,10,0,9,1,10,0
bc98-2983-907b,3029,10,-86.25,10,0,10,0,9,1,10,0
bc98-2983-907b,3030,10,-86.5,10,0,10,0,9,1,10,0
bc98-2983-907b,3031,10,-86.0,9,1,9,1,9,1,9,1
bc98-2983-907b,3032,10,-85.5,10,0,10,0,9,1,10,0
bc98-2983-907b,3033,10,-88.25,10,0,10,0,9,1,10,0
bc98-2983-907b,3034,10,-86.25,10,0,10,0,9,1,10,0
bc98-2983-907b,3035,10,-88.5,10,0,10,0,9,1,10,0
bc98-2983-907b,3036,10,-87.75,10,0,10,0,9,1,10,0
bc98-2983-907b,3037,10,-88.25,10,0,10,0,9,1,10,0
bc98-2983-907b,3038,10,-86.0,9,1,9,1,9,1,9,1
bc98-2983-907b,3039,10,-88.5,10,0,10,0,9,1,10,0
bc98-2983-907b,3040,10,-85.25,10,0,10,0,9,1,10,0
bc98-2983-907b,3041,10,-85.25,10,0,10,0,9,1,10,0
bc98-2983-907b,3042,10,-85.75,10,0,10,0,9,1,10,0
bc98-2983-907b,3043,10,-88.0,10,0,10,0,9,1,10,0
bc98-2983-907b,3044,10,-85.0,10,0,10,0,9,1,10,0
bc98-2983-907b,3045,10,-86.0,10,0,10,0,9,1,10,0
bc98-2983-907b,3046,10,-86.75,10,0,10,0,9,1,10,0
bc98-2983-907b,3047,10,-85.0,10,0,10,0,9,1,10,0
bc98-2983-907b,3048,10,-86.25,10,0,10,0,9,1,10,0
bc98-2983-907b,3049,10,-88.0,10,0,10,0,9,1,10,0
bc98-2983-907b,3050,10,-87.5,10,0,10,0,9,1,10,0
bc98-2983-907b,3051,10,-86.0,10,0,10,0,9,1,10,0
bc98-2983-907b,3052,10,-86.25,10,0,10,0,9,1,10,0
bc98-2983-907b,3053,10,-86.5,10,0,10,0,9,1,10,0
bc98-2983-907b,3054,10,-87.5,10,0,10,0,9,1,10,0
bc98-2983-907b,3055,10,-86.0,10,0,10,0,9,1,10,0
bc98-2983-907b,3056,10,-86.25,10,0,10,0,9,1,10,0
bc98-2983-907b,3057,10,-85.75,10,0,10,0,9,1,10,0
bc98-2983-907b,3058,10,-85.5,10,0,10,0,9,1,10,0
bc98-2983-907b,3059,10,-87.25,9,1,9,1,9,1,9,1
bc98-2983-907b,3060,10,-89.0,10,0,10,0,9,1,10,0
bc98-2983-907b,3061,10,-87.25,10,0,10,0,9,1,10,0
bc98-2983-907b,3062,10,-85.0,10,0,10,0,9,1,10,0
bc98-2983-907b,3063,10,-87.25,10,0,10,0,9,1,10,0
bc98-2983-907b,3064,10,-86.0,10,0,10,0,9,1,10,0
bc98-2983-907b,3065,10,-87.0,10,0,10,0,9,1,10,0
bc98-2983-907b,3066,10,-86.0,10,0,10,0,9,1,10,0
bc98-2983-907b,3067,10,-87.25,10,0,10,0,9,1,10,0
bc98-2983-907b,3068,10,-86.5,9,1,9,1,9,1,9,1
bc98-2983-907b,3069,10,-85.5,10,0,10,0,9,1,10,0
bc98-2983-907b,3070,9,-89.0,9,0,8,1,8,1,9,0
bc98-2983-907b,3071,9,-85.5,9,0,7,2,7,2,9,0
bc98-2983-907b,3072,9,-88.25,9,0,8,1,7,2,9,0
bc98-2983-907b,3073,9,-86.75,9,0,7,2,7,2,9,0
bc98-2983-907b,3074,9,-85.0,9,0,7,2,7,2,9,0
bc98-2983-907b,3075,9,-91.75,9,0,8,1,8,1,9,0
bc98-2983-907b,3076,9,-86.75,9,0,7,2,7,2,9,0
bc98-2983-907b,3077,9,-87.5,9,0,7,2,7,2,9,0
bc98-2983-907b,3078,9,-90.0,9,0,8,1,8,1,9,0
bc98-2983-907b,3079,9,-87.5,9,0,8,1,7,2,9,0
bc98-2983-907b,3080,9,-85.5,9,0,7,2,7,2,9,0
bc98-2983-907b,3081,9,-87.0,9,0,7,2,7,2,9,0
bc98-2983-907b,3082,9,-85.75,9,0,7,2,7,2,9,0
bc98-2983-907b,3083,9,-91.25,9,0,8,1,8,1,9,0
bc98-2983-907b,3084,9,-88.25,9,0,8,1,7,2,9,0
bc98-2983-907b,3085,9,-88.75,9,0,8,1,8,1,9,0
bc98-2983-907b,3086,9,-86.5,9,0,7,2,7,2,9,0
bc98-2983-907b,3087,9,-88.5,9,0,8,1,8,1,9,0
bc98-2983-907b,3088,9,-86.25,9,0,7,2,7,2,9,0
bc98-2983-907b,3089,8,-89.0,9,1,8,0,8,0,9,1
bc98-2983-907b,3090,9,-85.5,9,0,7,2,7,2,9,0
bc98-2983-907b,3091,9,-86.75,9,0,7,2,7,2,9,0
bc98-2983-907b,3092,9,-87.75,9,0,7,2,7,2,9,0
bc98-2983-907b,3093,9,-88.25,9,0,8,1,7,2,9,0
bc98-2983-907b,3094,9,-86.25,9,0,7,2,7,2,9,0
bc98-2983-907b,3095,9,-85.75,9,0,7,2,7,2,9,0
bc98-2983-907b,3096,9,-87.0,9,0,7,2,7,2,9,0
bc98-2983-907b,3097,9,-87.75,9,0,7,2,7,2,9,0
bc98-2983-907b,3098,9,-88.25,9,0,8,1,7,2,9,0
bc98-2983-907b,3099,9,-89.75,9,0,8,1,8,1,9,0
bc98-2983-907b,3100,9,-88.75,9,0,8,1,8,1,9,0
bc98-2983-907b,3101,9,-89.75,9,0,8,1,8,1,9,0
bc98-2983-907b,3102,8,-84.25,9,1,7,1,7,1,9,1
bc98-2983-907b,3103,8,-87.25,9,1,7,1,7,1,9,1
bc98-2983-907b,3104,9,-84.75,9,0,7,2,7,2,9,0
bc98-2983-907b,3105,9,-87.75,9,0,8,1,7,2,9,0
bc98-2983-907b,3106,9,-87.75,9,0,8,1,7,2,9,0
bc98-2983-907b,3107,9,-90.25,9,0,8,1,8,1,9,0
bc98-2983-907b,3108,9,-88.0,9,0,8,1,7,2,9,0
bc98-2983-907b,3109,8,-88.5,9,1,8,0,7,1,9,1
bc98-2983-907b,3110,9,-88.0,9,0,8,1,7,2,9,0
bc98-2983-907b,3111,9,-89.5,9,0,8,1,8,1,9,0
bc98-2983-907b,3112,9,-88.5,9,0,8,1,8,1,9,0
bc98-2983-907b,3113,9,-89.25,9,0,8,1,8,1,9,0
bc98-2983-907b,3114,9,-88.0,9,0,8,1,7,2,9,0
bc98-2983-907b,3115,9,-87.5,9,0,7,2,7,2,9,0
bc98-2983-907b,3116,8,-87.25,9,1,7,1,7,1,9,1
bc98-2983-907b,3117,8,-88.0,9,1,8,0,7,1,9,1
bc98-2983-907b,3118,9,-84.75,9,0,7,2,7,2,9,0
bc98-2983-907b,3119,8,-87.0,9,1,7,1,7,1,9,1
bc98-2983-907b,3120,8,-85.5,9,1,7,1,7,1,9,1
bc98-2983-907b,3121,9,-89.75,9,0,8,1,8,1,9,0
bc98-2983-907b,3122,9,-88.5,9,0,8,1,8,1,9,0
bc98-2983-907b,3123,8,-83.25,8,0,7,1,7,1,8,0
bc98-2983-907b,3124,6,-92.25,7,1,7,1,7,1,7,1
bc98-2983-907b,3125,6,-93.5,7,1,7,1,7,1,7,1
bc98-2983-907b,3126,6,-92.25,7,1,7,1,7,1,7,1
bc98-2983-907b,3127,6,-92.5,7,1,7,1,7,1,7,1
bc98-2983-907b,3128,6,-93.25,7,1,7,1,7,1,7,1
bc98-2983-907b,3129,6,-91.25,7,1,7,1,7,1,7,1
bc98-2983-907b,3130,6,-91.75,7,1,7,1,7,1,7,1
bc98-2983-907b,3131,6,-92.75,7,1,7,1,7,1,7,1
bc98-2983-907b,3132,6,-92.0,7,1,7,1,7,1,7,1
bc98-2983-907b,3133,6,-93.5,7,1,7,1,7,1,7,1
bc98-2983-907b,3134,7,-93.0,7,0,7,0,7,0,7,0
bc98-2983-907b,3135,7,-93.0,7,0,7,0,7,0,7,0
bc98-2983-907b,3136,6,-93.5,7,1,7,1,7,1,7,1
bc98-2983-907b,3137,6,-92.0,7,1,7,1,7,1,7,1
bc98-2983-907b,3138,6,-93.5,7,1,7,1,7,1,7,1
bc98-2983-907b,3139,6,-91.5,7,1,7,1,7,1,7,1
bc98-2983-907b,3140,6,-93.25,7,1,7,1,7,1,7,1
bc98-2983-907b,3141,6,-92.5,7,1,7,1,7,1,7,1
bc98-2983-907b,3142,6,-93.0,7,1,7,1,7,1,7,1
bc98-2983-907b,3143,6,-92.25,7,1,7,1,7,1,7,1
bc98-2983-907b,3144,6,-92.75,7,1,7,1,7,1,7,1
bc98-2983-907b,3145,6,-92.5,7,1,7,1,7,1,7,1
bc98-2983-907b,3146,6,-93.75,7,1,7,1,7,1,7,1
bc98-2983-907b,3147,6,-93.25,7,1,7,1,7,1,7,1
bc98-2983-907b,3148,6,-92.5,7,1,7,1,7,1,7,1
bc98-2983-907b,3149,6,-94.0,7,1,7,1,7,1,7,1
bc98-2983-907b,3150,6,-93.5,7,1,7,1,7,1,7,1
bc98-2983-907b,3151,6,-92.5,7,1,7,1,7,1,7,1
bc98-2983-907b,3152,6,-92.75,7,1,7,1,7,1,7,1
bc98-2983-907b,3153,6,-93.25,7,1,7,1,7,1,7,1
bc98-2983-907b,3154,6,-93.5,7,1,7,1,7,1,7,1
bc98-2983-907b,3155,6,-93.5,7,1,7,1,7,1,7,1
bc98-2983-907b,3156,6,-93.0,7,1,7,1,7,1,7,1
bc98-2983-907b,3157,6,-92.5,7,1,7,1,7,1,7,1
bc98-2983-907b,3158,7,-92.5,7,0,7,0,7,0,7,0
bc98-2983-907b,3159,6,-91.25,7,1,7,1,7,1,7,1
bc98-2983-907b,3160,6,-93.75,7,1,7,1,7,1,7,1
bc98-2983-907b,3161,6,-92.75,7,1,7,1,7,1,7,1
bc98-2983-907b,3162,7,-92.75,7,0,7,0,7,0,7,0
bc98-2983-907b,3163,7,-91.0,7,0,7,0,7,0,7,0
bc98-2983-907b,3164,7,-91.75,7,0,7,0,7,0,7,0
bc98-2983-907b,3165,7,-91.25,7,0,7,0,7,0,7,0
bc98-2983-907b,3166,7,-92.0,7,0,7,0,7,0,7,0
bc98-2983-907b,3167,6,-92.75,7,1,7,1,7,1,7,1
bc98-2983-907b,3168,7,-91.75,7,0,7,0,7,0,7,0
bc98-2983-907b,3169,7,-92.0,7,0,7,0,7,0,7,0
bc98-2983-907b,3170,7,-92.25,7,0,7,0,7,0,7,0
bc98-2983-907b,3171,7,-92.75,7,0,7,0,7,0,7,0
bc98-2983-907b,3172,7,-92.0,7,0,7,0,7,0,7,0
bc98-2983-907b,3173,7,-92.5,7,0,7,0,7,0,7,0
bc98-2983-907b,3174,7,-92.0,7,0,7,0,7,0,7,0
bc98-2983-907b,3175,7,-93.0,7,0,7,0,7,0,7,0
bc98-2983-907b,3176,7,-92.5,7,0,7,0,7,0,7,0
bc98-2983-907b,3177,6,-91.5,7,1,7,1,7,1,7,1
bc98-2983-907b,3178,7,-92.5,7,0,7,0,7,0,7,0
bc98-2983-907b,3179,6,-93.25,4,2,5,1,4,2,4,2
bc98-2983-907b,3180,6,-92.5,5,1,4,2,4,2,5,1
bc98-2983-907b,3181,6,-91.5,5,1,4,2,4,2,5,1
bc98-2983-907b,3182,6,-93.0,5,1,5,1,4,2,5,1
bc98-2983-907b,3183,6,-92.0,5,1,4,2,4,2,5,1
bc98-2983-907b,3184,6,-92.5,5,1,5,1,4,2,5,1
bc98-2983-907b,3185,6,-92.25,5,1,4,2,4,2,5,1
bc98-2983-907b,3186,6,-92.25,5,1,4,2,4,2,5,1
bc98-2983-907b,3187,6,-93.25,5,1,5,1,4,2,5,1
bc98-2983-907b,3188,6,-92.0,5,1,4,2,4,2,5,1
bc98-2983-907b,3189,6,-93.0,5,1,5,1,4,2,5,1
bc98-2983-907b,3190,6,-92.75,5,1,5,1,4,2,5,1
bc98-2983-907b,3191,6,-92.5,5,1,4,2,4,2,5,1
bc98-2983-907b,3192,6,-93.0,5,1,5,1,4,2,5,1
bc98-2983-907b,3193,6,-92.75,5,1,4,2,4,2,5,1
bc98-2983-907b,3194,6,-93.25,4,2,5,1,4,2,4,2
bc98-2983-907b,3195,6,-92.25,5,1,4,2,4,2,5,1
bc98-2983-907b,3196,6,-93.0,5,1,5,1,4,2,5,1
bc98-2983-907b,3197,6,-92.75,5,1,5,1,4,2,5,1
bc98-2983-907b,3198,6,-92.5,5,1,4,2,4,2,5,1
bc98-2983-907b,3199,6,-92.5,5,1,4,2,4,2,5,1
bc98-2983-907b,3200,6,-92.5,5,1,4,2,4,2,5,1
bc98-2983-907b,3201,6,-93.0,5,1,5,1,4,2,5,1
bc98-2983-907b,3202,6,-92.75,5,1,5,1,4,2,5,1
bc98-2983-907b,3203,6,-93.0,5,1,5,1,4,2,5,1
bc98-2983-907b,3204,6,-92.75,5,1,5,1,4,2,5,1
bc98-2983-907b,3205,6,-93.0,5,1,5,1,4,2,5,1
bc98-2983-907b,3206,6,-93.5,5,1,5,1,4,2,5,1
bc98-2983-907b,3207,6,-92.5,5,1,4,2,4,2,5,1
bc98-2983-907b,3208,6,-93.5,5,1,5,1,4,2,5,1
bc98-2983-907b,3209,6,-92.5,5,1,4,2,4,2,5,1
bc98-2983-907b,3210,6,-92.75,5,1,5,1,4,2,5,1
bc98-2983-907b,3211,6,-92.0,5,1,4,2,4,2,5,1
bc98-2983-907b,3212,6,-92.25,5,1,4,2,4,2,5,1
bc98-2983-907b,3213,6,-92.5,5,1,4,2,4,2,5,1
bc98-2983-907b,3214,6,-92.5,5,1,5,1,4,2,5,1
bc98-2983-907b,3215,6,-93.0,5,1,5,1,4,2,5,1
bc98-2983-907b,3216,6,-91.75,5,1,4,2,4,2,5,1
bc98-2983-907b,3217,6,-92.5,5,1,4,2,4,2,5,1
bc98-2983-907b,3218,6,-93.0,5,1,5,1,4,2,5,1
bc98-2983-907b,3219,6,-92.75,5,1,5,1,4,2,5,1
bc98-2983-907b,3220,6,-93.25,5,1,5,1,4,2,5,1
bc98-2983-907b,3221,6,-92.75,5,1,5,1,4,2,5,1
bc98-2983-907b,3222,6,-93.25,5,1,5,1,4,2,5,1
bc98-2983-907b,3223,6,-91.75,5,1,4,2,4,2,5,1
bc98-2983-907b,3224,6,-93.0,5,1,5,1,4,2,5,1
bc98-2983-907b,3225,6,-92.0,5,1,4,2,4,2,5,1
bc98-2983-907b,3226,6,-92.5,5,1,5,1,4,2,5,1
bc98-2983-907b,3227,6,-92.5,5,1,4,2,4,2,5,1
bc98-2983-907b,3228,6,-92.75,5,1,5,1,4,2,5,1
bc98-2983-907b,3229,6,-92.5,5,1,4,2,4,2,5,1
bc98-2983-907b,3230,6,-93.0,5,1,5,1,4,2,5,1
bc98-2983-907b,3231,6,-92.0,5,1,4,2,4,2,5,1
bc98-2983-907b,3232,6,-93.0,5,1,5,1,4,2,5,1
bc98-2983-907b,3233,5,-94.5,5,0,5,0,4,1,5,0
bc98-2983-907b,3234,5,-94.25,4,1,4,1,4,1,4,1
bc98-2983-907b,3235,5,-95.0,5,0,5,0,5,0,5,0
bc98-2983-907b,3236,5,-95.0,5,0,5,0,5,0,5,0
bc98-2983-907b,3237,5,-94.75,4,1,4,1,4,1,4,1
bc98-2983-907b,3238,5,-94.75,5,0,5,0,6,1,5,0
bc98-2983-907b,3239,5,-94.75,4,1,4,1,4,1,4,1
bc98-2983-907b,3240,5,-93.5,4,1,4,1,4,1,4,1
bc98-2983-907b,3241,5,-94.75,5,0,5,0,5,0,5,0
bc98-2983-907b,3242,5,-94.25,4,1,4,1,4,1,4,1
bc98-2983-907b,3243,5,-94.0,4,1,4,1,4,1,4,1
bc98-2983-907b,3244,5,-94.5,5,0,5,0,5,0,5,0
bc98-2983-907b,3245,5,-93.75,4,1,4,1,4,1,4,1
bc98-2983-907b,3246,5,-94.75,5,0,5,0,5,0,5,0
bc98-2983-907b,3247,5,-94.75,5,0,5,0,6,1,5,0
bc98-2983-907b,3248,5,-93.75,4,1,4,1,4,1,4,1
bc98-2983-907b,3249,5,-94.25,4,1,4,1,4,1,4,1
bc98-2983-907b,3250,5,-93.25,4,1,4,1,3,2,4,1
bc98-2983-907b,3251,5,-94.0,4,1,4,1,4,1,4,1
bc98-2983-907b,3252,5,-94.5,5,0,5,0,6,1,5,0
bc98-2983-907b,3253,5,-94.0,4,1,4,1,4,1,4,1
bc98-2983-907b,3254,5,-94.0,4,1,4,1,4,1,4,1
bc98-2983-907b,3255,5,-94.0,3,2,3,2,3,2,3,2
bc98-2983-907b,3256,5,-94.0,4,1,4,1,4,1,4,1
bc98-2983-907b,3257,3,-94.5,5,2,5,2,6,3,5,2
bc98-2983-907b,3258,4,-95.0,5,1,5,1,6,2,5,1
bc98-2983-907b,3259,4,-92.25,5,1,5,1,5,1,5,1
bc98-2983-907b,3260,4,-95.25,5,1,5,1,5,1,5,1
bc98-2983-907b,3261,5,-94.5,5,0,5,0,6,1,5,0
bc98-2983-907b,3262,5,-94.5,4,1,4,1,4,1,4,1
bc98-2983-907b,3263,5,-93.25,4,1,4,1,3,2,4,1
bc98-2983-907b,3264,5,-94.75,4,1,4,1,4,1,4,1
bc98-2983-907b,3265,5,-94.75,5,0,5,0,6,1,5,0
bc98-2983-907b,3266,5,-94.5,5,0,5,0,6,1,5,0
bc98-2983-907b,3267,5,-94.75,4,1,4,1,4,1,4,1
bc98-2983-907b,3268,5,-94.75,4,1,4,1,4,1,4,1
bc98-2983-907b,3269,5,-94.5,4,1,4,1,4,1,4,1
bc98-2983-907b,3270,3,-94.75,5,2,5,2,5,2,5,2
bc98-2983-907b,3271,3,-94.75,5,2,5,2,5,2,5,2
bc98-2983-907b,3272,4,-95.0,4,0,4,0,4,0,4,0
bc98-2983-907b,3273,4,-80.75,5,1,3,1,2,2,5,1
bc98-2983-907b,3274,4,-93.75,4,0,4,0,4,0,4,0
bc98-2983-907b,3275,4,-95.0,5,1,5,1,5,1,5,1
bc98-2983-907b,3276,4,-95.5,5,1,6,2,6,2,5,1
bc98-2983-907b,3277,4,-93.5,4,0,4,0,4,0,4,0
bc98-2983-907b,3278,4,-94.25,3,1,3,1,3,1,3,1
bc98-2983-907b,3279,4,-94.75,3,1,3,1,3,1,3,1
bc98-2983-907b,3280,4,-93.75,4,0,4,0,4,0,4,0
bc98-2983-907b,3281,4,-94.0,4,0,4,0,4,0,4,0
bc98-2983-907b,3282,5,-94.25,5,0,5,0,6,1,5,0
bc98-2983-907b,3283,4,-94.75,5,1,5,1,6,2,5,1
bc98-2983-907b,3284,4,-94.75,5,1,5,1,5,1,5,1
bc98-2983-907b,3285,4,-94.5,5,1,5,1,5,1,5,1
bc98-2983-907b,3286,4,-95.0,4,0,4,0,4,0,4,0
bc98-2983-907b,3287,4,-94.5,5,1,5,1,5,1,5,1
bc98-2983-907b,3288,4,-94.5,4,0,4,0,4,0,4,0
bc98-2983-907b,3289,4,-94.75,5,1,5,1,5,1,5,1
bc98-2983-907b,3290,4,-94.25,5,1,5,1,5,1,5,1
bc98-2983-907b,3291,4,-94.75,5,1,5,1,5,1,5,1
bc98-2983-907b,3292,5,-92.5,4,1,4,1,4,1,4,1
bc98-2983-907b,3293,5,-92.5,4,1,4,1,4,1,4,1
bc98-2983-907b,3294,5,-94.0,4,1,4,1,4,1,4,1
bc98-2983-907b,3295,5,-93.75,4,1,4,1,4,1,4,1
bc98-2983-907b,3296,3,-91.75,4,1,4,1,3,0,4,1
bc98-2983-907b,3297,4,-93.0,4,0,4,0,4,0,4,0
bc98-2983-907b,3298,4,-93.75,4,0,4,0,4,0,4,0
bc98-2983-907b,3299,4,-92.25,4,0,3,1,3,1,4,0
bc98-2983-907b,3300,5,-94.25,5,0,5,0,5,0,5,0
bc98-2983-907b,3301,5,-92.25,5,0,4,1,4,1,5,0
bc98-2983-907b,3302,5,-94.25,4,1,4,1,4,1,4,1
bc98-2983-907b,3303,5,-92.25,4,1,3,2,3,2,4,1
bc98-2983-907b,3304,5,-93.0,4,1,4,1,3,2,4,1
bc98-2983-907b,3305,5,-92.75,4,1,3,2,3,2,4,1
bc98-2983-907b,3306,5,-93.5,4,1,4,1,3,2,4,1
bc98-2983-907b,3307,3,-91.75,4,1,3,0,3,0,4,1
bc98-2983-907b,3308,3,-90.25,4,1,3,0,2,1,4,1
bc98-2983-907b,3309,4,-93.75,4,0,4,0,4,0,4,0
bc98-2983-907b,3310,4,-94.25,4,0,4,0,4,0,4,0
bc98-2983-907b,3311,5,-94.25,4,1,4,1,4,1,4,1
bc98-2983-907b,3312,4,-91.75,4,0,4,0,3,1,4,0
bc98-2983-907b,3313,4,-93.75,4,0,4,0,4,0,4,0
bc98-2983-907b,3314,4,-92.75,4,0,3,1,3,1,4,0
bc98-2983-907b,3315,4,-92.5,4,0,3,1,3,1,4,0
bc98-2983-907b,3316,4,-94.0,4,0,4,0,4,0,4,0
bc98-2983-907b,3317,4,-93.25,4,0,4,0,3,1,4,0
bc98-2983-907b,3318,4,-92.25,4,0,3,1,3,1,4,0
bc98-2983-907b,3319,4,-94.5,4,0,4,0,4,0,4,0
bc98-2983-907b,3320,4,-93.0,4,0,4,0,4,0,4,0
bc98-2983-907b,3321,4,-94.0,4,0,4,0,4,0,4,0
bc98-2983-907b,3322,4,-92.5,4,0,4,0,4,0,4,0
bc98-2983-907b,3323,5,-94.25,4,1,4,1,4,1,4,1
bc98-2983-907b,3324,5,-92.25,4,1,4,1,4,1,4,1
bc98-2983-907b,3325,5,-92.5,4,1,3,2,3,2,4,1
bc98-2983-907b,3326,5,-93.5,4,1,4,1,4,1,4,1
bc98-2983-907b,3327,5,-92.5,4,1,4,1,4,1,4,1
bc98-2983-907b,3328,3,-93.75,4,1,4,1,4,1,4,1
bc98-2983-907b,3329,4,-95.25,4,0,4,0,4,0,4,0
bc98-2983-907b,3330,4,-94.25,4,0,4,0,4,0,4,0
bc98-2983-907b,3331,4,-94.5,4,0,4,0,4,0,4,0
bc98-2983-907b,3332,5,-93.5,4,1,4,1,4,1,4,1
bc98-2983-907b,3333,5,-92.25,4,1,4,1,4,1,4,1
bc98-2983-907b,3334,5,-93.75,4,1,4,1,4,1,4,1
bc98-2983-907b,3335,5,-94.0,4,1,4,1,3,2,4,1
bc98-2983-907b,3336,5,-91.5,4,1,4,1,3,2,4,1
bc98-2983-907b,3337,5,-91.75,4,1,4,1,3,2,4,1
bc98-2983-907b,3338,5,-93.5,4,1,4,1,4,1,4,1
bc98-2983-907b,3339,5,-92.5,4,1,4,1,4,1,4,1
bc98-2983-907b,3340,5,-91.75,4,1,4,1,3,2,4,1
bc98-2983-907b,3341,5,-92.0,4,1,4,1,4,1,4,1
bc98-2983-907b,3342,5,-94.0,5,0,5,0,5,0,5,0
bc98-2983-907b,3343,5,-94.5,4,1,4,1,4,1,4,1
bc98-2983-907b,3344,5,-93.0,4,1,4,1,4,1,4,1
bc98-2983-907b,3345,5,-93.75,4,1,4,1,3,2,4,1
bc98-2983-907b,3346,5,-92.75,4,1,3,2,3,2,4,1
bc98-2983-907b,3347,5,-93.25,4,1,4,1,4,1,4,1
bc98-2983-907b,3348,5,-92.5,4,1,4,1,4,1,4,1
bc98-2983-907b,3349,5,-92.0,4,1,4,1,4,1,4,1
bc98-2983-907b,3350,5,-93.5,4,1,4,1,4,1,4,1
bc98-2983-907b,3351,5,-92.0,5,0,4,1,4,1,5,0
bc98-2983-907b,3352,5,-92.5,4,1,3,2,3,2,4,1
bc98-2983-907b,3353,5,-92.5,4,1,3,2,3,2,4,1
bc98-2983-907b,3354,5,-92.0,4,1,4,1,4,1,4,1
bc98-2983-907b,3355,5,-94.0,4,1,4,1,4,1,4,1
bc98-2983-907b,3356,5,-93.5,4,1,4,1,4,1,4,1
bc98-2983-907b,3357,5,-92.75,4,1,4,1,4,1,4,1
bc98-2983-907b,3358,5,-93.5,4,1,4,1,4,1,4,1
bc98-2983-907b,3359,5,-93.0,4,1,4,1,4,1,4,1
bc98-2983-907b,3360,5,-92.75,4,1,4,1,4,1,4,1
bc98-2983-907b,3361,4,-94.5,4,0,4,0,4,0,4,0
bc98-2983-907b,3362,4,-94.75,4,0,4,0,4,0,4,0
bc98-2983-907b,3363,5,-93.5,4,1,4,1,4,1,4,1
bc98-2983-907b,3364,3,-94.0,4,1,4,1,4,1,4,1
bc98-2983-907b,3365,4,-94.0,3,1,3,1,3,1,3,1
bc98-2983-907b,3366,4,-93.25,4,0,4,0,3,1,4,0
bc98-2983-907b,3367,5,-93.25,3,2,3,2,3,2,3,2
bc98-2983-907b,3368,4,-94.0,5,1,5,1,5,1,5,1
bc98-2983-907b,3369,4,-94.0,4,0,4,0,4,0,4,0
bc98-2983-907b,3370,5,-93.5,3,2,3,2,3,2,3,2
bc98-2983-907b,3371,4,-93.5,5,1,5,1,4,0,5,1
bc98-2983-907b,3372,4,-93.75,4,0,4,0,4,0,4,0
bc98-2983-907b,3373,4,-94.0,5,1,5,1,5,1,5,1
bc98-2983-907b,3374,5,-92.25,4,1,4,1,3,2,4,1
bc98-2983-907b,3375,5,-93.25,4,1,4,1,3,2,4,1
bc98-2983-907b,3376,5,-94.75,4,1,4,1,4,1,4,1
bc98-2983-907b,3377,5,-95.0,4,1,4,1,4,1,4,1
bc98-2983-907b,3378,3,-94.75,3,0,3,0,3,0,3,0
bc98-2983-907b,3379,4,-93.5,5,1,5,1,4,0,5,1
bc98-2983-907b,3380,4,-94.75,5,1,5,1,5,1,5,1
bc98-2983-907b,3381,4,-93.25,3,1,3,1,3,1,3,1
bc98-2983-907b,3382,4,-94.75,4,0,4,0,4,0,4,0
bc98-2983-907b,3383,4,-92.25,3,1,3,1,3,1,3,1
bc98-2983-907b,3384,5,-94.0,5,0,5,0,5,0,5,0
bc98-2983-907b,3385,5,-93.25,4,1,4,1,3,2,4,1
bc98-2983-907b,3386,5,-93.25,4,1,4,1,3,2,4,1
bc98-2983-907b,3387,4,-94.0,5,1,5,1,5,1,5,1
bc98-2983-907b,3388,4,-93.75,4,0,4,0,4,0,4,0
bc98-2983-907b,3389,5,-94.0,5,0,5,0,5,0,5,0
bc98-2983-907b,3390,4,-94.0,4,0,4,0,4,0,4,0
bc98-2983-907b,3391,4,-94.0,3,1,3,1,3,1,3,1
bc98-2983-907b,3392,4,-93.25,5,1,5,1,4,0,5,1
bc98-2983-907b,3393,4,-93.0,4,0,4,0,3,1,4,0
bc98-2983-907b,3394,4,-94.75,4,0,4,0,4,0,4,0
bc98-2983-907b,3395,4,-93.75,3,1,2,2,2,2,3,1
bc98-2983-907b,3396,4,-93.5,3,1,3,1,3,1,3,1
bc98-2983-907b,3397,4,-93.25,3,1,3,1,3,1,3,1
bc98-2983-907b,3398,4,-92.75,4,0,4,0,3,1,4,0
bc98-2983-907b,3399,4,-94.75,5,1,5,1,5,1,5,1
bc98-2983-907b,3400,4,-93.25,3,1,3,1,3,1,3,1
bc98-2983-907b,3401,4,-92.75,3,1,3,1,3,1,3,1
bc98-2983-907b,3402,4,-93.25,4,0,4,0,4,0,4,0
bc98-2983-907b,3403,4,-93.5,5,1,5,1,4,0,5,1
bc98-2983-907b,3404,4,-94.5,4,0,4,0,4,0,4,0
bc98-2983-907b,3405,4,-93.5,4,0,4,0,4,0,4,0
bc98-2983-907b,3406,4,-92.25,3,1,3,1,3,1,3,1
bc98-2983-907b,3407,4,-94.75,5,1,5,1,5,1,5,1
bc98-2983-907b,3408,4,-93.25,4,0,4,0,3,1,4,0
bc98-2983-907b,3409,4,-94.0,4,0,4,0,4,0,4,0
bc98-2983-907b,3410,4,-94.25,3,1,3,1,3,1,3,1
bc98-2983-907b,3411,4,-93.5,3,1,3,1,3,1,3,1
bc98-2983-907b,3412,4,-92.5,4,0,4,0,3,1,4,0
bc98-2983-907b,3413,4,-94.75,4,0,4,0,4,0,4,0
bc98-2983-907b,3414,4,-94.0,4,0,4,0,4,0,4,0
bc98-2983-907b,3415,4,-94.5,3,1,3,1,3,1,3,1
bc98-2983-907b,3416,4,-93.25,5,1,5,1,4,0,5,1
bc98-2983-907b,3417,4,-93.5,4,0,4,0,3,1,4,0
bc98-2983-907b,3418,4,-92.25,4,0,4,0,3,1,4,0
bc98-2983-907b,3419,4,-93.75,3,1,3,1,3,1,3,1
bc98-2983-907b,3420,4,-93.5,3,1,3,1,3,1,3,1
bc98-2983-907b,3421,4,-94.0,4,0,4,0,4,0,4,0
bc98-2983-907b,3422,4,-94.5,4,0,4,0,4,0,4,0
bc98-2983-907b,3423,3,-93.0,4,1,4,1,3,0,4,1
bc98-2983-907b,3424,3,-93.25,3,0,3,0,3,0,3,0
bc98-2983-907b,3425,4,-93.0,4,0,4,0,3,1,4,0
bc98-2983-907b,3426,4,-95.0,4,0,4,0,4,0,4,0
bc98-2983-907b,3427,4,-94.0,3,1,3,1,3,1,3,1
bc98-2983-907b,3428,4,-93.75,3,1,3,1,3,1,3,1
bc98-2983-907b,3429,4,-94.5,4,0,4,0,4,0,4,0
bc98-2983-907b,3430,4,-94.0,4,0,4,0,4,0,4,0
bc98-2983-907b,3431,4,-95.0,5,1,5,1,5,1,5,1
bc98-2983-907b,3432,4,-93.5,4,0,4,0,3,1,4,0
bc98-2983-907b,3433,4,-94.0,4,0,4,0,4,0,4,0
bc98-2983-907b,3434,4,-93.0,4,0,4,0,3,1,4,0
bc98-2983-907b,3435,4,-94.25,4,0,4,0,4,0,4,0
bc98-2983-907b,3436,4,-95.0,3,1,3,1,3,1,3,1
bc98-2983-907b,3437,4,-94.5,4,0,4,0,4,0,4,0
bc98-2983-907b,3438,5,-94.5,4,1,4,1,4,1,4,1
bc98-2983-907b,3439,5,-94.75,4,1,4,1,4,1,4,1
bc98-2983-907b,3440,3,-95.25,4,1,4,1,4,1,4,1
bc98-2983-907b,3441,4,-94.75,3,1,3,1,3,1,3,1
bc98-2983-907b,3442,4,-95.0,4,0,4,0,4,0,4,0
bc98-2983-907b,3443,4,-94.5,5,1,5,1,5,1,5,1
bc98-2983-907b,3444,4,-94.75,4,0,4,0,4,0,4,0
bc98-2983-907b,3445,5,-94.75,4,1,4,1,4,1,4,1
bc98-2983-907b,3446,5,-94.5,4,1,4,1,4,1,4,1
bc98-2983-907b,3447,5,-95.0,3,2,3,2,3,2,3,2
bc98-2983-907b,3448,5,-94.75,4,1,4,1,4,1,4,1
bc98-2983-907b,3449,5,-94.75,3,2,3,2,3,2,3,2
bc98-2983-907b,3450,5,-94.75,4,1,4,1,4,1,4,1
bc98-2983-907b,3451,5,-94.75,4,1,4,1,4,1,4,1
bc98-2983-907b,3452,5,-95.0,4,1,4,1,4,1,4,1
bc98-2983-907b,3453,5,-94.75,4,1,4,1,4,1,4,1
bc98-2983-907b,3454,5,-95.5,4,1,4,1,4,1,4,1
bc98-2983-907b,3455,5,-95.0,4,1,4,1,4,1,4,1
bc98-2983-907b,3456,5,-95.0,4,1,4,1,4,1,4,1
bc98-2983-907b,3457,3,-95.0,4,1,4,1,4,1,4,1
bc98-2983-907b,3458,4,-94.75,4,0,4,0,4,0,4,0
bc98-2983-907b,3459,4,-95.0,4,0,4,0,4,0,4,0
bc98-2983-907b,3460,4,-95.0,3,1,3,1,3,1,3,1
bc98-2983-907b,3461,4,-95.0,4,0,4,0,4,0,4,0
bc98-2983-907b,3462,4,-95.0,4,0,4,0,4,0,4,0
bc98-2983-907b,3463,5,-95.0,3,2,3,2,3,2,3,2
bc98-2983-907b,3464,5,-95.0,4,1,4,1,4,1,4,1
bc98-2983-907b,3465,3,-94.75,4,1,4,1,4,1,4,1
bc98-2983-907b,3466,4,-94.75,4,0,4,0,4,0,4,0
bc98-2983-907b,3467,4,-95.0,4,0,4,0,4,0,4,0
bc98-2983-907b,3468,4,-95.0,3,1,3,1,3,1,3,1
bc98-2983-907b,3469,5,-94.75,4,1,4,1,4,1,4,1
bc98-2983-907b,3470,5,-95.25,4,1,4,1,4,1,4,1
bc98-2983-907b,3471,5,-95.0,4,1,4,1,4,1,4,1
bc98-2983-907b,3472,5,-94.75,3,2,3,2,3,2,3,2
bc98-2983-907b,3473,3,-94.5,4,1,4,1,4,1,4,1
bc98-2983-907b,3474,4,-94.5,4,0,4,0,4,0,4,0
bc98-2983-907b,3475,4,-94.5,4,0,4,0,4,0,4,0
bc98-2983-907b,3476,4,-95.25,4,0,4,0,4,0,4,0
bc98-2983-907b,3477,4,-94.75,4,0,4,0,4,0,4,0
bc98-2983-907b,3478,4,-95.0,3,1,3,1,3,1,3,1
bc98-2983-907b,3479,4,-94.75,3,1,3,1,3,1,3,1
bc98-2983-907b,3480,4,-95.0,4,0,4,0,4,0,4,0
bc98-2983-907b,3481,4,-95.25,4,0,4,0,4,0,4,0
bc98-2983-907b,3482,4,-95.0,3,1,3,1,3,1,3,1
bc98-2983-907b,3483,4,-94.5,4,0,4,0,4,0,4,0
bc98-2983-907b,3484,5,-95.25,4,1,4,1,4,1,4,1
bc98-2983-907b,3485,5,-95.0,4,1,4,1,4,1,4,1
bc98-2983-907b,3486,5,-94.5,4,1,4,1,4,1,4,1
bc98-2983-907b,3487,5,-94.75,3,2,3,2,3,2,3,2
bc98-2983-907b,3488,5,-95.25,4,1,4,1,4,1,4,1
bc98-2983-907b,3489,5,-94.75,4,1,4,1,4,1,4,1
bc98-2983-907b,3490,5,-94.25,4,1,4,1,4,1,4,1
bc98-2983-907b,3491,5,-94.5,4,1,4,1,4,1,4,1
bc98-2983-907b,3492,5,-94.75,4,1,4,1,4,1,4,1
bc98-2983-907b,3493,5,-95.0,4,1,4,1,4,1,4,1
bc98-2983-907b,3494,5,-94.75,4,1,4,1,4,1,4,1
bc98-2983-907b,3495,3,-94.75,4,1,4,1,4,1,4,1
bc98-2983-907b,3496,3,-95.25,4,1,4,1,4,1,4,1
bc98-2983-907b,3497,4,-94.75,4,0,4,0,4,0,4,0
bc98-2983-907b,3498,4,-94.25,4,0,4,0,4,0,4,0
bc98-2983-907b,3499,5,-94.0,4,1,4,1,4,1,4,1
bc98-2983-907b,3500,5,-94.75,4,1,4,1,4,1,4,1
bc98-2983-907b,3501,5,-95.25,3,2,3,2,3,2,3,2
bc98-2983-907b,3502,5,-93.5,4,1,4,1,3,2,4,1
bc98-2983-907b,3503,2,-94.75,4,2,4,2,4,2,4,2
bc98-2983-907b,3504,2,-94.25,5,3,5,3,4,2,5,3
bc98-2983-907b,3505,2,-94.5,4,2,4,2,4,2,4,2
bc98-2983-907b,3506,2,-95.0,3,1,3,1,3,1,3,1
bc98-2983-907b,3507,2,-94.5,4,2,4,2,4,2,4,2
bc98-2983-907b,3508,2,-94.25,4,2,4,2,4,2,4,2
bc98-2983-907b,3509,2,-93.75,4,2,4,2,3,1,4,2
bc98-2983-907b,3510,2,-94.25,4,2,4,2,4,2,4,2
bc98-2983-907b,3511,2,-94.25,5,3,5,3,5,3,5,3
bc98-2983-907b,3512,2,-94.75,3,1,3,1,3,1,3,1
bc98-2983-907b,3513,3,-93.25,3,0,2,1,2,1,3,0
bc98-2983-907b,3514,3,-94.25,5,2,5,2,4,1,5,2
bc98-2983-907b,3515,3,-94.0,5,2,5,2,4,1,5,2
bc98-2983-907b,3516,2,-95.0,4,2,4,2,4,2,4,2
bc98-2983-907b,3517,2,-93.5,5,3,5,3,4,2,5,3
bc98-2983-907b,3518,2,-94.75,4,2,4,2,4,2,4,2
bc98-2983-907b,3519,2,-94.5,5,3,5,3,5,3,5,3
bc98-2983-907b,3520,2,-94.25,5,3,5,3,5,3,5,3
bc98-2983-907b,3521,3,-94.5,4,1,4,1,4,1,4,1
bc98-2983-907b,3522,3,-95.0,3,0,3,0,3,0,3,0
bc98-2983-907b,3523,3,-95.25,5,2,5,2,5,2,5,2
bc98-2983-907b,3524,3,-94.5,4,1,4,1,4,1,4,1
bc98-2983-907b,3525,3,-94.5,5,2,5,2,4,1,5,2
bc98-2983-907b,3526,3,-94.75,4,1,4,1,4,1,4,1
bc98-2983-907b,3527,3,-94.25,5,2,5,2,5,2,5,2
bc98-2983-907b,3528,3,-94.25,5,2,5,2,5,2,5,2
bc98-2983-907b,3529,3,-94.25,5,2,5,2,5,2,5,2
bc98-2983-907b,3530,3,-94.75,5,2,5,2,5,2,5,2
bc98-2983-907b,3531,2,-94.5,5,3,5,3,5,3,5,3
bc98-2983-907b,3532,2,-94.0,4,2,4,2,4,2,4,2
bc98-2983-907b,3533,2,-94.5,4,2,4,2,4,2,4,2
bc98-2983-907b,3534,2,-94.75,4,2,4,2,4,2,4,2
bc98-2983-907b,3535,3,-92.5,4,1,3,0,3,0,4,1
bc98-2983-907b,3536,4,-95.25,4,0,4,0,4,0,4,0
bc98-2983-907b,3537,4,-95.25,4,0,4,0,4,0,4,0
bc98-2983-907b,3538,4,-94.75,5,1,5,1,5,1,5,1
bc98-2983-907b,3539,4,-94.75,4,0,4,0,4,0,4,0
bc98-2983-907b,3540,4,-94.0,4,0,4,0,4,0,4,0
bc98-2983-907b,3541,4,-94.75,5,1,5,1,5,1,5,1
bc98-2983-907b,3542,4,-95.0,4,0,4,0,4,0,4,0
bc98-2983-907b,3543,4,-95.25,5,1,5,1,5,1,5,1
bc98-2983-907b,3544,4,-94.75,5,1,5,1,5,1,5,1
bc98-2983-907b,3545,4,-95.0,4,0,4,0,4,0,4,0
bc98-2983-907b,3546,4,-95.25,4,0,4,0,4,0,4,0
bc98-2983-907b,3547,4,-95.25,4,0,4,0,4,0,4,0
bc98-2983-907b,3548,4,-94.75,4,0,4,0,4,0,4,0
bc98-2983-907b,3549,3,-94.5,4,1,4,1,4,1,4,1
bc98-2983-907b,3550,3,-94.5,4,1,4,1,4,1,4,1
bc98-2983-907b,3551,3,-94.75,4,1,4,1,4,1,4,1
bc98-2983-907b,3552,3,-94.75,4,1,4,1,4,1,4,1
bc98-2983-907b,3553,4,-94.75,4,0,4,0,4,0,4,0
bc98-2983-907b,3554,4,-95.25,4,0,4,0,4,0,4,0
bc98-2983-907b,3555,4,-95.0,5,1,5,1,5,1,5,1
bc98-2983-907b,3556,4,-95.0,4,0,4,0,4,0,4,0
bc98-2983-907b,3557,3,-94.5,4,1,4,1,4,1,4,1
bc98-2983-907b,3558,3,-94.75,4,1,4,1,4,1,4,1
bc98-2983-907b,3559,4,-94.5,4,0,4,0,4,0,4,0
bc98-2983-907b,3560,4,-94.5,4,0,4,0,4,0,4,0
bc98-2983-907b,3561,4,-94.5,4,0,4,0,4,0,4,0
bc98-2983-907b,3562,4,-95.0,4,0,4,0,4,0,4,0
bc98-2983-907b,3563,4,-94.75,5,1,5,1,5,1,5,1
bc98-2983-907b,3564,4,-95.5,4,0,4,0,4,0,4,0
bc98-2983-907b,3565,4,-94.75,4,0,4,0,4,0,4,0
bc98-2983-907b,3566,4,-94.75,4,0,4,0,4,0,4,0
bc98-2983-907b,3567,4,-95.0,4,0,4,0,4,0,4,0
bc98-2983-907b,3568,4,-95.25,4,0,4,0,4,0,4,0
bc98-2983-907b,3569,4,-95.0,4,0,4,0,4,0,4,0
bc98-2983-907b,3570,4,-83.75,4,0,3,1,2,2,4,0
bc98-2983-907b,3571,4,-95.0,4,0,4,0,4,0,4,0
bc98-2983-907b,3572,4,-95.0,4,0,4,0,4,0,4,0
bc98-2983-907b,3573,4,-94.75,4,0,4,0,4,0,4,0
bc98-2983-907b,3574,4,-94.75,4,0,4,0,4,0,4,0
bc98-2983-907b,3575,4,-95.25,4,0,4,0,4,0,4,0
bc98-2983-907b,3576,4,-95.0,4,0,4,0,4,0,4,0
bc98-2983-907b,3577,4,-95.0,4,0,4,0,4,0,4,0
bc98-2983-907b,3578,4,-94.75,4,0,4,0,4,0,4,0
bc98-2983-907b,3579,4,-94.75,4,0,4,0,4,0,4,0
bc98-2983-907b,3580,4,-94.75,4,0,4,0,4,0,4,0
bc98-2983-907b,3581,4,-94.75,4,0,4,0,4,0,4,0
bc98-2983-907b,3582,4,-95.25,4,0,4,0,4,0,4,0
bc98-2983-907b,3583,4,-95.0,4,0,4,0,4,0,4,0
bc98-2983-907b,3584,4,-95.25,5,1,5,1,5,1,5,1
bc98-2983-907b,3585,4,-95.0,4,0,4,0,4,0,4,0
bc98-2983-907b,3586,4,-94.75,4,0,4,0,4,0,4,0
bc98-2983-907b,3587,4,-94.75,4,0,4,0,4,0,4,0
bc98-2983-907b,3588,4,-95.0,4,0,4,0,4,0,4,0
bc98-2983-907b,3589,4,-95.0,4,0,4,0,4,0,4,0
bc98-2983-907b,3590,4,-94.5,4,0,4,0,4,0,4,0
bc98-2983-907b,3591,4,-95.0,4,0,4,0,4,0,4,0
bc98-2983-907b,3592,4,-95.0,4,0,4,0,4,0,4,0
bc98-2983-907b,3593,4,-94.75,4,0,4,0,4,0,4,0
bc98-2983-907b,3594,4,-94.75,4,0,4,0,4,0,4,0
bc98-2983-907b,3595,4,-95.0,4,0,4,0,4,0,4,0
bc98-2983-907b,3596,4,-94.75,4,0,4,0,4,0,4,0
bc98-2983-907b,3597,4,-94.75,4,0,4,0,4,0,4,0
bc98-2983-907b,3598,4,-95.25,4,0,4,0,4,0,4,0
bc98-2983-907b,3599,4,-95.25,4,0,4,0,4,0,4,0
bc98-2983-907b,3600,4,-94.75,4,0,4,0,4,0,4,0
bc98-2983-907b,3601,2,-94.75,3,1,3,1,3,1,3,1
bc98-2983-907b,3602,2,-94.75,3,1,3,1,3,1,3,1
bc98-2983-907b,3603,2,-95.0,3,1,3,1,3,1,3,1
bc98-2983-907b,3604,2,-95.25,3,1,3,1,3,1,3,1
bc98-2983-907b,3605,2,-95.25,3,1,3,1,3,1,3,1
bc98-2983-907b,3606,2,-96.0,3,1,3,1,3,1,3,1
bc98-2983-907b,3607,2,-95.25,3,1,3,1,3,1,3,1
bc98-2983-907b,3608,2,-95.25,3,1,3,1,3,1,3,1
bc98-2983-907b,3609,2,-95.25,3,1,3,1,3,1,3,1
bc98-2983-907b,3610,2,-94.75,3,1,3,1,3,1,3,1
bc98-2983-907b,3611,2,-95.5,3,1,3,1,3,1,3,1
bc98-2983-907b,3612,2,-94.75,2,0,2,0,2,0,2,0
bc98-2983-907b,3613,2,-94.75,3,1,3,1,3,1,3,1
bc98-2983-907b,3614,2,-94.5,3,1,3,1,3,1,3,1
bc98-2983-907b,3615,2,-95.0,3,1,3,1,3,1,3,1
bc98-2983-907b,3616,2,-95.0,3,1,3,1,3,1,3,1
bc98-2983-907b,3617,2,-95.0,3,1,3,1,3,1,3,1
bc98-2983-907b,3618,2,-95.5,3,1,3,1,3,1,3,1
bc98-2983-907b,3619,2,-95.5,3,1,3,1,3,1,3,1
bc98-2983-907b,3620,2,-95.0,3,1,3,1,3,1,3,1
bc98-2983-907b,3621,2,-95.0,3,1,3,1,3,1,3,1
bc98-2983-907b,3622,2,-95.25,3,1,3,1,3,1,3,1
bc98-2983-907b,3623,2,-94.75,3,1,3,1,3,1,3,1
bc98-2983-907b,3624,2,-95.5,3,1,3,1,3,1,3,1
bc98-2983-907b,3625,2,-95.5,4,2,4,2,4,2,4,2
bc98-2983-907b,3626,2,-94.75,4,2,4,2,4,2,4,2
bc98-2983-907b,3627,2,-95.0,3,1,3,1,3,1,3,1
bc98-2983-907b,3628,2,-94.5,4,2,4,2,4,2,4,2
bc98-2983-907b,3629,2,-95.5,2,0,2,0,2,0,2,0
bc98-2983-907b,3630,2,-95.0,3,1,3,1,3,1,3,1
bc98-2983-907b,3631,2,-95.25,3,1,3,1,3,1,3,1
bc98-2983-907b,3632,2,-95.5,3,1,3,1,3,1,3,1
bc98-2983-907b,3633,2,-95.0,3,1,3,1,3,1,3,1
bc98-2983-907b,3634,2,-94.75,3,1,3,1,3,1,3,1
bc98-2983-907b,3635,2,-94.75,3,1,3,1,3,1,3,1
bc98-2983-907b,3636,2,-95.0,3,1,3,1,3,1,3,1
bc98-2983-907b,3637,2,-95.0,3,1,3,1,3,1,3,1
bc98-2983-907b,3638,2,-95.25,3,1,3,1,3,1,3,1
bc98-2983-907b,3639,2,-94.75,3,1,3,1,3,1,3,1
bc98-2983-907b,3640,2,-95.5,3,1,3,1,3,1,3,1
bc98-2983-907b,3641,2,-95.5,3,1,3,1,3,1,3,1
bc98-2983-907b,3642,2,-95.5,3,1,3,1,3,1,3,1
bc98-2983-907b,3643,2,-95.25,3,1,3,1,3,1,3,1
bc98-2983-907b,3644,2,-95.25,3,1,3,1,3,1,3,1
bc98-2983-907b,3645,2,-95.25,3,1,3,1,3,1,3,1
bc98-2983-907b,3646,2,-95.5,3,1,3,1,4,2,3,1
bc98-2983-907b,3647,2,-95.0,3,1,3,1,3,1,3,1
bc98-2983-907b,3648,2,-95.25,3,1,3,1,3,1,3,1
bc98-2983-907b,3649,2,-95.0,3,1,3,1,3,1,3,1
bc98-2983-907b,3650,2,-94.75,3,1,3,1,3,1,3,1
bc98-2983-907b,3651,2,-95.25,3,1,3,1,3,1,3,1
bc98-2983-907b,3652,2,-95.5,3,1,3,1,3,1,3,1
bc98-2983-907b,3653,2,-95.5,3,1,3,1,3,1,3,1
bc98-2983-907b,3654,2,-95.25,3,1,3,1,3,1,3,1
bc98-2983-907b,3655,2,-95.25,3,1,3,1,3,1,3,1
bc98-2983-907b,3656,2,-95.5,3,1,3,1,3,1,3,1
bc98-2983-907b,3657,2,-94.75,3,1,3,1,3,1,3,1
bc98-2983-907b,3658,2,-95.0,2,0,2,0,2,0,2,0
bc98-2983-907b,3659,2,-95.25,3,1,3,1,3,1,3,1
bc98-2983-907b,3660,2,-95.25,3,1,3,1,3,1,3,1
bc98-2983-907b,3661,2,-95.0,3,1,3,1,3,1,3,1
bc98-2983-907b,3662,2,-95.25,3,1,3,1,3,1,3,1
bc98-2983-907b,3663,2,-95.25,3,1,3,1,3,1,3,1
bc98-2983-907b,3664,2,-95.0,3,1,3,1,3,1,3,1
bc98-2983-907b,3665,2,-95.0,3,1,3,1,3,1,3,1
bc98-2983-907b,3666,2,-95.75,3,1,3,1,3,1,3,1
bc98-2983-907b,3667,2,-95.0,3,1,3,1,3,1,3,1
bc98-2983-907b,3668,2,-94.75,3,1,3,1,3,1,3,1
bc98-2983-907b,3669,2,-95.25,3,1,3,1,3,1,3,1
bc98-2983-907b,3670,2,-95.5,3,1,3,1,3,1,3,1
bc98-2983-907b,3671,2,-95.25,3,1,3,1,3,1,3,1
bc98-2983-907b,3672,2,-95.5,3,1,3,1,4,2,3,1
bc98-2983-907b,3673,2,-95.25,3,1,3,1,3,1,3,1
bc98-2983-907b,3674,2,-94.75,3,1,3,1,3,1,3,1
bc98-2983-907b,3675,2,-94.75,3,1,3,1,3,1,3,1
bc98-2983-907b,3676,2,-94.75,4,2,4,2,4,2,4,2
bc98-2983-907b,3677,2,-84.0,4,2,2,0,2,0,4,2
bc98-2983-907b,3678,2,-94.0,4,2,4,2,4,2,4,2
bc98-2983-907b,3679,2,-94.25,4,2,4,2,4,2,4,2
bc98-2983-907b,3680,2,-94.5,4,2,4,2,4,2,4,2
bc98-2983-907b,3681,2,-94.75,4,2,4,2,4,2,4,2
bc98-2983-907b,3682,2,-94.75,4,2,4,2,4,2,4,2
bc98-2983-907b,3683,2,-94.25,5,3,5,3,4,2,5,3
bc98-2983-907b,3684,2,-94.25,5,3,5,3,5,3,5,3
bc98-2983-907b,3685,2,-93.75,5,3,5,3,5,3,5,3
bc98-2983-907b,3686,2,-94.25,5,3,5,3,5,3,5,3
bc98-2983-907b,3687,2,-94.0,4,2,4,2,4,2,4,2
bc98-2983-907b,3688,2,-94.25,4,2,4,2,4,2,4,2
bc98-2983-907b,3689,2,-94.0,5,3,5,3,5,3,5,3
bc98-2983-907b,3690,2,-94.25,5,3,5,3,5,3,5,3
bc98-2983-907b,3691,2,-93.25,4,2,4,2,3,1,4,2
bc98-2983-907b,3692,2,-94.25,4,2,4,2,4,2,4,2
bc98-2983-907b,3693,2,-68.25,4,2,2,0,1,1,4,2
bc98-2983-907b,3694,2,-94.5,4,2,4,2,4,2,4,2
bc98-2983-907b,3695,2,-94.75,4,2,4,2,4,2,4,2
bc98-2983-907b,3696,2,-94.75,4,2,4,2,4,2,4,2
bc98-2983-907b,3697,2,-94.75,5,3,5,3,5,3,5,3
bc98-2983-907b,3698,2,-95.0,4,2,4,2,4,2,4,2
bc98-2983-907b,3699,2,-95.0,3,1,3,1,3,1,3,1
bc98-2983-907b,3700,2,-94.5,4,2,4,2,4,2,4,2
bc98-2983-907b,3701,2,-94.5,4,2,4,2,4,2,4,2
bc98-2983-907b,3702,2,-94.5,4,2,4,2,4,2,4,2
bc98-2983-907b,3703,2,-95.0,4,2,4,2,4,2,4,2
bc98-2983-907b,3704,2,-93.75,4,2,4,2,4,2,4,2
bc98-2983-907b,3705,2,-94.75,4,2,4,2,4,2,4,2
bc98-2983-907b,3706,2,-94.5,4,2,4,2,4,2,4,2
bc98-2983-907b,3707,2,-93.75,4,2,4,2,4,2,4,2
bc98-2983-907b,3708,2,-94.0,4,2,4,2,4,2,4,2
bc98-2983-907b,3709,2,-94.5,4,2,4,2,4,2,4,2
bc98-2983-907b,3710,2,-94.25,4,2,4,2,4,2,4,2
bc98-2983-907b,3711,2,-95.0,4,2,4,2,4,2,4,2
bc98-2983-907b,3712,2,-94.25,4,2,4,2,4,2,4,2
bc98-2983-907b,3713,2,-94.25,5,3,5,3,5,3,5,3
bc98-2983-907b,3714,2,-95.0,4,2,4,2,4,2,4,2
bc98-2983-907b,3715,2,-94.0,4,2,4,2,4,2,4,2
bc98-2983-907b,3716,2,-94.5,4,2,4,2,4,2,4,2
bc98-2983-907b,3717,2,-94.75,4,2,4,2,4,2,4,2
bc98-2983-907b,3718,2,-95.5,4,2,4,2,4,2,4,2
bc98-2983-907b,3719,2,-93.0,4,2,4,2,4,2,4,2
bc98-2983-907b,3720,2,-94.25,3,1,3,1,3,1,3,1
bc98-2983-907b,3721,2,-94.5,4,2,4,2,4,2,4,2
bc98-2983-907b,3722,2,-94.25,4,2,4,2,4,2,4,2
bc98-2983-907b,3723,2,-93.75,4,2,4,2,4,2,4,2
bc98-2983-907b,3724,2,-94.5,3,1,3,1,3,1,3,1
bc98-2983-907b,3725,2,-94.75,4,2,4,2,4,2,4,2
bc98-2983-907b,3726,2,-94.25,4,2,4,2,4,2,4,2
bc98-2983-907b,3727,2,-94.5,4,2,4,2,4,2,4,2
bc98-2983-907b,3728,2,-94.0,4,2,4,2,4,2,4,2
bc98-2983-907b,3729,2,-94.5,3,1,3,1,3,1,3,1
bc98-2983-907b,3730,2,-94.0,4,2,4,2,4,2,4,2
bc98-2983-907b,3731,2,-95.0,4,2,4,2,4,2,4,2
bc98-2983-907b,3732,2,-94.25,4,2,4,2,4,2,4,2
bc98-2983-907b,3733,2,-94.0,3,1,3,1,3,1,3,1
bc98-2983-907b,3734,2,-94.75,3,1,3,1,3,1,3,1
bc98-2983-907b,3735,2,-94.25,4,2,4,2,4,2,4,2
bc98-2983-907b,3736,2,-94.25,3,1,3,1,3,1,3,1
bc98-2983-907b,3737,2,-94.75,3,1,3,1,3,1,3,1
bc98-2983-907b,3738,2,-94.5,4,2,4,2,4,2,4,2
bc98-2983-907b,3739,2,-94.5,4,2,4,2,4,2,4,2
bc98-2983-907b,3740,2,-94.0,4,2,4,2,4,2,4,2
bc98-2983-907b,3741,2,-94.75,3,1,3,1,3,1,3,1
bc98-2983-907b,3742,2,-94.25,3,1,2,0,2,0,3,1
bc98-2983-907b,3743,2,-94.75,3,1,3,1,3,1,3,1
bc98-2983-907b,3744,2,-95.0,3,1,3,1,3,1,3,1
bc98-2983-907b,3745,2,-95.0,3,1,3,1,3,1,3,1
bc98-2983-907b,3746,2,-94.25,3,1,2,0,3,1,3,1
bc98-2983-907b,3747,2,-94.5,3,1,3,1,3,1,3,1
bc98-2983-907b,3748,2,-94.0,3,1,3,1,3,1,3,1
bc98-2983-907b,3749,2,-94.25,3,1,2,0,2,0,3,1
bc98-2983-907b,3750,2,-94.5,3,1,3,1,3,1,3,1
bc98-2983-907b,3751,2,-94.75,3,1,3,1,3,1,3,1
bc98-2983-907b,3752,2,-94.5,3,1,3,1,3,1,3,1
bc98-2983-907b,3753,2,-94.75,3,1,3,1,3,1,3,1
bc98-2983-907b,3754,2,-94.5,3,1,3,1,3,1,3,1
bc98-2983-907b,3755,2,-94.75,3,1,3,1,3,1,3,1
bc98-2983-907b,3756,2,-94.75,2,0,2,0,2,0,2,0
bc98-2983-907b,3757,2,-94.75,3,1,3,1,3,1,3,1
bc98-2983-907b,3758,2,-94.75,3,1,3,1,3,1,3,1
bc98-2983-907b,3759,2,-94.5,3,1,3,1,3,1,3,1
bc98-2983-907b,3760,2,-95.25,3,1,3,1,3,1,3,1
bc98-2983-907b,3761,2,-94.5,3,1,3,1,3,1,3,1
bc98-2983-907b,3762,2,-94.5,3,1,3,1,3,1,3,1
bc98-2983-907b,3763,2,-94.5,3,1,3,1,3,1,3,1
bc98-2983-907b,3764,2,-94.75,3,1,3,1,3,1,3,1
bc98-2983-907b,3765,2,-95.0,3,1,3,1,3,1,3,1
bc98-2983-907b,3766,2,-94.25,3,1,3,1,3,1,3,1
bc98-2983-907b,3767,2,-94.25,2,0,2,0,2,0,2,0
bc98-2983-907b,3768,2,-94.5,2,0,2,0,2,0,2,0
bc98-2983-907b,3769,2,-95.25,3,1,3,1,3,1,3,1
bc98-2983-907b,3770,2,-94.25,3,1,2,0,3,1,3,1
bc98-2983-907b,3771,2,-94.25,3,1,3,1,3,1,3,1
bc98-2983-907b,3772,2,-94.25,3,1,3,1,3,1,3,1
bc98-2983-907b,3773,2,-94.5,3,1,3,1,3,1,3,1
bc98-2983-907b,3774,2,-95.0,3,1,3,1,3,1,3,1
bc98-2983-907b,3775,2,-95.0,3,1,3,1,3,1,3,1
bc98-2983-907b,3776,2,-94.5,3,1,3,1,3,1,3,1
bc98-2983-907b,3777,2,-93.75,3,1,2,0,2,0,3,1
bc98-2983-907b,3778,2,-94.5,3,1,3,1,3,1,3,1
bc98-2983-907b,3779,2,-94.75,3,1,3,1,3,1,3,1
bc98-2983-907b,3780,2,-94.5,3,1,3,1,3,1,3,1
bc98-2983-907b,3781,2,-71.75,3,1,1,1,1,1,3,1
bc98-2983-907b,3782,2,-94.75,3,1,3,1,3,1,3,1
bc98-2983-907b,3783,2,-94.25,3,1,3,1,3,1,3,1
bc98-2983-907b,3784,2,-94.25,3,1,2,0,3,1,3,1
bc98-2983-907b,3785,2,-94.5,3,1,3,1,3,1,3,1
bc98-2983-907b,3786,2,-94.5,3,1,3,1,3,1,3,1
bc98-2983-907b,3787,2,-94.25,3,1,2,0,3,1,3,1
bc98-2983-907b,3788,2,-94.5,3,1,3,1,3,1,3,1
bc98-2983-907b,3789,2,-94.75,3,1,3,1,3,1,3,1
bc98-2983-907b,3790,2,-94.5,3,1,3,1,3,1,3,1
bc98-2983-907b,3791,2,-94.5,3,1,3,1,3,1,3,1
bc98-2983-907b,3792,2,-94.5,3,1,3,1,3,1,3,1
bc98-2983-907b,3793,2,-94.5,2,0,2,0,2,0,2,0
bc98-2983-907b,3794,2,-94.25,3,1,3,1,3,1,3,1
bc98-2983-907b,3795,2,-93.5,3,1,2,0,2,0,3,1
bc98-2983-907b,3796,2,-95.0,3,1,3,1,3,1,3,1
bc98-2983-907b,3797,2,-94.5,3,1,3,1,3,1,3,1
bc98-2983-907b,3798,2,-94.75,3,1,3,1,3,1,3,1
bc98-2983-907b,3799,2,-94.25,3,1,3,1,3,1,3,1
bc98-2983-907b,3800,2,-94.75,3,1,3,1,3,1,3,1
bc98-2983-907b,3801,2,-95.0,3,1,3,1,3,1,3,1
bc98-2983-907b,3802,2,-94.25,3,1,3,1,3,1,3,1
bc98-2983-907b,3803,2,-95.0,3,1,3,1,3,1,3,1
bc98-2983-907b,3804,2,-94.5,2,0,2,0,2,0,2,0
bc98-2983-907b,3805,2,-94.75,3,1,3,1,3,1,3,1
bc98-2983-907b,3806,2,-95.0,2,0,2,0,2,0,2,0
bc98-2983-907b,3807,2,-94.5,3,1,3,1,3,1,3,1
bc98-2983-907b,3808,2,-94.5,2,0,2,0,2,0,2,0
bc98-2983-907b,3809,2,-94.5,2,0,2,0,2,0,2,0
bc98-2983-907b,3810,2,-94.75,2,0,2,0,2,0,2,0
bc98-2983-907b,3811,2,-95.5,2,0,2,0,2,0,2,0
bc98-2983-907b,3812,2,-94.75,2,0,2,0,2,0,2,0
bc98-2983-907b,3813,2,-94.75,2,0,2,0,2,0,2,0
bc98-2983-907b,3814,2,-95.5,2,0,2,0,2,0,2,0
bc98-2983-907b,3815,2,-94.75,2,0,2,0,2,0,2,0
bc98-2983-907b,3816,2,-94.5,5,3,5,3,5,3,5,3
bc98-2983-907b,3817,2,-95.25,2,0,2,0,2,0,2,0
bc98-2983-907b,3818,2,-95.25,2,0,2,0,2,0,2,0
bc98-2983-907b,3819,2,-94.0,2,0,2,0,2,0,2,0
bc98-2983-907b,3820,2,-95.25,2,0,2,0,2,0,2,0
bc98-2983-907b,3821,2,-95.0,2,0,2,0,2,0,2,0
bc98-2983-907b,3822,2,-93.75,3,1,2,0,2,0,3,1
bc98-2983-907b,3823,2,-94.75,2,0,2,0,2,0,2,0
bc98-2983-907b,3824,2,-94.5,2,0,2,0,2,0,2,0
bc98-2983-907b,3825,2,-94.75,2,0,2,0,2,0,2,0
bc98-2983-907b,3826,2,-94.75,2,0,2,0,2,0,2,0
bc98-2983-907b,3827,2,-95.25,2,0,2,0,2,0,2,0
bc98-2983-907b,3828,2,-94.5,2,0,2,0,2,0,2,0
bc98-2983-907b,3829,2,-94.75,2,0,2,0,2,0,2,0
bc98-2983-907b,3830,2,-94.75,2,0,2,0,2,0,2,0
bc98-2983-907b,3831,2,-95.25,2,0,2,0,2,0,2,0
bc98-2983-907b,3832,2,-94.75,2,0,2,0,2,0,2,0
bc98-2983-907b,3833,2,-94.25,2,0,2,0,2,0,2,0
bc98-2983-907b,3834,2,-94.5,2,0,2,0,2,0,2,0
bc98-2983-907b,3835,2,-94.75,2,0,2,0,2,0,2,0
bc98-2983-907b,3836,2,-95.25,2,0,2,0,2,0,2,0
bc98-2983-907b,3837,2,-94.75,2,0,2,0,2,0,2,0
bc98-2983-907b,3838,2,-95.75,2,0,2,0,2,0,2,0
bc98-2983-907b,3839,2,-94.5,2,0,2,0,2,0,2,0
bc98-2983-907b,3840,2,-95.0,2,0,2,0,2,0,2,0
bc98-2983-907b,3841,2,-95.0,2,0,2,0,2,0,2,0
bc98-2983-907b,3842,2,-93.75,2,0,2,0,2,0,2,0
bc98-2983-907b,3843,2,-94.75,2,0,2,0,2,0,2,0
bc98-2983-907b,3844,2,-94.75,2,0,2,0,2,0,2,0
bc98-2983-907b,3845,2,-94.75,2,0,2,0,2,0,2,0
bc98-2983-907b,3846,2,-94.25,2,0,2,0,2,0,2,0
bc98-2983-907b,3847,2,-90.0,3,1,2,0,2,0,3,1
bc98-2983-907b,3848,2,-94.75,2,0,2,0,2,0,2,0
bc98-2983-907b,3849,2,-94.5,2,0,2,0,2,0,2,0
bc98-2983-907b,3850,2,-93.75,2,0,2,0,2,0,2,0
bc98-2983-907b,3851,2,-94.25,2,0,2,0,2,0,2,0
bc98-2983-907b,3852,2,-95.25,2,0,2,0,2,0,2,0
bc98-2983-907b,3853,2,-94.0,2,0,2,0,2,0,2,0
bc98-2983-907b,3854,2,-94.75,2,0,2,0,2,0,2,0
bc98-2983-907b,3855,2,-94.75,2,0,2,0,2,0,2,0
bc98-2983-907b,3856,2,-94.0,2,0,2,0,2,0,2,0
bc98-2983-907b,3857,2,-95.0,2,0,2,0,2,0,2,0
bc98-2983-907b,3858,2,-94.75,2,0,2,0,2,0,2,0
bc98-2983-907b,3859,2,-94.5,2,0,2,0,2,0,2,0
bc98-2983-907b,3860,2,-94.5,2,0,2,0,2,0,2,0
bc98-2983-907b,3861,2,-94.5,2,0,2,0,2,0,2,0
bc98-2983-907b,3862,2,-95.5,2,0,2,0,2,0,2,0
bc98-2983-907b,3863,2,-95.25,2,0,2,0,2,0,2,0
bc98-2983-907b,3864,2,-95.0,2,0,2,0,2,0,2,0
bc98-2983-907b,3865,2,-94.75,2,0,2,0,2,0,2,0
bc98-2983-907b,3866,2,-94.5,2,0,2,0,2,0,2,0
bc98-2983-907b,3867,2,-94.5,2,0,2,0,2,0,2,0
bc98-2983-907b,3868,2,-95.25,2,0,2,0,2,0,2,0
bc98-2983-907b,3869,2,-95.5,2,0,2,0,2,0,2,0
bc98-2983-907b,3870,2,-94.75,2,0,2,0,2,0,2,0
bc98-2983-907b,3871,2,-94.75,2,0,2,0,2,0,2,0
bc98-2983-907b,3872,2,-94.0,2,0,2,0,2,0,2,0
bc98-2983-907b,3873,6,-93.5,4,2,4,2,3,3,4,2
bc98-2983-907b,3874,5,-91.75,4,1,4,1,4,1,4,1
bc98-2983-907b,3875,5,-91.25,5,0,4,1,4,1,5,0
bc98-2983-907b,3876,6,-90.75,5,1,4,2,4,2,5,1
bc98-2983-907b,3877,6,-91.75,4,2,4,2,4,2,4,2
bc98-2983-907b,3878,6,-91.0,5,1,4,2,4,2,5,1
bc98-2983-907b,3879,5,-93.0,4,1,5,0,4,1,4,1
bc98-2983-907b,3880,5,-92.75,5,0,4,1,4,1,5,0
bc98-2983-907b,3881,5,-90.25,4,1,4,1,3,2,4,1
bc98-2983-907b,3882,5,-91.25,4,1,4,1,4,1,4,1
bc98-2983-907b,3883,5,-93.25,4,1,4,1,4,1,4,1
bc98-2983-907b,3884,5,-93.5,4,1,5,0,4,1,4,1
bc98-2983-907b,3885,5,-91.5,4,1,4,1,3,2,4,1
bc98-2983-907b,3886,6,-93.5,5,1,5,1,4,2,5,1
bc98-2983-907b,3887,5,-93.5,4,1,5,0,4,1,4,1
bc98-2983-907b,3888,5,-91.5,5,0,4,1,4,1,5,0
bc98-2983-907b,3889,5,-91.5,4,1,4,1,3,2,4,1
bc98-2983-907b,3890,5,-91.75,5,0,4,1,4,1,5,0
bc98-2983-907b,3891,5,-89.75,5,0,4,1,3,2,5,0
bc98-2983-907b,3892,5,-92.75,4,1,4,1,4,1,4,1
bc98-2983-907b,3893,5,-93.25,5,0,5,0,4,1,5,0
bc98-2983-907b,3894,5,-93.5,5,0,5,0,4,1,5,0
bc98-2983-907b,3895,5,-93.25,4,1,5,0,4,1,4,1
bc98-2983-907b,3896,5,-92.25,5,0,4,1,4,1,5,0
bc98-2983-907b,3897,5,-91.75,4,1,4,1,4,1,4,1
bc98-2983-907b,3898,6,-92.75,4,2,5,1,4,2,4,2
bc98-2983-907b,3899,5,-93.75,4,1,5,0,4,1,4,1
bc98-2983-907b,3900,6,-93.0,4,2,5,1,4,2,4,2
bc98-2983-907b,3901,5,-91.0,4,1,4,1,4,1,4,1
bc98-2983-907b,3902,6,-93.5,5,1,5,1,5,1,5,1
bc98-2983-907b,3903,6,-93.0,5,1,5,1,4,2,5,1
bc98-2983-907b,3904,6,-92.25,5,1,5,1,4,2,5,1
bc98-2983-907b,3905,6,-92.25,4,2,4,2,4,2,4,2
bc98-2983-907b,3906,4,-90.5,5,1,4,0,4,0,5,1
bc98-2983-907b,3907,5,-90.5,5,0,4,1,4,1,5,0
bc98-2983-907b,3908,5,-91.0,4,1,4,1,4,1,4,1
bc98-2983-907b,3909,5,-91.25,5,0,4,1,4,1,5,0
bc98-2983-907b,3910,5,-92.0,5,0,5,0,4,1,5,0
bc98-2983-907b,3911,6,-91.0,4,2,4,2,4,2,4,2
bc98-2983-907b,3912,6,-91.0,5,1,4,2,4,2,5,1
bc98-2983-907b,3913,6,-91.75,5,1,5,1,4,2,5,1
bc98-2983-907b,3914,6,-90.5,5,1,4,2,4,2,5,1
bc98-2983-907b,3915,6,-89.25,5,1,4,2,3,3,5,1
bc98-2983-907b,3916,6,-90.75,5,1,4,2,4,2,5,1
bc98-2983-907b,3917,6,-91.0,5,1,5,1,4,2,5,1
bc98-2983-907b,3918,6,-90.75,5,1,4,2,4,2,5,1
bc98-2983-907b,3919,6,-92.75,5,1,5,1,5,1,5,1
bc98-2983-907b,3920,6,-92.25,5,1,4,2,4,2,5,1
bc98-2983-907b,3921,6,-89.75,5,1,4,2,3,3,5,1
bc98-2983-907b,3922,6,-93.25,5,1,5,1,4,2,5,1
bc98-2983-907b,3923,6,-92.5,5,1,4,2,4,2,5,1
bc98-2983-907b,3924,6,-92.25,5,1,4,2,4,2,5,1
bc98-2983-907b,3925,4,-92.5,5,1,4,0,4,0,5,1
bc98-2983-907b,3926,5,-91.0,5,0,4,1,4,1,5,0
bc98-2983-907b,3927,6,-92.0,4,2,4,2,4,2,4,2
bc98-2983-907b,3928,6,-90.25,5,1,4,2,4,2,5,1
bc98-2983-907b,3929,5,-91.0,4,1,4,1,3,2,4,1
bc98-2983-907b,3930,5,-91.75,5,0,4,1,4,1,5,0
bc98-2983-907b,3931,6,-89.5,4,2,4,2,3,3,4,2
bc98-2983-907b,3932,5,-91.0,5,0,4,1,4,1,5,0
bc98-2983-907b,3933,5,-91.5,5,0,4,1,4,1,5,0
bc98-2983-907b,3934,5,-91.25,4,1,4,1,4,1,4,1
bc98-2983-907b,3935,5,-90.0,5,0,4,1,4,1,5,0
bc98-2983-907b,3936,5,-91.25,4,1,4,1,4,1,4,1
bc98-2983-907b,3937,5,-91.5,4,1,4,1,4,1,4,1
bc98-2983-907b,3938,5,-78.25,7,2,5,0,3,2,7,2
bc98-2983-907b,3939,6,-88.25,7,1,7,1,6,0,7,1
bc98-2983-907b,3940,6,-91.5,4,2,4,2,4,2,4,2
bc98-2983-907b,3941,4,-92.75,4,0,4,0,4,0,4,0
bc98-2983-907b,3942,8,-86.75,7,1,7,1,7,1,7,1
bc98-2983-907b,3943,7,-87.25,7,0,7,0,7,0,7,0
bc98-2983-907b,3944,7,-87.5,7,0,7,0,7,0,7,0
bc98-2983-907b,3945,8,-86.75,7,1,7,1,7,1,7,1
bc98-2983-907b,3946,8,-87.25,7,1,7,1,7,1,7,1
bc98-2983-907b,3947,8,-85.0,7,1,7,1,6,2,7,1
bc98-2983-907b,3948,8,-86.5,7,1,7,1,7,1,7,1
bc98-2983-907b,3949,8,-85.75,7,1,7,1,7,1,7,1
bc98-2983-907b,3950,8,-85.5,7,1,7,1,7,1,7,1
bc98-2983-907b,3951,8,-85.75,7,1,7,1,7,1,7,1
bc98-2983-907b,3952,8,-85.5,7,1,7,1,7,1,7,1
bc98-2983-907b,3953,8,-86.0,7,1,7,1,7,1,7,1
bc98-2983-907b,3954,8,-85.75,7,1,7,1,7,1,7,1
bc98-2983-907b,3955,8,-87.75,7,1,7,1,7,1,7,1
bc98-2983-907b,3956,8,-86.0,7,1,7,1,7,1,7,1
bc98-2983-907b,3957,8,-85.5,7,1,7,1,7,1,7,1
bc98-2983-907b,3958,8,-86.5,7,1,7,1,7,1,7,1
bc98-2983-907b,3959,8,-86.5,7,1,7,1,7,1,7,1
bc98-2983-907b,3960,8,-85.75,7,1,7,1,7,1,7,1
bc98-2983-907b,3961,7,-84.75,7,0,7,0,6,1,7,0
bc98-2983-907b,3962,8,-86.5,7,1,7,1,7,1,7,1
bc98-2983-907b,3963,7,-85.75,7,0,7,0,7,0,7,0
bc98-2983-907b,3964,8,-85.75,7,1,7,1,7,1,7,1
bc98-2983-907b,3965,8,-86.75,7,1,7,1,7,1,7,1
bc98-2983-907b,3966,8,-85.25,7,1,7,1,7,1,7,1
bc98-2983-907b,3967,8,-85.25,7,1,7,1,6,2,7,1
bc98-2983-907b,3968,8,-85.75,7,1,7,1,7,1,7,1
bc98-2983-907b,3969,8,-84.75,7,1,7,1,6,2,7,1
bc98-2983-907b,3970,7,-85.5,7,0,7,0,6,1,7,0
bc98-2983-907b,3971,8,-86.0,7,1,7,1,7,1,7,1
bc98-2983-907b,3972,8,-86.0,7,1,7,1,7,1,7,1
bc98-2983-907b,3973,7,-85.75,7,0,7,0,7,0,7,0
bc98-2983-907b,3974,8,-85.25,7,1,7,1,6,2,7,1
bc98-2983-907b,3975,7,-85.5,7,0,7,0,7,0,7,0
bc98-2983-907b,3976,8,-85.0,7,1,7,1,6,2,7,1
bc98-2983-907b,3977,8,-85.25,7,1,7,1,6,2,7,1
bc98-2983-907b,3978,8,-86.5,7,1,7,1,7,1,7,1
bc98-2983-907b,3979,8,-86.0,7,1,7,1,7,1,7,1
bc98-2983-907b,3980,8,-86.5,7,1,7,1,7,1,7,1
bc98-2983-907b,3981,8,-84.75,7,1,7,1,6,2,7,1
bc98-2983-907b,3982,8,-86.75,7,1,7,1,7,1,7,1
bc98-2983-907b,3983,8,-86.5,7,1,7,1,7,1,7,1
bc98-2983-907b,3984,8,-85.0,7,1,7,1,6,2,7,1
bc98-2983-907b,3985,8,-87.5,7,1,7,1,7,1,7,1
bc98-2983-907b,3986,8,-84.75,7,1,7,1,6,2,7,1
bc98-2983-907b,3987,8,-86.0,7,1,7,1,7,1,7,1
bc98-2983-907b,3988,8,-87.0,7,1,7,1,7,1,7,1
bc98-2983-907b,3989,8,-86.25,7,1,7,1,7,1,7,1
bc98-2983-907b,3990,8,-87.5,7,1,7,1,7,1,7,1
bc98-2983-907b,3991,8,-86.5,7,1,7,1,7,1,7,1
bc98-2983-907b,3992,7,-86.75,7,0,7,0,7,0,7,0
bc98-2983-907b,3993,8,-85.75,7,1,7,1,7,1,7,1
bc98-2983-907b,3994,8,-85.75,7,1,7,1,7,1,7,1
bc98-2983-907b,3995,8,-85.75,7,1,7,1,7,1,7,1
bc98-2983-907b,3996,8,-85.5,7,1,7,1,7,1,7,1
bc98-2983-907b,3997,8,-84.25,7,1,7,1,6,2,7,1
bc98-2983-907b,3998,8,-86.0,7,1,7,1,7,1,7,1
bc98-2983-907b,3999,7,-86.5,7,0,7,0,7,0,7,0
bc98-2983-907b,4000,7,-86.75,7,0,7,0,7,0,7,0
bc98-2983-907b,4001,7,-86.75,7,0,7,0,7,0,7,0
bc98-2983-907b,4002,7,-86.0,7,0,7,0,7,0,7,0
bc98-2983-907b,4003,8,-85.5,7,1,7,1,6,2,7,1
bc98-2983-907b,4004,8,-85.75,7,1,7,1,7,1,7,1
bc98-2983-907b,4005,8,-85.25,7,1,7,1,6,2,7,1
bc98-2983-907b,4006,8,-86.25,7,1,7,1,7,1,7,1
bc98-2983-907b,4007,7,-84.5,7,0,7,0,6,1,7,0
bc98-2983-907b,4008,7,-87.75,7,0,7,0,7,0,7,0
bc98-2983-907b,4009,7,-86.25,7,0,7,0,7,0,7,0
bc98-2983-907b,4010,8,-87.25,7,1,7,1,7,1,7,1
bc98-2983-907b,4011,8,-85.5,7,1,7,1,6,2,7,1
bc98-2983-907b,4012,7,-86.75,7,0,7,0,7,0,7,0
bc98-2983-907b,4013,8,-86.25,7,1,7,1,7,1,7,1
bc98-2983-907b,4014,7,-84.5,7,0,7,0,6,1,7,0
bc98-2983-907b,4015,7,-86.5,7,0,7,0,7,0,7,0
bc98-2983-907b,4016,7,-87.75,7,0,7,0,7,0,7,0
bc98-2983-907b,4017,7,-86.75,7,0,7,0,7,0,7,0
bc98-2983-907b,4018,8,-85.0,7,1,7,1,6,2,7,1
bc98-2983-907b,4019,8,-86.75,7,1,7,1,7,1,7,1
bc98-2983-907b,4020,8,-86.25,7,1,7,1,7,1,7,1
bc98-2983-907b,4021,7,-88.25,7,0,7,0,7,0,7,0
bc98-2983-907b,4022,8,-86.75,7,1,7,1,7,1,7,1
bc98-2983-907b,4023,8,-86.25,7,1,7,1,7,1,7,1
bc98-2983-907b,4024,8,-86.75,7,1,7,1,7,1,7,1
bc98-2983-907b,4025,7,-86.25,7,0,7,0,7,0,7,0
bc98-2983-907b,4026,8,-86.75,7,1,7,1,7,1,7,1
bc98-2983-907b,4027,7,-84.75,7,0,7,0,6,1,7,0
bc98-2983-907b,4028,8,-84.75,7,1,7,1,6,2,7,1
bc98-2983-907b,4029,8,-88.0,7,1,7,1,7,1,7,1
bc98-2983-907b,4030,7,-86.5,7,0,7,0,7,0,7,0
bc98-2983-907b,4031,7,-85.5,7,0,7,0,6,1,7,0
bc98-2983-907b,4032,7,-84.75,7,0,7,0,6,1,7,0
bc98-2983-907b,4033,7,-86.5,7,0,7,0,7,0,7,0
bc98-2983-907b,4034,8,-85.75,7,1,7,1,7,1,7,1
bc98-2983-907b,4035,8,-85.75,7,1,7,1,7,1,7,1
bc98-2983-907b,4036,7,-84.75,7,0,7,0,6,1,7,0
bc98-2983-907b,4037,8,-84.25,7,1,7,1,6,2,7,1
bc98-2983-907b,4038,7,-85.5,7,0,7,0,6,1,7,0
bc98-2983-907b,4039,8,-86.0,7,1,7,1,7,1,7,1
bc98-2983-907b,4040,8,-85.75,7,1,7,1,7,1,7,1
bc98-2983-907b,4041,7,-86.75,7,0,7,0,7,0,7,0
bc98-2983-907b,4042,8,-86.5,7,1,7,1,7,1,7,1
bc98-2983-907b,4043,8,-86.5,7,1,7,1,7,1,7,1
bc98-2983-907b,4044,8,-86.25,7,1,7,1,7,1,7,1
bc98-2983-907b,4045,8,-84.75,7,1,7,1,6,2,7,1
bc98-2983-907b,4046,8,-85.75,7,1,7,1,7,1,7,1
bc98-2983-907b,4047,8,-86.75,7,1,7,1,7,1,7,1
bc98-2983-907b,4048,8,-85.5,7,1,7,1,7,1,7,1
bc98-2983-907b,4049,8,-87.0,7,1,7,1,7,1,7,1
bc98-2983-907b,4050,8,-85.5,7,1,7,1,6,2,7,1
bc98-2983-907b,4051,8,-73.5,7,1,5,3,2,6,7,1
bc98-2983-907b,4052,8,-84.5,7,1,7,1,6,2,7,1
bc98-2983-907b,4053,7,-92.75,7,0,7,0,7,0,7,0
bc98-2983-907b,4054,7,-91.75,7,0,7,0,7,0,7,0
bc98-2983-907b,4055,7,-92.5,7,0,7,0,7,0,7,0
bc98-2983-907b,4056,7,-92.25,7,0,7,0,7,0,7,0
bc98-2983-907b,4057,7,-92.75,7,0,7,0,7,0,7,0
bc98-2983-907b,4058,7,-92.25,7,0,7,0,7,0,7,0
bc98-2983-907b,4059,7,-92.75,7,0,7,0,7,0,7,0
bc98-2983-907b,4060,7,-92.75,7,0,7,0,7,0,7,0
bc98-2983-907b,4061,7,-93.0,7,0,7,0,7,0,7,0
bc98-2983-907b,4062,7,-92.0,7,0,7,0,7,0,7,0
bc98-2983-907b,4063,7,-92.75,7,0,7,0,7,0,7,0
bc98-2983-907b,4064,7,-93.25,7,0,7,0,7,0,7,0
bc98-2983-907b,4065,7,-93.25,7,0,7,0,7,0,7,0
bc98-2983-907b,4066,7,-92.25,7,0,7,0,7,0,7,0
bc98-2983-907b,4067,7,-93.25,7,0,7,0,7,0,7,0
bc98-2983-907b,4068,7,-92.25,7,0,7,0,7,0,7,0
bc98-2983-907b,4069,7,-92.5,7,0,7,0,7,0,7,0
bc98-2983-907b,4070,7,-92.0,7,0,7,0,7,0,7,0
bc98-2983-907b,4071,7,-92.0,7,0,7,0,7,0,7,0
bc98-2983-907b,4072,7,-91.75,7,0,7,0,7,0,7,0
bc98-2983-907b,4073,7,-92.5,7,0,7,0,7,0,7,0
bc98-2983-907b,4074,7,-92.75,7,0,7,0,7,0,7,0
bc98-2983-907b,4075,7,-92.75,7,0,7,0,7,0,7,0
bc98-2983-907b,4076,7,-92.5,7,0,7,0,7,0,7,0
bc98-2983-907b,4077,7,-91.25,7,0,7,0,6,1,7,0
bc98-2983-907b,4078,7,-93.0,7,0,7,0,7,0,7,0
bc98-2983-907b,4079,7,-92.0,7,0,7,0,7,0,7,0
bc98-2983-907b,4080,7,-92.5,7,0,7,0,7,0,7,0
bc98-2983-907b,4081,7,-93.5,7,0,7,0,7,0,7,0
bc98-2983-907b,4082,7,-93.5,7,0,7,0,7,0,7,0
bc98-2983-907b,4083,7,-93.25,7,0,7,0,7,0,7,0
bc98-2983-907b,4084,7,-92.25,7,0,7,0,7,0,7,0
bc98-2983-907b,4085,7,-92.25,7,0,7,0,7,0,7,0
bc98-2983-907b,4086,7,-92.25,7,0,7,0,7,0,7,0
bc98-2983-907b,4087,7,-92.5,7,0,7,0,7,0,7,0
bc98-2983-907b,4088,7,-91.25,7,0,7,0,6,1,7,0
bc98-2983-907b,4089,7,-93.25,7,0,7,0,7,0,7,0
bc98-2983-907b,4090,7,-93.0,7,0,7,0,7,0,7,0
bc98-2983-907b,4091,7,-93.0,7,0,7,0,7,0,7,0
bc98-2983-907b,4092,7,-92.75,7,0,7,0,7,0,7,0
bc98-2983-907b,4093,7,-92.0,7,0,7,0,7,0,7,0
bc98-2983-907b,4094,7,-93.0,7,0,7,0,7,0,7,0
bc98-2983-907b,4095,7,-92.75,7,0,7,0,7,0,7,0
bc98-2983-907b,4096,7,-92.25,7,0,7,0,7,0,7,0
bc98-2983-907b,4097,7,-92.25,7,0,7,0,7,0,7,0
bc98-2983-907b,4098,7,-90.5,7,0,7,0,6,1,7,0
bc98-2983-907b,4099,6,-93.0,7,1,7,1,7,1,7,1
bc98-2983-907b,4100,7,-92.25,7,0,7,0,7,0,7,0
bc98-2983-907b,4101,7,-92.25,7,0,7,0,7,0,7,0
bc98-2983-907b,4102,7,-92.75,7,0,7,0,7,0,7,0
bc98-2983-907b,4103,7,-92.0,7,0,7,0,7,0,7,0
bc98-2983-907b,4104,7,-92.5,7,0,7,0,7,0,7,0
bc98-2983-907b,4105,6,-94.5,4,2,4,2,4,2,4,2
bc98-2983-907b,4106,6,-94.0,4,2,4,2,4,2,4,2
bc98-2983-907b,4107,6,-90.75,4,2,4,2,3,3,4,2
bc98-2983-907b,4108,6,-93.5,4,2,4,2,4,2,4,2
bc98-2983-907b,4109,6,-93.5,4,2,4,2,4,2,4,2
bc98-2983-907b,4110,6,-92.75,4,2,4,2,4,2,4,2
bc98-2983-907b,4111,6,-94.25,4,2,4,2,4,2,4,2
bc98-2983-907b,4112,6,-94.0,4,2,4,2,4,2,4,2
bc98-2983-907b,4113,6,-94.25,4,2,4,2,4,2,4,2
bc98-2983-907b,4114,6,-93.25,4,2,4,2,4,2,4,2
bc98-2983-907b,4115,6,-93.75,4,2,4,2,4,2,4,2
bc98-2983-907b,4116,6,-92.5,4,2,4,2,3,3,4,2
bc98-2983-907b,4117,6,-94.25,4,2,4,2,4,2,4,2
bc98-2983-907b,4118,6,-93.0,4,2,4,2,3,3,4,2
bc98-2983-907b,4119,6,-90.5,4,2,4,2,3,3,4,2
bc98-2983-907b,4120,6,-93.75,4,2,4,2,4,2,4,2
bc98-2983-907b,4121,6,-92.25,4,2,4,2,3,3,4,2
bc98-2983-907b,4122,6,-92.75,4,2,4,2,4,2,4,2
bc98-2983-907b,4123,4,-93.0,4,0,4,0,4,0,4,0
bc98-2983-907b,4124,4,-92.75,4,0,4,0,4,0,4,0
bc98-2983-907b,4125,5,-93.25,4,1,4,1,3,2,4,1
bc98-2983-907b,4126,6,-93.0,4,2,4,2,4,2,4,2
bc98-2983-907b,4127,6,-93.5,4,2,4,2,4,2,4,2
bc98-2983-907b,4128,6,-93.25,4,2,4,2,3,3,4,2
bc98-2983-907b,4129,6,-93.5,4,2,4,2,3,3,4,2
bc98-2983-907b,4130,6,-90.75,4,2,3,3,3,3,4,2
bc98-2983-907b,4131,6,-89.25,4,2,3,3,2,4,4,2
bc98-2983-907b,4132,6,-93.25,4,2,4,2,3,3,4,2
bc98-2983-907b,4133,6,-90.25,4,2,4,2,3,3,4,2
bc98-2983-907b,4134,6,-93.25,4,2,4,2,3,3,4,2
bc98-2983-907b,4135,6,-93.5,4,2,4,2,3,3,4,2
bc98-2983-907b,4136,6,-93.25,4,2,4,2,3,3,4,2
bc98-2983-907b,4137,6,-93.0,4,2,4,2,3,3,4,2
bc98-2983-907b,4138,6,-90.5,4,2,3,3,3,3,4,2
bc98-2983-907b,4139,6,-92.25,4,2,4,2,4,2,4,2
bc98-2983-907b,4140,6,-93.75,4,2,4,2,4,2,4,2
bc98-2983-907b,4141,6,-93.75,4,2,4,2,4,2,4,2
bc98-2983-907b,4142,6,-93.25,4,2,4,2,4,2,4,2
bc98-2983-907b,4143,6,-90.25,4,2,3,3,3,3,4,2
bc98-2983-907b,4144,6,-92.75,4,2,4,2,3,3,4,2
bc98-2983-907b,4145,6,-94.0,4,2,4,2,4,2,4,2
bc98-2983-907b,4146,6,-90.75,4,2,3,3,3,3,4,2
bc98-2983-907b,4147,6,-93.75,4,2,4,2,4,2,4,2
bc98-2983-907b,4148,6,-93.25,4,2,4,2,3,3,4,2
bc98-2983-907b,4149,6,-94.0,4,2,4,2,4,2,4,2
bc98-2983-907b,4150,6,-93.5,4,2,4,2,4,2,4,2
bc98-2983-907b,4151,6,-92.0,4,2,3,3,3,3,4,2
bc98-2983-907b,4152,6,-93.0,4,2,4,2,3,3,4,2
bc98-2983-907b,4153,6,-90.25,4,2,3,3,3,3,4,2
bc98-2983-907b,4154,6,-93.75,4,2,4,2,4,2,4,2
bc98-2983-907b,4155,6,-92.75,4,2,4,2,3,3,4,2
bc98-2983-907b,4156,6,-92.75,4,2,4,2,4,2,4,2
bc98-2983-907b,4157,6,-93.25,4,2,4,2,4,2,4,2
bc98-2983-907b,4158,6,-93.75,4,2,4,2,4,2,4,2
bc98-2983-907b,4159,6,-93.25,4,2,4,2,3,3,4,2
bc98-2983-907b,4160,6,-94.0,4,2,4,2,4,2,4,2
bc98-2983-907b,4161,6,-92.5,4,2,4,2,3,3,4,2
bc98-2983-907b,4162,6,-92.75,4,2,4,2,3,3,4,2
bc98-2983-907b,4163,6,-93.0,4,2,4,2,4,2,4,2
bc98-2983-907b,4164,6,-93.0,4,2,4,2,4,2,4,2
bc98-2983-907b,4165,6,-94.25,4,2,4,2,4,2,4,2
bc98-2983-907b,4166,6,-93.0,4,2,4,2,3,3,4,2
bc98-2983-907b,4167,6,-94.0,4,2,4,2,4,2,4,2
bc98-2983-907b,4168,6,-92.75,4,2,4,2,4,2,4,2
bc98-2983-907b,4169,6,-93.5,4,2,4,2,3,3,4,2
bc98-2983-907b,4170,6,-90.5,4,2,4,2,3,3,4,2
bc98-2983-907b,4171,6,-92.75,4,2,4,2,3,3,4,2
bc98-2983-907b,4172,6,-93.25,4,2,4,2,3,3,4,2
bc98-2983-907b,4173,6,-93.5,4,2,4,2,4,2,4,2
bc98-2983-907b,4174,6,-93.25,4,2,4,2,3,3,4,2
bc98-2983-907b,4175,6,-93.5,4,2,4,2,4,2,4,2
bc98-2983-907b,4176,6,-93.0,4,2,4,2,3,3,4,2
bc98-2983-907b,4177,6,-92.75,4,2,4,2,3,3,4,2
bc98-2983-907b,4178,6,-91.5,4,2,4,2,3,3,4,2
bc98-2983-907b,4179,6,-92.75,4,2,4,2,4,2,4,2
bc98-2983-907b,4180,6,-92.75,4,2,4,2,3,3,4,2
bc98-2983-907b,4181,6,-93.5,4,2,4,2,3,3,4,2
bc98-2983-907b,4182,6,-92.25,4,2,4,2,4,2,4,2
bc98-2983-907b,4183,6,-90.0,4,2,4,2,3,3,4,2
bc98-2983-907b,4184,6,-93.0,4,2,4,2,3,3,4,2
bc98-2983-907b,4185,6,-93.5,4,2,4,2,3,3,4,2
bc98-2983-907b,4186,6,-89.75,4,2,3,3,2,4,4,2
bc98-2983-907b,4187,6,-90.25,4,2,3,3,3,3,4,2
bc98-2983-907b,4188,6,-93.75,4,2,4,2,4,2,4,2
bc98-2983-907b,4189,6,-93.0,4,2,4,2,4,2,4,2
bc98-2983-907b,4190,6,-93.25,4,2,4,2,3,3,4,2
bc98-2983-907b,4191,6,-93.0,5,1,5,1,4,2,5,1
bc98-2983-907b,4192,6,-94.0,4,2,4,2,4,2,4,2
bc98-2983-907b,4193,6,-93.75,4,2,4,2,4,2,4,2
bc98-2983-907b,4194,6,-94.0,4,2,4,2,4,2,4,2
bc98-2983-907b,4195,6,-89.5,4,2,3,3,2,4,4,2
bc98-2983-907b,4196,6,-92.25,4,2,4,2,4,2,4,2
bc98-2983-907b,4197,6,-93.25,4,2,4,2,3,3,4,2
bc98-2983-907b,4198,6,-93.0,4,2,4,2,3,3,4,2
bc98-2983-907b,4199,6,-90.25,4,2,4,2,3,3,4,2
bc98-2983-907b,4200,6,-93.5,4,2,4,2,4,2,4,2
bc98-2983-907b,4201,6,-90.75,4,2,4,2,3,3,4,2
bc98-2983-907b,4202,6,-89.75,4,2,3,3,2,4,4,2
bc98-2983-907b,4203,6,-93.25,4,2,4,2,3,3,4,2
bc98-2983-907b,4204,6,-94.0,4,2,4,2,4,2,4,2
bc98-2983-907b,4205,6,-93.25,4,2,4,2,3,3,4,2
bc98-2983-907b,4206,6,-93.75,4,2,4,2,4,2,4,2
bc98-2983-907b,4207,6,-92.5,4,2,4,2,3,3,4,2
bc98-2983-907b,4208,6,-93.0,4,2,4,2,4,2,4,2
bc98-2983-907b,4209,6,-93.25,4,2,4,2,3,3,4,2
bc98-2983-907b,4210,6,-92.75,4,2,4,2,4,2,4,2
bc98-2983-907b,4211,6,-93.25,4,2,4,2,3,3,4,2
bc98-2983-907b,4212,6,-93.0,4,2,4,2,3,3,4,2
bc98-2983-907b,4213,6,-92.5,4,2,4,2,3,3,4,2
bc98-2983-907b,4214,6,-93.75,4,2,4,2,4,2,4,2
bc98-2983-907b,4215,6,-92.75,4,2,4,2,4,2,4,2
bc98-2983-907b,4216,6,-93.25,4,2,4,2,4,2,4,2
bc98-2983-907b,4217,6,-92.75,4,2,4,2,4,2,4,2
bc98-2983-907b,4218,6,-90.5,4,2,4,2,3,3,4,2
bc98-2983-907b,4219,6,-93.0,4,2,4,2,4,2,4,2
bc98-2983-907b,4220,6,-90.5,4,2,4,2,3,3,4,2
bc98-2983-907b,4221,6,-93.25,4,2,4,2,4,2,4,2
bc98-2983-907b,4222,4,-95.0,4,0,4,0,4,0,4,0
bc98-2983-907b,4223,4,-95.25,4,0,4,0,4,0,4,0
bc98-2983-907b,4224,4,-95.0,4,0,4,0,4,0,4,0
bc98-2983-907b,4225,4,-95.25,4,0,4,0,4,0,4,0
bc98-2983-907b,4226,4,-94.75,5,1,5,1,5,1,5,1
bc98-2983-907b,4227,4,-95.0,4,0,4,0,4,0,4,0
bc98-2983-907b,4228,4,-94.75,4,0,4,0,4,0,4,0
bc98-2983-907b,4229,4,-94.75,4,0,4,0,4,0,4,0
bc98-2983-907b,4230,4,-94.75,5,1,5,1,5,1,5,1
bc98-2983-907b,4231,4,-95.25,4,0,4,0,4,0,4,0
bc98-2983-907b,4232,4,-95.5,4,0,4,0,4,0,4,0
bc98-2983-907b,4233,4,-95.0,4,0,4,0,4,0,4,0
bc98-2983-907b,4234,4,-95.25,4,0,4,0,4,0,4,0
bc98-2983-907b,4235,4,-94.5,4,0,5,1,4,0,4,0
bc98-2983-907b,4236,4,-95.25,4,0,4,0,4,0,4,0
bc98-2983-907b,4237,4,-94.75,4,0,4,0,4,0,4,0
bc98-2983-907b,4238,4,-95.0,4,0,4,0,4,0,4,0
bc98-2983-907b,4239,4,-95.0,5,1,5,1,5,1,5,1
bc98-2983-907b,4240,4,-95.0,4,0,4,0,4,0,4,0
bc98-2983-907b,4241,4,-94.5,4,0,4,0,4,0,4,0
bc98-2983-907b,4242,4,-94.5,4,0,4,0,4,0,4,0
bc98-2983-907b,4243,4,-94.75,4,0,5,1,4,0,4,0
bc98-2983-907b,4244,4,-95.0,4,0,4,0,4,0,4,0
bc98-2983-907b,4245,4,-95.0,4,0,4,0,4,0,4,0
bc98-2983-907b,4246,4,-95.25,4,0,4,0,4,0,4,0
bc98-2983-907b,4247,4,-95.0,4,0,4,0,4,0,4,0
bc98-2983-907b,4248,4,-94.5,4,0,4,0,4,0,4,0
bc98-2983-907b,4249,4,-95.75,4,0,4,0,4,0,4,0
bc98-2983-907b,4250,4,-95.75,4,0,4,0,4,0,4,0
bc98-2983-907b,4251,4,-95.0,4,0,4,0,4,0,4,0
bc98-2983-907b,4252,4,-95.25,4,0,4,0,4,0,4,0
bc98-2983-907b,4253,4,-95.25,4,0,4,0,4,0,4,0
bc98-2983-907b,4254,4,-94.5,3,1,3,1,3,1,3,1
bc98-2983-907b,4255,4,-94.0,4,0,4,0,4,0,4,0
bc98-2983-907b,4256,4,-95.0,4,0,5,1,4,0,4,0
bc98-2983-907b,4257,4,-95.0,4,0,5,1,5,1,4,0
bc98-2983-907b,4258,4,-95.0,4,0,4,0,4,0,4,0
bc98-2983-907b,4259,4,-94.25,4,0,4,0,4,0,4,0
bc98-2983-907b,4260,4,-94.75,4,0,4,0,4,0,4,0
bc98-2983-907b,4261,4,-94.75,5,1,5,1,5,1,5,1
bc98-2983-907b,4262,4,-94.75,4,0,4,0,4,0,4,0
bc98-2983-907b,4263,4,-94.25,5,1,5,1,5,1,5,1
bc98-2983-907b,4264,4,-95.25,4,0,4,0,4,0,4,0
bc98-2983-907b,4265,4,-94.5,4,0,4,0,4,0,4,0
bc98-2983-907b,4266,4,-95.0,3,1,3,1,3,1,3,1
bc98-2983-907b,4267,4,-94.25,4,0,5,1,5,1,4,0
bc98-2983-907b,4268,4,-95.25,4,0,4,0,4,0,4,0
bc98-2983-907b,4269,4,-94.5,4,0,5,1,5,1,4,0
bc98-2983-907b,4270,4,-94.75,4,0,4,0,4,0,4,0
bc98-2983-907b,4271,4,-95.25,4,0,4,0,4,0,4,0
bc98-2983-907b,4272,4,-94.75,5,1,5,1,5,1,5,1
bc98-2983-907b,4273,4,-95.25,5,1,5,1,6,2,5,1
bc98-2983-907b,4274,4,-94.5,4,0,4,0,4,0,4,0
bc98-2983-907b,4275,4,-94.75,4,0,5,1,5,1,4,0
bc98-2983-907b,4276,5,-93.5,4,1,4,1,3,2,4,1
bc98-2983-907b,4277,5,-93.5,4,1,4,1,4,1,4,1
bc98-2983-907b,4278,5,-93.0,5,0,5,0,4,1,5,0
bc98-2983-907b,4279,5,-93.0,4,1,4,1,3,2,4,1
bc98-2983-907b,4280,5,-94.5,3,2,3,2,3,2,3,2
bc98-2983-907b,4281,5,-93.25,4,1,4,1,3,2,4,1
bc98-2983-907b,4282,5,-93.5,3,2,3,2,3,2,3,2
bc98-2983-907b,4283,5,-94.5,4,1,4,1,4,1,4,1
bc98-2983-907b,4284,5,-93.25,4,1,4,1,3,2,4,1
bc98-2983-907b,4285,5,-93.25,4,1,4,1,3,2,4,1
bc98-2983-907b,4286,5,-93.5,4,1,4,1,3,2,4,1
bc98-2983-907b,4287,5,-94.0,4,1,4,1,4,1,4,1
bc98-2983-907b,4288,5,-93.75,3,2,3,2,3,2,3,2
bc98-2983-907b,4289,5,-94.0,4,1,4,1,4,1,4,1
bc98-2983-907b,4290,5,-92.5,4,1,4,1,4,1,4,1
bc98-2983-907b,4291,5,-93.5,5,0,5,0,4,1,5,0
bc98-2983-907b,4292,5,-93.0,5,0,5,0,4,1,5,0
bc98-2983-907b,4293,5,-93.75,5,0,5,0,4,1,5,0
bc98-2983-907b,4294,5,-94.0,5,0,5,0,6,1,5,0
bc98-2983-907b,4295,5,-92.5,5,0,5,0,4,1,5,0
bc98-2983-907b,4296,5,-92.75,4,1,4,1,3,2,4,1
bc98-2983-907b,4297,5,-94.0,3,2,3,2,3,2,3,2
bc98-2983-907b,4298,5,-93.25,3,2,3,2,3,2,3,2
bc98-2983-907b,4299,5,-93.25,3,2,3,2,3,2,3,2
bc98-2983-907b,4300,5,-92.0,4,1,4,1,4,1,4,1
bc98-2983-907b,4301,5,-93.0,5,0,5,0,5,0,5,0
bc98-2983-907b,4302,5,-92.75,5,0,5,0,4,1,5,0
bc98-2983-907b,4303,5,-92.75,5,0,5,0,4,1,5,0
bc98-2983-907b,4304,5,-92.75,4,1,4,1,3,2,4,1
bc98-2983-907b,4305,5,-93.75,3,2,3,2,3,2,3,2
bc98-2983-907b,4306,5,-91.5,4,1,4,1,3,2,4,1
bc98-2983-907b,4307,5,-94.25,4,1,4,1,4,1,4,1
bc98-2983-907b,4308,5,-94.0,3,2,3,2,3,2,3,2
bc98-2983-907b,4309,5,-93.25,3,2,3,2,3,2,3,2
bc98-2983-907b,4310,5,-93.75,3,2,3,2,3,2,3,2
bc98-2983-907b,4311,5,-93.5,4,1,4,1,3,2,4,1
bc98-2983-907b,4312,5,-93.5,3,2,3,2,3,2,3,2
bc98-2983-907b,4313,5,-93.5,4,1,4,1,3,2,4,1
bc98-2983-907b,4314,5,-94.75,4,1,4,1,4,1,4,1
bc98-2983-907b,4315,5,-94.0,3,2,3,2,3,2,3,2
bc98-2983-907b,4316,5,-93.75,4,1,4,1,4,1,4,1
bc98-2983-907b,4317,5,-94.0,3,2,3,2,3,2,3,2
bc98-2983-907b,4318,5,-93.75,3,2,3,2,3,2,3,2
bc98-2983-907b,4319,5,-94.25,3,2,3,2,3,2,3,2
bc98-2983-907b,4320,5,-93.25,3,2,3,2,3,2,3,2
bc98-2983-907b,4321,5,-91.25,4,1,4,1,3,2,4,1
bc98-2983-907b,4322,5,-93.25,4,1,4,1,3,2,4,1
bc98-2983-907b,4323,5,-93.75,3,2,3,2,3,2,3,2
bc98-2983-907b,4324,5,-94.25,4,1,4,1,4,1,4,1
bc98-2983-907b,4325,5,-93.0,5,0,5,0,4,1,5,0
bc98-2983-907b,4326,5,-92.5,5,0,5,0,4,1,5,0
bc98-2983-907b,4327,5,-92.75,5,0,5,0,5,0,5,0
bc98-2983-907b,4328,5,-92.25,5,0,5,0,4,1,5,0
bc98-2983-907b,4329,5,-93.5,3,2,3,2,3,2,3,2
bc98-2983-907b,4330,5,-94.75,3,2,3,2,3,2,3,2
bc98-2983-907b,4331,5,-95.5,4,1,4,1,4,1,4,1
bc98-2983-907b,4332,5,-95.0,3,2,3,2,3,2,3,2
bc98-2983-907b,4333,5,-94.5,4,1,4,1,4,1,4,1
bc98-2983-907b,4334,5,-94.75,4,1,4,1,4,1,4,1
bc98-2983-907b,4335,5,-94.5,3,2,3,2,3,2,3,2
bc98-2983-907b,4336,5,-95.0,3,2,3,2,3,2,3,2
bc98-2983-907b,4337,5,-95.0,4,1,5,0,5,0,4,1
bc98-2983-907b,4338,5,-95.0,3,2,3,2,3,2,3,2
bc98-2983-907b,4339,5,-94.75,3,2,3,2,3,2,3,2
bc98-2983-907b,4340,5,-94.75,4,1,4,1,4,1,4,1
bc98-2983-907b,4341,5,-95.0,4,1,4,1,4,1,4,1
bc98-2983-907b,4342,5,-95.0,4,1,4,1,4,1,4,1
bc98-2983-907b,4343,5,-94.5,4,1,4,1,4,1,4,1
bc98-2983-907b,4344,5,-95.0,3,2,3,2,3,2,3,2
bc98-2983-907b,4345,5,-94.25,4,1,4,1,4,1,4,1
bc98-2983-907b,4346,5,-95.0,3,2,3,2,3,2,3,2
bc98-2983-907b,4347,5,-94.75,3,2,3,2,3,2,3,2
bc98-2983-907b,4348,5,-94.75,3,2,3,2,3,2,3,2
bc98-2983-907b,4349,5,-95.0,4,1,4,1,4,1,4,1
bc98-2983-907b,4350,5,-95.0,3,2,3,2,3,2,3,2
bc98-2983-907b,4351,5,-94.5,3,2,3,2,3,2,3,2
bc98-2983-907b,4352,5,-93.75,3,2,3,2,3,2,3,2
bc98-2983-907b,4353,5,-95.0,4,1,4,1,4,1,4,1
bc98-2983-907b,4354,5,-95.0,4,1,4,1,4,1,4,1
bc98-2983-907b,4355,5,-94.5,3,2,3,2,3,2,3,2
bc98-2983-907b,4356,5,-95.5,3,2,3,2,3,2,3,2
bc98-2983-907b,4357,5,-94.75,3,2,3,2,3,2,3,2
bc98-2983-907b,4358,5,-95.0,3,2,3,2,3,2,3,2
bc98-2983-907b,4359,5,-94.5,3,2,3,2,3,2,3,2
bc98-2983-907b,4360,5,-94.5,3,2,3,2,3,2,3,2
bc98-2983-907b,4361,5,-95.0,4,1,4,1,4,1,4,1
bc98-2983-907b,4362,5,-94.75,4,1,4,1,4,1,4,1
bc98-2983-907b,4363,5,-95.25,3,2,3,2,3,2,3,2
bc98-2983-907b,4364,5,-94.5,3,2,3,2,3,2,3,2
bc98-2983-907b,4365,5,-95.5,4,1,4,1,4,1,4,1
bc98-2983-907b,4366,5,-94.25,3,2,3,2,3,2,3,2
bc98-2983-907b,4367,5,-95.25,3,2,3,2,3,2,3,2
bc98-2983-907b,4368,5,-94.25,4,1,4,1,4,1,4,1
bc98-2983-907b,4369,5,-94.0,3,2,3,2,3,2,3,2
bc98-2983-907b,4370,5,-94.5,4,1,4,1,4,1,4,1
bc98-2983-907b,4371,5,-94.5,3,2,3,2,3,2,3,2
bc98-2983-907b,4372,5,-95.0,4,1,4,1,4,1,4,1
bc98-2983-907b,4373,5,-94.5,3,2,3,2,3,2,3,2
bc98-2983-907b,4374,5,-95.0,3,2,3,2,3,2,3,2
bc98-2983-907b,4375,5,-95.25,4,1,5,0,4,1,4,1
bc98-2983-907b,4376,5,-94.5,4,1,4,1,4,1,4,1
bc98-2983-907b,4377,5,-95.5,4,1,5,0,5,0,4,1
bc98-2983-907b,4378,5,-94.75,4,1,4,1,4,1,4,1
bc98-2983-907b,4379,5,-94.5,4,1,4,1,4,1,4,1
bc98-2983-907b,4380,5,-95.0,4,1,4,1,4,1,4,1
bc98-2983-907b,4381,5,-94.0,4,1,4,1,3,2,4,1
bc98-2983-907b,4382,5,-95.0,4,1,4,1,4,1,4,1
bc98-2983-907b,4383,5,-94.25,4,1,4,1,4,1,4,1
bc98-2983-907b,4384,5,-94.75,4,1,4,1,4,1,4,1
bc98-2983-907b,4385,5,-94.25,4,1,4,1,4,1,4,1
bc98-2983-907b,4386,3,-94.75,3,0,3,0,3,0,3,0
bc98-2983-907b,4387,3,-94.75,4,1,4,1,4,1,4,1
bc98-2983-907b,4388,3,-94.5,3,0,3,0,3,0,3,0
bc98-2983-907b,4389,3,-94.5,3,0,3,0,3,0,3,0
bc98-2983-907b,4390,4,-94.75,3,1,3,1,3,1,3,1
bc98-2983-907b,4391,4,-94.75,3,1,3,1,3,1,3,1
bc98-2983-907b,4392,3,-94.25,4,1,4,1,4,1,4,1
bc98-2983-907b,4393,3,-95.0,3,0,3,0,3,0,3,0
bc98-2983-907b,4394,3,-94.75,3,0,3,0,3,0,3,0
bc98-2983-907b,4395,3,-94.75,3,0,3,0,3,0,3,0
bc98-2983-907b,4396,3,-94.75,3,0,3,0,3,0,3,0
bc98-2983-907b,4397,3,-94.75,3,0,3,0,3,0,3,0
bc98-2983-907b,4398,4,-95.0,3,1,3,1,3,1,3,1
bc98-2983-907b,4399,3,-95.0,3,0,3,0,3,0,3,0
bc98-2983-907b,4400,3,-95.0,3,0,3,0,3,0,3,0
bc98-2983-907b,4401,3,-94.0,3,0,3,0,3,0,3,0
bc98-2983-907b,4402,3,-95.25,3,0,3,0,3,0,3,0
bc98-2983-907b,4403,3,-94.75,3,0,3,0,3,0,3,0
bc98-2983-907b,4404,3,-95.25,3,0,3,0,3,0,3,0
bc98-2983-907b,4405,3,-95.25,3,0,3,0,3,0,3,0
bc98-2983-907b,4406,3,-94.5,3,0,3,0,3,0,3,0
bc98-2983-907b,4407,3,-95.0,3,0,3,0,3,0,3,0
bc98-2983-907b,4408,3,-94.75,3,0,3,0,3,0,3,0
bc98-2983-907b,4409,3,-95.0,3,0,3,0,3,0,3,0
bc98-2983-907b,4410,3,-95.0,3,0,3,0,3,0,3,0
bc98-2983-907b,4411,3,-94.5,3,0,3,0,3,0,3,0
bc98-2983-907b,4412,3,-94.5,3,0,3,0,3,0,3,0
bc98-2983-907b,4413,3,-94.25,3,0,3,0,3,0,3,0
bc98-2983-907b,4414,3,-95.25,3,0,3,0,3,0,3,0
bc98-2983-907b,4415,3,-94.5,3,0,3,0,3,0,3,0
bc98-2983-907b,4416,3,-95.0,3,0,3,0,3,0,3,0
bc98-2983-907b,4417,3,-95.0,3,0,3,0,3,0,3,0
bc98-2983-907b,4418,3,-94.5,3,0,3,0,3,0,3,0
bc98-2983-907b,4419,3,-95.25,3,0,3,0,3,0,3,0
bc98-2983-907b,4420,3,-94.5,3,0,3,0,3,0,3,0
bc98-2983-907b,4421,3,-95.0,3,0,3,0,3,0,3,0
bc98-2983-907b,4422,3,-94.75,3,0,3,0,3,0,3,0
bc98-2983-907b,4423,3,-94.25,3,0,3,0,3,0,3,0
bc98-2983-907b,4424,3,-92.75,3,0,2,1,2,1,3,0
bc98-2983-907b,4425,3,-94.75,3,0,3,0,3,0,3,0
bc98-2983-907b,4426,3,-94.75,3,0,3,0,3,0,3,0
bc98-2983-907b,4427,3,-94.75,3,0,3,0,3,0,3,0
bc98-2983-907b,4428,3,-95.25,3,0,3,0,3,0,3,0
bc98-2983-907b,4429,3,-95.25,3,0,3,0,3,0,3,0
bc98-2983-907b,4430,3,-94.75,3,0,3,0,3,0,3,0
bc98-2983-907b,4431,4,-94.5,3,1,3,1,3,1,3,1
bc98-2983-907b,4432,3,-95.25,3,0,3,0,3,0,3,0
bc98-2983-907b,4433,3,-94.5,3,0,3,0,3,0,3,0
bc98-2983-907b,4434,3,-94.25,3,0,3,0,3,0,3,0
bc98-2983-907b,4435,3,-94.75,3,0,3,0,3,0,3,0
bc98-2983-907b,4436,3,-94.75,3,0,3,0,3,0,3,0
bc98-2983-907b,4437,3,-95.0,3,0,3,0,3,0,3,0
bc98-2983-907b,4438,3,-94.5,3,0,3,0,3,0,3,0
bc98-2983-907b,4439,4,-92.5,4,0,4,0,4,0,4,0
bc98-2983-907b,4440,4,-95.0,5,1,5,1,5,1,5,1
bc98-2983-907b,4441,4,-93.0,5,1,5,1,4,0,5,1
bc98-2983-907b,4442,4,-94.25,4,0,4,0,4,0,4,0
bc98-2983-907b,4443,4,-94.25,5,1,5,1,4,0,5,1
bc98-2983-907b,4444,4,-94.5,5,1,5,1,5,1,5,1
bc98-2983-907b,4445,4,-94.5,5,1,5,1,4,0,5,1
bc98-2983-907b,4446,4,-94.5,5,1,5,1,5,1,5,1
bc98-2983-907b,4447,4,-95.0,5,1,5,1,5,1,5,1
bc98-2983-907b,4448,4,-93.5,5,1,5,1,5,1,5,1
bc98-2983-907b,4449,4,-94.25,5,1,5,1,5,1,5,1
bc98-2983-907b,4450,4,-95.0,5,1,5,1,5,1,5,1
bc98-2983-907b,4451,4,-93.25,5,1,5,1,4,0,5,1
bc98-2983-907b,4452,4,-93.75,5,1,5,1,5,1,5,1
bc98-2983-907b,4453,4,-93.75,4,0,4,0,4,0,4,0
bc98-2983-907b,4454,4,-93.0,4,0,4,0,4,0,4,0
bc98-2983-907b,4455,4,-95.0,5,1,5,1,5,1,5,1
bc98-2983-907b,4456,4,-93.75,5,1,5,1,4,0,5,1
bc98-2983-907b,4457,4,-92.5,5,1,5,1,4,0,5,1
bc98-2983-907b,4458,4,-93.25,5,1,5,1,4,0,5,1
bc98-2983-907b,4459,4,-95.0,5,1,5,1,5,1,5,1
bc98-2983-907b,4460,4,-92.5,4,0,4,0,4,0,4,0
bc98-2983-907b,4461,4,-93.25,4,0,4,0,4,0,4,0
bc98-2983-907b,4462,4,-93.5,5,1,5,1,5,1,5,1
bc98-2983-907b,4463,4,-94.0,4,0,4,0,4,0,4,0
bc98-2983-907b,4464,4,-94.25,5,1,5,1,4,0,5,1
bc98-2983-907b,4465,4,-94.0,4,0,4,0,4,0,4,0
bc98-2983-907b,4466,4,-94.5,4,0,4,0,4,0,4,0
bc98-2983-907b,4467,4,-94.5,5,1,5,1,4,0,5,1
bc98-2983-907b,4468,4,-93.0,4,0,4,0,3,1,4,0
bc98-2983-907b,4469,4,-94.0,4,0,4,0,4,0,4,0
bc98-2983-907b,4470,4,-94.5,4,0,4,0,4,0,4,0
bc98-2983-907b,4471,4,-94.5,5,1,5,1,5,1,5,1
bc98-2983-907b,4472,4,-93.5,4,0,4,0,4,0,4,0
bc98-2983-907b,4473,3,-92.5,4,1,4,1,3,0,4,1
bc98-2983-907b,4474,3,-94.0,4,1,4,1,4,1,4,1
bc98-2983-907b,4475,3,-92.5,4,1,4,1,4,1,4,1
bc98-2983-907b,4476,3,-92.25,4,1,4,1,4,1,4,1
bc98-2983-907b,4477,4,-92.75,4,0,4,0,4,0,4,0
bc98-2983-907b,4478,4,-94.5,5,1,5,1,5,1,5,1
bc98-2983-907b,4479,4,-92.0,4,0,4,0,4,0,4,0
bc98-2983-907b,4480,4,-94.5,4,0,4,0,4,0,4,0
bc98-2983-907b,4481,4,-93.5,4,0,4,0,4,0,4,0
bc98-2983-907b,4482,4,-93.0,4,0,4,0,3,1,4,0
bc98-2983-907b,4483,4,-94.25,4,0,4,0,4,0,4,0
bc98-2983-907b,4484,4,-91.75,4,0,4,0,4,0,4,0
bc98-2983-907b,4485,4,-94.5,4,0,4,0,4,0,4,0
bc98-2983-907b,4486,3,-92.25,5,2,5,2,4,1,5,2
bc98-2983-907b,4487,3,-92.5,5,2,5,2,4,1,5,2
bc98-2983-907b,4488,3,-93.5,4,1,4,1,4,1,4,1
bc98-2983-907b,4489,3,-92.25,4,1,4,1,4,1,4,1
bc98-2983-907b,4490,4,-94.5,5,1,5,1,4,0,5,1
bc98-2983-907b,4491,4,-94.5,4,0,4,0,4,0,4,0
bc98-2983-907b,4492,4,-92.75,5,1,5,1,4,0,5,1
bc98-2983-907b,4493,4,-94.5,4,0,4,0,4,0,4,0
bc98-2983-907b,4494,4,-94.5,4,0,4,0,4,0,4,0
bc98-2983-907b,4495,2,-95.0,3,1,3,1,3,1,3,1
bc98-2983-907b,4496,2,-95.0,3,1,3,1,3,1,3,1
bc98-2983-907b,4497,2,-95.25,3,1,3,1,3,1,3,1
bc98-2983-907b,4498,2,-95.5,3,1,3,1,3,1,3,1
bc98-2983-907b,4499,2,-95.5,3,1,3,1,4,2,3,1
bc98-2983-907b,4500,2,-94.75,3,1,3,1,3,1,3,1
bc98-2983-907b,4501,2,-95.25,3,1,3,1,3,1,3,1
bc98-2983-907b,4502,2,-95.25,3,1,3,1,3,1,3,1
bc98-2983-907b,4503,2,-95.25,3,1,3,1,3,1,3,1
bc98-2983-907b,4504,2,-95.5,3,1,4,2,4,2,3,1
bc98-2983-907b,4505,2,-95.0,3,1,3,1,3,1,3,1
bc98-2983-907b,4506,2,-95.5,3,1,3,1,3,1,3,1
bc98-2983-907b,4507,2,-95.25,3,1,3,1,3,1,3,1
bc98-2983-907b,4508,2,-95.25,3,1,3,1,3,1,3,1
bc98-2983-907b,4509,2,-95.5,3,1,3,1,3,1,3,1
bc98-2983-907b,4510,2,-95.25,3,1,3,1,3,1,3,1
bc98-2983-907b,4511,2,-94.75,3,1,3,1,3,1,3,1
bc98-2983-907b,4512,2,-95.5,3,1,3,1,4,2,3,1
bc98-2983-907b,4513,2,-95.25,3,1,3,1,3,1,3,1
bc98-2983-907b,4514,2,-95.25,3,1,3,1,3,1,3,1
bc98-2983-907b,4515,2,-95.0,3,1,3,1,3,1,3,1
bc98-2983-907b,4516,2,-94.75,3,1,3,1,3,1,3,1
bc98-2983-907b,4517,2,-95.25,3,1,3,1,3,1,3,1
bc98-2983-907b,4518,2,-95.25,3,1,3,1,3,1,3,1
bc98-2983-907b,4519,2,-95.25,3,1,3,1,3,1,3,1
bc98-2983-907b,4520,2,-95.25,3,1,3,1,3,1,3,1
bc98-2983-907b,4521,2,-94.5,3,1,3,1,3,1,3,1
bc98-2983-907b,4522,2,-95.0,3,1,3,1,3,1,3,1
bc98-2983-907b,4523,2,-95.5,3,1,3,1,3,1,3,1
bc98-2983-907b,4524,2,-95.0,3,1,3,1,3,1,3,1
bc98-2983-907b,4525,2,-95.0,3,1,3,1,3,1,3,1
bc98-2983-907b,4526,2,-95.25,3,1,3,1,3,1,3,1
bc98-2983-907b,4527,2,-94.75,3,1,3,1,3,1,3,1
bc98-2983-907b,4528,2,-95.0,3,1,3,1,3,1,3,1
bc98-2983-907b,4529,2,-94.75,3,1,3,1,3,1,3,1
bc98-2983-907b,4530,2,-95.0,3,1,3,1,3,1,3,1
bc98-2983-907b,4531,2,-94.75,3,1,3,1,3,1,3,1
bc98-2983-907b,4532,2,-95.5,3,1,3,1,4,2,3,1
bc98-2983-907b,4533,2,-95.0,3,1,3,1,3,1,3,1
bc98-2983-907b,4534,2,-95.5,3,1,3,1,3,1,3,1
bc98-2983-907b,4535,2,-95.25,3,1,3,1,3,1,3,1
bc98-2983-907b,4536,2,-95.0,3,1,3,1,3,1,3,1
bc98-2983-907b,4537,2,-95.5,3,1,3,1,4,2,3,1
bc98-2983-907b,4538,2,-95.0,3,1,3,1,3,1,3,1
bc98-2983-907b,4539,2,-95.0,3,1,3,1,3,1,3,1
bc98-2983-907b,4540,2,-95.5,3,1,3,1,3,1,3,1
bc98-2983-907b,4541,2,-94.75,3,1,3,1,3,1,3,1
bc98-2983-907b,4542,2,-95.5,3,1,3,1,3,1,3,1
bc98-2983-907b,4543,2,-95.5,3,1,3,1,3,1,3,1
bc98-2983-907b,4544,2,-95.25,3,1,3,1,3,1,3,1
bc98-2983-907b,4545,2,-95.5,3,1,3,1,3,1,3,1
bc98-2983-907b,4546,2,-95.25,3,1,3,1,3,1,3,1
bc98-2983-907b,4547,2,-95.25,3,1,3,1,3,1,3,1
bc98-2983-907b,4548,2,-95.0,3,1,3,1,3,1,3,1
bc98-2983-907b,4549,2,-95.0,4,2,4,2,4,2,4,2
bc98-2983-907b,4550,2,-95.25,4,2,4,2,4,2,4,2
bc98-2983-907b,4551,2,-94.75,4,2,4,2,4,2,4,2
bc98-2983-907b,4552,2,-95.25,3,1,3,1,3,1,3,1
bc98-2983-907b,4553,2,-95.0,4,2,4,2,4,2,4,2
bc98-2983-907b,4554,2,-95.0,4,2,4,2,4,2,4,2
bc98-2983-907b,4555,2,-95.0,4,2,4,2,4,2,4,2
bc98-2983-907b,4556,2,-95.25,3,1,3,1,3,1,3,1
bc98-2983-907b,4557,2,-95.0,4,2,4,2,4,2,4,2
bc98-2983-907b,4558,2,-94.75,4,2,4,2,4,2,4,2
bc98-2983-907b,4559,3,-95.0,4,1,4,1,4,1,4,1
bc98-2983-907b,4560,3,-95.25,3,0,3,0,3,0,3,0
bc98-2983-907b,4561,3,-94.25,4,1,4,1,4,1,4,1
bc98-2983-907b,4562,2,-95.0,3,1,3,1,3,1,3,1
bc98-2983-907b,4563,2,-94.75,4,2,4,2,4,2,4,2
bc98-2983-907b,4564,2,-95.0,3,1,3,1,3,1,3,1
bc98-2983-907b,4565,2,-95.0,4,2,4,2,4,2,4,2
bc98-2983-907b,4566,2,-95.25,3,1,3,1,3,1,3,1
bc98-2983-907b,4567,2,-94.5,4,2,4,2,4,2,4,2
bc98-2983-907b,4568,2,-94.75,4,2,4,2,4,2,4,2
bc98-2983-907b,4569,2,-94.75,4,2,4,2,4,2,4,2
bc98-2983-907b,4570,2,-95.0,3,1,3,1,3,1,3,1
bc98-2983-907b,4571,2,-94.75,3,1,3,1,3,1,3,1
bc98-2983-907b,4572,2,-95.25,3,1,3,1,3,1,3,1
bc98-2983-907b,4573,2,-95.25,3,1,3,1,3,1,3,1
bc98-2983-907b,4574,2,-95.0,3,1,3,1,3,1,3,1
bc98-2983-907b,4575,2,-94.0,3,1,3,1,3,1,3,1
bc98-2983-907b,4576,2,-94.75,4,2,4,2,4,2,4,2
bc98-2983-907b,4577,2,-95.5,3,1,3,1,4,2,3,1
bc98-2983-907b,4578,2,-95.0,3,1,3,1,3,1,3,1
bc98-2983-907b,4579,2,-95.25,3,1,3,1,3,1,3,1
bc98-2983-907b,4580,3,-94.5,4,1,4,1,4,1,4,1
bc98-2983-907b,4581,2,-95.25,4,2,4,2,4,2,4,2
bc98-2983-907b,4582,2,-94.75,3,1,3,1,3,1,3,1
bc98-2983-907b,4583,2,-95.0,3,1,3,1,3,1,3,1
bc98-2983-907b,4584,2,-94.5,4,2,4,2,4,2,4,2
bc98-2983-907b,4585,2,-94.75,4,2,4,2,4,2,4,2
bc98-2983-907b,4586,2,-95.0,4,2,4,2,4,2,4,2
bc98-2983-907b,4587,2,-94.5,4,2,4,2,4,2,4,2
bc98-2983-907b,4588,2,-95.75,4,2,4,2,4,2,4,2
bc98-2983-907b,4589,2,-95.0,4,2,4,2,4,2,4,2
bc98-2983-907b,4590,2,-95.25,4,2,4,2,4,2,4,2
bc98-2983-907b,4591,2,-94.5,4,2,4,2,4,2,4,2
bc98-2983-907b,4592,3,-94.75,4,1,4,1,4,1,4,1
bc98-2983-907b,4593,2,-95.0,4,2,4,2,4,2,4,2
bc98-2983-907b,4594,2,-95.25,4,2,4,2,4,2,4,2
bc98-2983-907b,4595,2,-95.5,3,1,3,1,4,2,3,1
bc98-2983-907b,4596,2,-95.5,4,2,4,2,4,2,4,2
bc98-2983-907b,4597,2,-95.25,4,2,4,2,4,2,4,2
bc98-2983-907b,4598,2,-95.25,4,2,4,2,4,2,4,2
bc98-2983-907b,4599,2,-94.5,4,2,4,2,4,2,4,2
bc98-2983-907b,4600,2,-95.25,3,1,3,1,3,1,3,1
bc98-2983-907b,4601,3,-95.0,2,1,2,1,2,1,2,1
bc98-2983-907b,4602,3,-95.25,2,1,3,0,3,0,2,1
bc98-2983-907b,4603,3,-95.0,2,1,2,1,3,0,2,1
bc98-2983-907b,4604,3,-95.0,2,1,2,1,2,1,2,1
bc98-2983-907b,4605,3,-95.0,2,1,2,1,2,1,2,1
bc98-2983-907b,4606,3,-95.0,2,1,2,1,3,0,2,1
bc98-2983-907b,4607,3,-95.5,2,1,2,1,2,1,2,1
bc98-2983-907b,4608,2,-94.75,2,0,2,0,2,0,2,0
bc98-2983-907b,4609,2,-95.0,2,0,2,0,2,0,2,0
bc98-2983-907b,4610,2,-95.5,2,0,2,0,2,0,2,0
bc98-2983-907b,4611,2,-94.75,3,1,2,0,3,1,3,1
bc98-2983-907b,4612,2,-94.75,2,0,2,0,2,0,2,0
bc98-2983-907b,4613,2,-94.25,2,0,2,0,2,0,2,0
bc98-2983-907b,4614,2,-95.25,2,0,2,0,2,0,2,0
bc98-2983-907b,4615,2,-95.25,2,0,2,0,2,0,2,0
bc98-2983-907b,4616,2,-95.25,2,0,2,0,2,0,2,0
bc98-2983-907b,4617,2,-95.0,2,0,2,0,2,0,2,0
bc98-2983-907b,4618,2,-95.0,2,0,2,0,2,0,2,0
bc98-2983-907b,4619,3,-94.75,3,0,2,1,3,0,3,0
bc98-2983-907b,4620,3,-95.25,3,0,3,0,3,0,3,0
bc98-2983-907b,4621,3,-94.75,3,0,3,0,3,0,3,0
bc98-2983-907b,4622,3,-95.0,2,1,3,0,3,0,2,1
bc98-2983-907b,4623,3,-95.5,2,1,3,0,3,0,2,1
bc98-2983-907b,4624,5,-91.0,4,1,4,1,3,2,4,1
bc98-2983-907b,4625,5,-92.0,4,1,4,1,4,1,4,1
bc98-2983-907b,4626,5,-91.25,4,1,4,1,3,2,4,1
bc98-2983-907b,4627,5,-93.5,4,1,4,1,4,1,4,1
bc98-2983-907b,4628,5,-91.5,5,0,4,1,4,1,5,0
bc98-2983-907b,4629,5,-91.0,4,1,4,1,3,2,4,1
bc98-2983-907b,4630,5,-91.0,4,1,4,1,3,2,4,1
bc98-2983-907b,4631,5,-94.5,4,1,4,1,4,1,4,1
bc98-2983-907b,4632,5,-92.0,4,1,4,1,4,1,4,1
bc98-2983-907b,4633,5,-93.75,4,1,4,1,4,1,4,1
bc98-2983-907b,4634,5,-92.0,5,0,4,1,4,1,5,0
bc98-2983-907b,4635,5,-91.25,4,1,4,1,3,2,4,1
bc98-2983-907b,4636,5,-93.0,4,1,4,1,4,1,4,1
bc98-2983-907b,4637,5,-93.5,4,1,4,1,4,1,4,1
bc98-2983-907b,4638,5,-89.5,4,1,4,1,3,2,4,1
bc98-2983-907b,4639,5,-91.5,5,0,4,1,4,1,5,0
bc98-2983-907b,4640,5,-93.0,5,0,5,0,4,1,5,0
bc98-2983-907b,4641,5,-92.0,4,1,4,1,4,1,4,1
bc98-2983-907b,4642,5,-90.5,4,1,4,1,3,2,4,1
bc98-2983-907b,4643,5,-93.75,4,1,4,1,4,1,4,1
bc98-2983-907b,4644,5,-90.5,4,1,4,1,3,2,4,1
bc98-2983-907b,4645,5,-89.75,4,1,4,1,3,2,4,1
bc98-2983-907b,4646,5,-91.0,4,1,4,1,3,2,4,1
bc98-2983-907b,4647,5,-94.0,4,1,4,1,4,1,4,1
bc98-2983-907b,4648,5,-91.0,4,1,4,1,3,2,4,1
bc98-2983-907b,4649,6,-91.25,5,1,4,2,4,2,5,1
bc98-2983-907b,4650,5,-92.25,4,1,4,1,4,1,4,1
bc98-2983-907b,4651,5,-91.75,4,1,4,1,3,2,4,1
bc98-2983-907b,4652,5,-90.25,4,1,4,1,3,2,4,1
bc98-2983-907b,4653,5,-91.0,4,1,4,1,3,2,4,1
bc98-2983-907b,4654,5,-92.0,4,1,4,1,4,1,4,1
bc98-2983-907b,4655,5,-91.75,5,0,4,1,4,1,5,0
bc98-2983-907b,4656,5,-90.75,5,0,4,1,4,1,5,0
bc98-2983-907b,4657,5,-90.5,5,0,4,1,4,1,5,0
bc98-2983-907b,4658,5,-92.5,4,1,4,1,4,1,4,1
bc98-2983-907b,4659,5,-90.5,4,1,4,1,3,2,4,1
bc98-2983-907b,4660,5,-92.25,4,1,4,1,4,1,4,1
bc98-2983-907b,4661,5,-91.75,4,1,4,1,3,2,4,1
bc98-2983-907b,4662,5,-92.25,5,0,4,1,4,1,5,0
bc98-2983-907b,4663,5,-92.5,5,0,4,1,4,1,5,0
bc98-2983-907b,4664,5,-93.75,4,1,4,1,4,1,4,1
bc98-2983-907b,4665,5,-93.25,4,1,4,1,4,1,4,1
bc98-2983-907b,4666,5,-93.0,4,1,4,1,4,1,4,1
bc98-2983-907b,4667,5,-91.0,4,1,4,1,3,2,4,1
bc98-2983-907b,4668,5,-92.25,4,1,4,1,4,1,4,1
bc98-2983-907b,4669,5,-92.75,4,1,4,1,4,1,4,1
bc98-2983-907b,4670,5,-91.5,4,1,4,1,3,2,4,1
bc98-2983-907b,4671,5,-93.5,4,1,4,1,4,1,4,1
bc98-2983-907b,4672,5,-91.5,4,1,4,1,3,2,4,1
bc98-2983-907b,4673,5,-90.25,4,1,4,1,3,2,4,1
bc98-2983-907b,4674,5,-91.5,4,1,4,1,3,2,4,1
bc98-2983-907b,4675,5,-89.5,4,1,4,1,3,2,4,1
bc98-2983-907b,4676,5,-91.75,4,1,4,1,3,2,4,1
bc98-2983-907b,4677,9,-88.75,8,1,8,1,7,2,8,1
bc98-2983-907b,4678,8,-90.75,8,0,8,0,8,0,8,0
bc98-2983-907b,4679,9,-88.0,8,1,7,2,7,2,8,1
bc98-2983-907b,4680,9,-91.0,8,1,8,1,8,1,8,1
bc98-2983-907b,4681,8,-88.25,8,0,7,1,7,1,8,0
bc98-2983-907b,4682,8,-91.0,9,1,8,0,8,0,9,1
bc98-2983-907b,4683,9,-90.5,8,1,8,1,8,1,8,1
bc98-2983-907b,4684,9,-89.0,8,1,8,1,7,2,8,1
bc98-2983-907b,4685,8,-89.0,8,0,8,0,7,1,8,0
bc98-2983-907b,4686,8,-89.25,8,0,8,0,8,0,8,0
bc98-2983-907b,4687,8,-89.25,8,0,8,0,8,0,8,0
bc98-2983-907b,4688,9,-90.5,8,1,8,1,8,1,8,1
bc98-2983-907b,4689,8,-89.25,8,0,8,0,8,0,8,0
bc98-2983-907b,4690,9,-89.0,8,1,8,1,7,2,8,1
bc98-2983-907b,4691,8,-89.0,8,0,8,0,8,0,8,0
bc98-2983-907b,4692,8,-90.75,8,0,8,0,8,0,8,0
bc98-2983-907b,4693,8,-89.75,8,0,8,0,8,0,8,0
bc98-2983-907b,4694,8,-89.5,8,0,8,0,8,0,8,0
bc98-2983-907b,4695,9,-90.75,8,1,8,1,8,1,8,1
bc98-2983-907b,4696,8,-90.5,8,0,8,0,8,0,8,0
bc98-2983-907b,4697,8,-90.5,8,0,8,0,8,0,8,0
bc98-2983-907b,4698,8,-90.75,8,0,8,0,8,0,8,0
bc98-2983-907b,4699,9,-89.0,9,0,8,1,8,1,9,0
bc98-2983-907b,4700,9,-89.75,9,0,8,1,8,1,9,0
bc98-2983-907b,4701,8,-90.5,8,0,8,0,8,0,8,0
bc98-2983-907b,4702,8,-89.25,8,0,8,0,8,0,8,0
bc98-2983-907b,4703,8,-89.5,8,0,8,0,8,0,8,0
bc98-2983-907b,4704,9,-90.75,8,1,8,1,8,1,8,1
bc98-2983-907b,4705,9,-90.0,9,0,8,1,8,1,9,0
bc98-2983-907b,4706,9,-89.75,9,0,8,1,8,1,9,0
bc98-2983-907b,4707,9,-90.25,9,0,9,0,8,1,9,0
bc98-2983-907b,4708,9,-87.75,8,1,7,2,7,2,8,1
bc98-2983-907b,4709,9,-88.75,8,1,8,1,7,2,8,1
bc98-2983-907b,4710,9,-89.5,8,1,8,1,8,1,8,1
bc98-2983-907b,4711,9,-89.25,8,1,8,1,8,1,8,1
bc98-2983-907b,4712,9,-90.25,8,1,8,1,8,1,8,1
bc98-2983-907b,4713,9,-91.75,8,1,8,1,8,1,8,1
bc98-2983-907b,4714,9,-88.75,9,0,8,1,7,2,9,0
bc98-2983-907b,4715,9,-90.5,8,1,8,1,8,1,8,1
bc98-2983-907b,4716,9,-89.5,9,0,8,1,8,1,9,0
bc98-2983-907b,4717,9,-89.5,8,1,8,1,8,1,8,1
bc98-2983-907b,4718,9,-90.75,9,0,8,1,8,1,9,0
bc98-2983-907b,4719,8,-89.5,8,0,8,0,8,0,8,0
bc98-2983-907b,4720,9,-90.25,8,1,8,1,8,1,8,1
bc98-2983-907b,4721,9,-89.75,8,1,8,1,8,1,8,1
bc98-2983-907b,4722,9,-89.75,8,1,8,1,8,1,8,1
bc98-2983-907b,4723,9,-91.75,9,0,8,1,8,1,9,0
bc98-2983-907b,4724,9,-90.25,9,0,8,1,8,1,9,0
bc98-2983-907b,4725,9,-90.75,8,1,8,1,8,1,8,1
bc98-2983-907b,4726,9,-89.5,8,1,8,1,8,1,8,1
bc98-2983-907b,4727,9,-91.75,8,1,9,0,8,1,8,1
bc98-2983-907b,4728,9,-90.25,9,0,8,1,8,1,9,0
bc98-2983-907b,4729,9,-88.5,8,1,7,2,7,2,8,1
bc98-2983-907b,4730,9,-91.25,8,1,8,1,8,1,8,1
bc98-2983-907b,4731,9,-90.75,9,0,8,1,8,1,9,0
bc98-2983-907b,4732,9,-90.25,8,1,8,1,8,1,8,1
bc98-2983-907b,4733,9,-90.25,8,1,8,1,8,1,8,1
bc98-2983-907b,4734,8,-90.0,8,0,8,0,8,0,8,0
bc98-2983-907b,4735,8,-90.0,8,0,8,0,8,0,8,0
bc98-2983-907b,4736,8,-89.5,9,1,8,0,8,0,9,1
bc98-2983-907b,4737,8,-89.5,8,0,8,0,8,0,8,0
bc98-2983-907b,4738,9,-88.5,8,1,8,1,7,2,8,1
bc98-2983-907b,4739,9,-90.0,8,1,8,1,8,1,8,1
bc98-2983-907b,4740,9,-91.0,8,1,8,1,8,1,8,1
bc98-2983-907b,4741,9,-90.75,9,0,8,1,8,1,9,0
bc98-2983-907b,4742,8,-90.5,8,0,8,0,8,0,8,0
bc98-2983-907b,4743,8,-88.0,8,0,7,1,7,1,8,0
bc98-2983-907b,4744,9,-88.0,8,1,7,2,7,2,8,1
bc98-2983-907b,4745,9,-89.25,8,1,8,1,8,1,8,1
bc98-2983-907b,4746,9,-88.25,8,1,7,2,7,2,8,1
bc98-2983-907b,4747,9,-90.0,9,0,8,1,8,1,9,0
bc98-2983-907b,4748,9,-89.75,9,0,8,1,8,1,9,0
bc98-2983-907b,4749,9,-89.5,9,0,8,1,8,1,9,0
bc98-2983-907b,4750,8,-90.25,9,1,8,0,8,0,9,1
bc98-2983-907b,4751,8,-88.25,9,1,7,1,7,1,9,1
bc98-2983-907b,4752,8,-90.75,9,1,8,0,8,0,9,1
bc98-2983-907b,4753,9,-90.0,8,1,8,1,8,1,8,1
bc98-2983-907b,4754,8,-87.75,8,0,7,1,7,1,8,0
bc98-2983-907b,4755,8,-89.5,8,0,8,0,8,0,8,0
bc98-2983-907b,4756,8,-89.25,8,0,8,0,8,0,8,0
bc98-2983-907b,4757,8,-89.0,8,0,8,0,8,0,8,0
bc98-2983-907b,4758,9,-90.25,8,1,8,1,8,1,8,1
bc98-2983-907b,4759,7,-89.25,7,0,7,0,7,0,7,0
bc98-2983-907b,4760,7,-90.75,7,0,7,0,7,0,7,0
bc98-2983-907b,4761,7,-92.75,7,0,7,0,7,0,7,0
bc98-2983-907b,4762,6,-89.75,7,1,7,1,7,1,7,1
bc98-2983-907b,4763,6,-90.75,7,1,7,1,7,1,7,1
bc98-2983-907b,4764,7,-91.0,7,0,7,0,7,0,7,0
bc98-2983-907b,4765,7,-90.5,7,0,7,0,7,0,7,0
bc98-2983-907b,4766,7,-91.0,7,0,7,0,7,0,7,0
bc98-2983-907b,4767,7,-92.75,7,0,7,0,7,0,7,0
bc98-2983-907b,4768,7,-91.0,7,0,7,0,7,0,7,0
bc98-2983-907b,4769,7,-90.5,7,0,7,0,7,0,7,0
bc98-2983-907b,4770,7,-90.0,7,0,7,0,7,0,7,0
bc98-2983-907b,4771,7,-91.25,7,0,7,0,7,0,7,0
bc98-2983-907b,4772,7,-90.5,7,0,7,0,7,0,7,0
bc98-2983-907b,4773,7,-90.75,7,0,7,0,7,0,7,0
bc98-2983-907b,4774,7,-92.0,7,0,7,0,7,0,7,0
bc98-2983-907b,4775,7,-91.75,7,0,7,0,7,0,7,0
bc98-2983-907b,4776,7,-91.0,7,0,7,0,7,0,7,0
bc98-2983-907b,4777,7,-91.25,7,0,7,0,7,0,7,0
bc98-2983-907b,4778,7,-90.75,7,0,7,0,7,0,7,0
bc98-2983-907b,4779,7,-90.25,7,0,7,0,7,0,7,0
bc98-2983-907b,4780,7,-91.25,7,0,7,0,7,0,7,0
bc98-2983-907b,4781,7,-91.25,7,0,7,0,7,0,7,0
bc98-2983-907b,4782,7,-92.0,7,0,7,0,7,0,7,0
bc98-2983-907b,4783,7,-91.75,7,0,7,0,7,0,7,0
bc98-2983-907b,4784,7,-91.25,7,0,7,0,7,0,7,0
bc98-2983-907b,4785,7,-92.0,7,0,7,0,7,0,7,0
bc98-2983-907b,4786,7,-93.0,7,0,7,0,7,0,7,0
bc98-2983-907b,4787,7,-91.0,7,0,7,0,7,0,7,0
bc98-2983-907b,4788,7,-92.25,7,0,7,0,7,0,7,0
bc98-2983-907b,4789,7,-91.0,7,0,7,0,7,0,7,0
bc98-2983-907b,4790,7,-92.5,7,0,7,0,7,0,7,0
bc98-2983-907b,4791,7,-93.5,7,0,7,0,7,0,7,0
bc98-2983-907b,4792,7,-91.5,7,0,7,0,7,0,7,0
bc98-2983-907b,4793,7,-92.75,7,0,7,0,7,0,7,0
bc98-2983-907b,4794,7,-92.0,7,0,7,0,7,0,7,0
bc98-2983-907b,4795,7,-91.5,7,0,7,0,7,0,7,0
bc98-2983-907b,4796,7,-92.25,7,0,7,0,7,0,7,0
bc98-2983-907b,4797,7,-93.0,7,0,7,0,7,0,7,0
bc98-2983-907b,4798,7,-93.0,7,0,7,0,7,0,7,0
bc98-2983-907b,4799,7,-92.0,7,0,7,0,7,0,7,0
bc98-2983-907b,4800,7,-94.75,7,0,7,0,7,0,7,0
bc98-2983-907b,4801,7,-93.0,7,0,7,0,7,0,7,0
bc98-2983-907b,4802,7,-92.5,7,0,7,0,7,0,7,0
bc98-2983-907b,4803,7,-93.25,7,0,7,0,7,0,7,0
bc98-2983-907b,4804,7,-92.75,7,0,7,0,7,0,7,0
bc98-2983-907b,4805,7,-94.0,7,0,7,0,7,0,7,0
bc98-2983-907b,4806,7,-86.25,7,0,7,0,5,2,7,0
bc98-2983-907b,4807,7,-93.25,7,0,7,0,7,0,7,0
bc98-2983-907b,4808,7,-91.5,7,0,7,0,7,0,7,0
bc98-2983-907b,4809,7,-92.75,7,0,7,0,7,0,7,0
bc98-2983-907b,4810,7,-91.75,7,0,7,0,7,0,7,0
bc98-2983-907b,4811,7,-92.0,7,0,7,0,7,0,7,0
bc98-2983-907b,4812,7,-91.0,7,0,7,0,7,0,7,0
bc98-2983-907b,4813,7,-92.75,7,0,7,0,7,0,7,0
bc98-2983-907b,4814,7,-92.25,7,0,7,0,7,0,7,0
bc98-2983-907b,4815,7,-93.25,7,0,7,0,7,0,7,0
bc98-2983-907b,4816,7,-92.0,7,0,7,0,7,0,7,0
bc98-2983-907b,4817,7,-91.0,7,0,7,0,7,0,7,0
bc98-2983-907b,4818,7,-92.0,7,0,7,0,7,0,7,0
bc98-2983-907b,4819,7,-92.75,7,0,7,0,7,0,7,0
bc98-2983-907b,4820,7,-93.75,7,0,7,0,7,0,7,0
bc98-2983-907b,4821,7,-92.25,7,0,7,0,7,0,7,0
bc98-2983-907b,4822,7,-93.25,7,0,7,0,7,0,7,0
bc98-2983-907b,4823,7,-92.25,7,0,7,0,7,0,7,0
bc98-2983-907b,4824,7,-91.5,7,0,7,0,7,0,7,0
bc98-2983-907b,4825,7,-92.0,7,0,7,0,7,0,7,0
bc98-2983-907b,4826,7,-93.25,7,0,7,0,7,0,7,0
bc98-2983-907b,4827,7,-91.25,7,0,7,0,7,0,7,0
bc98-2983-907b,4828,7,-92.0,7,0,7,0,7,0,7,0
bc98-2983-907b,4829,7,-92.0,7,0,7,0,7,0,7,0
bc98-2983-907b,4830,7,-91.5,7,0,7,0,7,0,7,0
bc98-2983-907b,4831,7,-90.5,7,0,7,0,7,0,7,0
bc98-2983-907b,4832,7,-91.5,7,0,7,0,7,0,7,0
bc98-2983-907b,4833,7,-91.5,7,0,7,0,7,0,7,0
bc98-2983-907b,4834,7,-90.5,7,0,7,0,7,0,7,0
bc98-2983-907b,4835,7,-92.25,7,0,7,0,7,0,7,0
bc98-2983-907b,4836,7,-92.75,7,0,7,0,7,0,7,0
bc98-2983-907b,4837,7,-92.0,7,0,7,0,7,0,7,0
bc98-2983-907b,4838,7,-91.25,7,0,7,0,7,0,7,0
bc98-2983-907b,4839,7,-90.75,7,0,7,0,7,0,7,0
bc98-2983-907b,4840,7,-92.5,7,0,7,0,7,0,7,0
bc98-2983-907b,4841,7,-91.0,7,0,7,0,7,0,7,0
bc98-2983-907b,4842,7,-93.0,7,0,7,0,7,0,7,0
bc98-2983-907b,4843,7,-91.0,7,0,7,0,6,1,7,0
bc98-2983-907b,4844,7,-94.25,7,0,7,0,7,0,7,0
bc98-2983-907b,4845,7,-91.0,7,0,7,0,7,0,7,0
bc98-2983-907b,4846,7,-93.25,7,0,7,0,7,0,7,0
bc98-2983-907b,4847,7,-92.75,7,0,7,0,7,0,7,0
bc98-2983-907b,4848,7,-90.0,7,0,7,0,7,0,7,0
bc98-2983-907b,4849,7,-91.5,7,0,7,0,7,0,7,0
bc98-2983-907b,4850,7,-93.0,7,0,7,0,7,0,7,0
bc98-2983-907b,4851,7,-92.0,7,0,7,0,7,0,7,0
bc98-2983-907b,4852,7,-92.25,7,0,7,0,7,0,7,0
bc98-2983-907b,4853,7,-92.0,7,0,7,0,7,0,7,0
bc98-2983-907b,4854,7,-90.75,7,0,7,0,7,0,7,0
bc98-2983-907b,4855,7,-91.0,7,0,7,0,7,0,7,0
bc98-2983-907b,4856,7,-91.25,7,0,7,0,7,0,7,0
bc98-2983-907b,4857,7,-90.25,7,0,7,0,7,0,7,0
bc98-2983-907b,4858,7,-92.0,7,0,7,0,7,0,7,0
bc98-2983-907b,4859,7,-92.0,7,0,7,0,7,0,7,0
bc98-2983-907b,4860,7,-91.5,7,0,7,0,7,0,7,0
bc98-2983-907b,4861,7,-92.5,7,0,7,0,7,0,7,0
bc98-2983-907b,4862,7,-91.75,7,0,7,0,7,0,7,0
bc98-2983-907b,4863,7,-92.0,7,0,7,0,7,0,7,0
bc98-2983-907b,4864,7,-87.75,7,0,7,0,6,1,7,0
bc98-2983-907b,4865,7,-92.25,7,0,7,0,7,0,7,0
bc98-2983-907b,4866,7,-90.5,7,0,7,0,7,0,7,0
bc98-2983-907b,4867,7,-90.25,7,0,7,0,7,0,7,0
bc98-2983-907b,4868,7,-89.75,7,0,7,0,7,0,7,0
bc98-2983-907b,4869,7,-91.75,7,0,7,0,7,0,7,0
bc98-2983-907b,4870,7,-92.0,7,0,7,0,7,0,7,0
bc98-2983-907b,4871,7,-91.25,7,0,7,0,7,0,7,0
bc98-2983-907b,4872,7,-92.75,7,0,7,0,7,0,7,0
bc98-2983-907b,4873,7,-91.5,7,0,7,0,7,0,7,0
bc98-2983-907b,4874,7,-92.0,7,0,7,0,7,0,7,0
bc98-2983-907b,4875,7,-92.5,7,0,7,0,7,0,7,0
bc98-2983-907b,4876,7,-92.25,7,0,7,0,7,0,7,0
bc98-2983-907b,4877,7,-93.25,7,0,7,0,7,0,7,0
bc98-2983-907b,4878,7,-89.75,7,0,7,0,7,0,7,0
bc98-2983-907b,4879,7,-91.5,7,0,7,0,7,0,7,0
bc98-2983-907b,4880,7,-91.5,7,0,7,0,7,0,7,0
bc98-2983-907b,4881,7,-94.0,7,0,7,0,7,0,7,0
bc98-2983-907b,4882,7,-93.25,7,0,7,0,7,0,7,0
bc98-2983-907b,4883,7,-91.75,7,0,7,0,7,0,7,0
bc98-2983-907b,4884,7,-92.25,7,0,7,0,7,0,7,0
bc98-2983-907b,4885,7,-92.25,7,0,7,0,7,0,7,0
bc98-2983-907b,4886,7,-92.25,7,0,7,0,7,0,7,0
bc98-2983-907b,4887,7,-92.75,7,0,7,0,7,0,7,0
bc98-2983-907b,4888,7,-92.5,7,0,7,0,7,0,7,0
bc98-2983-907b,4889,7,-91.5,7,0,7,0,7,0,7,0
bc98-2983-907b,4890,7,-92.0,7,0,7,0,7,0,7,0
bc98-2983-907b,4891,7,-91.0,7,0,7,0,6,1,7,0
bc98-2983-907b,4892,7,-92.25,7,0,7,0,7,0,7,0
bc98-2983-907b,4893,7,-92.5,7,0,7,0,7,0,7,0
bc98-2983-907b,4894,7,-93.75,7,0,7,0,7,0,7,0
bc98-2983-907b,4895,7,-93.25,7,0,7,0,7,0,7,0
bc98-2983-907b,4896,7,-92.0,7,0,7,0,7,0,7,0
bc98-2983-907b,4897,7,-91.75,7,0,7,0,7,0,7,0
bc98-2983-907b,4898,7,-92.5,7,0,7,0,7,0,7,0
bc98-2983-907b,4899,7,-92.75,7,0,7,0,7,0,7,0
bc98-2983-907b,4900,7,-92.5,7,0,7,0,7,0,7,0
bc98-2983-907b,4901,7,-92.5,7,0,7,0,7,0,7,0
bc98-2983-907b,4902,7,-93.25,7,0,7,0,7,0,7,0
bc98-2983-907b,4903,7,-92.75,7,0,7,0,7,0,7,0
bc98-2983-907b,4904,7,-93.0,7,0,7,0,7,0,7,0
bc98-2983-907b,4905,7,-92.5,7,0,7,0,7,0,7,0
bc98-2983-907b,4906,7,-92.25,7,0,7,0,7,0,7,0
bc98-2983-907b,4907,7,-92.25,7,0,7,0,7,0,7,0
bc98-2983-907b,4908,7,-93.0,7,0,7,0,7,0,7,0
bc98-2983-907b,4909,7,-93.0,7,0,7,0,7,0,7,0
bc98-2983-907b,4910,7,-92.5,7,0,7,0,7,0,7,0
bc98-2983-907b,4911,7,-92.25,7,0,7,0,7,0,7,0
bc98-2983-907b,4912,7,-94.25,7,0,7,0,7,0,7,0
bc98-2983-907b,4913,7,-92.75,7,0,7,0,7,0,7,0
bc98-2983-907b,4914,7,-92.25,7,0,7,0,7,0,7,0
bc98-2983-907b,4915,7,-91.5,7,0,7,0,7,0,7,0
bc98-2983-907b,4916,7,-92.0,7,0,7,0,7,0,7,0
bc98-2983-907b,4917,7,-92.0,7,0,7,0,7,0,7,0
bc98-2983-907b,4918,7,-93.5,7,0,7,0,7,0,7,0
bc98-2983-907b,4919,5,-94.5,4,1,4,1,4,1,4,1
bc98-2983-907b,4920,5,-93.0,4,1,4,1,3,2,4,1
bc98-2983-907b,4921,5,-94.25,5,0,5,0,5,0,5,0
bc98-2983-907b,4922,5,-94.25,5,0,5,0,4,1,5,0
bc98-2983-907b,4923,5,-93.5,5,0,5,0,4,1,5,0
bc98-2983-907b,4924,5,-93.25,5,0,5,0,4,1,5,0
bc98-2983-907b,4925,5,-94.25,5,0,5,0,5,0,5,0
bc98-2983-907b,4926,5,-93.0,5,0,5,0,4,1,5,0
bc98-2983-907b,4927,5,-95.0,5,0,5,0,5,0,5,0
bc98-2983-907b,4928,5,-95.0,5,0,5,0,5,0,5,0
bc98-2983-907b,4929,5,-94.5,4,1,4,1,4,1,4,1
bc98-2983-907b,4930,5,-94.25,5,0,5,0,5,0,5,0
bc98-2983-907b,4931,5,-94.25,5,0,5,0,5,0,5,0
bc98-2983-907b,4932,5,-95.0,4,1,4,1,4,1,4,1
bc98-2983-907b,4933,5,-93.5,4,1,4,1,3,2,4,1
bc98-2983-907b,4934,5,-95.0,5,0,5,0,5,0,5,0
bc98-2983-907b,4935,5,-94.25,4,1,4,1,4,1,4,1
bc98-2983-907b,4936,5,-80.25,4,1,2,3,1,4,4,1
bc98-2983-907b,4937,5,-94.5,5,0,5,0,4,1,5,0
bc98-2983-907b,4938,5,-93.5,4,1,4,1,4,1,4,1
bc98-2983-907b,4939,5,-93.5,5,0,5,0,4,1,5,0
bc98-2983-907b,4940,5,-94.25,5,0,5,0,5,0,5,0
bc98-2983-907b,4941,5,-94.0,5,0,5,0,5,0,5,0
bc98-2983-907b,4942,5,-94.25,5,0,5,0,4,1,5,0
bc98-2983-907b,4943,5,-94.25,5,0,5,0,4,1,5,0
bc98-2983-907b,4944,5,-93.75,5,0,5,0,4,1,5,0
bc98-2983-907b,4945,5,-94.25,5,0,5,0,5,0,5,0
bc98-2983-907b,4946,5,-94.75,5,0,5,0,5,0,5,0
bc98-2983-907b,4947,5,-95.0,5,0,5,0,5,0,5,0
bc98-2983-907b,4948,5,-95.0,5,0,5,0,5,0,5,0
bc98-2983-907b,4949,5,-93.75,4,1,4,1,4,1,4,1
bc98-2983-907b,4950,5,-93.5,5,0,5,0,4,1,5,0
bc98-2983-907b,4951,5,-93.5,3,2,3,2,3,2,3,2
bc98-2983-907b,4952,5,-94.0,5,0,5,0,5,0,5,0
bc98-2983-907b,4953,5,-93.0,5,0,5,0,4,1,5,0
bc98-2983-907b,4954,5,-93.5,5,0,5,0,4,1,5,0
bc98-2983-907b,4955,5,-93.5,5,0,5,0,4,1,5,0
bc98-2983-907b,4956,5,-93.75,5,0,5,0,4,1,5,0
bc98-2983-907b,4957,5,-93.5,5,0,5,0,4,1,5,0
bc98-2983-907b,4958,5,-93.25,5,0,5,0,4,1,5,0
bc98-2983-907b,4959,5,-93.5,5,0,5,0,4,1,5,0
bc98-2983-907b,4960,5,-93.5,5,0,5,0,4,1,5,0
bc98-2983-907b,4961,5,-94.0,5,0,5,0,6,1,5,0
bc98-2983-907b,4962,5,-95.0,5,0,5,0,5,0,5,0
bc98-2983-907b,4963,5,-94.0,5,0,5,0,5,0,5,0
bc98-2983-907b,4964,5,-94.5,5,0,5,0,5,0,5,0
bc98-2983-907b,4965,5,-93.5,5,0,5,0,4,1,5,0
bc98-2983-907b,4966,5,-93.5,7,2,7,2,7,2,7,2
bc98-2983-907b,4967,5,-94.5,5,0,5,0,4,1,5,0
bc98-2983-907b,4968,5,-93.75,3,2,3,2,3,2,3,2
bc98-2983-907b,4969,5,-94.25,4,1,4,1,4,1,4,1
bc98-2983-907b,4970,5,-94.25,5,0,5,0,5,0,5,0
bc98-2983-907b,4971,5,-93.75,5,0,5,0,5,0,5,0
bc98-2983-907b,4972,5,-93.25,5,0,5,0,4,1,5,0
bc98-2983-907b,4973,5,-94.0,5,0,5,0,5,0,5,0
bc98-2983-907b,4974,5,-93.5,5,0,5,0,4,1,5,0
bc98-2983-907b,4975,5,-94.75,5,0,5,0,5,0,5,0
bc98-2983-907b,4976,5,-93.0,4,1,4,1,3,2,4,1
bc98-2983-907b,4977,5,-93.5,5,0,5,0,4,1,5,0
bc98-2983-907b,4978,5,-94.25,5,0,5,0,4,1,5,0
bc98-2983-907b,4979,5,-93.75,5,0,5,0,4,1,5,0
bc98-2983-907b,4980,5,-93.75,4,1,4,1,4,1,4,1
bc98-2983-907b,4981,5,-93.5,5,0,5,0,4,1,5,0
bc98-2983-907b,4982,5,-93.25,5,0,5,0,4,1,5,0
bc98-2983-907b,4983,5,-94.75,4,1,4,1,4,1,4,1
bc98-2983-907b,4984,5,-94.0,5,0,5,0,5,0,5,0
bc98-2983-907b,4985,5,-94.5,5,0,5,0,4,1,5,0
bc98-2983-907b,4986,5,-94.25,5,0,5,0,5,0,5,0
bc98-2983-907b,4987,5,-94.25,5,0,5,0,5,0,5,0
bc98-2983-907b,4988,5,-94.5,3,2,3,2,3,2,3,2
bc98-2983-907b,4989,5,-94.0,5,0,5,0,5,0,5,0
bc98-2983-907b,4990,5,-93.75,5,0,5,0,4,1,5,0
bc98-2983-907b,4991,5,-94.5,4,1,4,1,4,1,4,1
bc98-2983-907b,4992,5,-93.75,5,0,5,0,5,0,5,0
bc98-2983-907b,4993,5,-93.5,5,0,5,0,4,1,5,0
bc98-2983-907b,4994,5,-93.0,5,0,5,0,4,1,5,0
bc98-2983-907b,4995,5,-94.0,5,0,5,0,5,0,5,0
bc98-2983-907b,4996,5,-94.5,5,0,5,0,5,0,5,0
bc98-2983-907b,4997,5,-95.0,5,0,5,0,5,0,5,0
bc98-2983-907b,4998,5,-94.0,5,0,5,0,5,0,5,0
bc98-2983-907b,4999,5,-93.5,5,0,5,0,4,1,5,0
bc98-2983-907b,5000,5,-93.5,5,0,5,0,4,1,5,0
bc98-2983-907b,5001,5,-94.0,5,0,5,0,4,1,5,0
bc98-2983-907b,5002,5,-93.75,4,1,4,1,4,1,4,1
bc98-2983-907b,5003,5,-94.5,5,0,5,0,5,0,5,0
bc98-2983-907b,5004,5,-94.75,5,0,5,0,5,0,5,0
bc98-2983-907b,5005,5,-94.5,4,1,4,1,4,1,4,1
bc98-2983-907b,5006,5,-93.25,5,0,5,0,4,1,5,0
bc98-2983-907b,5007,5,-94.0,5,0,5,0,5,0,5,0
bc98-2983-907b,5008,5,-94.25,5,0,5,0,4,1,5,0
bc98-2983-907b,5009,5,-95.25,5,0,5,0,5,0,5,0
bc98-2983-907b,5010,5,-95.0,5,0,5,0,5,0,5,0
bc98-2983-907b,5011,4,-94.25,4,0,4,0,4,0,4,0
bc98-2983-907b,5012,4,-94.5,4,0,4,0,4,0,4,0
bc98-2983-907b,5013,4,-94.25,4,0,4,0,4,0,4,0
bc98-2983-907b,5014,4,-94.0,4,0,4,0,4,0,4,0
bc98-2983-907b,5015,4,-95.0,4,0,5,1,5,1,4,0
bc98-2983-907b,5016,4,-94.5,4,0,4,0,4,0,4,0
bc98-2983-907b,5017,4,-94.75,4,0,4,0,4,0,4,0
bc98-2983-907b,5018,4,-95.25,4,0,4,0,4,0,4,0
bc98-2983-907b,5019,4,-94.75,5,1,5,1,5,1,5,1
bc98-2983-907b,5020,4,-94.25,4,0,4,0,4,0,4,0
bc98-2983-907b,5021,5,-95.0,4,1,5,0,5,0,4,1
bc98-2983-907b,5022,5,-94.75,5,0,5,0,5,0,5,0
bc98-2983-907b,5023,4,-94.25,4,0,5,1,5,1,4,0
bc98-2983-907b,5024,4,-94.75,4,0,4,0,4,0,4,0
bc98-2983-907b,5025,4,-95.25,4,0,4,0,4,0,4,0
bc98-2983-907b,5026,5,-94.75,4,1,4,1,4,1,4,1
bc98-2983-907b,5027,5,-95.0,4,1,4,1,4,1,4,1
bc98-2983-907b,5028,5,-94.0,4,1,4,1,4,1,4,1
bc98-2983-907b,5029,3,-94.75,4,1,4,1,4,1,4,1
bc98-2983-907b,5030,3,-95.0,4,1,5,2,5,2,4,1
bc98-2983-907b,5031,4,-95.0,4,0,4,0,4,0,4,0
bc98-2983-907b,5032,4,-95.25,4,0,4,0,4,0,4,0
bc98-2983-907b,5033,4,-94.0,4,0,4,0,4,0,4,0
bc98-2983-907b,5034,4,-94.25,4,0,5,1,4,0,4,0
bc98-2983-907b,5035,4,-94.75,5,1,5,1,5,1,5,1
bc98-2983-907b,5036,4,-93.75,4,0,5,1,4,0,4,0
bc98-2983-907b,5037,4,-94.75,5,1,5,1,5,1,5,1
bc98-2983-907b,5038,5,-94.5,5,0,5,0,5,0,5,0
bc98-2983-907b,5039,4,-95.0,4,0,5,1,5,1,4,0
bc98-2983-907b,5040,4,-94.5,4,0,5,1,5,1,4,0
bc98-2983-907b,5041,4,-95.25,4,0,4,0,4,0,4,0
bc98-2983-907b,5042,4,-94.25,4,0,4,0,4,0,4,0
bc98-2983-907b,5043,4,-94.75,4,0,5,1,4,0,4,0
bc98-2983-907b,5044,4,-94.5,4,0,5,1,4,0,4,0
bc98-2983-907b,5045,4,-94.75,4,0,4,0,4,0,4,0
bc98-2983-907b,5046,4,-95.25,4,0,4,0,4,0,4,0
bc98-2983-907b,5047,4,-94.75,4,0,4,0,4,0,4,0
bc98-2983-907b,5048,4,-95.0,4,0,4,0,4,0,4,0
bc98-2983-907b,5049,4,-93.75,5,1,5,1,4,0,5,1
bc98-2983-907b,5050,4,-94.75,4,0,5,1,5,1,4,0
bc98-2983-907b,5051,4,-94.25,4,0,4,0,4,0,4,0
bc98-2983-907b,5052,4,-94.5,4,0,4,0,4,0,4,0
bc98-2983-907b,5053,4,-94.25,4,0,4,0,4,0,4,0
bc98-2983-907b,5054,4,-93.75,4,0,4,0,4,0,4,0
bc98-2983-907b,5055,5,-94.0,4,1,4,1,3,2,4,1
bc98-2983-907b,5056,5,-94.75,4,1,4,1,4,1,4,1
bc98-2983-907b,5057,5,-93.5,4,1,4,1,4,1,4,1
bc98-2983-907b,5058,5,-94.0,4,1,4,1,4,1,4,1
bc98-2983-907b,5059,5,-93.75,4,1,4,1,4,1,4,1
bc98-2983-907b,5060,5,-93.75,4,1,4,1,3,2,4,1
bc98-2983-907b,5061,5,-80.75,4,1,2,3,1,4,4,1
bc98-2983-907b,5062,5,-94.25,4,1,4,1,4,1,4,1
bc98-2983-907b,5063,5,-93.5,4,1,4,1,3,2,4,1
bc98-2983-907b,5064,5,-93.75,4,1,4,1,4,1,4,1
bc98-2983-907b,5065,5,-94.0,4,1,4,1,3,2,4,1
bc98-2983-907b,5066,5,-94.5,4,1,4,1,4,1,4,1
bc98-2983-907b,5067,5,-93.5,4,1,4,1,4,1,4,1
bc98-2983-907b,5068,5,-93.75,4,1,4,1,3,2,4,1
bc98-2983-907b,5069,5,-93.75,4,1,4,1,4,1,4,1
bc98-2983-907b,5070,5,-94.0,4,1,5,0,5,0,4,1
bc98-2983-907b,5071,5,-93.5,4,1,4,1,3,2,4,1
bc98-2983-907b,5072,5,-94.0,4,1,4,1,3,2,4,1
bc98-2983-907b,5073,5,-94.25,4,1,4,1,4,1,4,1
bc98-2983-907b,5074,5,-93.0,4,1,3,2,3,2,4,1
bc98-2983-907b,5075,5,-94.75,4,1,4,1,4,1,4,1
bc98-2983-907b,5076,5,-93.75,4,1,4,1,3,2,4,1
bc98-2983-907b,5077,5,-94.5,4,1,4,1,4,1,4,1
bc98-2983-907b,5078,5,-93.5,4,1,4,1,3,2,4,1
bc98-2983-907b,5079,5,-94.75,4,1,4,1,4,1,4,1
bc98-2983-907b,5080,5,-94.5,4,1,4,1,4,1,4,1
bc98-2983-907b,5081,5,-95.0,4,1,4,1,4,1,4,1
bc98-2983-907b,5082,5,-95.25,4,1,4,1,4,1,4,1
bc98-2983-907b,5083,5,-94.25,4,1,4,1,4,1,4,1
bc98-2983-907b,5084,5,-94.5,4,1,4,1,4,1,4,1
bc98-2983-907b,5085,5,-94.75,5,0,5,0,5,0,5,0
bc98-2983-907b,5086,5,-95.25,4,1,4,1,4,1,4,1
bc98-2983-907b,5087,3,-95.0,4,1,4,1,4,1,4,1
bc98-2983-907b,5088,3,-95.25,4,1,4,1,4,1,4,1
bc98-2983-907b,5089,3,-94.5,4,1,4,1,4,1,4,1
bc98-2983-907b,5090,3,-94.75,4,1,4,1,4,1,4,1
bc98-2983-907b,5091,3,-94.25,4,1,4,1,4,1,4,1
bc98-2983-907b,5092,3,-94.75,5,2,5,2,5,2,5,2
bc98-2983-907b,5093,3,-94.5,4,1,4,1,4,1,4,1
bc98-2983-907b,5094,3,-94.75,4,1,4,1,4,1,4,1
bc98-2983-907b,5095,3,-94.75,5,2,5,2,5,2,5,2
bc98-2983-907b,5096,3,-94.75,4,1,4,1,4,1,4,1
bc98-2983-907b,5097,3,-95.0,4,1,4,1,4,1,4,1
bc98-2983-907b,5098,3,-94.5,4,1,4,1,4,1,4,1
bc98-2983-907b,5099,3,-93.0,4,1,4,1,4,1,4,1
bc98-2983-907b,5100,3,-94.75,5,2,5,2,5,2,5,2
bc98-2983-907b,5101,3,-94.5,4,1,4,1,4,1,4,1
bc98-2983-907b,5102,3,-94.75,4,1,4,1,4,1,4,1
bc98-2983-907b,5103,3,-94.25,4,1,4,1,4,1,4,1
bc98-2983-907b,5104,3,-92.25,4,1,4,1,4,1,4,1
bc98-2983-907b,5105,3,-94.75,4,1,4,1,4,1,4,1
bc98-2983-907b,5106,3,-95.25,4,1,4,1,4,1,4,1
bc98-2983-907b,5107,3,-94.75,4,1,4,1,4,1,4,1
bc98-2983-907b,5108,3,-92.75,4,1,4,1,3,0,4,1
bc98-2983-907b,5109,3,-94.75,4,1,4,1,4,1,4,1
bc98-2983-907b,5110,3,-95.25,4,1,4,1,4,1,4,1
bc98-2983-907b,5111,4,-92.75,4,0,4,0,4,0,4,0
bc98-2983-907b,5112,3,-94.75,4,1,4,1,4,1,4,1
bc98-2983-907b,5113,3,-92.75,4,1,4,1,4,1,4,1
bc98-2983-907b,5114,3,-93.5,4,1,4,1,4,1,4,1
bc98-2983-907b,5115,3,-95.0,4,1,4,1,4,1,4,1
bc98-2983-907b,5116,3,-93.0,4,1,4,1,4,1,4,1
bc98-2983-907b,5117,3,-93.0,4,1,4,1,4,1,4,1
bc98-2983-907b,5118,3,-93.0,4,1,4,1,3,0,4,1
bc98-2983-907b,5119,3,-95.25,4,1,5,2,4,1,4,1
bc98-2983-907b,5120,3,-94.5,4,1,4,1,4,1,4,1
bc98-2983-907b,5121,3,-93.0,4,1,4,1,4,1,4,1
bc98-2983-907b,5122,3,-94.75,4,1,4,1,4,1,4,1
bc98-2983-907b,5123,4,-94.0,4,0,4,0,4,0,4,0
bc98-2983-907b,5124,3,-94.5,4,1,4,1,4,1,4,1
bc98-2983-907b,5125,3,-93.5,4,1,4,1,4,1,4,1
bc98-2983-907b,5126,4,-94.75,4,0,4,0,4,0,4,0
bc98-2983-907b,5127,3,-92.5,5,2,5,2,4,1,5,2
bc98-2983-907b,5128,3,-94.25,5,2,5,2,5,2,5,2
bc98-2983-907b,5129,3,-94.75,4,1,4,1,4,1,4,1
bc98-2983-907b,5130,3,-95.25,4,1,4,1,4,1,4,1
bc98-2983-907b,5131,3,-94.5,4,1,4,1,4,1,4,1
bc98-2983-907b,5132,3,-95.0,4,1,4,1,4,1,4,1
bc98-2983-907b,5133,3,-94.75,4,1,4,1,4,1,4,1
bc98-2983-907b,5134,3,-93.25,4,1,4,1,4,1,4,1
bc98-2983-907b,5135,3,-94.75,4,1,4,1,4,1,4,1
bc98-2983-907b,5136,3,-94.75,5,2,5,2,5,2,5,2
bc98-2983-907b,5137,3,-94.5,4,1,4,1,4,1,4,1
bc98-2983-907b,5138,3,-95.0,4,1,4,1,4,1,4,1
bc98-2983-907b,5139,3,-94.0,3,0,3,0,3,0,3,0
bc98-2983-907b,5140,3,-94.75,4,1,4,1,4,1,4,1
bc98-2983-907b,5141,3,-94.5,4,1,4,1,4,1,4,1
bc98-2983-907b,5142,3,-94.75,4,1,4,1,4,1,4,1
bc98-2983-907b,5143,3,-94.75,4,1,4,1,4,1,4,1
bc98-2983-907b,5144,3,-94.75,4,1,4,1,4,1,4,1
bc98-2983-907b,5145,3,-95.25,4,1,4,1,4,1,4,1
bc98-2983-907b,5146,3,-95.0,4,1,4,1,4,1,4,1
bc98-2983-907b,5147,2,-95.25,4,2,4,2,4,2,4,2
bc98-2983-907b,5148,3,-94.25,3,0,3,0,3,0,3,0
bc98-2983-907b,5149,3,-93.75,3,0,2,1,2,1,3,0
bc98-2983-907b,5150,3,-94.75,3,0,3,0,3,0,3,0
bc98-2983-907b,5151,3,-93.75,5,2,5,2,6,3,5,2
bc98-2983-907b,5152,3,-92.75,2,1,2,1,2,1,2,1
bc98-2983-907b,5153,3,-94.25,5,2,5,2,5,2,5,2
bc98-2983-907b,5154,3,-94.0,3,0,3,0,2,1,3,0
bc98-2983-907b,5155,3,-94.25,3,0,3,0,3,0,3,0
bc98-2983-907b,5156,3,-92.5,3,0,2,1,2,1,3,0
bc98-2983-907b,5157,3,-93.5,3,0,2,1,2,1,3,0
bc98-2983-907b,5158,3,-92.5,3,0,2,1,2,1,3,0
bc98-2983-907b,5159,3,-94.25,3,0,3,0,3,0,3,0
bc98-2983-907b,5160,3,-94.0,3,0,3,0,2,1,3,0
bc98-2983-907b,5161,3,-94.25,3,0,3,0,3,0,3,0
bc98-2983-907b,5162,3,-93.75,3,0,3,0,3,0,3,0
bc98-2983-907b,5163,3,-94.0,2,1,2,1,2,1,2,1
bc98-2983-907b,5164,3,-93.0,3,0,2,1,2,1,3,0
bc98-2983-907b,5165,3,-93.0,5,2,5,2,4,1,5,2
bc98-2983-907b,5166,3,-94.0,3,0,2,1,2,1,3,0
bc98-2983-907b,5167,3,-93.75,3,0,2,1,2,1,3,0
bc98-2983-907b,5168,3,-93.75,3,0,2,1,2,1,3,0
bc98-2983-907b,5169,2,-93.5,2,0,2,0,2,0,2,0
bc98-2983-907b,5170,2,-93.5,3,1,2,0,2,0,3,1
bc98-2983-907b,5171,2,-94.0,3,1,2,0,2,0,3,1
bc98-2983-907b,5172,2,-94.25,3,1,3,1,3,1,3,1
bc98-2983-907b,5173,3,-94.5,3,0,3,0,3,0,3,0
bc98-2983-907b,5174,3,-93.5,3,0,2,1,2,1,3,0
bc98-2983-907b,5175,3,-93.5,3,0,2,1,2,1,3,0
bc98-2983-907b,5176,3,-93.5,3,0,2,1,2,1,3,0
bc98-2983-907b,5177,3,-93.75,3,0,2,1,2,1,3,0
bc98-2983-907b,5178,3,-94.25,3,0,3,0,3,0,3,0
bc98-2983-907b,5179,3,-93.25,2,1,2,1,2,1,2,1
bc98-2983-907b,5180,3,-93.75,3,0,2,1,2,1,3,0
bc98-2983-907b,5181,3,-94.25,2,1,2,1,2,1,2,1
bc98-2983-907b,5182,3,-93.75,3,0,2,1,2,1,3,0
bc98-2983-907b,5183,3,-94.25,3,0,3,0,3,0,3,0
bc98-2983-907b,5184,3,-93.5,3,0,2,1,2,1,3,0
bc98-2983-907b,5185,3,-93.0,2,1,2,1,2,1,2,1
bc98-2983-907b,5186,3,-94.5,5,2,5,2,5,2,5,2
bc98-2983-907b,5187,3,-93.5,3,0,2,1,2,1,3,0
bc98-2983-907b,5188,3,-93.25,3,0,2,1,2,1,3,0
bc98-2983-907b,5189,3,-92.5,3,0,3,0,3,0,3,0
bc98-2983-907b,5190,3,-94.0,3,0,2,1,2,1,3,0
bc98-2983-907b,5191,3,-94.5,3,0,3,0,3,0,3,0
bc98-2983-907b,5192,3,-94.25,5,2,5,2,5,2,5,2
bc98-2983-907b,5193,3,-94.5,3,0,3,0,3,0,3,0
bc98-2983-907b,5194,3,-94.5,3,0,3,0,3,0,3,0
bc98-2983-907b,5195,3,-92.0,3,0,2,1,2,1,3,0
bc98-2983-907b,5196,3,-92.75,3,0,2,1,2,1,3,0
bc98-2983-907b,5197,3,-94.5,3,0,3,0,3,0,3,0
bc98-2983-907b,5198,3,-94.25,3,0,3,0,3,0,3,0
bc98-2983-907b,5199,3,-95.0,3,0,3,0,3,0,3,0
bc98-2983-907b,5200,3,-95.25,3,0,3,0,3,0,3,0
bc98-2983-907b,5201,3,-94.5,2,1,2,1,2,1,2,1
bc98-2983-907b,5202,3,-95.75,3,0,3,0,3,0,3,0
bc98-2983-907b,5203,3,-95.25,3,0,3,0,3,0,3,0
bc98-2983-907b,5204,3,-95.0,3,0,3,0,3,0,3,0
bc98-2983-907b,5205,3,-94.75,3,0,3,0,3,0,3,0
bc98-2983-907b,5206,3,-94.75,3,0,3,0,3,0,3,0
bc98-2983-907b,5207,4,-94.5,3,1,3,1,3,1,3,1
bc98-2983-907b,5208,3,-95.0,3,0,3,0,3,0,3,0
bc98-2983-907b,5209,3,-94.5,3,0,3,0,3,0,3,0
bc98-2983-907b,5210,3,-94.5,3,0,3,0,3,0,3,0
bc98-2983-907b,5211,3,-94.75,3,0,3,0,3,0,3,0
bc98-2983-907b,5212,3,-95.0,3,0,3,0,3,0,3,0
bc98-2983-907b,5213,3,-94.75,3,0,3,0,3,0,3,0
bc98-2983-907b,5214,3,-94.0,3,0,3,0,3,0,3,0
bc98-2983-907b,5215,3,-94.5,3,0,3,0,3,0,3,0
bc98-2983-907b,5216,4,-95.0,2,2,2,2,2,2,2,2
bc98-2983-907b,5217,3,-94.75,3,0,3,0,3,0,3,0
bc98-2983-907b,5218,4,-95.0,3,1,3,1,3,1,3,1
bc98-2983-907b,5219,3,-94.0,3,0,3,0,3,0,3,0
bc98-2983-907b,5220,3,-94.5,2,1,2,1,2,1,2,1
bc98-2983-907b,5221,3,-94.5,3,0,3,0,3,0,3,0
bc98-2983-907b,5222,3,-95.0,3,0,3,0,3,0,3,0
bc98-2983-907b,5223,3,-95.0,3,0,3,0,3,0,3,0
bc98-2983-907b,5224,3,-95.25,3,0,3,0,3,0,3,0
bc98-2983-907b,5225,3,-94.5,3,0,3,0,3,0,3,0
bc98-2983-907b,5226,3,-94.75,2,1,2,1,2,1,2,1
bc98-2983-907b,5227,3,-95.25,3,0,3,0,3,0,3,0
bc98-2983-907b,5228,3,-94.75,3,0,3,0,3,0,3,0
bc98-2983-907b,5229,3,-95.25,3,0,3,0,3,0,3,0
bc98-2983-907b,5230,3,-95.25,2,1,2,1,2,1,2,1
bc98-2983-907b,5231,3,-94.5,3,0,3,0,3,0,3,0
bc98-2983-907b,5232,3,-95.25,3,0,3,0,3,0,3,0
bc98-2983-907b,5233,4,-94.25,3,1,3,1,3,1,3,1
bc98-2983-907b,5234,3,-95.5,3,0,3,0,3,0,3,0
bc98-2983-907b,5235,3,-94.75,3,0,3,0,3,0,3,0
bc98-2983-907b,5236,3,-95.25,2,1,2,1,2,1,2,1
bc98-2983-907b,5237,4,-95.0,2,2,2,2,2,2,2,2
bc98-2983-907b,5238,3,-94.5,3,0,3,0,3,0,3,0
bc98-2983-907b,5239,3,-93.75,3,0,3,0,2,1,3,0
bc98-2983-907b,5240,3,-95.0,2,1,2,1,2,1,2,1
bc98-2983-907b,5241,3,-94.75,3,0,3,0,3,0,3,0
bc98-2983-907b,5242,3,-94.75,3,0,3,0,3,0,3,0
bc98-2983-907b,5243,3,-94.5,3,0,3,0,3,0,3,0
bc98-2983-907b,5244,3,-95.0,3,0,3,0,3,0,3,0
bc98-2983-907b,5245,3,-94.75,3,0,3,0,3,0,3,0
bc98-2983-907b,5246,3,-94.75,3,0,3,0,3,0,3,0
bc98-2983-907b,5247,3,-95.0,2,1,2,1,2,1,2,1
bc98-2983-907b,5248,3,-95.25,3,0,3,0,3,0,3,0
bc98-2983-907b,5249,3,-94.5,3,0,3,0,3,0,3,0
bc98-2983-907b,5250,3,-95.5,3,0,3,0,3,0,3,0
bc98-2983-907b,5251,3,-95.0,3,0,3,0,3,0,3,0
bc98-2983-907b,5252,3,-95.0,3,0,3,0,3,0,3,0
bc98-2983-907b,5253,3,-94.75,3,0,3,0,3,0,3,0
bc98-2983-907b,5254,3,-95.25,3,0,3,0,3,0,3,0
bc98-2983-907b,5255,3,-94.5,3,0,3,0,3,0,3,0
bc98-2983-907b,5256,2,-94.75,4,2,4,2,4,2,4,2
bc98-2983-907b,5257,2,-95.25,3,1,3,1,3,1,3,1
bc98-2983-907b,5258,2,-95.0,3,1,3,1,3,1,3,1
bc98-2983-907b,5259,2,-94.5,3,1,3,1,3,1,3,1
bc98-2983-907b,5260,2,-93.0,3,1,2,0,2,0,3,1
bc98-2983-907b,5261,2,-95.0,3,1,3,1,3,1,3,1
bc98-2983-907b,5262,2,-95.25,3,1,3,1,3,1,3,1
bc98-2983-907b,5263,2,-95.25,5,3,5,3,5,3,5,3
bc98-2983-907b,5264,2,-95.0,3,1,3,1,3,1,3,1
bc98-2983-907b,5265,2,-95.25,3,1,3,1,3,1,3,1
bc98-2983-907b,5266,2,-95.0,3,1,3,1,3,1,3,1
bc98-2983-907b,5267,2,-95.25,2,0,2,0,2,0,2,0
bc98-2983-907b,5268,2,-95.0,4,2,4,2,4,2,4,2
bc98-2983-907b,5269,2,-95.0,2,0,2,0,2,0,2,0
bc98-2983-907b,5270,2,-95.0,3,1,3,1,3,1,3,1
bc98-2983-907b,5271,2,-94.5,3,1,3,1,3,1,3,1
bc98-2983-907b,5272,2,-95.5,4,2,4,2,4,2,4,2
bc98-2983-907b,5273,2,-93.5,3,1,2,0,2,0,3,1
bc98-2983-907b,5274,2,-95.0,2,0,2,0,2,0,2,0
bc98-2983-907b,5275,2,-95.75,4,2,4,2,4,2,4,2
bc98-2983-907b,5276,2,-95.0,4,2,4,2,4,2,4,2
bc98-2983-907b,5277,2,-94.75,3,1,3,1,3,1,3,1
bc98-2983-907b,5278,2,-95.25,3,1,3,1,3,1,3,1
bc98-2983-907b,5279,2,-95.25,3,1,3,1,3,1,3,1
bc98-2983-907b,5280,2,-95.5,3,1,3,1,3,1,3,1
bc98-2983-907b,5281,2,-95.25,4,2,4,2,4,2,4,2
bc98-2983-907b,5282,2,-94.5,4,2,4,2,4,2,4,2
bc98-2983-907b,5283,2,-95.0,4,2,4,2,4,2,4,2
bc98-2983-907b,5284,2,-95.0,3,1,3,1,3,1,3,1
bc98-2983-907b,5285,2,-95.25,3,1,3,1,3,1,3,1
bc98-2983-907b,5286,2,-94.75,3,1,3,1,3,1,3,1
bc98-2983-907b,5287,2,-95.25,3,1,3,1,3,1,3,1
bc98-2983-907b,5288,2,-95.0,2,0,2,0,2,0,2,0
bc98-2983-907b,5289,2,-95.0,2,0,2,0,2,0,2,0
bc98-2983-907b,5290,2,-95.0,2,0,2,0,2,0,2,0
bc98-2983-907b,5291,2,-95.0,3,1,3,1,3,1,3,1
bc98-2983-907b,5292,2,-95.0,3,1,3,1,3,1,3,1
bc98-2983-907b,5293,2,-94.75,3,1,3,1,3,1,3,1
bc98-2983-907b,5294,2,-95.25,2,0,2,0,2,0,2,0
bc98-2983-907b,5295,2,-95.0,2,0,2,0,2,0,2,0
bc98-2983-907b,5296,2,-95.25,3,1,3,1,3,1,3,1
bc98-2983-907b,5297,2,-95.5,2,0,2,0,2,0,2,0
bc98-2983-907b,5298,2,-93.25,2,0,2,0,2,0,2,0
bc98-2983-907b,5299,2,-95.0,2,0,2,0,2,0,2,0
bc98-2983-907b,5300,2,-95.25,2,0,2,0,2,0,2,0
bc98-2983-907b,5301,2,-94.75,3,1,3,1,3,1,3,1
bc98-2983-907b,5302,2,-95.0,2,0,2,0,2,0,2,0
bc98-2983-907b,5303,2,-95.0,3,1,3,1,3,1,3,1
bc98-2983-907b,5304,2,-95.0,3,1,3,1,3,1,3,1
bc98-2983-907b,5305,2,-95.75,2,0,2,0,2,0,2,0
bc98-2983-907b,5306,2,-95.0,3,1,3,1,3,1,3,1
bc98-2983-907b,5307,2,-94.75,3,1,3,1,3,1,3,1
bc98-2983-907b,5308,2,-94.75,3,1,3,1,3,1,3,1
bc98-2983-907b,5309,2,-95.0,3,1,3,1,3,1,3,1
bc98-2983-907b,5310,2,-94.75,2,0,2,0,2,0,2,0
bc98-2983-907b,5311,2,-94.75,3,1,3,1,3,1,3,1
bc98-2983-907b,5312,2,-94.75,3,1,3,1,3,1,3,1
bc98-2983-907b,5313,2,-95.0,3,1,3,1,3,1,3,1
bc98-2983-907b,5314,2,-94.75,3,1,3,1,3,1,3,1
bc98-2983-907b,5315,2,-95.25,4,2,4,2,4,2,4,2
bc98-2983-907b,5316,2,-95.25,4,2,4,2,4,2,4,2
bc98-2983-907b,5317,2,-95.0,3,1,3,1,3,1,3,1
bc98-2983-907b,5318,2,-94.75,4,2,4,2,4,2,4,2
bc98-2983-907b,5319,2,-95.0,4,2,4,2,4,2,4,2
bc98-2983-907b,5320,2,-94.5,4,2,4,2,4,2,4,2
bc98-2983-907b,5321,2,-95.25,4,2,4,2,4,2,4,2
bc98-2983-907b,5322,2,-95.0,4,2,4,2,4,2,4,2
bc98-2983-907b,5323,2,-95.0,4,2,4,2,4,2,4,2
bc98-2983-907b,5324,2,-94.25,4,2,4,2,4,2,4,2
bc98-2983-907b,5325,2,-94.75,4,2,4,2,4,2,4,2
bc98-2983-907b,5326,2,-95.25,3,1,3,1,3,1,3,1
bc98-2983-907b,5327,2,-94.75,3,1,3,1,3,1,3,1
bc98-2983-907b,5328,2,-94.5,4,2,4,2,4,2,4,2
bc98-2983-907b,5329,2,-95.5,4,2,4,2,4,2,4,2
bc98-2983-907b,5330,2,-95.0,4,2,4,2,4,2,4,2
bc98-2983-907b,5331,2,-94.75,4,2,4,2,4,2,4,2
bc98-2983-907b,5332,2,-94.75,3,1,3,1,3,1,3,1
bc98-2983-907b,5333,2,-95.0,3,1,3,1,3,1,3,1
bc98-2983-907b,5334,2,-95.25,4,2,4,2,4,2,4,2
bc98-2983-907b,5335,2,-94.5,4,2,4,2,4,2,4,2
bc98-2983-907b,5336,2,-95.0,4,2,4,2,4,2,4,2
bc98-2983-907b,5337,2,-94.75,4,2,4,2,4,2,4,2
bc98-2983-907b,5338,2,-94.75,4,2,4,2,4,2,4,2
bc98-2983-907b,5339,2,-95.25,4,2,4,2,4,2,4,2
bc98-2983-907b,5340,2,-94.75,4,2,4,2,4,2,4,2
bc98-2983-907b,5341,2,-94.75,4,2,4,2,4,2,4,2
bc98-2983-907b,5342,2,-94.75,5,3,5,3,5,3,5,3
bc98-2983-907b,5343,2,-94.25,4,2,4,2,4,2,4,2
bc98-2983-907b,5344,2,-94.75,4,2,4,2,4,2,4,2
bc98-2983-907b,5345,2,-95.0,4,2,4,2,4,2,4,2
bc98-2983-907b,5346,2,-94.75,4,2,4,2,4,2,4,2
bc98-2983-907b,5347,2,-95.0,4,2,4,2,4,2,4,2
bc98-2983-907b,5348,2,-95.25,4,2,4,2,4,2,4,2
bc98-2983-907b,5349,2,-95.0,4,2,4,2,4,2,4,2
bc98-2983-907b,5350,2,-95.0,4,2,4,2,4,2,4,2
bc98-2983-907b,5351,2,-94.5,4,2,4,2,4,2,4,2
bc98-2983-907b,5352,2,-94.0,4,2,4,2,4,2,4,2
bc98-2983-907b,5353,2,-95.25,4,2,4,2,4,2,4,2
bc98-2983-907b,5354,2,-94.75,4,2,4,2,4,2,4,2
bc98-2983-907b,5355,2,-94.25,4,2,4,2,4,2,4,2
bc98-2983-907b,5356,2,-95.0,4,2,4,2,4,2,4,2
bc98-2983-907b,5357,2,-94.75,4,2,4,2,4,2,4,2
bc98-2983-907b,5358,2,-94.0,4,2,4,2,4,2,4,2
bc98-2983-907b,5359,2,-95.25,4,2,4,2,4,2,4,2
bc98-2983-907b,5360,2,-95.0,4,2,4,2,4,2,4,2
bc98-2983-907b,5361,2,-95.0,4,2,4,2,4,2,4,2
bc98-2983-907b,5362,3,-94.25,4,1,4,1,4,1,4,1
bc98-2983-907b,5363,2,-94.0,3,1,3,1,3,1,3,1
bc98-2983-907b,5364,2,-94.75,4,2,4,2,4,2,4,2
bc98-2983-907b,5365,2,-94.5,4,2,4,2,4,2,4,2
bc98-2983-907b,5366,2,-94.75,4,2,4,2,4,2,4,2
bc98-2983-907b,5367,2,-94.75,4,2,4,2,4,2,4,2
bc98-2983-907b,5368,2,-93.5,4,2,4,2,4,2,4,2
bc98-2983-907b,5369,2,-95.0,4,2,4,2,4,2,4,2
bc98-2983-907b,5370,2,-95.0,4,2,4,2,4,2,4,2
bc98-2983-907b,5371,2,-94.25,4,2,4,2,4,2,4,2
bc98-2983-907b,5372,2,-94.5,3,1,3,1,3,1,3,1
bc98-2983-907b,5373,2,-95.25,4,2,4,2,4,2,4,2
bc98-2983-907b,5374,2,-94.75,4,2,4,2,4,2,4,2
bc98-2983-907b,5375,2,-94.75,4,2,4,2,4,2,4,2
bc98-2983-907b,5376,2,-94.75,4,2,4,2,4,2,4,2
bc98-2983-907b,5377,2,-94.75,4,2,4,2,4,2,4,2
bc98-2983-907b,5378,2,-94.75,4,2,4,2,4,2,4,2
bc98-2983-907b,5379,2,-94.75,4,2,4,2,4,2,4,2
bc98-2983-907b,5380,2,-95.0,4,2,4,2,4,2,4,2
bc98-2983-907b,5381,2,-94.5,4,2,4,2,4,2,4,2
bc98-2983-907b,5382,2,-95.25,4,2,4,2,4,2,4,2
bc98-2983-907b,5383,2,-95.0,4,2,4,2,4,2,4,2
bc98-2983-907b,5384,2,-94.75,4,2,4,2,4,2,4,2
bc98-2983-907b,5385,2,-94.75,4,2,4,2,4,2,4,2
bc98-2983-907b,5386,2,-94.5,4,2,4,2,4,2,4,2
bc98-2983-907b,5387,2,-94.25,4,2,4,2,4,2,4,2
bc98-2983-907b,5388,2,-94.75,4,2,4,2,4,2,4,2
bc98-2983-907b,5389,2,-94.75,4,2,4,2,4,2,4,2
bc98-2983-907b,5390,2,-94.5,4,2,4,2,4,2,4,2
bc98-2983-907b,5391,2,-95.75,4,2,4,2,5,3,4,2
bc98-2983-907b,5392,2,-95.0,4,2,4,2,4,2,4,2
bc98-2983-907b,5393,2,-94.5,4,2,4,2,4,2,4,2
bc98-2983-907b,5394,2,-94.75,4,2,4,2,4,2,4,2
bc98-2983-907b,5395,2,-95.0,4,2,4,2,4,2,4,2
bc98-2983-907b,5396,2,-94.5,4,2,4,2,4,2,4,2
bc98-2983-907b,5397,2,-95.25,4,2,4,2,4,2,4,2
bc98-2983-907b,5398,2,-94.75,4,2,4,2,4,2,4,2
bc98-2983-907b,5399,2,-95.0,4,2,4,2,4,2,4,2
bc98-2983-907b,5400,2,-94.0,4,2,4,2,4,2,4,2
bc98-2983-907b,5401,2,-95.25,4,2,4,2,4,2,4,2
bc98-2983-907b,5402,2,-94.75,4,2,4,2,4,2,4,2
bc98-2983-907b,5403,2,-95.0,4,2,4,2,4,2,4,2
bc98-2983-907b,5404,2,-95.0,4,2,4,2,4,2,4,2
bc98-2983-907b,5405,2,-94.0,4,2,4,2,4,2,4,2
bc98-2983-907b,5406,2,-94.75,4,2,4,2,4,2,4,2
bc98-2983-907b,5407,2,-95.25,4,2,4,2,4,2,4,2
bc98-2983-907b,5408,2,-94.75,4,2,4,2,4,2,4,2
bc98-2983-907b,5409,2,-94.5,4,2,4,2,4,2,4,2
bc98-2983-907b,5410,2,-94.75,4,2,4,2,4,2,4,2
bc98-2983-907b,5411,2,-95.25,4,2,4,2,4,2,4,2
bc98-2983-907b,5412,2,-94.5,4,2,4,2,4,2,4,2
bc98-2983-907b,5413,2,-94.5,4,2,4,2,4,2,4,2
bc98-2983-907b,5414,2,-95.5,4,2,4,2,5,3,4,2
bc98-2983-907b,5415,2,-95.0,5,3,5,3,5,3,5,3
bc98-2983-907b,5416,2,-94.0,5,3,5,3,5,3,5,3
bc98-2983-907b,5417,2,-94.75,5,3,5,3,5,3,5,3
bc98-2983-907b,5418,2,-94.25,4,2,4,2,4,2,4,2
bc98-2983-907b,5419,2,-94.75,4,2,4,2,4,2,4,2
bc98-2983-907b,5420,2,-94.75,5,3,5,3,5,3,5,3
bc98-2983-907b,5421,2,-95.0,4,2,4,2,4,2,4,2
bc98-2983-907b,5422,2,-95.25,4,2,4,2,4,2,4,2
bc98-2983-907b,5423,2,-95.0,4,2,4,2,4,2,4,2
bc98-2983-907b,5424,2,-94.75,4,2,4,2,4,2,4,2
bc98-2983-907b,5425,2,-95.0,4,2,4,2,4,2,4,2
bc98-2983-907b,5426,2,-94.25,4,2,4,2,4,2,4,2
bc98-2983-907b,5427,2,-94.5,5,3,5,3,4,2,5,3
bc98-2983-907b,5428,2,-95.25,2,0,2,0,2,0,2,0
bc98-2983-907b,5429,2,-95.25,2,0,2,0,2,0,2,0
bc98-2983-907b,5430,2,-95.5,2,0,2,0,2,0,2,0
bc98-2983-907b,5431,2,-95.25,2,0,2,0,2,0,2,0
bc98-2983-907b,5432,2,-95.0,2,0,2,0,2,0,2,0
bc98-2983-907b,5433,2,-94.75,2,0,2,0,2,0,2,0
bc98-2983-907b,5434,2,-95.75,2,0,2,0,2,0,2,0
bc98-2983-907b,5435,2,-95.25,3,1,3,1,3,1,3,1
bc98-2983-907b,5436,2,-95.25,2,0,2,0,2,0,2,0
bc98-2983-907b,5437,2,-94.5,2,0,2,0,2,0,2,0
bc98-2983-907b,5438,2,-53.75,3,1,1,1,1,1,3,1
bc98-2983-907b,5439,2,-95.0,2,0,2,0,2,0,2,0
bc98-2983-907b,5440,2,-94.75,2,0,2,0,2,0,2,0
bc98-2983-907b,5441,2,-94.25,2,0,2,0,2,0,2,0
bc98-2983-907b,5442,2,-95.0,2,0,2,0,2,0,2,0
bc98-2983-907b,5443,2,-94.75,2,0,2,0,2,0,2,0
bc98-2983-907b,5444,2,-95.25,2,0,2,0,2,0,2,0
bc98-2983-907b,5445,2,-93.5,3,1,3,1,2,0,3,1
bc98-2983-907b,5446,2,-95.25,2,0,2,0,2,0,2,0
bc98-2983-907b,5447,2,-95.0,2,0,2,0,2,0,2,0
bc98-2983-907b,5448,2,-94.5,2,0,2,0,2,0,2,0
bc98-2983-907b,5449,2,-94.75,2,0,2,0,2,0,2,0
bc98-2983-907b,5450,2,-94.0,3,1,3,1,3,1,3,1
bc98-2983-907b,5451,2,-95.0,2,0,2,0,2,0,2,0
bc98-2983-907b,5452,2,-95.25,2,0,2,0,2,0,2,0
bc98-2983-907b,5453,2,-95.0,2,0,2,0,2,0,2,0
bc98-2983-907b,5454,2,-94.25,3,1,3,1,3,1,3,1
bc98-2983-907b,5455,2,-94.25,2,0,2,0,2,0,2,0
bc98-2983-907b,5456,2,-94.25,3,1,3,1,3,1,3,1
bc98-2983-907b,5457,2,-94.75,2,0,2,0,2,0,2,0
bc98-2983-907b,5458,2,-95.0,2,0,2,0,2,0,2,0
bc98-2983-907b,5459,2,-95.0,2,0,2,0,2,0,2,0
bc98-2983-907b,5460,2,-94.5,2,0,2,0,2,0,2,0
bc98-2983-907b,5461,2,-94.75,2,0,2,0,2,0,2,0
bc98-2983-907b,5462,2,-95.0,3,1,3,1,3,1,3,1
bc98-2983-907b,5463,2,-95.5,2,0,2,0,2,0,2,0
bc98-2983-907b,5464,2,-95.0,3,1,3,1,3,1,3,1
bc98-2983-907b,5465,2,-94.5,2,0,2,0,2,0,2,0
bc98-2983-907b,5466,2,-95.25,2,0,2,0,2,0,2,0
bc98-2983-907b,5467,2,-94.75,2,0,2,0,2,0,2,0
bc98-2983-907b,5468,2,-94.75,2,0,2,0,2,0,2,0
bc98-2983-907b,5469,2,-95.0,2,0,2,0,2,0,2,0
bc98-2983-907b,5470,2,-95.0,2,0,2,0,2,0,2,0
bc98-2983-907b,5471,2,-95.25,2,0,2,0,2,0,2,0
bc98-2983-907b,5472,2,-95.25,2,0,2,0,2,0,2,0
bc98-2983-907b,5473,2,-94.75,2,0,2,0,2,0,2,0
bc98-2983-907b,5474,2,-94.25,3,1,3,1,3,1,3,1
bc98-2983-907b,5475,2,-95.0,2,0,2,0,2,0,2,0
bc98-2983-907b,5476,2,-94.5,2,0,2,0,2,0,2,0
bc98-2983-907b,5477,2,-95.0,2,0,2,0,2,0,2,0
bc98-2983-907b,5478,2,-95.25,2,0,2,0,2,0,2,0
bc98-2983-907b,5479,2,-95.25,2,0,2,0,2,0,2,0
bc98-2983-907b,5480,2,-94.25,2,0,2,0,2,0,2,0
bc98-2983-907b,5481,2,-95.25,2,0,2,0,2,0,2,0
bc98-2983-907b,5482,2,-95.0,2,0,2,0,2,0,2,0
bc98-2983-907b,5483,2,-94.75,2,0,2,0,2,0,2,0
bc98-2983-907b,5484,5,-92.75,5,0,5,0,4,1,5,0
bc98-2983-907b,5485,5,-92.5,4,1,4,1,4,1,4,1
bc98-2983-907b,5486,5,-92.5,4,1,3,2,3,2,4,1
bc98-2983-907b,5487,5,-92.25,4,1,4,1,4,1,4,1
bc98-2983-907b,5488,5,-92.75,4,1,4,1,4,1,4,1
bc98-2983-907b,5489,5,-93.25,4,1,4,1,4,1,4,1
bc98-2983-907b,5490,5,-94.0,4,1,4,1,4,1,4,1
bc98-2983-907b,5491,5,-94.0,4,1,4,1,4,1,4,1
bc98-2983-907b,5492,5,-93.5,4,1,4,1,4,1,4,1
bc98-2983-907b,5493,5,-94.0,4,1,4,1,4,1,4,1
bc98-2983-907b,5494,5,-92.75,4,1,4,1,4,1,4,1
bc98-2983-907b,5495,5,-93.25,4,1,4,1,4,1,4,1
bc98-2983-907b,5496,5,-93.25,5,0,5,0,4,1,5,0
bc98-2983-907b,5497,5,-93.0,5,0,5,0,4,1,5,0
bc98-2983-907b,5498,5,-92.75,5,0,5,0,4,1,5,0
bc98-2983-907b,5499,5,-94.0,4,1,4,1,4,1,4,1
bc98-2983-907b,5500,5,-93.25,4,1,4,1,4,1,4,1
bc98-2983-907b,5501,5,-91.5,5,0,4,1,4,1,5,0
bc98-2983-907b,5502,5,-93.0,5,0,5,0,4,1,5,0
bc98-2983-907b,5503,5,-93.0,4,1,4,1,4,1,4,1
bc98-2983-907b,5504,5,-93.0,5,0,5,0,4,1,5,0
bc98-2983-907b,5505,5,-92.75,5,0,5,0,4,1,5,0
bc98-2983-907b,5506,5,-94.0,5,0,5,0,5,0,5,0
bc98-2983-907b,5507,5,-93.5,4,1,4,1,4,1,4,1
bc98-2983-907b,5508,5,-93.0,5,0,5,0,4,1,5,0
bc98-2983-907b,5509,5,-92.75,5,0,5,0,4,1,5,0
bc98-2983-907b,5510,5,-94.0,5,0,5,0,4,1,5,0
bc98-2983-907b,5511,5,-92.75,5,0,5,0,4,1,5,0
bc98-2983-907b,5512,6,-94.25,4,2,4,2,4,2,4,2
bc98-2983-907b,5513,5,-93.0,5,0,5,0,4,1,5,0
bc98-2983-907b,5514,5,-94.0,4,1,4,1,4,1,4,1
bc98-2983-907b,5515,5,-93.5,5,0,5,0,4,1,5,0
bc98-2983-907b,5516,5,-93.5,4,1,4,1,4,1,4,1
bc98-2983-907b,5517,5,-93.0,4,1,4,1,4,1,4,1
bc98-2983-907b,5518,5,-93.0,4,1,4,1,4,1,4,1
bc98-2983-907b,5519,5,-93.25,4,1,4,1,4,1,4,1
bc98-2983-907b,5520,5,-93.75,4,1,4,1,4,1,4,1
bc98-2983-907b,5521,5,-93.75,5,0,5,0,4,1,5,0
bc98-2983-907b,5522,5,-93.75,4,1,4,1,4,1,4,1
bc98-2983-907b,5523,5,-93.5,5,0,5,0,4,1,5,0
bc98-2983-907b,5524,5,-94.0,4,1,4,1,4,1,4,1
bc98-2983-907b,5525,5,-94.25,4,1,4,1,4,1,4,1
bc98-2983-907b,5526,5,-94.5,4,1,4,1,4,1,4,1
bc98-2983-907b,5527,5,-93.75,4,1,4,1,4,1,4,1
bc98-2983-907b,5528,5,-92.5,4,1,4,1,4,1,4,1
bc98-2983-907b,5529,5,-93.75,4,1,4,1,4,1,4,1
bc98-2983-907b,5530,5,-93.25,5,0,5,0,4,1,5,0
bc98-2983-907b,5531,5,-94.25,4,1,4,1,4,1,4,1
bc98-2983-907b,5532,5,-93.75,4,1,4,1,4,1,4,1
bc98-2983-907b,5533,5,-92.75,4,1,4,1,4,1,4,1
bc98-2983-907b,5534,5,-93.75,4,1,4,1,4,1,4,1
bc98-2983-907b,5535,5,-93.75,4,1,4,1,4,1,4,1
bc98-2983-907b,5536,5,-93.5,4,1,4,1,4,1,4,1
bc98-2983-907b,5537,5,-94.25,5,0,5,0,4,1,5,0
bc98-2983-907b,5538,5,-93.75,4,1,4,1,4,1,4,1
bc98-2983-907b,5539,5,-94.75,4,1,4,1,4,1,4,1
bc98-2983-907b,5540,5,-93.75,5,0,5,0,4,1,5,0
bc98-2983-907b,5541,5,-94.0,5,0,5,0,5,0,5,0
bc98-2983-907b,5542,5,-92.75,4,1,4,1,3,2,4,1
bc98-2983-907b,5543,5,-94.25,4,1,4,1,4,1,4,1
bc98-2983-907b,5544,5,-91.5,4,1,4,1,3,2,4,1
bc98-2983-907b,5545,7,-94.25,6,1,6,1,6,1,6,1
bc98-2983-907b,5546,7,-92.75,5,2,5,2,6,1,5,2
bc98-2983-907b,5547,7,-93.75,5,2,6,1,6,1,5,2
bc98-2983-907b,5548,7,-92.25,5,2,5,2,5,2,5,2
bc98-2983-907b,5549,7,-94.0,5,2,6,1,6,1,5,2
bc98-2983-907b,5550,7,-92.25,5,2,5,2,5,2,5,2
bc98-2983-907b,5551,7,-93.25,5,2,6,1,6,1,5,2
bc98-2983-907b,5552,7,-91.75,5,2,5,2,5,2,5,2
bc98-2983-907b,5553,7,-93.5,6,1,6,1,6,1,6,1
bc98-2983-907b,5554,7,-92.75,5,2,5,2,6,1,5,2
bc98-2983-907b,5555,7,-92.25,5,2,5,2,5,2,5,2
bc98-2983-907b,5556,7,-92.5,5,2,5,2,5,2,5,2
bc98-2983-907b,5557,7,-93.0,5,2,5,2,6,1,5,2
bc98-2983-907b,5558,7,-91.75,5,2,5,2,5,2,5,2
bc98-2983-907b,5559,7,-91.75,5,2,5,2,5,2,5,2
bc98-2983-907b,5560,7,-93.0,6,1,5,2,6,1,6,1
bc98-2983-907b,5561,7,-94.25,5,2,6,1,6,1,5,2
bc98-2983-907b,5562,7,-93.0,5,2,5,2,6,1,5,2
bc98-2983-907b,5563,7,-92.25,5,2,5,2,5,2,5,2
bc98-2983-907b,5564,7,-93.5,6,1,6,1,6,1,6,1
bc98-2983-907b,5565,7,-91.75,5,2,5,2,4,3,5,2
bc98-2983-907b,5566,7,-92.75,5,2,5,2,6,1,5,2
bc98-2983-907b,5567,7,-93.5,5,2,6,1,6,1,5,2
bc98-2983-907b,5568,7,-91.25,5,2,5,2,5,2,5,2
bc98-2983-907b,5569,7,-93.75,5,2,6,1,6,1,5,2
bc98-2983-907b,5570,7,-92.0,5,2,5,2,5,2,5,2
bc98-2983-907b,5571,7,-93.5,5,2,5,2,6,1,5,2
bc98-2983-907b,5572,7,-91.0,5,2,5,2,5,2,5,2
bc98-2983-907b,5573,7,-90.75,5,2,5,2,4,3,5,2
bc98-2983-907b,5574,7,-91.5,5,2,5,2,5,2,5,2
bc98-2983-907b,5575,7,-92.5,5,2,5,2,5,2,5,2
bc98-2983-907b,5576,7,-93.5,5,2,6,1,6,1,5,2
bc98-2983-907b,5577,7,-91.5,6,1,5,2,5,2,6,1
bc98-2983-907b,5578,7,-93.5,5,2,5,2,6,1,5,2
bc98-2983-907b,5579,7,-92.75,5,2,5,2,6,1,5,2
bc98-2983-907b,5580,7,-93.25,5,2,5,2,6,1,5,2
bc98-2983-907b,5581,7,-93.25,5,2,5,2,6,1,5,2
bc98-2983-907b,5582,7,-94.25,5,2,6,1,6,1,5,2
bc98-2983-907b,5583,7,-91.5,5,2,5,2,4,3,5,2
bc98-2983-907b,5584,7,-91.75,5,2,5,2,5,2,5,2
bc98-2983-907b,5585,7,-92.75,5,2,5,2,6,1,5,2
bc98-2983-907b,5586,7,-92.75,5,2,5,2,6,1,5,2
bc98-2983-907b,5587,7,-93.75,5,2,6,1,6,1,5,2
bc98-2983-907b,5588,7,-91.75,5,2,5,2,5,2,5,2
bc98-2983-907b,5589,7,-92.75,5,2,5,2,6,1,5,2
bc98-2983-907b,5590,7,-94.0,5,2,6,1,6,1,5,2
bc98-2983-907b,5591,7,-91.25,5,2,5,2,4,3,5,2
bc98-2983-907b,5592,7,-92.25,5,2,5,2,5,2,5,2
bc98-2983-907b,5593,7,-92.5,5,2,5,2,5,2,5,2
bc98-2983-907b,5594,7,-91.75,5,2,5,2,5,2,5,2
bc98-2983-907b,5595,7,-94.0,5,2,6,1,6,1,5,2
bc98-2983-907b,5596,7,-93.0,6,1,5,2,6,1,6,1
bc98-2983-907b,5597,7,-91.0,5,2,5,2,5,2,5,2
bc98-2983-907b,5598,7,-93.25,6,1,5,2,6,1,6,1
bc98-2983-907b,5599,7,-93.0,5,2,5,2,6,1,5,2
bc98-2983-907b,5600,7,-92.5,5,2,5,2,5,2,5,2
bc98-2983-907b,5601,9,-87.0,7,2,7,2,7,2,7,2
bc98-2983-907b,5602,9,-89.5,7,2,7,2,7,2,7,2
bc98-2983-907b,5603,9,-92.25,7,2,7,2,7,2,7,2
bc98-2983-907b,5604,9,-90.5,7,2,7,2,7,2,7,2
bc98-2983-907b,5605,9,-88.25,7,2,7,2,7,2,7,2
bc98-2983-907b,5606,9,-91.0,7,2,7,2,7,2,7,2
bc98-2983-907b,5607,9,-89.5,7,2,7,2,7,2,7,2
bc98-2983-907b,5608,9,-88.0,7,2,7,2,7,2,7,2
bc98-2983-907b,5609,9,-91.75,7,2,7,2,7,2,7,2
bc98-2983-907b,5610,9,-90.5,7,2,7,2,7,2,7,2
bc98-2983-907b,5611,9,-85.75,7,2,7,2,6,3,7,2
bc98-2983-907b,5612,9,-90.0,7,2,7,2,7,2,7,2
bc98-2983-907b,5613,9,-89.5,7,2,7,2,7,2,7,2
bc98-2983-907b,5614,9,-89.5,7,2,7,2,7,2,7,2
bc98-2983-907b,5615,9,-90.25,7,2,7,2,7,2,7,2
bc98-2983-907b,5616,9,-87.5,7,2,7,2,7,2,7,2
bc98-2983-907b,5617,9,-88.5,7,2,7,2,7,2,7,2
bc98-2983-907b,5618,9,-90.25,7,2,7,2,7,2,7,2
bc98-2983-907b,5619,9,-89.5,7,2,7,2,7,2,7,2
bc98-2983-907b,5620,9,-90.25,7,2,7,2,7,2,7,2
bc98-2983-907b,5621,9,-90.0,7,2,7,2,7,2,7,2
bc98-2983-907b,5622,9,-89.25,7,2,7,2,7,2,7,2
bc98-2983-907b,5623,9,-90.25,7,2,7,2,7,2,7,2
bc98-2983-907b,5624,9,-90.5,7,2,7,2,7,2,7,2
bc98-2983-907b,5625,9,-87.5,7,2,7,2,7,2,7,2
bc98-2983-907b,5626,9,-86.75,7,2,7,2,7,2,7,2
bc98-2983-907b,5627,9,-89.0,7,2,7,2,7,2,7,2
bc98-2983-907b,5628,9,-86.75,7,2,7,2,7,2,7,2
bc98-2983-907b,5629,9,-86.75,7,2,7,2,7,2,7,2
bc98-2983-907b,5630,9,-88.5,7,2,7,2,7,2,7,2
bc98-2983-907b,5631,9,-90.0,7,2,7,2,7,2,7,2
bc98-2983-907b,5632,9,-91.0,7,2,7,2,7,2,7,2
bc98-2983-907b,5633,9,-86.75,7,2,7,2,7,2,7,2
bc98-2983-907b,5634,9,-90.75,7,2,7,2,7,2,7,2
bc98-2983-907b,5635,9,-87.0,7,2,7,2,7,2,7,2
bc98-2983-907b,5636,9,-88.0,7,2,7,2,7,2,7,2
bc98-2983-907b,5637,9,-89.75,7,2,7,2,7,2,7,2
bc98-2983-907b,5638,9,-90.25,7,2,7,2,7,2,7,2
bc98-2983-907b,5639,9,-88.25,7,2,7,2,7,2,7,2
bc98-2983-907b,5640,9,-89.75,7,2,7,2,7,2,7,2
bc98-2983-907b,5641,9,-92.0,7,2,7,2,7,2,7,2
bc98-2983-907b,5642,9,-86.75,7,2,7,2,7,2,7,2
bc98-2983-907b,5643,9,-87.5,7,2,7,2,7,2,7,2
bc98-2983-907b,5644,9,-91.25,7,2,7,2,7,2,7,2
bc98-2983-907b,5645,9,-90.0,7,2,7,2,7,2,7,2
bc98-2983-907b,5646,9,-90.75,7,2,7,2,7,2,7,2
bc98-2983-907b,5647,9,-89.25,7,2,7,2,7,2,7,2
bc98-2983-907b,5648,9,-90.0,7,2,7,2,7,2,7,2
bc98-2983-907b,5649,9,-88.0,7,2,7,2,7,2,7,2
bc98-2983-907b,5650,9,-90.0,7,2,7,2,7,2,7,2
bc98-2983-907b,5651,9,-89.5,7,2,7,2,7,2,7,2
bc98-2983-907b,5652,9,-89.5,7,2,7,2,7,2,7,2
bc98-2983-907b,5653,9,-89.5,7,2,7,2,7,2,7,2
bc98-2983-907b,5654,9,-81.5,7,2,7,2,4,5,7,2
bc98-2983-907b,5655,9,-92.25,7,2,7,2,7,2,7,2
bc98-2983-907b,5656,9,-87.75,7,2,7,2,7,2,7,2
bc98-2983-907b,5657,9,-89.75,7,2,7,2,7,2,7,2
bc98-2983-907b,5658,9,-90.0,7,2,7,2,7,2,7,2
bc98-2983-907b,5659,9,-89.75,7,2,7,2,7,2,7,2
bc98-2983-907b,5660,9,-90.0,7,2,7,2,7,2,7,2
bc98-2983-907b,5661,9,-86.75,7,2,7,2,7,2,7,2
bc98-2983-907b,5662,9,-89.25,7,2,7,2,7,2,7,2
bc98-2983-907b,5663,9,-88.25,7,2,7,2,7,2,7,2
bc98-2983-907b,5664,9,-90.0,7,2,7,2,7,2,7,2
bc98-2983-907b,5665,9,-90.75,7,2,7,2,7,2,7,2
bc98-2983-907b,5666,9,-90.5,7,2,7,2,7,2,7,2
bc98-2983-907b,5667,9,-88.75,7,2,7,2,7,2,7,2
bc98-2983-907b,5668,9,-90.0,7,2,7,2,7,2,7,2
bc98-2983-907b,5669,9,-90.0,7,2,7,2,7,2,7,2
bc98-2983-907b,5670,9,-89.0,7,2,7,2,7,2,7,2
bc98-2983-907b,5671,9,-91.0,7,2,7,2,7,2,7,2
bc98-2983-907b,5672,9,-90.0,7,2,7,2,7,2,7,2
bc98-2983-907b,5673,9,-90.0,7,2,7,2,7,2,7,2
bc98-2983-907b,5674,9,-89.5,7,2,7,2,7,2,7,2
bc98-2983-907b,5675,9,-88.25,7,2,7,2,7,2,7,2
bc98-2983-907b,5676,9,-89.5,7,2,7,2,7,2,7,2
bc98-2983-907b,5677,9,-89.75,7,2,7,2,7,2,7,2
bc98-2983-907b,5678,9,-89.5,7,2,7,2,7,2,7,2
bc98-2983-907b,5679,9,-88.75,7,2,7,2,7,2,7,2
bc98-2983-907b,5680,9,-89.5,7,2,7,2,7,2,7,2
bc98-2983-907b,5681,9,-90.75,7,2,7,2,7,2,7,2
bc98-2983-907b,5682,9,-89.25,7,2,7,2,7,2,7,2
bc98-2983-907b,5683,9,-87.0,7,2,7,2,7,2,7,2
bc98-2983-907b,5684,7,-93.5,7,0,7,0,7,0,7,0
bc98-2983-907b,5685,7,-94.0,7,0,7,0,7,0,7,0
bc98-2983-907b,5686,7,-68.75,7,0,3,4,1,6,7,0
bc98-2983-907b,5687,7,-93.75,7,0,7,0,7,0,7,0
bc98-2983-907b,5688,7,-94.0,7,0,7,0,7,0,7,0
bc98-2983-907b,5689,7,-93.5,7,0,7,0,7,0,7,0
bc98-2983-907b,5690,7,-93.5,7,0,7,0,7,0,7,0
bc98-2983-907b,5691,7,-93.0,7,0,7,0,7,0,7,0
bc98-2983-907b,5692,7,-93.75,7,0,7,0,7,0,7,0
bc98-2983-907b,5693,7,-93.0,7,0,7,0,7,0,7,0
bc98-2983-907b,5694,7,-93.25,7,0,7,0,7,0,7,0
bc98-2983-907b,5695,7,-92.5,7,0,7,0,7,0,7,0
bc98-2983-907b,5696,7,-92.5,7,0,7,0,7,0,7,0
bc98-2983-907b,5697,7,-92.5,7,0,7,0,7,0,7,0
bc98-2983-907b,5698,7,-93.25,7,0,7,0,7,0,7,0
bc98-2983-907b,5699,7,-92.5,7,0,7,0,7,0,7,0
bc98-2983-907b,5700,7,-93.25,7,0,7,0,7,0,7,0
bc98-2983-907b,5701,7,-93.5,7,0,7,0,7,0,7,0
bc98-2983-907b,5702,7,-93.5,7,0,7,0,7,0,7,0
bc98-2983-907b,5703,7,-93.75,7,0,7,0,7,0,7,0
bc98-2983-907b,5704,7,-92.75,7,0,7,0,7,0,7,0
bc98-2983-907b,5705,7,-93.75,7,0,7,0,7,0,7,0
bc98-2983-907b,5706,7,-93.5,7,0,7,0,7,0,7,0
bc98-2983-907b,5707,7,-92.75,7,0,7,0,7,0,7,0
bc98-2983-907b,5708,7,-93.75,7,0,7,0,7,0,7,0
bc98-2983-907b,5709,7,-92.75,7,0,7,0,7,0,7,0
bc98-2983-907b,5710,7,-92.75,7,0,7,0,7,0,7,0
bc98-2983-907b,5711,7,-93.0,7,0,7,0,7,0,7,0
bc98-2983-907b,5712,7,-93.5,7,0,7,0,7,0,7,0
bc98-2983-907b,5713,7,-92.5,7,0,7,0,7,0,7,0
bc98-2983-907b,5714,7,-92.75,7,0,7,0,7,0,7,0
bc98-2983-907b,5715,7,-93.5,7,0,7,0,7,0,7,0
bc98-2983-907b,5716,7,-93.0,7,0,7,0,7,0,7,0
bc98-2983-907b,5717,7,-92.25,7,0,7,0,7,0,7,0
bc98-2983-907b,5718,7,-93.5,7,0,7,0,7,0,7,0
bc98-2983-907b,5719,7,-93.5,7,0,7,0,7,0,7,0
bc98-2983-907b,5720,7,-92.75,7,0,7,0,7,0,7,0
bc98-2983-907b,5721,7,-92.5,7,0,7,0,7,0,7,0
bc98-2983-907b,5722,7,-92.75,7,0,7,0,7,0,7,0
bc98-2983-907b,5723,7,-92.25,7,0,7,0,7,0,7,0
bc98-2983-907b,5724,7,-92.25,7,0,7,0,7,0,7,0
bc98-2983-907b,5725,7,-92.5,7,0,7,0,7,0,7,0
bc98-2983-907b,5726,7,-93.25,7,0,7,0,7,0,7,0
bc98-2983-907b,5727,7,-92.25,7,0,7,0,7,0,7,0
bc98-2983-907b,5728,7,-93.5,7,0,7,0,7,0,7,0
bc98-2983-907b,5729,7,-93.25,7,0,7,0,7,0,7,0
bc98-2983-907b,5730,7,-93.25,7,0,7,0,7,0,7,0
bc98-2983-907b,5731,7,-93.0,7,0,7,0,7,0,7,0
bc98-2983-907b,5732,7,-93.25,7,0,7,0,7,0,7,0
bc98-2983-907b,5733,7,-93.5,7,0,7,0,7,0,7,0
bc98-2983-907b,5734,7,-92.75,7,0,7,0,7,0,7,0
bc98-2983-907b,5735,7,-93.0,7,0,7,0,7,0,7,0
bc98-2983-907b,5736,7,-93.0,7,0,7,0,7,0,7,0
bc98-2983-907b,5737,7,-92.75,7,0,7,0,7,0,7,0
bc98-2983-907b,5738,7,-92.75,7,0,7,0,7,0,7,0
bc98-2983-907b,5739,7,-92.75,7,0,7,0,7,0,7,0
bc98-2983-907b,5740,7,-93.0,7,0,7,0,7,0,7,0
bc98-2983-907b,5741,7,-93.0,7,0,7,0,7,0,7,0
bc98-2983-907b,5742,7,-93.25,7,0,7,0,7,0,7,0
bc98-2983-907b,5743,7,-92.0,7,0,7,0,7,0,7,0
bc98-2983-907b,5744,7,-75.5,7,0,5,2,2,5,7,0
bc98-2983-907b,5745,7,-92.5,7,0,7,0,7,0,7,0
bc98-2983-907b,5746,7,-93.0,7,0,7,0,7,0,7,0
bc98-2983-907b,5747,7,-78.25,7,0,4,3,2,5,7,0
bc98-2983-907b,5748,7,-93.75,7,0,7,0,7,0,7,0
bc98-2983-907b,5749,7,-93.25,7,0,7,0,7,0,7,0
bc98-2983-907b,5750,7,-93.25,7,0,7,0,7,0,7,0
bc98-2983-907b,5751,7,-93.25,7,0,7,0,7,0,7,0
bc98-2983-907b,5752,7,-93.0,7,0,7,0,7,0,7,0
bc98-2983-907b,5753,7,-93.75,7,0,7,0,7,0,7,0
bc98-2983-907b,5754,7,-94.0,7,0,7,0,7,0,7,0
bc98-2983-907b,5755,7,-93.25,7,0,7,0,7,0,7,0
bc98-2983-907b,5756,7,-93.25,7,0,7,0,7,0,7,0
bc98-2983-907b,5757,7,-94.0,7,0,7,0,7,0,7,0
bc98-2983-907b,5758,7,-92.75,7,0,7,0,7,0,7,0
bc98-2983-907b,5759,7,-93.25,7,0,7,0,7,0,7,0
bc98-2983-907b,5760,7,-93.5,7,0,7,0,7,0,7,0
bc98-2983-907b,5761,7,-92.75,7,0,7,0,7,0,7,0
bc98-2983-907b,5762,7,-93.75,7,0,7,0,7,0,7,0
bc98-2983-907b,5763,7,-94.0,7,0,7,0,7,0,7,0
bc98-2983-907b,5764,7,-93.75,7,0,7,0,7,0,7,0
bc98-2983-907b,5765,7,-93.25,7,0,7,0,7,0,7,0
bc98-2983-907b,5766,7,-94.0,7,0,7,0,7,0,7,0
bc98-2983-907b,5767,7,-93.0,7,0,7,0,7,0,7,0
bc98-2983-907b,5768,7,-93.75,7,0,7,0,7,0,7,0
bc98-2983-907b,5769,7,-93.5,7,0,7,0,7,0,7,0
bc98-2983-907b,5770,7,-93.75,7,0,7,0,7,0,7,0
bc98-2983-907b,5771,7,-93.75,7,0,7,0,7,0,7,0
bc98-2983-907b,5772,7,-93.25,7,0,7,0,7,0,7,0
bc98-2983-907b,5773,7,-93.75,7,0,7,0,7,0,7,0
bc98-2983-907b,5774,7,-94.25,7,0,7,0,7,0,7,0
bc98-2983-907b,5775,7,-94.0,7,0,7,0,7,0,7,0
bc98-2983-907b,5776,7,-93.25,7,0,7,0,7,0,7,0
bc98-2983-907b,5777,7,-93.75,7,0,7,0,7,0,7,0
bc98-2983-907b,5778,7,-94.25,7,0,7,0,7,0,7,0
bc98-2983-907b,5779,7,-93.5,7,0,7,0,7,0,7,0
bc98-2983-907b,5780,7,-93.75,7,0,7,0,7,0,7,0
bc98-2983-907b,5781,7,-93.5,7,0,7,0,7,0,7,0
bc98-2983-907b,5782,7,-92.75,7,0,7,0,7,0,7,0
bc98-2983-907b,5783,7,-92.5,7,0,7,0,7,0,7,0
bc98-2983-907b,5784,7,-93.75,7,0,7,0,7,0,7,0
bc98-2983-907b,5785,7,-93.25,7,0,7,0,7,0,7,0
bc98-2983-907b,5786,7,-93.25,7,0,7,0,7,0,7,0
bc98-2983-907b,5787,7,-93.5,7,0,7,0,7,0,7,0
bc98-2983-907b,5788,7,-94.0,7,0,7,0,7,0,7,0
bc98-2983-907b,5789,7,-93.75,7,0,7,0,7,0,7,0
bc98-2983-907b,5790,7,-93.75,7,0,7,0,7,0,7,0
bc98-2983-907b,5791,7,-93.75,7,0,7,0,7,0,7,0
bc98-2983-907b,5792,7,-93.75,7,0,7,0,7,0,7,0
bc98-2983-907b,5793,7,-92.75,7,0,7,0,7,0,7,0
bc98-2983-907b,5794,7,-93.75,7,0,7,0,7,0,7,0
bc98-2983-907b,5795,7,-93.75,7,0,7,0,7,0,7,0
bc98-2983-907b,5796,7,-92.75,7,0,7,0,7,0,7,0
bc98-2983-907b,5797,7,-93.0,7,0,7,0,7,0,7,0
bc98-2983-907b,5798,7,-93.75,7,0,7,0,7,0,7,0
bc98-2983-907b,5799,7,-93.0,7,0,7,0,7,0,7,0
bc98-2983-907b,5800,7,-93.75,7,0,7,0,7,0,7,0
bc98-2983-907b,5801,7,-93.5,7,0,7,0,7,0,7,0
bc98-2983-907b,5802,7,-93.5,7,0,7,0,7,0,7,0
bc98-2983-907b,5803,7,-93.5,7,0,7,0,7,0,7,0
bc98-2983-907b,5804,7,-93.5,7,0,7,0,7,0,7,0
bc98-2983-907b,5805,7,-93.25,7,0,7,0,7,0,7,0
bc98-2983-907b,5806,7,-93.75,7,0,7,0,7,0,7,0
bc98-2983-907b,5807,7,-93.5,7,0,7,0,7,0,7,0
bc98-2983-907b,5808,7,-92.75,7,0,7,0,7,0,7,0
bc98-2983-907b,5809,7,-94.0,7,0,7,0,7,0,7,0
bc98-2983-907b,5810,7,-93.25,7,0,7,0,7,0,7,0
bc98-2983-907b,5811,7,-93.75,7,0,7,0,7,0,7,0
bc98-2983-907b,5812,7,-94.0,7,0,7,0,7,0,7,0
bc98-2983-907b,5813,7,-93.25,7,0,7,0,7,0,7,0
bc98-2983-907b,5814,7,-93.75,7,0,7,0,7,0,7,0
bc98-2983-907b,5815,7,-92.75,7,0,7,0,7,0,7,0
bc98-2983-907b,5816,7,-93.0,7,0,7,0,7,0,7,0
bc98-2983-907b,5817,7,-93.25,7,0,7,0,7,0,7,0
bc98-2983-907b,5818,7,-93.75,7,0,7,0,7,0,7,0
bc98-2983-907b,5819,7,-93.5,7,0,7,0,7,0,7,0
bc98-2983-907b,5820,5,-94.5,3,2,3,2,3,2,3,2
bc98-2983-907b,5821,6,-94.0,5,1,5,1,4,2,5,1
bc98-2983-907b,5822,6,-93.0,4,2,4,2,4,2,4,2
bc98-2983-907b,5823,7,-94.0,5,2,5,2,5,2,5,2
bc98-2983-907b,5824,7,-94.25,4,3,4,3,3,4,4,3
bc98-2983-907b,5825,7,-94.25,4,3,4,3,3,4,4,3
bc98-2983-907b,5826,6,-94.0,4,2,4,2,3,3,4,2
bc98-2983-907b,5827,7,-94.0,4,3,4,3,3,4,4,3
bc98-2983-907b,5828,7,-94.25,4,3,4,3,3,4,4,3
bc98-2983-907b,5829,6,-94.25,4,2,4,2,4,2,4,2
bc98-2983-907b,5830,6,-94.25,4,2,4,2,3,3,4,2
bc98-2983-907b,5831,7,-93.75,4,3,4,3,3,4,4,3
bc98-2983-907b,5832,7,-93.75,4,3,4,3,3,4,4,3
bc98-2983-907b,5833,7,-94.5,4,3,4,3,4,3,4,3
bc98-2983-907b,5834,7,-93.75,4,3,4,3,3,4,4,3
bc98-2983-907b,5835,7,-93.5,4,3,4,3,3,4,4,3
bc98-2983-907b,5836,7,-93.5,4,3,4,3,3,4,4,3
bc98-2983-907b,5837,7,-94.0,5,2,5,2,5,2,5,2
bc98-2983-907b,5838,7,-94.0,4,3,4,3,3,4,4,3
bc98-2983-907b,5839,7,-93.0,4,3,3,4,3,4,4,3
bc98-2983-907b,5840,7,-92.25,4,3,3,4,3,4,4,3
bc98-2983-907b,5841,7,-94.25,4,3,4,3,4,3,4,3
bc98-2983-907b,5842,7,-94.0,4,3,4,3,3,4,4,3
bc98-2983-907b,5843,7,-93.5,4,3,4,3,3,4,4,3
bc98-2983-907b,5844,7,-93.75,4,3,4,3,4,3,4,3
bc98-2983-907b,5845,7,-94.0,4,3,4,3,3,4,4,3
bc98-2983-907b,5846,7,-93.25,5,2,5,2,5,2,5,2
bc98-2983-907b,5847,7,-93.75,4,3,4,3,3,4,4,3
bc98-2983-907b,5848,7,-94.0,4,3,4,3,3,4,4,3
bc98-2983-907b,5849,7,-94.0,5,2,5,2,4,3,5,2
bc98-2983-907b,5850,7,-93.75,4,3,4,3,3,4,4,3
bc98-2983-907b,5851,7,-92.5,4,3,4,3,4,3,4,3
bc98-2983-907b,5852,7,-93.0,4,3,3,4,3,4,4,3
bc98-2983-907b,5853,7,-93.0,4,3,3,4,3,4,4,3
bc98-2983-907b,5854,7,-93.25,4,3,3,4,3,4,4,3
bc98-2983-907b,5855,7,-93.25,4,3,3,4,3,4,4,3
bc98-2983-907b,5856,7,-94.0,5,2,5,2,5,2,5,2
bc98-2983-907b,5857,7,-93.5,4,3,4,3,3,4,4,3
bc98-2983-907b,5858,7,-93.5,4,3,4,3,3,4,4,3
bc98-2983-907b,5859,7,-93.0,4,3,3,4,3,4,4,3
bc98-2983-907b,5860,7,-92.5,4,3,4,3,4,3,4,3
bc98-2983-907b,5861,7,-93.25,4,3,3,4,3,4,4,3
bc98-2983-907b,5862,7,-93.0,4,3,3,4,3,4,4,3
bc98-2983-907b,5863,7,-93.5,4,3,4,3,3,4,4,3
bc98-2983-907b,5864,7,-93.0,4,3,3,4,3,4,4,3
bc98-2983-907b,5865,7,-93.75,4,3,4,3,3,4,4,3
bc98-2983-907b,5866,7,-94.75,5,2,5,2,6,1,5,2
bc98-2983-907b,5867,7,-93.0,4,3,3,4,3,4,4,3
bc98-2983-907b,5868,7,-93.5,4,3,4,3,3,4,4,3
bc98-2983-907b,5869,7,-93.75,4,3,4,3,3,4,4,3
bc98-2983-907b,5870,7,-93.0,4,3,3,4,3,4,4,3
bc98-2983-907b,5871,7,-93.75,4,3,4,3,3,4,4,3
bc98-2983-907b,5872,7,-93.5,4,3,4,3,3,4,4,3
bc98-2983-907b,5873,7,-93.5,4,3,4,3,3,4,4,3
bc98-2983-907b,5874,7,-94.0,4,3,4,3,3,4,4,3
bc98-2983-907b,5875,7,-94.0,4,3,4,3,3,4,4,3
bc98-2983-907b,5876,7,-93.0,4,3,4,3,4,3,4,3
bc98-2983-907b,5877,7,-93.0,4,3,3,4,3,4,4,3
bc98-2983-907b,5878,6,-93.5,4,2,4,2,3,3,4,2
bc98-2983-907b,5879,6,-94.0,4,2,4,2,3,3,4,2
bc98-2983-907b,5880,6,-93.5,4,2,4,2,3,3,4,2
bc98-2983-907b,5881,7,-93.75,4,3,4,3,3,4,4,3
bc98-2983-907b,5882,7,-94.5,4,3,4,3,4,3,4,3
bc98-2983-907b,5883,7,-94.5,5,2,5,2,5,2,5,2
bc98-2983-907b,5884,7,-93.75,4,3,4,3,3,4,4,3
bc98-2983-907b,5885,7,-94.0,4,3,4,3,3,4,4,3
bc98-2983-907b,5886,7,-94.25,4,3,4,3,4,3,4,3
bc98-2983-907b,5887,5,-94.75,5,0,5,0,4,1,5,0
bc98-2983-907b,5888,5,-94.75,5,0,5,0,4,1,5,0
bc98-2983-907b,5889,5,-94.5,5,0,5,0,5,0,5,0
bc98-2983-907b,5890,5,-95.0,5,0,5,0,5,0,5,0
bc98-2983-907b,5891,5,-95.0,5,0,5,0,4,1,5,0
bc98-2983-907b,5892,5,-94.75,5,0,5,0,5,0,5,0
bc98-2983-907b,5893,5,-95.0,5,0,5,0,5,0,5,0
bc98-2983-907b,5894,5,-95.0,4,1,4,1,4,1,4,1
bc98-2983-907b,5895,5,-94.0,5,0,5,0,5,0,5,0
bc98-2983-907b,5896,5,-94.75,4,1,5,0,5,0,4,1
bc98-2983-907b,5897,5,-94.75,5,0,5,0,5,0,5,0
bc98-2983-907b,5898,5,-94.25,5,0,5,0,5,0,5,0
bc98-2983-907b,5899,5,-95.0,5,0,5,0,4,1,5,0
bc98-2983-907b,5900,5,-94.5,4,1,4,1,4,1,4,1
bc98-2983-907b,5901,5,-94.0,5,0,5,0,5,0,5,0
bc98-2983-907b,5902,5,-94.5,5,0,5,0,4,1,5,0
bc98-2983-907b,5903,5,-94.5,5,0,5,0,5,0,5,0
bc98-2983-907b,5904,5,-94.75,5,0,5,0,4,1,5,0
bc98-2983-907b,5905,5,-95.0,5,0,5,0,5,0,5,0
bc98-2983-907b,5906,5,-95.0,5,0,5,0,5,0,5,0
bc98-2983-907b,5907,5,-95.25,5,0,5,0,5,0,5,0
bc98-2983-907b,5908,5,-94.5,5,0,5,0,5,0,5,0
bc98-2983-907b,5909,5,-94.25,4,1,4,1,4,1,4,1
bc98-2983-907b,5910,5,-94.75,5,0,5,0,5,0,5,0
bc98-2983-907b,5911,5,-94.75,5,0,5,0,5,0,5,0
bc98-2983-907b,5912,5,-94.75,4,1,4,1,4,1,4,1
bc98-2983-907b,5913,5,-95.0,5,0,5,0,5,0,5,0
bc98-2983-907b,5914,5,-94.75,5,0,5,0,5,0,5,0
bc98-2983-907b,5915,5,-94.0,6,1,6,1,7,2,6,1
bc98-2983-907b,5916,5,-94.5,5,0,5,0,4,1,5,0
bc98-2983-907b,5917,5,-95.0,5,0,5,0,5,0,5,0
bc98-2983-907b,5918,5,-94.75,5,0,5,0,5,0,5,0
bc98-2983-907b,5919,5,-94.75,5,0,5,0,5,0,5,0
bc98-2983-907b,5920,5,-95.0,5,0,5,0,4,1,5,0
bc98-2983-907b,5921,5,-95.0,5,0,5,0,4,1,5,0
bc98-2983-907b,5922,5,-94.5,5,0,5,0,5,0,5,0
bc98-2983-907b,5923,5,-94.75,5,0,5,0,5,0,5,0
bc98-2983-907b,5924,5,-94.75,4,1,5,0,5,0,4,1
bc98-2983-907b,5925,5,-94.75,5,0,5,0,5,0,5,0
bc98-2983-907b,5926,5,-94.75,5,0,5,0,4,1,5,0
bc98-2983-907b,5927,5,-94.75,5,0,5,0,5,0,5,0
bc98-2983-907b,5928,5,-95.0,4,1,4,1,4,1,4,1
bc98-2983-907b,5929,5,-94.25,4,1,4,1,4,1,4,1
bc98-2983-907b,5930,5,-94.25,4,1,4,1,4,1,4,1
bc98-2983-907b,5931,5,-94.75,4,1,4,1,4,1,4,1
bc98-2983-907b,5932,5,-95.0,4,1,4,1,4,1,4,1
bc98-2983-907b,5933,5,-94.5,4,1,4,1,4,1,4,1
bc98-2983-907b,5934,5,-95.0,4,1,4,1,4,1,4,1
bc98-2983-907b,5935,5,-94.75,4,1,4,1,4,1,4,1
bc98-2983-907b,5936,5,-94.5,5,0,5,0,5,0,5,0
bc98-2983-907b,5937,5,-94.75,5,0,5,0,5,0,5,0
bc98-2983-907b,5938,5,-94.5,5,0,5,0,5,0,5,0
bc98-2983-907b,5939,5,-95.0,5,0,5,0,5,0,5,0
bc98-2983-907b,5940,5,-95.0,4,1,4,1,4,1,4,1
bc98-2983-907b,5941,5,-94.5,4,1,4,1,4,1,4,1
bc98-2983-907b,5942,5,-94.75,4,1,4,1,4,1,4,1
bc98-2983-907b,5943,5,-95.0,4,1,4,1,4,1,4,1
bc98-2983-907b,5944,5,-94.5,4,1,4,1,4,1,4,1
bc98-2983-907b,5945,5,-94.25,4,1,4,1,4,1,4,1
bc98-2983-907b,5946,5,-94.5,4,1,4,1,4,1,4,1
bc98-2983-907b,5947,5,-93.25,4,1,4,1,3,2,4,1
bc98-2983-907b,5948,5,-94.25,3,2,3,2,3,2,3,2
bc98-2983-907b,5949,5,-94.75,5,0,5,0,5,0,5,0
bc98-2983-907b,5950,5,-94.5,5,0,5,0,5,0,5,0
bc98-2983-907b,5951,5,-95.0,4,1,4,1,4,1,4,1
bc98-2983-907b,5952,5,-94.0,5,0,5,0,5,0,5,0
bc98-2983-907b,5953,5,-94.75,5,0,5,0,5,0,5,0
bc98-2983-907b,5954,5,-94.25,5,0,5,0,4,1,5,0
bc98-2983-907b,5955,5,-94.75,5,0,5,0,5,0,5,0
bc98-2983-907b,5956,5,-94.75,5,0,5,0,5,0,5,0
bc98-2983-907b,5957,5,-94.75,5,0,5,0,5,0,5,0
bc98-2983-907b,5958,5,-90.25,5,0,4,1,4,1,5,0
bc98-2983-907b,5959,5,-94.5,4,1,4,1,4,1,4,1
bc98-2983-907b,5960,5,-94.5,3,2,3,2,3,2,3,2
bc98-2983-907b,5961,5,-94.25,4,1,4,1,4,1,4,1
bc98-2983-907b,5962,5,-95.25,4,1,4,1,4,1,4,1
bc98-2983-907b,5963,5,-94.5,4,1,4,1,4,1,4,1
bc98-2983-907b,5964,5,-94.5,4,1,4,1,4,1,4,1
bc98-2983-907b,5965,5,-94.25,4,1,4,1,4,1,4,1
bc98-2983-907b,5966,5,-94.5,4,1,4,1,4,1,4,1
bc98-2983-907b,5967,5,-95.0,4,1,4,1,4,1,4,1
bc98-2983-907b,5968,5,-94.5,5,0,5,0,5,0,5,0
bc98-2983-907b,5969,5,-94.25,5,0,5,0,4,1,5,0
bc98-2983-907b,5970,5,-94.5,4,1,4,1,4,1,4,1
bc98-2983-907b,5971,5,-94.75,5,0,5,0,4,1,5,0
bc98-2983-907b,5972,5,-94.75,4,1,4,1,4,1,4,1
bc98-2983-907b,5973,5,-94.25,5,0,5,0,4,1,5,0
bc98-2983-907b,5974,5,-94.5,4,1,4,1,4,1,4,1
bc98-2983-907b,5975,5,-94.75,4,1,4,1,4,1,4,1
bc98-2983-907b,5976,5,-94.75,4,1,4,1,4,1,4,1
bc98-2983-907b,5977,5,-94.25,3,2,3,2,3,2,3,2
bc98-2983-907b,5978,5,-94.0,3,2,3,2,3,2,3,2
bc98-2983-907b,5979,5,-93.5,4,1,4,1,4,1,4,1
bc98-2983-907b,5980,5,-95.25,5,0,5,0,5,0,5,0
bc98-2983-907b,5981,5,-95.0,5,0,5,0,5,0,5,0
bc98-2983-907b,5982,5,-94.25,5,0,5,0,5,0,5,0
bc98-2983-907b,5983,5,-94.5,3,2,3,2,3,2,3,2
bc98-2983-907b,5984,5,-93.25,4,1,4,1,4,1,4,1
bc98-2983-907b,5985,5,-94.5,4,1,4,1,4,1,4,1
bc98-2983-907b,5986,5,-94.25,4,1,4,1,4,1,4,1
bc98-2983-907b,5987,5,-93.75,4,1,4,1,4,1,4,1
bc98-2983-907b,5988,5,-94.5,4,1,4,1,4,1,4,1
bc98-2983-907b,5989,5,-95.5,4,1,4,1,4,1,4,1
bc98-2983-907b,5990,5,-94.75,5,0,5,0,5,0,5,0
bc98-2983-907b,5991,5,-94.25,5,0,5,0,5,0,5,0
bc98-2983-907b,5992,5,-94.25,5,0,5,0,5,0,5,0
bc98-2983-907b,5993,5,-95.0,4,1,4,1,4,1,4,1
bc98-2983-907b,5994,5,-95.0,5,0,5,0,5,0,5,0
bc98-2983-907b,5995,5,-94.75,5,0,5,0,5,0,5,0
bc98-2983-907b,5996,5,-94.25,4,1,4,1,4,1,4,1
bc98-2983-907b,5997,5,-94.75,4,1,4,1,4,1,4,1
bc98-2983-907b,5998,5,-94.75,4,1,4,1,4,1,4,1
bc98-2983-907b,5999,5,-93.5,5,0,5,0,4,1,5,0
bc98-2983-907b,6000,5,-94.5,5,0,5,0,5,0,5,0
bc98-2983-907b,6001,5,-94.5,5,0,5,0,5,0,5,0
bc98-2983-907b,6002,5,-94.5,4,1,4,1,4,1,4,1
bc98-2983-907b,6003,5,-94.5,5,0,5,0,5,0,5,0
bc98-2983-907b,6004,5,-95.0,4,1,4,1,4,1,4,1
bc98-2983-907b,6005,5,-95.25,5,0,5,0,5,0,5,0
bc98-2983-907b,6006,5,-94.0,3,2,3,2,3,2,3,2
bc98-2983-907b,6007,5,-94.5,3,2,3,2,3,2,3,2
bc98-2983-907b,6008,5,-94.5,3,2,3,2,3,2,3,2
bc98-2983-907b,6009,5,-94.0,3,2,3,2,3,2,3,2
bc98-2983-907b,6010,5,-93.75,4,1,4,1,4,1,4,1
bc98-2983-907b,6011,5,-93.75,4,1,4,1,4,1,4,1
bc98-2983-907b,6012,5,-93.25,3,2,3,2,3,2,3,2
bc98-2983-907b,6013,5,-93.0,4,1,4,1,3,2,4,1
bc98-2983-907b,6014,5,-93.75,3,2,3,2,3,2,3,2
bc98-2983-907b,6015,5,-93.75,3,2,3,2,3,2,3,2
bc98-2983-907b,6016,5,-94.0,3,2,3,2,3,2,3,2
bc98-2983-907b,6017,5,-93.75,3,2,3,2,3,2,3,2
bc98-2983-907b,6018,4,-94.0,4,0,4,0,4,0,4,0
bc98-2983-907b,6019,4,-94.5,4,0,4,0,4,0,4,0
bc98-2983-907b,6020,4,-95.0,4,0,4,0,4,0,4,0
bc98-2983-907b,6021,4,-94.25,4,0,4,0,4,0,4,0
bc98-2983-907b,6022,4,-94.5,4,0,4,0,4,0,4,0
bc98-2983-907b,6023,4,-94.5,4,0,4,0,4,0,4,0
bc98-2983-907b,6024,4,-94.5,4,0,4,0,4,0,4,0
bc98-2983-907b,6025,4,-94.25,4,0,4,0,4,0,4,0
bc98-2983-907b,6026,4,-94.5,5,1,5,1,5,1,5,1
bc98-2983-907b,6027,4,-94.5,5,1,5,1,4,0,5,1
bc98-2983-907b,6028,4,-94.5,4,0,4,0,4,0,4,0
bc98-2983-907b,6029,4,-95.0,5,1,5,1,5,1,5,1
bc98-2983-907b,6030,4,-94.75,5,1,5,1,5,1,5,1
bc98-2983-907b,6031,4,-95.0,4,0,4,0,4,0,4,0
bc98-2983-907b,6032,4,-94.25,4,0,4,0,4,0,4,0
bc98-2983-907b,6033,4,-95.0,4,0,4,0,4,0,4,0
bc98-2983-907b,6034,4,-94.75,3,1,3,1,3,1,3,1
bc98-2983-907b,6035,4,-94.75,4,0,4,0,4,0,4,0
bc98-2983-907b,6036,4,-94.5,4,0,4,0,4,0,4,0
bc98-2983-907b,6037,4,-94.75,4,0,4,0,4,0,4,0
bc98-2983-907b,6038,4,-94.5,4,0,4,0,4,0,4,0
bc98-2983-907b,6039,4,-94.75,5,1,5,1,5,1,5,1
bc98-2983-907b,6040,4,-94.75,5,1,5,1,5,1,5,1
bc98-2983-907b,6041,4,-94.0,4,0,4,0,4,0,4,0
bc98-2983-907b,6042,4,-94.75,4,0,4,0,4,0,4,0
bc98-2983-907b,6043,4,-94.5,5,1,5,1,4,0,5,1
bc98-2983-907b,6044,4,-94.25,5,1,5,1,5,1,5,1
bc98-2983-907b,6045,4,-95.25,5,1,5,1,5,1,5,1
bc98-2983-907b,6046,4,-94.75,4,0,4,0,4,0,4,0
bc98-2983-907b,6047,4,-95.0,5,1,5,1,5,1,5,1
bc98-2983-907b,6048,4,-94.5,5,1,5,1,5,1,5,1
bc98-2983-907b,6049,4,-94.25,4,0,4,0,4,0,4,0
bc98-2983-907b,6050,4,-94.75,4,0,4,0,4,0,4,0
bc98-2983-907b,6051,4,-94.25,5,1,5,1,5,1,5,1
bc98-2983-907b,6052,4,-94.75,4,0,4,0,4,0,4,0
bc98-2983-907b,6053,4,-94.5,4,0,4,0,4,0,4,0
bc98-2983-907b,6054,4,-94.5,5,1,5,1,5,1,5,1
bc98-2983-907b,6055,4,-94.75,4,0,4,0,4,0,4,0
bc98-2983-907b,6056,4,-94.25,4,0,4,0,4,0,4,0
bc98-2983-907b,6057,4,-94.5,4,0,4,0,4,0,4,0
bc98-2983-907b,6058,4,-94.25,4,0,4,0,4,0,4,0
bc98-2983-907b,6059,4,-94.75,4,0,4,0,4,0,4,0
bc98-2983-907b,6060,4,-93.0,4,0,4,0,3,1,4,0
bc98-2983-907b,6061,4,-95.5,3,1,3,1,3,1,3,1
bc98-2983-907b,6062,4,-94.75,5,1,5,1,5,1,5,1
bc98-2983-907b,6063,4,-95.0,4,0,4,0,4,0,4,0
bc98-2983-907b,6064,4,-94.25,4,0,4,0,4,0,4,0
bc98-2983-907b,6065,4,-94.25,4,0,4,0,4,0,4,0
bc98-2983-907b,6066,4,-94.0,4,0,4,0,4,0,4,0
bc98-2983-907b,6067,4,-94.5,4,0,4,0,4,0,4,0
bc98-2983-907b,6068,4,-95.25,5,1,5,1,5,1,5,1
bc98-2983-907b,6069,4,-94.75,4,0,4,0,4,0,4,0
bc98-2983-907b,6070,4,-94.25,4,0,4,0,4,0,4,0
bc98-2983-907b,6071,3,-94.5,4,1,4,1,4,1,4,1
bc98-2983-907b,6072,3,-93.75,4,1,4,1,4,1,4,1
bc98-2983-907b,6073,3,-93.5,5,2,5,2,5,2,5,2
bc98-2983-907b,6074,3,-93.5,4,1,4,1,4,1,4,1
bc98-2983-907b,6075,3,-95.0,4,1,4,1,4,1,4,1
bc98-2983-907b,6076,3,-94.25,5,2,5,2,5,2,5,2
bc98-2983-907b,6077,3,-94.25,5,2,5,2,5,2,5,2
bc98-2983-907b,6078,3,-94.25,5,2,5,2,5,2,5,2
bc98-2983-907b,6079,3,-93.75,4,1,4,1,4,1,4,1
bc98-2983-907b,6080,3,-93.75,4,1,4,1,4,1,4,1
bc98-2983-907b,6081,3,-94.5,4,1,4,1,4,1,4,1
bc98-2983-907b,6082,3,-94.0,4,1,4,1,4,1,4,1
bc98-2983-907b,6083,3,-94.25,5,2,5,2,5,2,5,2
bc98-2983-907b,6084,3,-94.5,4,1,4,1,4,1,4,1
bc98-2983-907b,6085,3,-94.75,4,1,4,1,4,1,4,1
bc98-2983-907b,6086,3,-95.0,2,1,2,1,2,1,2,1
bc98-2983-907b,6087,3,-94.5,2,1,2,1,2,1,2,1
bc98-2983-907b,6088,4,-94.75,3,1,3,1,3,1,3,1
bc98-2983-907b,6089,4,-94.25,3,1,3,1,3,1,3,1
bc98-2983-907b,6090,4,-95.25,2,2,2,2,2,2,2,2
bc98-2983-907b,6091,4,-94.75,2,2,2,2,2,2,2,2
bc98-2983-907b,6092,4,-95.0,3,1,3,1,3,1,3,1
bc98-2983-907b,6093,4,-94.25,3,1,2,2,3,1,3,1
bc98-2983-907b,6094,4,-94.5,2,2,2,2,2,2,2,2
bc98-2983-907b,6095,3,-94.5,2,1,2,1,2,1,2,1
bc98-2983-907b,6096,3,-94.75,3,0,3,0,3,0,3,0
bc98-2983-907b,6097,4,-94.75,3,1,3,1,3,1,3,1
bc98-2983-907b,6098,4,-94.5,3,1,3,1,3,1,3,1
bc98-2983-907b,6099,4,-94.75,4,0,4,0,4,0,4,0
bc98-2983-907b,6100,4,-94.75,3,1,3,1,3,1,3,1
bc98-2983-907b,6101,4,-95.5,2,2,2,2,2,2,2,2
bc98-2983-907b,6102,4,-94.75,2,2,2,2,2,2,2,2
bc98-2983-907b,6103,4,-95.0,2,2,2,2,2,2,2,2
bc98-2983-907b,6104,4,-95.25,2,2,2,2,2,2,2,2
bc98-2983-907b,6105,4,-95.0,2,2,2,2,2,2,2,2
bc98-2983-907b,6106,4,-95.0,3,1,3,1,3,1,3,1
bc98-2983-907b,6107,4,-95.0,2,2,2,2,2,2,2,2
bc98-2983-907b,6108,4,-95.0,2,2,2,2,2,2,2,2
bc98-2983-907b,6109,4,-95.25,2,2,2,2,2,2,2,2
bc98-2983-907b,6110,4,-95.5,2,2,2,2,2,2,2,2
bc98-2983-907b,6111,4,-94.0,3,1,2,2,2,2,3,1
bc98-2983-907b,6112,4,-95.0,2,2,2,2,2,2,2,2
bc98-2983-907b,6113,4,-95.25,2,2,2,2,2,2,2,2
bc98-2983-907b,6114,4,-94.75,2,2,2,2,2,2,2,2
bc98-2983-907b,6115,4,-95.25,2,2,2,2,2,2,2,2
bc98-2983-907b,6116,4,-95.0,2,2,2,2,2,2,2,2
bc98-2983-907b,6117,4,-95.0,2,2,2,2,2,2,2,2
bc98-2983-907b,6118,4,-94.75,3,1,3,1,3,1,3,1
bc98-2983-907b,6119,4,-95.25,2,2,2,2,2,2,2,2
bc98-2983-907b,6120,4,-94.75,2,2,2,2,2,2,2,2
bc98-2983-907b,6121,4,-95.0,3,1,3,1,3,1,3,1
bc98-2983-907b,6122,4,-96.25,4,0,4,0,4,0,4,0
bc98-2983-907b,6123,4,-95.5,2,2,2,2,2,2,2,2
bc98-2983-907b,6124,4,-95.0,2,2,2,2,2,2,2,2
bc98-2983-907b,6125,4,-95.75,2,2,2,2,2,2,2,2
bc98-2983-907b,6126,4,-94.75,3,1,3,1,3,1,3,1
bc98-2983-907b,6127,4,-95.0,2,2,2,2,2,2,2,2
bc98-2983-907b,6128,4,-95.5,2,2,2,2,2,2,2,2
bc98-2983-907b,6129,4,-95.25,2,2,2,2,2,2,2,2
bc98-2983-907b,6130,4,-95.25,2,2,2,2,2,2,2,2
bc98-2983-907b,6131,4,-95.0,2,2,2,2,2,2,2,2
bc98-2983-907b,6132,4,-95.0,2,2,2,2,2,2,2,2
bc98-2983-907b,6133,4,-95.0,2,2,2,2,2,2,2,2
bc98-2983-907b,6134,4,-94.75,3,1,3,1,3,1,3,1
bc98-2983-907b,6135,4,-95.0,3,1,3,1,3,1,3,1
bc98-2983-907b,6136,4,-94.25,3,1,2,2,2,2,3,1
bc98-2983-907b,6137,4,-95.0,2,2,2,2,2,2,2,2
bc98-2983-907b,6138,4,-95.0,2,2,2,2,2,2,2,2
bc98-2983-907b,6139,4,-94.75,3,1,3,1,3,1,3,1
bc98-2983-907b,6140,4,-94.5,3,1,3,1,3,1,3,1
bc98-2983-907b,6141,4,-93.25,2,2,2,2,2,2,2,2
bc98-2983-907b,6142,4,-94.75,2,2,2,2,2,2,2,2
bc98-2983-907b,6143,4,-94.75,2,2,2,2,2,2,2,2
bc98-2983-907b,6144,4,-95.0,2,2,2,2,2,2,2,2
bc98-2983-907b,6145,4,-94.75,2,2,2,2,2,2,2,2
bc98-2983-907b,6146,4,-95.25,4,0,4,0,4,0,4,0
bc98-2983-907b,6147,4,-94.5,2,2,2,2,2,2,2,2
bc98-2983-907b,6148,4,-95.0,2,2,2,2,2,2,2,2
bc98-2983-907b,6149,4,-95.25,2,2,2,2,2,2,2,2
bc98-2983-907b,6150,4,-94.75,2,2,2,2,2,2,2,2
bc98-2983-907b,6151,4,-95.0,3,1,3,1,3,1,3,1
bc98-2983-907b,6152,4,-94.25,3,1,2,2,3,1,3,1
bc98-2983-907b,6153,4,-94.25,3,1,2,2,3,1,3,1
bc98-2983-907b,6154,4,-95.5,3,1,3,1,3,1,3,1
bc98-2983-907b,6155,4,-95.25,2,2,2,2,2,2,2,2
bc98-2983-907b,6156,4,-95.75,2,2,2,2,2,2,2,2
bc98-2983-907b,6157,4,-94.5,2,2,2,2,2,2,2,2
bc98-2983-907b,6158,4,-95.25,2,2,2,2,2,2,2,2
bc98-2983-907b,6159,3,-95.0,3,0,3,0,3,0,3,0
bc98-2983-907b,6160,3,-95.25,2,1,2,1,2,1,2,1
d0c1-bfe4-18f0,0,6,-91.0,5,1,4,2,4,2,5,1
d0c1-bfe4-18f0,1,6,-93.25,5,1,5,1,5,1,5,1
d0c1-bfe4-18f0,2,6,-91.25,6,0,5,1,5,1,6,0
d0c1-bfe4-18f0,3,6,-92.25,7,1,7,1,7,1,7,1
d0c1-bfe4-18f0,4,6,-89.25,7,1,6,0,5,1,7,1
d0c1-bfe4-18f0,5,7,-90.75,7,0,7,0,6,1,7,0
d0c1-bfe4-18f0,6,7,-90.0,7,0,7,0,6,1,7,0
d0c1-bfe4-18f0,7,7,-88.25,7,0,5,2,4,3,7,0
d0c1-bfe4-18f0,8,7,-90.5,6,1,5,2,5,2,6,1
d0c1-bfe4-18f0,9,7,-92.0,6,1,6,1,6,1,6,1
d0c1-bfe4-18f0,10,7,-90.75,7,0,7,0,6,1,7,0
d0c1-bfe4-18f0,11,7,-88.75,7,0,6,1,5,2,7,0
d0c1-bfe4-18f0,12,7,-91.75,7,0,7,0,6,1,7,0
d0c1-bfe4-18f0,13,7,-91.25,7,0,7,0,6,1,7,0
d0c1-bfe4-18f0,14,7,-90.5,6,1,5,2,4,3,6,1
d0c1-bfe4-18f0,15,7,-91.0,7,0,7,0,6,1,7,0
d0c1-bfe4-18f0,16,7,-87.75,6,1,5,2,4,3,6,1
d0c1-bfe4-18f0,17,7,-91.25,7,0,7,0,6,1,7,0
d0c1-bfe4-18f0,18,7,-92.25,7,0,7,0,7,0,7,0
d0c1-bfe4-18f0,19,7,-91.0,6,1,5,2,5,2,6,1
d0c1-bfe4-18f0,20,7,-90.75,7,0,7,0,6,1,7,0
d0c1-bfe4-18f0,21,7,-91.25,6,1,5,2,5,2,6,1
d0c1-bfe4-18f0,22,7,-92.0,7,0,7,0,7,0,7,0
d0c1-bfe4-18f0,23,7,-91.25,7,0,7,0,6,1,7,0
d0c1-bfe4-18f0,24,7,-91.0,7,0,7,0,6,1,7,0
d0c1-bfe4-18f0,25,7,-89.5,7,0,6,1,5,2,7,0
d0c1-bfe4-18f0,26,7,-89.25,7,0,6,1,5,2,7,0
d0c1-bfe4-18f0,27,7,-90.75,7,0,7,0,6,1,7,0
d0c1-bfe4-18f0,28,7,-90.5,7,0,7,0,6,1,7,0
d0c1-bfe4-18f0,29,7,-89.25,7,0,7,0,5,2,7,0
d0c1-bfe4-18f0,30,7,-90.75,7,0,7,0,6,1,7,0
d0c1-bfe4-18f0,31,7,-90.5,7,0,7,0,6,1,7,0
d0c1-bfe4-18f0,32,7,-90.0,7,0,7,0,6,1,7,0
d0c1-bfe4-18f0,33,7,-91.0,7,0,7,0,6,1,7,0
d0c1-bfe4-18f0,34,7,-91.25,7,0,7,0,6,1,7,0
d0c1-bfe4-18f0,35,7,-90.75,7,0,7,0,6,1,7,0
d0c1-bfe4-18f0,36,7,-91.25,7,0,7,0,6,1,7,0
d0c1-bfe4-18f0,37,7,-88.25,7,0,6,1,5,2,7,0
d0c1-bfe4-18f0,38,7,-88.75,7,0,6,1,5,2,7,0
d0c1-bfe4-18f0,39,7,-88.0,7,0,6,1,5,2,7,0
d0c1-bfe4-18f0,40,7,-90.75,7,0,7,0,6,1,7,0
d0c1-bfe4-18f0,41,7,-91.0,7,0,7,0,6,1,7,0
d0c1-bfe4-18f0,42,7,-91.0,7,0,7,0,6,1,7,0
d0c1-bfe4-18f0,43,7,-89.0,7,0,6,1,5,2,7,0
d0c1-bfe4-18f0,44,7,-88.25,7,0,6,1,5,2,7,0
d0c1-bfe4-18f0,45,7,-91.75,7,0,7,0,6,1,7,0
d0c1-bfe4-18f0,46,7,-88.75,7,0,6,1,5,2,7,0
d0c1-bfe4-18f0,47,7,-90.0,7,0,7,0,6,1,7,0
d0c1-bfe4-18f0,48,7,-91.0,7,0,7,0,6,1,7,0
d0c1-bfe4-18f0,49,7,-90.75,7,0,7,0,6,1,7,0
d0c1-bfe4-18f0,50,7,-89.75,7,0,7,0,6,1,7,0
d0c1-bfe4-18f0,51,7,-88.5,7,0,6,1,4,3,7,0
d0c1-bfe4-18f0,52,7,-88.5,7,0,6,1,5,2,7,0
d0c1-bfe4-18f0,53,7,-90.5,7,0,7,0,6,1,7,0
d0c1-bfe4-18f0,54,7,-89.5,7,0,6,1,6,1,7,0
d0c1-bfe4-18f0,55,7,-88.0,7,0,7,0,7,0,7,0
d0c1-bfe4-18f0,56,7,-88.75,7,0,6,1,5,2,7,0
d0c1-bfe4-18f0,57,7,-89.25,7,0,6,1,5,2,7,0
d0c1-bfe4-18f0,58,7,-87.75,7,0,6,1,5,2,7,0
d0c1-bfe4-18f0,59,7,-90.0,7,0,7,0,6,1,7,0
d0c1-bfe4-18f0,60,7,-88.75,7,0,6,1,5,2,7,0
d0c1-bfe4-18f0,61,7,-91.5,7,0,7,0,6,1,7,0
d0c1-bfe4-18f0,62,7,-90.75,7,0,7,0,6,1,7,0
d0c1-bfe4-18f0,63,7,-91.0,7,0,7,0,6,1,7,0
d0c1-bfe4-18f0,64,7,-89.75,7,0,7,0,6,1,7,0
d0c1-bfe4-18f0,65,7,-91.25,7,0,7,0,6,1,7,0
d0c1-bfe4-18f0,66,7,-90.25,7,0,7,0,6,1,7,0
d0c1-bfe4-18f0,67,7,-89.5,7,0,6,1,5,2,7,0
d0c1-bfe4-18f0,68,7,-90.5,6,1,5,2,5,2,6,1
d0c1-bfe4-18f0,69,7,-90.75,7,0,7,0,6,1,7,0
d0c1-bfe4-18f0,70,7,-91.5,7,0,7,0,6,1,7,0
d0c1-bfe4-18f0,71,7,-89.5,7,0,6,1,5,2,7,0
d0c1-bfe4-18f0,72,7,-91.5,7,0,7,0,7,0,7,0
d0c1-bfe4-18f0,73,7,-91.0,7,0,7,0,6,1,7,0
d0c1-bfe4-18f0,74,7,-90.5,7,0,7,0,6,1,7,0
d0c1-bfe4-18f0,75,7,-90.5,7,0,7,0,6,1,7,0
d0c1-bfe4-18f0,76,5,-90.75,6,1,5,0,5,0,6,1
d0c1-bfe4-18f0,77,5,-91.75,6,1,6,1,6,1,6,1
d0c1-bfe4-18f0,78,5,-92.75,7,2,7,2,7,2,7,2
d0c1-bfe4-18f0,79,5,-91.0,7,2,7,2,6,1,7,2
d0c1-bfe4-18f0,80,5,-93.0,6,1,6,1,6,1,6,1
d0c1-bfe4-18f0,81,5,-92.5,6,1,6,1,6,1,6,1
d0c1-bfe4-18f0,82,5,-92.0,6,1,6,1,6,1,6,1
d0c1-bfe4-18f0,83,5,-92.25,7,2,7,2,7,2,7,2
d0c1-bfe4-18f0,84,5,-91.5,6,1,6,1,5,0,6,1
d0c1-bfe4-18f0,85,5,-90.25,6,1,5,0,5,0,6,1
d0c1-bfe4-18f0,86,5,-91.75,6,1,6,1,6,1,6,1
d0c1-bfe4-18f0,87,5,-94.5,7,2,7,2,7,2,7,2
d0c1-bfe4-18f0,88,5,-94.25,7,2,7,2,7,2,7,2
d0c1-bfe4-18f0,89,5,-92.5,7,2,7,2,7,2,7,2
d0c1-bfe4-18f0,90,5,-94.0,7,2,7,2,7,2,7,2
d0c1-bfe4-18f0,91,5,-93.75,6,1,7,2,7,2,6,1
d0c1-bfe4-18f0,92,5,-91.25,6,1,5,0,5,0,6,1
d0c1-bfe4-18f0,93,5,-92.5,7,2,7,2,7,2,7,2
d0c1-bfe4-18f0,94,5,-92.75,6,1,6,1,6,1,6,1
d0c1-bfe4-18f0,95,5,-92.5,6,1,6,1,6,1,6,1
d0c1-bfe4-18f0,96,5,-93.25,7,2,7,2,7,2,7,2
d0c1-bfe4-18f0,97,5,-92.0,6,1,6,1,6,1,6,1
d0c1-bfe4-18f0,98,5,-90.25,6,1,5,0,5,0,6,1
d0c1-bfe4-18f0,99,5,-91.75,6,1,6,1,6,1,6,1
d0c1-bfe4-18f0,100,5,-92.5,6,1,6,1,6,1,6,1
d0c1-bfe4-18f0,101,5,-93.0,7,2,6,1,6,1,7,2
d0c1-bfe4-18f0,102,5,-90.75,6,1,5,0,5,0,6,1
d0c1-bfe4-18f0,103,5,-92.25,6,1,6,1,6,1,6,1
d0c1-bfe4-18f0,104,5,-93.25,6,1,6,1,6,1,6,1
d0c1-bfe4-18f0,105,5,-93.0,6,1,6,1,6,1,6,1
d0c1-bfe4-18f0,106,5,-92.5,6,1,6,1,6,1,6,1
d0c1-bfe4-18f0,107,5,-90.0,7,2,7,2,6,1,7,2
d0c1-bfe4-18f0,108,5,-91.5,6,1,6,1,5,0,6,1
d0c1-bfe4-18f0,109,5,-90.25,6,1,5,0,5,0,6,1
d0c1-bfe4-18f0,110,5,-90.5,6,1,5,0,4,1,6,1
d0c1-bfe4-18f0,111,5,-93.5,6,1,6,1,6,1,6,1
d0c1-bfe4-18f0,112,5,-92.25,7,2,7,2,7,2,7,2
d0c1-bfe4-18f0,113,5,-89.75,7,2,7,2,7,2,7,2
d0c1-bfe4-18f0,114,5,-93.75,6,1,7,2,7,2,6,1
d0c1-bfe4-18f0,115,5,-92.25,6,1,6,1,6,1,6,1
d0c1-bfe4-18f0,116,5,-92.0,6,1,6,1,6,1,6,1
d0c1-bfe4-18f0,117,5,-90.75,6,1,5,0,5,0,6,1
d0c1-bfe4-18f0,118,5,-92.0,7,2,7,2,7,2,7,2
d0c1-bfe4-18f0,119,5,-92.0,7,2,7,2,7,2,7,2
d0c1-bfe4-18f0,120,5,-91.5,7,2,7,2,6,1,7,2
d0c1-bfe4-18f0,121,5,-90.75,7,2,7,2,6,1,7,2
d0c1-bfe4-18f0,122,5,-90.5,7,2,7,2,6,1,7,2
d0c1-bfe4-18f0,123,5,-91.5,7,2,7,2,6,1,7,2
d0c1-bfe4-18f0,124,5,-92.75,6,1,6,1,6,1,6,1
d0c1-bfe4-18f0,125,5,-93.75,6,1,7,2,7,2,6,1
d0c1-bfe4-18f0,126,5,-91.0,6,1,5,0,5,0,6,1
d0c1-bfe4-18f0,127,5,-93.0,6,1,6,1,6,1,6,1
d0c1-bfe4-18f0,128,5,-92.25,7,2,7,2,7,2,7,2
d0c1-bfe4-18f0,129,5,-93.0,7,2,7,2,7,2,7,2
d0c1-bfe4-18f0,130,5,-91.0,7,2,7,2,6,1,7,2
d0c1-bfe4-18f0,131,5,-92.75,6,1,6,1,6,1,6,1
d0c1-bfe4-18f0,132,5,-92.0,7,2,7,2,7,2,7,2
d0c1-bfe4-18f0,133,5,-89.75,7,2,7,2,6,1,7,2
d0c1-bfe4-18f0,134,5,-92.5,6,1,6,1,6,1,6,1
d0c1-bfe4-18f0,135,5,-92.0,7,2,7,2,7,2,7,2
d0c1-bfe4-18f0,136,5,-92.0,7,2,7,2,7,2,7,2
d0c1-bfe4-18f0,137,5,-91.5,7,2,7,2,6,1,7,2
d0c1-bfe4-18f0,138,5,-90.25,6,1,5,0,5,0,6,1
d0c1-bfe4-18f0,139,5,-92.5,7,2,7,2,7,2,7,2
d0c1-bfe4-18f0,140,5,-93.0,6,1,6,1,6,1,6,1
d0c1-bfe4-18f0,141,5,-91.5,6,1,6,1,5,0,6,1
d0c1-bfe4-18f0,142,5,-89.25,6,1,5,0,4,1,6,1
d0c1-bfe4-18f0,143,5,-90.25,6,1,5,0,5,0,6,1
d0c1-bfe4-18f0,144,5,-90.75,6,1,5,0,5,0,6,1
d0c1-bfe4-18f0,145,5,-92.25,6,1,6,1,6,1,6,1
d0c1-bfe4-18f0,146,5,-90.5,6,1,5,0,5,0,6,1
d0c1-bfe4-18f0,147,5,-90.0,6,1,5,0,5,0,6,1
d0c1-bfe4-18f0,148,5,-92.5,6,1,6,1,6,1,6,1
d0c1-bfe4-18f0,149,5,-89.25,6,1,5,0,4,1,6,1
d0c1-bfe4-18f0,150,5,-93.5,6,1,6,1,6,1,6,1
d0c1-bfe4-18f0,151,5,-90.25,6,1,5,0,4,1,6,1
d0c1-bfe4-18f0,152,5,-91.5,6,1,6,1,5,0,6,1
d0c1-bfe4-18f0,153,5,-91.25,6,1,5,0,5,0,6,1
d0c1-bfe4-18f0,154,5,-89.5,6,1,5,0,4,1,6,1
d0c1-bfe4-18f0,155,5,-93.5,6,1,6,1,6,1,6,1
d0c1-bfe4-18f0,156,5,-92.5,6,1,6,1,6,1,6,1
d0c1-bfe4-18f0,157,5,-93.0,6,1,6,1,6,1,6,1
d0c1-bfe4-18f0,158,5,-90.5,6,1,5,0,5,0,6,1
d0c1-bfe4-18f0,159,5,-93.5,6,1,6,1,6,1,6,1
d0c1-bfe4-18f0,160,5,-92.25,6,1,6,1,6,1,6,1
d0c1-bfe4-18f0,161,5,-93.0,6,1,6,1,6,1,6,1
d0c1-bfe4-18f0,162,5,-91.25,6,1,6,1,5,0,6,1
d0c1-bfe4-18f0,163,5,-91.0,6,1,5,0,5,0,6,1
d0c1-bfe4-18f0,164,5,-92.0,6,1,6,1,6,1,6,1
d0c1-bfe4-18f0,165,5,-91.0,6,1,6,1,5,0,6,1
d0c1-bfe4-18f0,166,5,-93.0,6,1,6,1,6,1,6,1
d0c1-bfe4-18f0,167,5,-91.25,6,1,6,1,5,0,6,1
d0c1-bfe4-18f0,168,5,-93.0,6,1,6,1,6,1,6,1
d0c1-bfe4-18f0,169,5,-94.25,6,1,7,2,7,2,6,1
d0c1-bfe4-18f0,170,5,-94.0,6,1,7,2,7,2,6,1
d0c1-bfe4-18f0,171,5,-92.25,6,1,6,1,6,1,6,1
d0c1-bfe4-18f0,172,5,-91.75,6,1,6,1,6,1,6,1
d0c1-bfe4-18f0,173,9,-90.75,9,0,10,1,9,0,9,0
d0c1-bfe4-18f0,174,9,-92.5,10,1,10,1,10,1,10,1
d0c1-bfe4-18f0,175,9,-92.5,10,1,10,1,9,0,10,1
d0c1-bfe4-18f0,176,9,-92.0,10,1,10,1,10,1,10,1
d0c1-bfe4-18f0,177,9,-92.25,10,1,10,1,10,1,10,1
d0c1-bfe4-18f0,178,9,-92.0,10,1,10,1,9,0,10,1
d0c1-bfe4-18f0,179,9,-92.5,10,1,10,1,9,0,10,1
d0c1-bfe4-18f0,180,10,-92.25,9,1,10,0,9,1,9,1
d0c1-bfe4-18f0,181,10,-92.5,10,0,10,0,9,1,10,0
d0c1-bfe4-18f0,182,10,-91.75,10,0,10,0,9,1,10,0
d0c1-bfe4-18f0,183,10,-91.25,10,0,10,0,9,1,10,0
d0c1-bfe4-18f0,184,10,-93.0,10,0,10,0,10,0,10,0
d0c1-bfe4-18f0,185,10,-92.5,10,0,10,0,10,0,10,0
d0c1-bfe4-18f0,186,10,-91.75,9,1,10,0,9,1,9,1
d0c1-bfe4-18f0,187,10,-92.25,9,1,10,0,9,1,9,1
d0c1-bfe4-18f0,188,10,-91.5,10,0,10,0,9,1,10,0
d0c1-bfe4-18f0,189,10,-92.5,9,1,10,0,9,1,9,1
d0c1-bfe4-18f0,190,10,-92.75,10,0,10,0,10,0,10,0
d0c1-bfe4-18f0,191,10,-92.25,10,0,10,0,10,0,10,0
d0c1-bfe4-18f0,192,10,-92.75,10,0,10,0,9,1,10,0
d0c1-bfe4-18f0,193,10,-92.5,10,0,10,0,9,1,10,0
d0c1-bfe4-18f0,194,10,-92.0,10,0,10,0,9,1,10,0
d0c1-bfe4-18f0,195,10,-89.75,9,1,10,0,9,1,9,1
d0c1-bfe4-18f0,196,10,-91.25,9,1,10,0,9,1,9,1
d0c1-bfe4-18f0,197,10,-91.5,9,1,10,0,9,1,9,1
d0c1-bfe4-18f0,198,10,-92.25,10,0,10,0,10,0,10,0
d0c1-bfe4-18f0,199,10,-92.75,9,1,10,0,9,1,9,1
d0c1-bfe4-18f0,200,10,-91.0,9,1,10,0,9,1,9,1
d0c1-bfe4-18f0,201,10,-92.5,9,1,10,0,9,1,9,1
d0c1-bfe4-18f0,202,10,-92.5,9,1,10,0,9,1,9,1
d0c1-bfe4-18f0,203,10,-90.5,9,1,10,0,9,1,9,1
d0c1-bfe4-18f0,204,10,-91.25,10,0,10,0,9,1,10,0
d0c1-bfe4-18f0,205,10,-92.25,9,1,10,0,9,1,9,1
d0c1-bfe4-18f0,206,10,-90.75,9,1,10,0,9,1,9,1
d0c1-bfe4-18f0,207,10,-92.0,9,1,10,0,9,1,9,1
d0c1-bfe4-18f0,208,10,-91.25,9,1,10,0,9,1,9,1
d0c1-bfe4-18f0,209,10,-91.5,10,0,10,0,9,1,10,0
d0c1-bfe4-18f0,210,10,-91.0,10,0,10,0,9,1,10,0
d0c1-bfe4-18f0,211,10,-92.5,10,0,10,0,9,1,10,0
d0c1-bfe4-18f0,212,10,-91.75,10,0,10,0,9,1,10,0
d0c1-bfe4-18f0,213,10,-91.5,9,1,10,0,9,1,9,1
d0c1-bfe4-18f0,214,10,-92.0,9,1,10,0,9,1,9,1
d0c1-bfe4-18f0,215,10,-91.25,9,1,10,0,9,1,9,1
d0c1-bfe4-18f0,216,10,-91.0,9,1,10,0,9,1,9,1
d0c1-bfe4-18f0,217,10,-92.0,9,1,10,0,9,1,9,1
d0c1-bfe4-18f0,218,10,-92.5,10,0,10,0,10,0,10,0
d0c1-bfe4-18f0,219,10,-91.75,9,1,10,0,9,1,9,1
d0c1-bfe4-18f0,220,10,-92.25,10,0,10,0,10,0,10,0
d0c1-bfe4-18f0,221,10,-92.5,10,0,10,0,9,1,10,0
d0c1-bfe4-18f0,222,10,-92.0,9,1,10,0,9,1,9,1
d0c1-bfe4-18f0,223,10,-92.5,10,0,10,0,9,1,10,0
d0c1-bfe4-18f0,224,10,-92.75,10,0,10,0,10,0,10,0
d0c1-bfe4-18f0,225,10,-92.75,10,0,10,0,9,1,10,0
d0c1-bfe4-18f0,226,10,-91.25,9,1,10,0,9,1,9,1
d0c1-bfe4-18f0,227,10,-92.5,9,1,10,0,9,1,9,1
d0c1-bfe4-18f0,228,10,-93.25,10,0,10,0,10,0,10,0
d0c1-bfe4-18f0,229,10,-92.5,10,0,10,0,9,1,10,0
d0c1-bfe4-18f0,230,10,-91.75,9,1,10,0,9,1,9,1
d0c1-bfe4-18f0,231,10,-90.5,9,1,10,0,9,1,9,1
d0c1-bfe4-18f0,232,10,-91.0,10,0,10,0,9,1,10,0
d0c1-bfe4-18f0,233,10,-91.25,10,0,10,0,9,1,10,0
d0c1-bfe4-18f0,234,10,-92.75,10,0,10,0,9,1,10,0
d0c1-bfe4-18f0,235,10,-91.75,10,0,10,0,9,1,10,0
d0c1-bfe4-18f0,236,10,-92.5,10,0,10,0,9,1,10,0
d0c1-bfe4-18f0,237,10,-92.25,10,0,10,0,10,0,10,0
d0c1-bfe4-18f0,238,10,-92.5,10,0,10,0,9,1,10,0
d0c1-bfe4-18f0,239,10,-92.25,10,0,10,0,10,0,10,0
d0c1-bfe4-18f0,240,10,-92.25,10,0,10,0,9,1,10,0
d0c1-bfe4-18f0,241,10,-92.0,10,0,10,0,9,1,10,0
d0c1-bfe4-18f0,242,10,-92.0,9,1,10,0,9,1,9,1
d0c1-bfe4-18f0,243,10,-92.25,10,0,10,0,9,1,10,0
d0c1-bfe4-18f0,244,10,-91.25,10,0,10,0,9,1,10,0
d0c1-bfe4-18f0,245,10,-93.0,10,0,10,0,9,1,10,0
d0c1-bfe4-18f0,246,10,-92.5,10,0,10,0,10,0,10,0
d0c1-bfe4-18f0,247,10,-92.0,9,1,10,0,9,1,9,1
d0c1-bfe4-18f0,248,10,-91.5,10,0,10,0,9,1,10,0
d0c1-bfe4-18f0,249,10,-92.0,10,0,10,0,9,1,10,0
d0c1-bfe4-18f0,250,10,-92.75,10,0,10,0,10,0,10,0
d0c1-bfe4-18f0,251,10,-92.5,10,0,10,0,9,1,10,0
d0c1-bfe4-18f0,252,10,-92.25,10,0,10,0,10,0,10,0
d0c1-bfe4-18f0,253,10,-93.5,10,0,10,0,9,1,10,0
d0c1-bfe4-18f0,254,10,-91.5,9,1,10,0,9,1,9,1
d0c1-bfe4-18f0,255,7,-91.75,7,0,7,0,7,0,7,0
d0c1-bfe4-18f0,256,6,-92.0,7,1,7,1,7,1,7,1
d0c1-bfe4-18f0,257,6,-89.5,7,1,7,1,7,1,7,1
d0c1-bfe4-18f0,258,6,-87.75,7,1,7,1,6,0,7,1
d0c1-bfe4-18f0,259,6,-88.0,7,1,7,1,6,0,7,1
d0c1-bfe4-18f0,260,6,-92.75,7,1,7,1,7,1,7,1
d0c1-bfe4-18f0,261,6,-91.5,7,1,7,1,7,1,7,1
d0c1-bfe4-18f0,262,6,-89.0,7,1,7,1,6,0,7,1
d0c1-bfe4-18f0,263,7,-91.75,7,0,7,0,7,0,7,0
d0c1-bfe4-18f0,264,7,-92.5,7,0,7,0,7,0,7,0
d0c1-bfe4-18f0,265,7,-92.75,7,0,7,0,7,0,7,0
d0c1-bfe4-18f0,266,7,-91.0,7,0,7,0,7,0,7,0
d0c1-bfe4-18f0,267,7,-92.0,7,0,7,0,7,0,7,0
d0c1-bfe4-18f0,268,6,-93.25,7,1,7,1,7,1,7,1
d0c1-bfe4-18f0,269,6,-91.25,7,1,7,1,6,0,7,1
d0c1-bfe4-18f0,270,6,-93.25,7,1,7,1,7,1,7,1
d0c1-bfe4-18f0,271,6,-92.0,7,1,7,1,7,1,7,1
d0c1-bfe4-18f0,272,6,-89.25,7,1,7,1,5,1,7,1
d0c1-bfe4-18f0,273,7,-92.5,7,0,7,0,7,0,7,0
d0c1-bfe4-18f0,274,7,-89.75,7,0,7,0,6,1,7,0
d0c1-bfe4-18f0,275,7,-90.0,7,0,7,0,6,1,7,0
d0c1-bfe4-18f0,276,6,-93.0,7,1,7,1,7,1,7,1
d0c1-bfe4-18f0,277,7,-91.75,7,0,7,0,7,0,7,0
d0c1-bfe4-18f0,278,7,-88.0,7,0,6,1,5,2,7,0
d0c1-bfe4-18f0,279,7,-90.75,7,0,7,0,6,1,7,0
d0c1-bfe4-18f0,280,7,-91.75,7,0,7,0,7,0,7,0
d0c1-bfe4-18f0,281,7,-92.25,7,0,7,0,7,0,7,0
d0c1-bfe4-18f0,282,7,-92.75,7,0,7,0,7,0,7,0
d0c1-bfe4-18f0,283,7,-93.5,7,0,7,0,7,0,7,0
d0c1-bfe4-18f0,284,7,-90.25,7,0,7,0,6,1,7,0
d0c1-bfe4-18f0,285,7,-92.75,7,0,7,0,7,0,7,0
d0c1-bfe4-18f0,286,7,-88.0,7,0,7,0,6,1,7,0
d0c1-bfe4-18f0,287,7,-87.75,7,0,7,0,6,1,7,0
d0c1-bfe4-18f0,288,6,-91.75,7,1,7,1,7,1,7,1
d0c1-bfe4-18f0,289,6,-92.0,7,1,7,1,7,1,7,1
d0c1-bfe4-18f0,290,6,-89.75,7,1,7,1,7,1,7,1
d0c1-bfe4-18f0,291,6,-92.25,7,1,7,1,7,1,7,1
d0c1-bfe4-18f0,292,6,-89.75,7,1,7,1,7,1,7,1
d0c1-bfe4-18f0,293,6,-89.75,7,1,7,1,7,1,7,1
d0c1-bfe4-18f0,294,6,-89.5,7,1,7,1,7,1,7,1
d0c1-bfe4-18f0,295,6,-92.25,7,1,7,1,7,1,7,1
d0c1-bfe4-18f0,296,6,-91.0,7,1,7,1,7,1,7,1
d0c1-bfe4-18f0,297,6,-92.5,7,1,7,1,7,1,7,1
d0c1-bfe4-18f0,298,6,-92.75,7,1,7,1,7,1,7,1
d0c1-bfe4-18f0,299,6,-92.75,7,1,7,1,7,1,7,1
d0c1-bfe4-18f0,300,6,-93.0,7,1,7,1,7,1,7,1
d0c1-bfe4-18f0,301,6,-93.0,7,1,7,1,7,1,7,1
d0c1-bfe4-18f0,302,6,-92.5,7,1,7,1,7,1,7,1
d0c1-bfe4-18f0,303,6,-93.0,7,1,7,1,7,1,7,1
d0c1-bfe4-18f0,304,6,-91.5,7,1,7,1,7,1,7,1
d0c1-bfe4-18f0,305,6,-92.5,7,1,7,1,7,1,7,1
d0c1-bfe4-18f0,306,6,-94.0,7,1,7,1,7,1,7,1
d0c1-bfe4-18f0,307,6,-91.25,7,1,7,1,7,1,7,1
d0c1-bfe4-18f0,308,6,-92.75,7,1,7,1,7,1,7,1
d0c1-bfe4-18f0,309,6,-92.75,7,1,7,1,7,1,7,1
d0c1-bfe4-18f0,310,6,-92.75,7,1,7,1,7,1,7,1
d0c1-bfe4-18f0,311,6,-92.25,7,1,7,1,7,1,7,1
d0c1-bfe4-18f0,312,6,-92.25,7,1,7,1,7,1,7,1
d0c1-bfe4-18f0,313,6,-93.75,7,1,7,1,7,1,7,1
d0c1-bfe4-18f0,314,6,-92.0,7,1,7,1,7,1,7,1
d0c1-bfe4-18f0,315,6,-92.0,7,1,7,1,7,1,7,1
d0c1-bfe4-18f0,316,6,-91.75,7,1,7,1,7,1,7,1
d0c1-bfe4-18f0,317,6,-92.5,7,1,7,1,7,1,7,1
d0c1-bfe4-18f0,318,6,-93.5,7,1,7,1,7,1,7,1
d0c1-bfe4-18f0,319,7,-90.75,7,0,7,0,7,0,7,0
d0c1-bfe4-18f0,320,7,-90.75,7,0,7,0,7,0,7,0
d0c1-bfe4-18f0,321,7,-91.0,7,0,7,0,7,0,7,0
d0c1-bfe4-18f0,322,7,-93.25,7,0,7,0,7,0,7,0
d0c1-bfe4-18f0,323,6,-91.5,7,1,7,1,7,1,7,1
d0c1-bfe4-18f0,324,6,-93.5,7,1,7,1,7,1,7,1
d0c1-bfe4-18f0,325,6,-90.75,7,1,7,1,6,0,7,1
d0c1-bfe4-18f0,326,6,-93.0,7,1,7,1,7,1,7,1
d0c1-bfe4-18f0,327,7,-92.25,7,0,7,0,7,0,7,0
d0c1-bfe4-18f0,328,7,-92.25,7,0,7,0,7,0,7,0
d0c1-bfe4-18f0,329,7,-89.0,7,0,7,0,6,1,7,0
d0c1-bfe4-18f0,330,7,-93.0,7,0,7,0,7,0,7,0
d0c1-bfe4-18f0,331,7,-92.5,7,0,7,0,7,0,7,0
d0c1-bfe4-18f0,332,7,-91.0,7,0,7,0,7,0,7,0
d0c1-bfe4-18f0,333,7,-92.5,7,0,7,0,7,0,7,0
d0c1-bfe4-18f0,334,7,-92.0,7,0,7,0,7,0,7,0
d0c1-bfe4-18f0,335,7,-92.25,7,0,7,0,7,0,7,0
d0c1-bfe4-18f0,336,7,-88.25,7,0,7,0,6,1,7,0
d0c1-bfe4-18f0,337,6,-90.75,7,1,7,1,7,1,7,1
d0c1-bfe4-18f0,338,6,-93.5,7,1,7,1,7,1,7,1
d0c1-bfe4-18f0,339,6,-92.25,7,1,7,1,7,1,7,1
d0c1-bfe4-18f0,340,6,-92.75,7,1,7,1,7,1,7,1
d0c1-bfe4-18f0,341,6,-92.75,7,1,7,1,7,1,7,1
d0c1-bfe4-18f0,342,7,-88.0,7,0,7,0,6,1,7,0
d0c1-bfe4-18f0,343,7,-89.0,7,0,7,0,6,1,7,0
d0c1-bfe4-18f0,344,7,-90.5,7,0,7,0,7,0,7,0
d0c1-bfe4-18f0,345,5,-91.0,4,1,4,1,3,2,4,1
d0c1-bfe4-18f0,346,5,-90.75,4,1,4,1,3,2,4,1
d0c1-bfe4-18f0,347,5,-90.75,4,1,3,2,3,2,4,1
d0c1-bfe4-18f0,348,5,-91.25,4,1,4,1,3,2,4,1
d0c1-bfe4-18f0,349,5,-94.0,4,1,4,1,4,1,4,1
d0c1-bfe4-18f0,350,5,-93.75,4,1,4,1,4,1,4,1
d0c1-bfe4-18f0,351,5,-92.5,5,0,5,0,4,1,5,0
d0c1-bfe4-18f0,352,5,-92.25,4,1,4,1,3,2,4,1
d0c1-bfe4-18f0,353,5,-91.5,4,1,3,2,3,2,4,1
d0c1-bfe4-18f0,354,5,-90.0,4,1,4,1,3,2,4,1
d0c1-bfe4-18f0,355,5,-90.0,4,1,4,1,3,2,4,1
d0c1-bfe4-18f0,356,5,-92.75,4,1,4,1,4,1,4,1
d0c1-bfe4-18f0,357,5,-93.0,3,2,3,2,3,2,3,2
d0c1-bfe4-18f0,358,5,-92.0,4,1,4,1,4,1,4,1
d0c1-bfe4-18f0,359,5,-93.0,4,1,4,1,4,1,4,1
d0c1-bfe4-18f0,360,5,-92.5,4,1,4,1,3,2,4,1
d0c1-bfe4-18f0,361,5,-92.0,4,1,3,2,3,2,4,1
d0c1-bfe4-18f0,362,5,-91.5,4,1,4,1,3,2,4,1
d0c1-bfe4-18f0,363,5,-93.0,4,1,4,1,4,1,4,1
d0c1-bfe4-18f0,364,5,-93.0,4,1,4,1,4,1,4,1
d0c1-bfe4-18f0,365,5,-93.75,4,1,4,1,4,1,4,1
d0c1-bfe4-18f0,366,5,-91.25,5,0,4,1,4,1,5,0
d0c1-bfe4-18f0,367,5,-92.25,4,1,4,1,4,1,4,1
d0c1-bfe4-18f0,368,5,-94.0,4,1,4,1,4,1,4,1
d0c1-bfe4-18f0,369,5,-93.5,4,1,4,1,4,1,4,1
d0c1-bfe4-18f0,370,5,-92.0,4,1,4,1,4,1,4,1
d0c1-bfe4-18f0,371,5,-94.75,4,1,4,1,4,1,4,1
d0c1-bfe4-18f0,372,5,-91.25,4,1,4,1,3,2,4,1
d0c1-bfe4-18f0,373,5,-93.0,4,1,4,1,4,1,4,1
d0c1-bfe4-18f0,374,5,-91.75,4,1,4,1,4,1,4,1
d0c1-bfe4-18f0,375,5,-93.75,4,1,4,1,4,1,4,1
d0c1-bfe4-18f0,376,5,-91.25,4,1,3,2,3,2,4,1
d0c1-bfe4-18f0,377,5,-91.25,4,1,3,2,3,2,4,1
d0c1-bfe4-18f0,378,5,-93.0,4,1,4,1,4,1,4,1
d0c1-bfe4-18f0,379,5,-93.25,4,1,4,1,4,1,4,1
d0c1-bfe4-18f0,380,5,-93.25,4,1,4,1,4,1,4,1
d0c1-bfe4-18f0,381,5,-93.0,4,1,4,1,4,1,4,1
d0c1-bfe4-18f0,382,5,-92.75,4,1,4,1,4,1,4,1
d0c1-bfe4-18f0,383,5,-90.5,4,1,4,1,3,2,4,1
d0c1-bfe4-18f0,384,5,-91.5,4,1,4,1,4,1,4,1
d0c1-bfe4-18f0,385,5,-93.0,5,0,5,0,4,1,5,0
d0c1-bfe4-18f0,386,5,-92.75,5,0,5,0,4,1,5,0
d0c1-bfe4-18f0,387,5,-93.5,4,1,4,1,4,1,4,1
d0c1-bfe4-18f0,388,5,-91.75,6,1,6,1,6,1,6,1
d0c1-bfe4-18f0,389,5,-93.0,5,0,5,0,4,1,5,0
d0c1-bfe4-18f0,390,5,-91.75,4,1,4,1,4,1,4,1
d0c1-bfe4-18f0,391,5,-91.0,4,1,4,1,3,2,4,1
d0c1-bfe4-18f0,392,5,-92.5,4,1,4,1,4,1,4,1
d0c1-bfe4-18f0,393,5,-91.5,4,1,4,1,3,2,4,1
d0c1-bfe4-18f0,394,5,-93.0,4,1,4,1,4,1,4,1
d0c1-bfe4-18f0,395,5,-91.5,4,1,4,1,3,2,4,1
d0c1-bfe4-18f0,396,5,-94.0,4,1,4,1,4,1,4,1
d0c1-bfe4-18f0,397,5,-92.0,4,1,4,1,4,1,4,1
d0c1-bfe4-18f0,398,5,-92.75,5,0,5,0,4,1,5,0
d0c1-bfe4-18f0,399,5,-91.75,5,0,4,1,4,1,5,0
d0c1-bfe4-18f0,400,5,-93.25,5,0,5,0,4,1,5,0
d0c1-bfe4-18f0,401,5,-93.75,4,1,4,1,4,1,4,1
d0c1-bfe4-18f0,402,5,-94.75,4,1,4,1,4,1,4,1
d0c1-bfe4-18f0,403,5,-92.75,4,1,4,1,4,1,4,1
d0c1-bfe4-18f0,404,5,-92.25,4,1,4,1,4,1,4,1
d0c1-bfe4-18f0,405,5,-93.0,4,1,4,1,4,1,4,1
d0c1-bfe4-18f0,406,5,-92.5,4,1,4,1,3,2,4,1
d0c1-bfe4-18f0,407,5,-92.5,4,1,4,1,4,1,4,1
d0c1-bfe4-18f0,408,5,-94.0,4,1,4,1,4,1,4,1
d0c1-bfe4-18f0,409,5,-94.25,5,0,5,0,4,1,5,0
d0c1-bfe4-18f0,410,5,-90.75,5,0,4,1,4,1,5,0
d0c1-bfe4-18f0,411,5,-91.25,5,0,4,1,4,1,5,0
d0c1-bfe4-18f0,412,5,-92.25,5,0,5,0,4,1,5,0
d0c1-bfe4-18f0,413,4,-91.5,4,0,4,0,3,1,4,0
d0c1-bfe4-18f0,414,4,-89.25,4,0,4,0,3,1,4,0
d0c1-bfe4-18f0,415,5,-94.0,4,1,4,1,4,1,4,1
d0c1-bfe4-18f0,416,5,-93.75,4,1,4,1,4,1,4,1
d0c1-bfe4-18f0,417,4,-93.0,4,0,4,0,4,0,4,0
d0c1-bfe4-18f0,418,4,-91.25,4,0,4,0,3,1,4,0
d0c1-bfe4-18f0,419,4,-91.0,4,0,4,0,3,1,4,0
d0c1-bfe4-18f0,420,5,-92.75,4,1,4,1,4,1,4,1
d0c1-bfe4-18f0,421,5,-89.5,4,1,4,1,3,2,4,1
d0c1-bfe4-18f0,422,3,-91.75,4,1,3,0,3,0,4,1
d0c1-bfe4-18f0,423,4,-91.25,4,0,4,0,3,1,4,0
d0c1-bfe4-18f0,424,4,-94.0,4,0,4,0,4,0,4,0
d0c1-bfe4-18f0,425,4,-91.25,4,0,4,0,3,1,4,0
d0c1-bfe4-18f0,426,4,-91.0,5,1,4,0,4,0,5,1
d0c1-bfe4-18f0,427,4,-90.75,5,1,4,0,4,0,5,1
d0c1-bfe4-18f0,428,4,-90.75,4,0,4,0,3,1,4,0
d0c1-bfe4-18f0,429,5,-90.75,5,0,4,1,4,1,5,0
d0c1-bfe4-18f0,430,4,-93.25,4,0,4,0,4,0,4,0
d0c1-bfe4-18f0,431,5,-90.25,4,1,4,1,3,2,4,1
d0c1-bfe4-18f0,432,5,-91.25,4,1,4,1,3,2,4,1
d0c1-bfe4-18f0,433,5,-88.5,4,1,4,1,3,2,4,1
d0c1-bfe4-18f0,434,5,-89.0,4,1,4,1,3,2,4,1
d0c1-bfe4-18f0,435,5,-92.5,4,1,4,1,4,1,4,1
d0c1-bfe4-18f0,436,5,-91.75,4,1,4,1,4,1,4,1
d0c1-bfe4-18f0,437,3,-90.5,5,2,4,1,4,1,5,2
d0c1-bfe4-18f0,438,3,-91.25,4,1,4,1,4,1,4,1
d0c1-bfe4-18f0,439,4,-90.25,5,1,4,0,4,0,5,1
d0c1-bfe4-18f0,440,4,-90.25,5,1,4,0,4,0,5,1
d0c1-bfe4-18f0,441,4,-91.25,5,1,5,1,4,0,5,1
d0c1-bfe4-18f0,442,4,-91.75,5,1,5,1,4,0,5,1
d0c1-bfe4-18f0,443,4,-89.0,4,0,4,0,3,1,4,0
d0c1-bfe4-18f0,444,4,-90.5,4,0,4,0,3,1,4,0
d0c1-bfe4-18f0,445,4,-88.0,4,0,4,0,3,1,4,0
d0c1-bfe4-18f0,446,4,-90.5,4,0,4,0,3,1,4,0
d0c1-bfe4-18f0,447,4,-91.5,4,0,4,0,4,0,4,0
d0c1-bfe4-18f0,448,5,-91.0,4,1,4,1,3,2,4,1
d0c1-bfe4-18f0,449,4,-92.75,4,0,4,0,3,1,4,0
d0c1-bfe4-18f0,450,5,-91.75,5,0,5,0,4,1,5,0
d0c1-bfe4-18f0,451,5,-93.0,4,1,4,1,4,1,4,1
d0c1-bfe4-18f0,452,5,-91.25,4,1,4,1,3,2,4,1
d0c1-bfe4-18f0,453,5,-91.75,4,1,4,1,4,1,4,1
d0c1-bfe4-18f0,454,5,-91.5,4,1,4,1,4,1,4,1
d0c1-bfe4-18f0,455,5,-90.0,4,1,3,2,3,2,4,1
d0c1-bfe4-18f0,456,5,-92.0,4,1,4,1,4,1,4,1
d0c1-bfe4-18f0,457,5,-94.0,4,1,4,1,4,1,4,1
d0c1-bfe4-18f0,458,3,-90.0,4,1,4,1,3,0,4,1
d0c1-bfe4-18f0,459,4,-91.25,4,0,4,0,4,0,4,0
d0c1-bfe4-18f0,460,4,-92.5,5,1,5,1,4,0,5,1
d0c1-bfe4-18f0,461,4,-89.0,4,0,4,0,3,1,4,0
d0c1-bfe4-18f0,462,4,-89.5,5,1,4,0,4,0,5,1
d0c1-bfe4-18f0,463,4,-88.75,5,1,4,0,3,1,5,1
d0c1-bfe4-18f0,464,4,-88.75,5,1,4,0,3,1,5,1
d0c1-bfe4-18f0,465,4,-87.75,5,1,4,0,3,1,5,1
d0c1-bfe4-18f0,466,4,-89.25,5,1,4,0,4,0,5,1
d0c1-bfe4-18f0,467,4,-89.75,4,0,4,0,3,1,4,0
d0c1-bfe4-18f0,468,4,-90.25,4,0,4,0,3,1,4,0
d0c1-bfe4-18f0,469,4,-89.25,5,1,4,0,4,0,5,1
d0c1-bfe4-18f0,470,4,-88.25,5,1,4,0,3,1,5,1
d0c1-bfe4-18f0,471,4,-89.25,5,1,4,0,3,1,5,1
d0c1-bfe4-18f0,472,4,-90.75,4,0,4,0,3,1,4,0
d0c1-bfe4-18f0,473,4,-91.5,5,1,5,1,4,0,5,1
d0c1-bfe4-18f0,474,4,-90.75,4,0,4,0,3,1,4,0
d0c1-bfe4-18f0,475,4,-90.5,4,0,4,0,3,1,4,0
d0c1-bfe4-18f0,476,5,-88.75,4,1,4,1,3,2,4,1
d0c1-bfe4-18f0,477,5,-90.75,5,0,4,1,4,1,5,0
d0c1-bfe4-18f0,478,5,-91.0,4,1,4,1,3,2,4,1
d0c1-bfe4-18f0,479,5,-92.0,4,1,4,1,4,1,4,1
d0c1-bfe4-18f0,480,5,-92.5,4,1,4,1,4,1,4,1
d0c1-bfe4-18f0,481,5,-90.75,4,1,4,1,3,2,4,1
d0c1-bfe4-18f0,482,3,-90.25,4,1,4,1,3,0,4,1
d0c1-bfe4-18f0,483,3,-90.75,4,1,4,1,3,0,4,1
d0c1-bfe4-18f0,484,3,-92.75,4,1,4,1,4,1,4,1
d0c1-bfe4-18f0,485,3,-91.25,4,1,4,1,3,0,4,1
d0c1-bfe4-18f0,486,3,-91.75,4,1,4,1,4,1,4,1
d0c1-bfe4-18f0,487,3,-92.0,4,1,4,1,4,1,4,1
d0c1-bfe4-18f0,488,3,-93.0,4,1,4,1,4,1,4,1
d0c1-bfe4-18f0,489,4,-92.0,4,0,4,0,4,0,4,0
d0c1-bfe4-18f0,490,4,-92.25,4,0,4,0,4,0,4,0
d0c1-bfe4-18f0,491,4,-92.75,4,0,4,0,4,0,4,0
d0c1-bfe4-18f0,492,4,-92.75,4,0,4,0,4,0,4,0
d0c1-bfe4-18f0,493,4,-92.0,4,0,4,0,4,0,4,0
d0c1-bfe4-18f0,494,4,-92.0,4,0,4,0,4,0,4,0
d0c1-bfe4-18f0,495,3,-92.0,4,1,4,1,4,1,4,1
d0c1-bfe4-18f0,496,3,-92.0,5,2,5,2,4,1,5,2
d0c1-bfe4-18f0,497,4,-91.75,4,0,4,0,4,0,4,0
d0c1-bfe4-18f0,498,4,-90.75,4,0,4,0,3,1,4,0
d0c1-bfe4-18f0,499,4,-91.75,5,1,5,1,4,0,5,1
d0c1-bfe4-18f0,500,4,-92.0,5,1,5,1,4,0,5,1
d0c1-bfe4-18f0,501,4,-92.25,5,1,5,1,4,0,5,1
d0c1-bfe4-18f0,502,4,-91.75,4,0,4,0,4,0,4,0
d0c1-bfe4-18f0,503,5,-92.25,4,1,4,1,4,1,4,1
d0c1-bfe4-18f0,504,4,-92.25,5,1,5,1,4,0,5,1
d0c1-bfe4-18f0,505,4,-92.5,4,0,4,0,4,0,4,0
d0c1-bfe4-18f0,506,4,-91.5,4,0,4,0,4,0,4,0
d0c1-bfe4-18f0,507,5,-93.5,4,1,4,1,4,1,4,1
d0c1-bfe4-18f0,508,4,-91.75,4,0,4,0,4,0,4,0
d0c1-bfe4-18f0,509,4,-92.25,4,0,4,0,4,0,4,0
d0c1-bfe4-18f0,510,4,-93.0,4,0,4,0,4,0,4,0
d0c1-bfe4-18f0,511,4,-91.0,4,0,4,0,3,1,4,0
d0c1-bfe4-18f0,512,4,-93.0,4,0,4,0,4,0,4,0
d0c1-bfe4-18f0,513,5,-91.75,4,1,4,1,4,1,4,1
d0c1-bfe4-18f0,514,4,-94.0,4,0,4,0,4,0,4,0
d0c1-bfe4-18f0,515,4,-90.5,5,1,4,0,4,0,5,1
d0c1-bfe4-18f0,516,5,-92.25,5,0,5,0,4,1,5,0
d0c1-bfe4-18f0,517,3,-92.75,4,1,4,1,4,1,4,1
d0c1-bfe4-18f0,518,4,-92.0,4,0,4,0,4,0,4,0
d0c1-bfe4-18f0,519,4,-91.0,5,1,4,0,4,0,5,1
d0c1-bfe4-18f0,520,4,-92.0,4,0,4,0,4,0,4,0
d0c1-bfe4-18f0,521,4,-91.5,5,1,4,0,4,0,5,1
d0c1-bfe4-18f0,522,4,-91.0,4,0,4,0,3,1,4,0
d0c1-bfe4-18f0,523,5,-92.0,4,1,4,1,4,1,4,1
d0c1-bfe4-18f0,524,5,-92.25,4,1,4,1,4,1,4,1
d0c1-bfe4-18f0,525,4,-93.0,4,0,4,0,4,0,4,0
d0c1-bfe4-18f0,526,4,-92.25,5,1,5,1,4,0,5,1
d0c1-bfe4-18f0,527,4,-92.0,4,0,4,0,4,0,4,0
d0c1-bfe4-18f0,528,4,-92.75,5,1,5,1,4,0,5,1
d0c1-bfe4-18f0,529,4,-91.0,4,0,3,1,3,1,4,0
d0c1-bfe4-18f0,530,4,-91.75,5,1,5,1,4,0,5,1
d0c1-bfe4-18f0,531,4,-91.25,5,1,4,0,4,0,5,1
d0c1-bfe4-18f0,532,4,-92.25,5,1,5,1,4,0,5,1
d0c1-bfe4-18f0,533,4,-91.0,4,0,4,0,3,1,4,0
d0c1-bfe4-18f0,534,5,-91.0,5,0,4,1,4,1,5,0
d0c1-bfe4-18f0,535,4,-91.25,5,1,4,0,4,0,5,1
d0c1-bfe4-18f0,536,4,-92.0,5,1,5,1,4,0,5,1
d0c1-bfe4-18f0,537,4,-91.5,5,1,4,0,4,0,5,1
d0c1-bfe4-18f0,538,4,-90.5,5,1,4,0,4,0,5,1
d0c1-bfe4-18f0,539,4,-91.0,4,0,4,0,3,1,4,0
d0c1-bfe4-18f0,540,4,-91.25,4,0,3,1,3,1,4,0
d0c1-bfe4-18f0,541,4,-92.5,4,0,4,0,4,0,4,0
d0c1-bfe4-18f0,542,4,-90.75,4,0,4,0,3,1,4,0
d0c1-bfe4-18f0,543,4,-92.75,4,0,4,0,4,0,4,0
d0c1-bfe4-18f0,544,4,-91.0,4,0,4,0,3,1,4,0
d0c1-bfe4-18f0,545,4,-91.5,4,0,4,0,4,0,4,0
d0c1-bfe4-18f0,546,4,-91.75,4,0,4,0,4,0,4,0
d0c1-bfe4-18f0,547,4,-91.25,4,0,4,0,3,1,4,0
d0c1-bfe4-18f0,548,4,-92.25,4,0,4,0,4,0,4,0
d0c1-bfe4-18f0,549,4,-92.0,4,0,4,0,4,0,4,0
d0c1-bfe4-18f0,550,4,-92.25,4,0,4,0,4,0,4,0
d0c1-bfe4-18f0,551,4,-94.5,4,0,4,0,4,0,4,0
d0c1-bfe4-18f0,552,3,-94.75,4,1,4,1,4,1,4,1
d0c1-bfe4-18f0,553,3,-93.0,4,1,4,1,4,1,4,1
d0c1-bfe4-18f0,554,3,-94.0,4,1,4,1,4,1,4,1
d0c1-bfe4-18f0,555,3,-94.75,4,1,4,1,4,1,4,1
d0c1-bfe4-18f0,556,3,-94.25,4,1,4,1,4,1,4,1
d0c1-bfe4-18f0,557,4,-94.0,4,0,4,0,3,1,4,0
d0c1-bfe4-18f0,558,4,-94.0,4,0,4,0,3,1,4,0
d0c1-bfe4-18f0,559,3,-93.0,4,1,3,0,3,0,4,1
d0c1-bfe4-18f0,560,3,-95.25,4,1,4,1,4,1,4,1
d0c1-bfe4-18f0,561,3,-94.5,4,1,4,1,4,1,4,1
d0c1-bfe4-18f0,562,3,-94.25,4,1,4,1,4,1,4,1
d0c1-bfe4-18f0,563,3,-94.25,4,1,4,1,4,1,4,1
d0c1-bfe4-18f0,564,4,-94.25,4,0,4,0,4,0,4,0
d0c1-bfe4-18f0,565,4,-93.0,4,0,4,0,4,0,4,0
d0c1-bfe4-18f0,566,4,-94.25,4,0,4,0,4,0,4,0
d0c1-bfe4-18f0,567,4,-93.25,4,0,4,0,4,0,4,0
d0c1-bfe4-18f0,568,4,-95.0,4,0,4,0,4,0,4,0
d0c1-bfe4-18f0,569,4,-95.0,4,0,4,0,4,0,4,0
d0c1-bfe4-18f0,570,4,-94.25,4,0,4,0,4,0,4,0
d0c1-bfe4-18f0,571,4,-94.25,4,0,4,0,4,0,4,0
d0c1-bfe4-18f0,572,3,-94.0,4,1,4,1,3,0,4,1
d0c1-bfe4-18f0,573,3,-94.25,4,1,4,1,4,1,4,1
d0c1-bfe4-18f0,574,4,-95.0,4,0,4,0,4,0,4,0
d0c1-bfe4-18f0,575,3,-94.75,4,1,4,1,4,1,4,1
d0c1-bfe4-18f0,576,3,-94.75,4,1,4,1,4,1,4,1
d0c1-bfe4-18f0,577,3,-94.5,4,1,5,2,4,1,4,1
d0c1-bfe4-18f0,578,3,-94.25,3,0,3,0,3,0,3,0
d0c1-bfe4-18f0,579,3,-94.75,4,1,4,1,4,1,4,1
d0c1-bfe4-18f0,580,3,-94.75,4,1,4,1,4,1,4,1
d0c1-bfe4-18f0,581,3,-94.5,4,1,4,1,4,1,4,1
d0c1-bfe4-18f0,582,3,-94.25,4,1,4,1,4,1,4,1
d0c1-bfe4-18f0,583,3,-94.25,4,1,4,1,4,1,4,1
d0c1-bfe4-18f0,584,3,-94.5,4,1,4,1,4,1,4,1
d0c1-bfe4-18f0,585,3,-94.25,4,1,4,1,4,1,4,1
d0c1-bfe4-18f0,586,3,-95.25,4,1,4,1,4,1,4,1
d0c1-bfe4-18f0,587,3,-94.75,4,1,4,1,4,1,4,1
d0c1-bfe4-18f0,588,3,-94.5,4,1,4,1,4,1,4,1
d0c1-bfe4-18f0,589,3,-94.25,4,1,4,1,4,1,4,1
d0c1-bfe4-18f0,590,3,-94.75,4,1,4,1,4,1,4,1
d0c1-bfe4-18f0,591,4,-95.0,4,0,4,0,4,0,4,0
d0c1-bfe4-18f0,592,4,-94.5,4,0,4,0,4,0,4,0
d0c1-bfe4-18f0,593,4,-94.5,4,0,4,0,4,0,4,0
d0c1-bfe4-18f0,594,4,-94.5,4,0,4,0,4,0,4,0
d0c1-bfe4-18f0,595,4,-94.75,3,1,3,1,3,1,3,1
d0c1-bfe4-18f0,596,4,-94.0,4,0,4,0,3,1,4,0
d0c1-bfe4-18f0,597,3,-94.5,4,1,4,1,4,1,4,1
d0c1-bfe4-18f0,598,3,-94.25,4,1,4,1,4,1,4,1
d0c1-bfe4-18f0,599,4,-94.5,4,0,4,0,4,0,4,0
d0c1-bfe4-18f0,600,4,-94.75,4,0,4,0,4,0,4,0
d0c1-bfe4-18f0,601,3,-94.0,4,1,4,1,3,0,4,1
d0c1-bfe4-18f0,602,3,-95.25,4,1,4,1,4,1,4,1
d0c1-bfe4-18f0,603,4,-94.25,4,0,4,0,4,0,4,0
d0c1-bfe4-18f0,604,3,-94.75,4,1,4,1,4,1,4,1
d0c1-bfe4-18f0,605,3,-94.75,4,1,4,1,4,1,4,1
d0c1-bfe4-18f0,606,4,-94.25,4,0,4,0,4,0,4,0
d0c1-bfe4-18f0,607,4,-94.25,4,0,4,0,4,0,4,0
d0c1-bfe4-18f0,608,4,-94.0,4,0,4,0,3,1,4,0
d0c1-bfe4-18f0,609,4,-94.0,4,0,4,0,3,1,4,0
d0c1-bfe4-18f0,610,4,-94.5,4,0,4,0,4,0,4,0
d0c1-bfe4-18f0,611,4,-95.0,4,0,4,0,4,0,4,0
d0c1-bfe4-18f0,612,4,-94.25,4,0,4,0,4,0,4,0
d0c1-bfe4-18f0,613,4,-94.25,4,0,4,0,4,0,4,0
d0c1-bfe4-18f0,614,3,-92.75,3,0,3,0,3,0,3,0
d0c1-bfe4-18f0,615,3,-92.75,3,0,3,0,3,0,3,0
d0c1-bfe4-18f0,616,3,-93.75,3,0,3,0,3,0,3,0
d0c1-bfe4-18f0,617,3,-93.75,3,0,3,0,3,0,3,0
d0c1-bfe4-18f0,618,3,-93.75,3,0,3,0,3,0,3,0
d0c1-bfe4-18f0,619,3,-95.0,4,1,4,1,4,1,4,1
d0c1-bfe4-18f0,620,3,-95.0,4,1,4,1,4,1,4,1
d0c1-bfe4-18f0,621,3,-95.0,3,0,3,0,3,0,3,0
d0c1-bfe4-18f0,622,2,-95.25,5,3,5,3,5,3,5,3
d0c1-bfe4-18f0,623,2,-95.25,4,2,4,2,4,2,4,2
d0c1-bfe4-18f0,624,2,-95.5,5,3,5,3,5,3,5,3
d0c1-bfe4-18f0,625,2,-95.0,2,0,2,0,3,1,2,0
d0c1-bfe4-18f0,626,2,-95.0,5,3,5,3,5,3,5,3
d0c1-bfe4-18f0,627,2,-95.5,2,0,3,1,3,1,2,0
d0c1-bfe4-18f0,628,2,-94.5,4,2,4,2,4,2,4,2
d0c1-bfe4-18f0,629,2,-95.25,4,2,4,2,4,2,4,2
d0c1-bfe4-18f0,630,3,-95.5,4,1,4,1,4,1,4,1
d0c1-bfe4-18f0,631,3,-95.25,3,0,3,0,3,0,3,0
d0c1-bfe4-18f0,632,3,-95.0,3,0,3,0,3,0,3,0
d0c1-bfe4-18f0,633,3,-95.25,3,0,3,0,3,0,3,0
d0c1-bfe4-18f0,634,3,-95.0,4,1,4,1,4,1,4,1
d0c1-bfe4-18f0,635,3,-95.5,2,1,3,0,3,0,2,1
d0c1-bfe4-18f0,636,3,-95.0,3,0,3,0,3,0,3,0
d0c1-bfe4-18f0,637,3,-95.25,4,1,5,2,5,2,4,1
d0c1-bfe4-18f0,638,3,-95.25,4,1,5,2,5,2,4,1
d0c1-bfe4-18f0,639,3,-94.75,5,2,5,2,5,2,5,2
d0c1-bfe4-18f0,640,3,-95.25,3,0,3,0,3,0,3,0
d0c1-bfe4-18f0,641,3,-95.0,4,1,5,2,5,2,4,1
d0c1-bfe4-18f0,642,3,-95.0,4,1,4,1,4,1,4,1
d0c1-bfe4-18f0,643,3,-94.75,5,2,5,2,5,2,5,2
d0c1-bfe4-18f0,644,3,-93.0,4,1,5,2,4,1,4,1
d0c1-bfe4-18f0,645,3,-94.75,4,1,4,1,4,1,4,1
d0c1-bfe4-18f0,646,3,-95.75,5,2,5,2,5,2,5,2
d0c1-bfe4-18f0,647,3,-95.25,4,1,4,1,4,1,4,1
d0c1-bfe4-18f0,648,3,-95.0,3,0,3,0,3,0,3,0
d0c1-bfe4-18f0,649,3,-94.75,4,1,4,1,4,1,4,1
d0c1-bfe4-18f0,650,3,-95.25,4,1,4,1,4,1,4,1
d0c1-bfe4-18f0,651,3,-95.25,4,1,4,1,4,1,4,1
d0c1-bfe4-18f0,652,3,-94.75,4,1,4,1,4,1,4,1
d0c1-bfe4-18f0,653,3,-95.0,4,1,4,1,4,1,4,1
d0c1-bfe4-18f0,654,3,-95.5,3,0,3,0,3,0,3,0
d0c1-bfe4-18f0,655,3,-95.5,4,1,4,1,4,1,4,1
d0c1-bfe4-18f0,656,3,-94.5,4,1,5,2,4,1,4,1
d0c1-bfe4-18f0,657,4,-93.25,5,1,5,1,4,0,5,1
d0c1-bfe4-18f0,658,3,-95.0,3,0,3,0,3,0,3,0
d0c1-bfe4-18f0,659,3,-94.75,3,0,2,1,3,0,3,0
d0c1-bfe4-18f0,660,3,-95.0,5,2,5,2,5,2,5,2
d0c1-bfe4-18f0,661,3,-94.75,5,2,5,2,5,2,5,2
d0c1-bfe4-18f0,662,3,-95.0,5,2,5,2,5,2,5,2
d0c1-bfe4-18f0,663,3,-95.5,4,1,4,1,4,1,4,1
d0c1-bfe4-18f0,664,3,-95.5,4,1,4,1,4,1,4,1
d0c1-bfe4-18f0,665,3,-95.0,5,2,5,2,5,2,5,2
d0c1-bfe4-18f0,666,3,-95.25,4,1,4,1,4,1,4,1
d0c1-bfe4-18f0,667,3,-95.25,4,1,4,1,4,1,4,1
d0c1-bfe4-18f0,668,3,-95.0,4,1,4,1,4,1,4,1
d0c1-bfe4-18f0,669,3,-95.25,4,1,4,1,4,1,4,1
d0c1-bfe4-18f0,670,3,-95.0,4,1,4,1,4,1,4,1
d0c1-bfe4-18f0,671,3,-94.75,4,1,4,1,4,1,4,1
d0c1-bfe4-18f0,672,3,-95.25,4,1,4,1,4,1,4,1
d0c1-bfe4-18f0,673,3,-95.0,3,0,3,0,3,0,3,0
d0c1-bfe4-18f0,674,3,-94.75,4,1,4,1,4,1,4,1
d0c1-bfe4-18f0,675,3,-95.5,4,1,5,2,5,2,4,1
d0c1-bfe4-18f0,676,3,-95.25,4,1,5,2,5,2,4,1
d0c1-bfe4-18f0,677,3,-95.5,2,1,3,0,3,0,2,1
d0c1-bfe4-18f0,678,3,-94.75,4,1,4,1,4,1,4,1
d0c1-bfe4-18f0,679,3,-94.75,2,1,2,1,3,0,2,1
d0c1-bfe4-18f0,680,3,-95.0,4,1,4,1,4,1,4,1
d0c1-bfe4-18f0,681,3,-95.75,4,1,4,1,4,1,4,1
d0c1-bfe4-18f0,682,3,-95.0,4,1,4,1,4,1,4,1
d0c1-bfe4-18f0,683,3,-94.75,4,1,4,1,4,1,4,1
d0c1-bfe4-18f0,684,3,-95.0,4,1,4,1,4,1,4,1
d0c1-bfe4-18f0,685,3,-95.25,4,1,4,1,4,1,4,1
d0c1-bfe4-18f0,686,3,-95.25,5,2,5,2,5,2,5,2
d0c1-bfe4-18f0,687,3,-95.5,3,0,3,0,3,0,3,0
d0c1-bfe4-18f0,688,3,-95.25,4,1,4,1,4,1,4,1
d0c1-bfe4-18f0,689,3,-95.25,4,1,4,1,4,1,4,1
d0c1-bfe4-18f0,690,3,-95.0,4,1,4,1,4,1,4,1
d0c1-bfe4-18f0,691,4,-95.0,3,1,3,1,3,1,3,1
d0c1-bfe4-18f0,692,4,-95.0,2,2,3,1,3,1,2,2
d0c1-bfe4-18f0,693,3,-95.25,4,1,4,1,4,1,4,1
d0c1-bfe4-18f0,694,3,-94.75,4,1,4,1,4,1,4,1
d0c1-bfe4-18f0,695,4,-95.0,5,1,5,1,5,1,5,1
d0c1-bfe4-18f0,696,4,-95.0,4,0,5,1,5,1,4,0
d0c1-bfe4-18f0,697,3,-95.25,4,1,4,1,4,1,4,1
d0c1-bfe4-18f0,698,3,-95.0,5,2,5,2,5,2,5,2
d0c1-bfe4-18f0,699,3,-95.0,4,1,4,1,4,1,4,1
d0c1-bfe4-18f0,700,3,-94.75,4,1,5,2,5,2,4,1
d0c1-bfe4-18f0,701,3,-95.25,4,1,4,1,4,1,4,1
d0c1-bfe4-18f0,702,3,-94.75,4,1,4,1,4,1,4,1
d0c1-bfe4-18f0,703,3,-94.75,3,0,2,1,3,0,3,0
d0c1-bfe4-18f0,704,3,-95.25,3,0,3,0,3,0,3,0
d0c1-bfe4-18f0,705,3,-95.75,4,1,4,1,4,1,4,1
d0c1-bfe4-18f0,706,2,-95.25,4,2,4,2,4,2,4,2
d0c1-bfe4-18f0,707,3,-95.25,5,2,5,2,5,2,5,2
d0c1-bfe4-18f0,708,2,-95.25,4,2,4,2,4,2,4,2
d0c1-bfe4-18f0,709,2,-95.0,4,2,4,2,4,2,4,2
d0c1-bfe4-18f0,710,2,-95.0,4,2,4,2,4,2,4,2
d0c1-bfe4-18f0,711,2,-94.75,4,2,4,2,4,2,4,2
d0c1-bfe4-18f0,712,2,-95.0,4,2,4,2,4,2,4,2
d0c1-bfe4-18f0,713,3,-95.25,4,1,4,1,4,1,4,1
d0c1-bfe4-18f0,714,3,-95.25,4,1,4,1,4,1,4,1
d0c1-bfe4-18f0,715,3,-95.25,2,1,2,1,3,0,2,1
d0c1-bfe4-18f0,716,3,-95.25,4,1,4,1,4,1,4,1
d0c1-bfe4-18f0,717,3,-95.5,5,2,5,2,5,2,5,2
d0c1-bfe4-18f0,718,3,-94.75,4,1,5,2,4,1,4,1
d0c1-bfe4-18f0,719,3,-94.75,2,1,2,1,3,0,2,1
d0c1-bfe4-18f0,720,3,-95.25,4,1,4,1,4,1,4,1
d0c1-bfe4-18f0,721,3,-94.5,2,1,2,1,2,1,2,1
d0c1-bfe4-18f0,722,3,-94.75,5,2,5,2,5,2,5,2
d0c1-bfe4-18f0,723,3,-95.5,2,1,3,0,3,0,2,1
d0c1-bfe4-18f0,724,3,-94.75,4,1,4,1,4,1,4,1
d0c1-bfe4-18f0,725,3,-95.0,2,1,2,1,3,0,2,1
d0c1-bfe4-18f0,726,3,-94.75,4,1,4,1,4,1,4,1
d0c1-bfe4-18f0,727,3,-94.75,2,1,2,1,3,0,2,1
d0c1-bfe4-18f0,728,3,-94.75,2,1,2,1,3,0,2,1
d0c1-bfe4-18f0,729,3,-94.75,4,1,4,1,4,1,4,1
d0c1-bfe4-18f0,730,3,-94.75,3,0,3,0,3,0,3,0
d0c1-bfe4-18f0,731,3,-94.75,3,0,3,0,3,0,3,0
d0c1-bfe4-18f0,732,2,-93.75,3,1,3,1,3,1,3,1
d0c1-bfe4-18f0,733,2,-91.75,4,2,4,2,3,1,4,2
d0c1-bfe4-18f0,734,2,-93.0,4,2,4,2,3,1,4,2
d0c1-bfe4-18f0,735,2,-93.5,4,2,4,2,4,2,4,2
d0c1-bfe4-18f0,736,2,-92.75,3,1,2,0,2,0,3,1
d0c1-bfe4-18f0,737,2,-92.5,3,1,3,1,3,1,3,1
d0c1-bfe4-18f0,738,2,-91.75,4,2,4,2,3,1,4,2
d0c1-bfe4-18f0,739,2,-94.25,4,2,4,2,4,2,4,2
d0c1-bfe4-18f0,740,2,-92.5,4,2,4,2,3,1,4,2
d0c1-bfe4-18f0,741,2,-92.75,3,1,3,1,3,1,3,1
d0c1-bfe4-18f0,742,2,-93.5,4,2,4,2,4,2,4,2
d0c1-bfe4-18f0,743,2,-93.25,3,1,3,1,3,1,3,1
d0c1-bfe4-18f0,744,2,-93.5,4,2,4,2,4,2,4,2
d0c1-bfe4-18f0,745,2,-94.0,3,1,3,1,3,1,3,1
d0c1-bfe4-18f0,746,2,-94.5,3,1,3,1,3,1,3,1
d0c1-bfe4-18f0,747,2,-92.75,4,2,4,2,3,1,4,2
d0c1-bfe4-18f0,748,2,-94.0,3,1,3,1,3,1,3,1
d0c1-bfe4-18f0,749,2,-93.25,3,1,3,1,3,1,3,1
d0c1-bfe4-18f0,750,2,-94.5,4,2,4,2,4,2,4,2
d0c1-bfe4-18f0,751,2,-93.5,3,1,3,1,3,1,3,1
d0c1-bfe4-18f0,752,2,-93.5,3,1,3,1,3,1,3,1
d0c1-bfe4-18f0,753,2,-92.75,3,1,3,1,3,1,3,1
d0c1-bfe4-18f0,754,2,-92.75,3,1,3,1,3,1,3,1
d0c1-bfe4-18f0,755,2,-93.5,3,1,3,1,3,1,3,1
d0c1-bfe4-18f0,756,2,-92.75,3,1,3,1,3,1,3,1
d0c1-bfe4-18f0,757,2,-93.75,3,1,3,1,3,1,3,1
d0c1-bfe4-18f0,758,2,-92.75,3,1,3,1,3,1,3,1
d0c1-bfe4-18f0,759,2,-93.5,3,1,3,1,3,1,3,1
d0c1-bfe4-18f0,760,2,-93.5,3,1,3,1,3,1,3,1
d0c1-bfe4-18f0,761,2,-92.5,3,1,3,1,3,1,3,1
d0c1-bfe4-18f0,762,2,-92.5,3,1,3,1,3,1,3,1
d0c1-bfe4-18f0,763,2,-93.75,3,1,3,1,3,1,3,1
d0c1-bfe4-18f0,764,2,-93.0,3,1,3,1,3,1,3,1
d0c1-bfe4-18f0,765,2,-92.25,3,1,3,1,3,1,3,1
d0c1-bfe4-18f0,766,2,-92.5,3,1,3,1,3,1,3,1
d0c1-bfe4-18f0,767,2,-94.25,3,1,3,1,3,1,3,1
d0c1-bfe4-18f0,768,2,-93.25,3,1,3,1,3,1,3,1
d0c1-bfe4-18f0,769,2,-93.0,4,2,4,2,3,1,4,2
d0c1-bfe4-18f0,770,2,-94.25,3,1,3,1,3,1,3,1
d0c1-bfe4-18f0,771,2,-94.25,4,2,4,2,4,2,4,2
d0c1-bfe4-18f0,772,2,-93.75,4,2,4,2,4,2,4,2
d0c1-bfe4-18f0,773,2,-93.75,4,2,4,2,4,2,4,2
d0c1-bfe4-18f0,774,2,-92.75,3,1,3,1,3,1,3,1
d0c1-bfe4-18f0,775,2,-93.0,3,1,3,1,3,1,3,1
d0c1-bfe4-18f0,776,2,-94.5,4,2,4,2,4,2,4,2
d0c1-bfe4-18f0,777,2,-93.25,3,1,3,1,3,1,3,1
d0c1-bfe4-18f0,778,2,-93.75,4,2,4,2,4,2,4,2
d0c1-bfe4-18f0,779,2,-93.5,4,2,4,2,4,2,4,2
d0c1-bfe4-18f0,780,2,-93.25,3,1,3,1,3,1,3,1
d0c1-bfe4-18f0,781,2,-93.0,3,1,3,1,3,1,3,1
d0c1-bfe4-18f0,782,2,-93.0,3,1,3,1,3,1,3,1
d0c1-bfe4-18f0,783,7,-95.25,2,5,2,5,2,5,2,5
d0c1-bfe4-18f0,784,7,-94.75,2,5,2,5,2,5,2,5
d0c1-bfe4-18f0,785,7,-95.5,4,3,5,2,5,2,4,3
d0c1-bfe4-18f0,786,7,-95.0,4,3,4,3,4,3,4,3
d0c1-bfe4-18f0,787,7,-90.75,7,0,7,0,6,1,7,0
d0c1-bfe4-18f0,788,7,-92.5,7,0,7,0,7,0,7,0
d0c1-bfe4-18f0,789,7,-90.25,7,0,7,0,6,1,7,0
d0c1-bfe4-18f0,790,7,-90.75,7,0,5,2,5,2,7,0
d0c1-bfe4-18f0,791,7,-90.5,7,0,5,2,4,3,7,0
d0c1-bfe4-18f0,792,7,-92.25,7,0,6,1,6,1,7,0
d0c1-bfe4-18f0,793,7,-93.25,6,1,6,1,6,1,6,1
d0c1-bfe4-18f0,794,7,-92.0,7,0,6,1,6,1,7,0
d0c1-bfe4-18f0,795,7,-92.25,7,0,7,0,7,0,7,0
d0c1-bfe4-18f0,796,7,-90.75,7,0,5,2,5,2,7,0
d0c1-bfe4-18f0,797,7,-91.0,7,0,6,1,5,2,7,0
d0c1-bfe4-18f0,798,7,-93.0,7,0,6,1,6,1,7,0
d0c1-bfe4-18f0,799,7,-91.0,6,1,5,2,5,2,6,1
d0c1-bfe4-18f0,800,7,-90.75,7,0,6,1,5,2,7,0
d0c1-bfe4-18f0,801,7,-93.0,7,0,6,1,6,1,7,0
d0c1-bfe4-18f0,802,7,-92.25,7,0,6,1,6,1,7,0
d0c1-bfe4-18f0,803,7,-91.25,7,0,6,1,5,2,7,0
d0c1-bfe4-18f0,804,7,-91.25,7,0,6,1,5,2,7,0
d0c1-bfe4-18f0,805,7,-93.25,7,0,6,1,6,1,7,0
d0c1-bfe4-18f0,806,7,-91.5,6,1,6,1,6,1,6,1
d0c1-bfe4-18f0,807,7,-91.5,6,1,6,1,6,1,6,1
d0c1-bfe4-18f0,808,7,-91.75,6,1,6,1,6,1,6,1
d0c1-bfe4-18f0,809,7,-91.0,7,0,5,2,5,2,7,0
d0c1-bfe4-18f0,810,7,-92.25,6,1,6,1,6,1,6,1
d0c1-bfe4-18f0,811,7,-92.75,6,1,6,1,6,1,6,1
d0c1-bfe4-18f0,812,7,-91.5,6,1,6,1,5,2,6,1
d0c1-bfe4-18f0,813,7,-90.75,6,1,5,2,5,2,6,1
d0c1-bfe4-18f0,814,7,-93.5,7,0,7,0,6,1,7,0
d0c1-bfe4-18f0,815,7,-92.0,6,1,6,1,6,1,6,1
d0c1-bfe4-18f0,816,7,-91.75,7,0,6,1,6,1,7,0
d0c1-bfe4-18f0,817,7,-92.0,7,0,6,1,6,1,7,0
d0c1-bfe4-18f0,818,7,-93.0,6,1,6,1,6,1,6,1
d0c1-bfe4-18f0,819,7,-91.5,6,1,6,1,6,1,6,1
d0c1-bfe4-18f0,820,7,-92.0,6,1,6,1,6,1,6,1
d0c1-bfe4-18f0,821,7,-90.75,7,0,5,2,5,2,7,0
d0c1-bfe4-18f0,822,7,-93.5,7,0,7,0,6,1,7,0
d0c1-bfe4-18f0,823,7,-91.25,7,0,6,1,5,2,7,0
d0c1-bfe4-18f0,824,7,-91.75,6,1,6,1,6,1,6,1
d0c1-bfe4-18f0,825,7,-91.5,7,0,6,1,5,2,7,0
d0c1-bfe4-18f0,826,7,-90.5,7,0,5,2,5,2,7,0
d0c1-bfe4-18f0,827,7,-92.0,7,0,6,1,6,1,7,0
d0c1-bfe4-18f0,828,7,-90.75,7,0,5,2,5,2,7,0
d0c1-bfe4-18f0,829,7,-93.25,6,1,6,1,6,1,6,1
d0c1-bfe4-18f0,830,7,-93.25,7,0,6,1,6,1,7,0
d0c1-bfe4-18f0,831,7,-92.0,6,1,6,1,6,1,6,1
d0c1-bfe4-18f0,832,7,-91.0,7,0,5,2,5,2,7,0
d0c1-bfe4-18f0,833,7,-91.25,7,0,6,1,5,2,7,0
d0c1-bfe4-18f0,834,7,-93.5,7,0,7,0,6,1,7,0
d0c1-bfe4-18f0,835,7,-91.0,6,1,6,1,5,2,6,1
d0c1-bfe4-18f0,836,7,-90.75,6,1,5,2,5,2,6,1
d0c1-bfe4-18f0,837,7,-93.75,6,1,7,0,7,0,6,1
d0c1-bfe4-18f0,838,7,-93.5,7,0,7,0,7,0,7,0
d0c1-bfe4-18f0,839,7,-91.25,7,0,6,1,6,1,7,0
d0c1-bfe4-18f0,840,7,-92.75,7,0,6,1,6,1,7,0
d0c1-bfe4-18f0,841,7,-91.25,7,0,6,1,5,2,7,0
d0c1-bfe4-18f0,842,7,-90.75,7,0,5,2,5,2,7,0
d0c1-bfe4-18f0,843,7,-91.0,7,0,5,2,5,2,7,0
d0c1-bfe4-18f0,844,7,-91.25,7,0,6,1,5,2,7,0
d0c1-bfe4-18f0,845,7,-90.0,7,0,5,2,4,3,7,0
d0c1-bfe4-18f0,846,7,-90.25,7,0,7,0,7,0,7,0
d0c1-bfe4-18f0,847,7,-90.0,7,0,5,2,4,3,7,0
d0c1-bfe4-18f0,848,7,-91.0,7,0,5,2,5,2,7,0
d0c1-bfe4-18f0,849,7,-90.75,7,0,5,2,5,2,7,0
d0c1-bfe4-18f0,850,7,-92.0,7,0,6,1,6,1,7,0
d0c1-bfe4-18f0,851,7,-92.0,7,0,6,1,6,1,7,0
d0c1-bfe4-18f0,852,7,-92.25,7,0,6,1,6,1,7,0
d0c1-bfe4-18f0,853,7,-92.5,7,0,6,1,6,1,7,0
d0c1-bfe4-18f0,854,7,-92.25,7,0,6,1,6,1,7,0
d0c1-bfe4-18f0,855,7,-93.25,7,0,6,1,6,1,7,0
d0c1-bfe4-18f0,856,7,-91.5,7,0,6,1,5,2,7,0
d0c1-bfe4-18f0,857,7,-92.75,7,0,6,1,6,1,7,0
d0c1-bfe4-18f0,858,7,-91.5,7,0,6,1,5,2,7,0
d0c1-bfe4-18f0,859,7,-89.5,7,0,7,0,7,0,7,0
d0c1-bfe4-18f0,860,9,-91.25,9,0,10,1,9,0,9,0
d0c1-bfe4-18f0,861,9,-89.25,9,0,10,1,9,0,9,0
d0c1-bfe4-18f0,862,9,-92.0,10,1,10,1,9,0,10,1
d0c1-bfe4-18f0,863,9,-91.25,10,1,10,1,9,0,10,1
d0c1-bfe4-18f0,864,9,-92.0,10,1,10,1,10,1,10,1
d0c1-bfe4-18f0,865,9,-92.5,10,1,10,1,9,0,10,1
d0c1-bfe4-18f0,866,8,-92.75,9,1,10,2,9,1,9,1
d0c1-bfe4-18f0,867,8,-92.75,10,2,10,2,9,1,10,2
d0c1-bfe4-18f0,868,8,-92.5,10,2,10,2,10,2,10,2
d0c1-bfe4-18f0,869,8,-92.25,9,1,10,2,9,1,9,1
d0c1-bfe4-18f0,870,8,-92.25,9,1,10,2,9,1,9,1
d0c1-bfe4-18f0,871,8,-92.25,10,2,10,2,9,1,10,2
d0c1-bfe4-18f0,872,8,-92.5,10,2,10,2,9,1,10,2
d0c1-bfe4-18f0,873,8,-92.0,9,1,10,2,9,1,9,1
d0c1-bfe4-18f0,874,9,-92.25,9,0,10,1,9,0,9,0
d0c1-bfe4-18f0,875,8,-92.0,9,1,10,2,9,1,9,1
d0c1-bfe4-18f0,876,8,-92.25,9,1,10,2,9,1,9,1
d0c1-bfe4-18f0,877,8,-92.25,10,2,10,2,9,1,10,2
d0c1-bfe4-18f0,878,8,-92.5,10,2,10,2,9,1,10,2
d0c1-bfe4-18f0,879,8,-92.75,10,2,10,2,9,1,10,2
d0c1-bfe4-18f0,880,8,-92.0,10,2,10,2,9,1,10,2
d0c1-bfe4-18f0,881,8,-90.25,10,2,10,2,9,1,10,2
d0c1-bfe4-18f0,882,8,-92.5,10,2,10,2,9,1,10,2
d0c1-bfe4-18f0,883,8,-92.25,10,2,10,2,9,1,10,2
d0c1-bfe4-18f0,884,8,-92.25,10,2,10,2,9,1,10,2
d0c1-bfe4-18f0,885,8,-91.5,10,2,10,2,9,1,10,2
d0c1-bfe4-18f0,886,8,-91.75,9,1,10,2,9,1,9,1
d0c1-bfe4-18f0,887,8,-92.75,10,2,10,2,9,1,10,2
d0c1-bfe4-18f0,888,8,-91.75,10,2,10,2,9,1,10,2
d0c1-bfe4-18f0,889,8,-92.5,10,2,10,2,9,1,10,2
d0c1-bfe4-18f0,890,8,-93.25,10,2,10,2,10,2,10,2
d0c1-bfe4-18f0,891,8,-92.25,10,2,10,2,9,1,10,2
d0c1-bfe4-18f0,892,8,-91.25,10,2,10,2,9,1,10,2
d0c1-bfe4-18f0,893,8,-92.5,10,2,10,2,10,2,10,2
d0c1-bfe4-18f0,894,8,-92.0,10,2,10,2,10,2,10,2
d0c1-bfe4-18f0,895,8,-92.75,10,2,10,2,9,1,10,2
d0c1-bfe4-18f0,896,8,-92.5,10,2,10,2,9,1,10,2
d0c1-bfe4-18f0,897,8,-92.5,10,2,10,2,9,1,10,2
d0c1-bfe4-18f0,898,8,-92.5,10,2,10,2,9,1,10,2
d0c1-bfe4-18f0,899,8,-91.25,9,1,10,2,9,1,9,1
d0c1-bfe4-18f0,900,8,-92.25,9,1,10,2,9,1,9,1
d0c1-bfe4-18f0,901,8,-92.0,10,2,10,2,9,1,10,2
d0c1-bfe4-18f0,902,8,-91.75,10,2,10,2,9,1,10,2
d0c1-bfe4-18f0,903,8,-93.25,10,2,10,2,9,1,10,2
d0c1-bfe4-18f0,904,8,-92.25,10,2,10,2,9,1,10,2
d0c1-bfe4-18f0,905,8,-92.75,10,2,10,2,9,1,10,2
d0c1-bfe4-18f0,906,8,-92.0,10,2,10,2,9,1,10,2
d0c1-bfe4-18f0,907,8,-91.25,10,2,10,2,9,1,10,2
d0c1-bfe4-18f0,908,8,-92.75,10,2,10,2,10,2,10,2
d0c1-bfe4-18f0,909,8,-92.75,10,2,10,2,9,1,10,2
d0c1-bfe4-18f0,910,8,-91.25,10,2,10,2,9,1,10,2
d0c1-bfe4-18f0,911,8,-92.0,10,2,10,2,9,1,10,2
d0c1-bfe4-18f0,912,8,-92.0,10,2,10,2,10,2,10,2
d0c1-bfe4-18f0,913,8,-93.25,10,2,10,2,9,1,10,2
d0c1-bfe4-18f0,914,8,-92.0,10,2,10,2,9,1,10,2
d0c1-bfe4-18f0,915,8,-92.75,10,2,10,2,9,1,10,2
d0c1-bfe4-18f0,916,8,-91.0,9,1,10,2,9,1,9,1
d0c1-bfe4-18f0,917,8,-92.75,10,2,10,2,9,1,10,2
d0c1-bfe4-18f0,918,8,-92.5,10,2,10,2,9,1,10,2
d0c1-bfe4-18f0,919,8,-92.5,10,2,10,2,9,1,10,2
d0c1-bfe4-18f0,920,8,-91.5,9,1,10,2,9,1,9,1
d0c1-bfe4-18f0,921,8,-92.5,9,1,10,2,9,1,9,1
d0c1-bfe4-18f0,922,8,-92.5,9,1,10,2,9,1,9,1
d0c1-bfe4-18f0,923,8,-92.0,9,1,10,2,9,1,9,1
d0c1-bfe4-18f0,924,8,-92.25,10,2,10,2,9,1,10,2
d0c1-bfe4-18f0,925,8,-92.75,10,2,10,2,9,1,10,2
d0c1-bfe4-18f0,926,8,-92.25,10,2,10,2,10,2,10,2
d0c1-bfe4-18f0,927,8,-92.5,10,2,10,2,9,1,10,2
d0c1-bfe4-18f0,928,8,-92.75,10,2,10,2,10,2,10,2
d0c1-bfe4-18f0,929,8,-92.0,9,1,10,2,9,1,9,1
d0c1-bfe4-18f0,930,8,-91.25,9,1,10,2,9,1,9,1
d0c1-bfe4-18f0,931,8,-92.0,9,1,10,2,9,1,9,1
d0c1-bfe4-18f0,932,8,-92.5,9,1,10,2,9,1,9,1
d0c1-bfe4-18f0,933,8,-91.5,9,1,10,2,9,1,9,1
d0c1-bfe4-18f0,934,8,-91.0,9,1,10,2,9,1,9,1
d0c1-bfe4-18f0,935,8,-92.25,9,1,10,2,9,1,9,1
d0c1-bfe4-18f0,936,8,-92.0,9,1,10,2,9,1,9,1
d0c1-bfe4-18f0,937,8,-91.75,10,2,10,2,10,2,10,2
d0c1-bfe4-18f0,938,8,-92.25,10,2,10,2,10,2,10,2
d0c1-bfe4-18f0,939,8,-92.5,10,2,10,2,9,1,10,2
d0c1-bfe4-18f0,940,8,-91.75,10,2,10,2,10,2,10,2
d0c1-bfe4-18f0,941,8,-92.75,10,2,10,2,10,2,10,2
d0c1-bfe4-18f0,942,8,-92.25,10,2,10,2,10,2,10,2
d0c1-bfe4-18f0,943,8,-91.75,10,2,10,2,9,1,10,2
d0c1-bfe4-18f0,944,8,-91.0,10,2,10,2,9,1,10,2
d0c1-bfe4-18f0,945,8,-91.75,10,2,10,2,9,1,10,2
d0c1-bfe4-18f0,946,8,-92.25,9,1,10,2,9,1,9,1
d0c1-bfe4-18f0,947,8,-92.0,9,1,10,2,9,1,9,1
d0c1-bfe4-18f0,948,8,-92.5,10,2,10,2,9,1,10,2
d0c1-bfe4-18f0,949,8,-92.5,10,2,10,2,9,1,10,2
d0c1-bfe4-18f0,950,8,-92.75,9,1,10,2,9,1,9,1
d0c1-bfe4-18f0,951,8,-91.5,9,1,10,2,9,1,9,1
d0c1-bfe4-18f0,952,8,-90.25,9,1,10,2,9,1,9,1
d0c1-bfe4-18f0,953,8,-92.0,9,1,10,2,9,1,9,1
d0c1-bfe4-18f0,954,8,-91.25,9,1,10,2,9,1,9,1
d0c1-bfe4-18f0,955,8,-92.0,9,1,10,2,9,1,9,1
d0c1-bfe4-18f0,956,8,-92.0,10,2,10,2,9,1,10,2
d0c1-bfe4-18f0,957,8,-92.75,10,2,10,2,10,2,10,2
d0c1-bfe4-18f0,958,7,-95.0,5,2,5,2,6,1,5,2
d0c1-bfe4-18f0,959,7,-94.25,6,1,7,0,7,0,6,1
d0c1-bfe4-18f0,960,7,-95.0,6,1,7,0,7,0,6,1
d0c1-bfe4-18f0,961,7,-94.5,6,1,7,0,7,0,6,1
d0c1-bfe4-18f0,962,7,-95.0,6,1,7,0,7,0,6,1
d0c1-bfe4-18f0,963,7,-94.5,6,1,7,0,7,0,6,1
d0c1-bfe4-18f0,964,7,-94.75,6,1,7,0,7,0,6,1
d0c1-bfe4-18f0,965,7,-94.5,6,1,7,0,7,0,6,1
d0c1-bfe4-18f0,966,7,-94.5,6,1,7,0,7,0,6,1
d0c1-bfe4-18f0,967,7,-94.75,6,1,7,0,7,0,6,1
d0c1-bfe4-18f0,968,7,-94.5,6,1,7,0,7,0,6,1
d0c1-bfe4-18f0,969,7,-94.75,6,1,7,0,7,0,6,1
d0c1-bfe4-18f0,970,7,-94.25,6,1,7,0,7,0,6,1
d0c1-bfe4-18f0,971,7,-94.25,6,1,7,0,7,0,6,1
d0c1-bfe4-18f0,972,7,-94.0,6,1,6,1,6,1,6,1
d0c1-bfe4-18f0,973,7,-94.75,6,1,7,0,7,0,6,1
d0c1-bfe4-18f0,974,7,-94.25,6,1,6,1,7,0,6,1
d0c1-bfe4-18f0,975,7,-94.0,6,1,6,1,7,0,6,1
d0c1-bfe4-18f0,976,7,-94.5,6,1,7,0,7,0,6,1
d0c1-bfe4-18f0,977,7,-94.75,6,1,7,0,7,0,6,1
d0c1-bfe4-18f0,978,7,-94.0,6,1,6,1,7,0,6,1
d0c1-bfe4-18f0,979,7,-92.75,6,1,6,1,6,1,6,1
d0c1-bfe4-18f0,980,7,-94.0,6,1,6,1,7,0,6,1
d0c1-bfe4-18f0,981,7,-95.0,6,1,7,0,7,0,6,1
d0c1-bfe4-18f0,982,7,-94.25,6,1,7,0,7,0,6,1
d0c1-bfe4-18f0,983,7,-94.25,6,1,7,0,7,0,6,1
d0c1-bfe4-18f0,984,7,-95.25,6,1,7,0,7,0,6,1
d0c1-bfe4-18f0,985,7,-94.25,6,1,7,0,7,0,6,1
d0c1-bfe4-18f0,986,7,-94.0,6,1,6,1,7,0,6,1
d0c1-bfe4-18f0,987,7,-94.5,6,1,7,0,7,0,6,1
d0c1-bfe4-18f0,988,7,-95.0,6,1,7,0,7,0,6,1
d0c1-bfe4-18f0,989,7,-94.25,6,1,7,0,7,0,6,1
d0c1-bfe4-18f0,990,7,-94.75,6,1,7,0,7,0,6,1
d0c1-bfe4-18f0,991,7,-94.0,6,1,6,1,7,0,6,1
d0c1-bfe4-18f0,992,7,-94.5,6,1,7,0,7,0,6,1
d0c1-bfe4-18f0,993,7,-94.5,6,1,7,0,7,0,6,1
d0c1-bfe4-18f0,994,7,-94.5,6,1,7,0,7,0,6,1
d0c1-bfe4-18f0,995,7,-94.75,6,1,7,0,7,0,6,1
d0c1-bfe4-18f0,996,7,-94.5,6,1,7,0,7,0,6,1
d0c1-bfe4-18f0,997,7,-94.75,6,1,7,0,7,0,6,1
d0c1-bfe4-18f0,998,7,-94.5,6,1,7,0,7,0,6,1
d0c1-bfe4-18f0,999,7,-94.75,6,1,7,0,7,0,6,1
d0c1-bfe4-18f0,1000,7,-94.5,6,1,7,0,7,0,6,1
d0c1-bfe4-18f0,1001,7,-93.25,6,1,6,1,6,1,6,1
d0c1-bfe4-18f0,1002,7,-94.75,6,1,7,0,7,0,6,1
d0c1-bfe4-18f0,1003,7,-94.5,6,1,7,0,7,0,6,1
d0c1-bfe4-18f0,1004,7,-94.5,6,1,7,0,7,0,6,1
d0c1-bfe4-18f0,1005,7,-94.5,6,1,7,0,7,0,6,1
d0c1-bfe4-18f0,1006,7,-94.25,6,1,7,0,7,0,6,1
d0c1-bfe4-18f0,1007,7,-94.5,6,1,7,0,7,0,6,1
d0c1-bfe4-18f0,1008,7,-94.5,6,1,7,0,7,0,6,1
d0c1-bfe4-18f0,1009,7,-94.5,6,1,7,0,7,0,6,1
d0c1-bfe4-18f0,1010,7,-94.25,6,1,7,0,7,0,6,1
d0c1-bfe4-18f0,1011,7,-94.75,6,1,7,0,7,0,6,1
d0c1-bfe4-18f0,1012,7,-94.5,6,1,7,0,7,0,6,1
d0c1-bfe4-18f0,1013,7,-94.75,6,1,7,0,7,0,6,1
d0c1-bfe4-18f0,1014,7,-94.25,6,1,7,0,7,0,6,1
d0c1-bfe4-18f0,1015,7,-94.25,6,1,7,0,7,0,6,1
d0c1-bfe4-18f0,1016,7,-94.0,6,1,6,1,7,0,6,1
d0c1-bfe4-18f0,1017,7,-94.75,6,1,7,0,7,0,6,1
d0c1-bfe4-18f0,1018,7,-93.75,6,1,6,1,6,1,6,1
d0c1-bfe4-18f0,1019,7,-94.25,6,1,7,0,7,0,6,1
d0c1-bfe4-18f0,1020,7,-94.0,6,1,6,1,7,0,6,1
d0c1-bfe4-18f0,1021,7,-94.0,6,1,7,0,7,0,6,1
d0c1-bfe4-18f0,1022,7,-94.25,6,1,6,1,7,0,6,1
d0c1-bfe4-18f0,1023,7,-94.5,6,1,7,0,7,0,6,1
d0c1-bfe4-18f0,1024,7,-93.0,6,1,6,1,6,1,6,1
d0c1-bfe4-18f0,1025,7,-94.75,6,1,7,0,7,0,6,1
d0c1-bfe4-18f0,1026,7,-94.5,6,1,7,0,7,0,6,1
d0c1-bfe4-18f0,1027,7,-94.0,6,1,6,1,7,0,6,1
d0c1-bfe4-18f0,1028,7,-94.5,6,1,7,0,7,0,6,1
d0c1-bfe4-18f0,1029,7,-94.25,6,1,7,0,7,0,6,1
d0c1-bfe4-18f0,1030,7,-94.0,6,1,6,1,7,0,6,1
d0c1-bfe4-18f0,1031,7,-94.75,6,1,7,0,7,0,6,1
d0c1-bfe4-18f0,1032,7,-93.25,6,1,6,1,6,1,6,1
d0c1-bfe4-18f0,1033,7,-94.0,6,1,7,0,7,0,6,1
d0c1-bfe4-18f0,1034,7,-95.0,6,1,7,0,7,0,6,1
d0c1-bfe4-18f0,1035,7,-94.25,6,1,6,1,7,0,6,1
d0c1-bfe4-18f0,1036,7,-94.0,6,1,6,1,7,0,6,1
d0c1-bfe4-18f0,1037,7,-93.5,6,1,6,1,6,1,6,1
d0c1-bfe4-18f0,1038,7,-94.25,6,1,6,1,7,0,6,1
d0c1-bfe4-18f0,1039,7,-93.25,6,1,6,1,6,1,6,1
d0c1-bfe4-18f0,1040,7,-94.5,6,1,7,0,7,0,6,1
d0c1-bfe4-18f0,1041,7,-93.0,6,1,6,1,6,1,6,1
d0c1-bfe4-18f0,1042,7,-93.25,6,1,6,1,6,1,6,1
d0c1-bfe4-18f0,1043,7,-95.0,6,1,7,0,7,0,6,1
d0c1-bfe4-18f0,1044,7,-95.25,6,1,7,0,7,0,6,1
d0c1-bfe4-18f0,1045,7,-94.0,6,1,6,1,7,0,6,1
d0c1-bfe4-18f0,1046,7,-94.75,6,1,7,0,7,0,6,1
d0c1-bfe4-18f0,1047,7,-95.0,6,1,7,0,7,0,6,1
d0c1-bfe4-18f0,1048,7,-94.75,6,1,7,0,7,0,6,1
d0c1-bfe4-18f0,1049,7,-94.25,5,2,5,2,6,1,5,2
d0c1-bfe4-18f0,1050,5,-93.0,5,0,5,0,4,1,5,0
d0c1-bfe4-18f0,1051,5,-93.75,4,1,4,1,4,1,4,1
d0c1-bfe4-18f0,1052,5,-91.75,4,1,4,1,4,1,4,1
d0c1-bfe4-18f0,1053,5,-93.0,4,1,4,1,4,1,4,1
d0c1-bfe4-18f0,1054,5,-93.75,4,1,4,1,4,1,4,1
d0c1-bfe4-18f0,1055,5,-94.5,4,1,4,1,4,1,4,1
d0c1-bfe4-18f0,1056,5,-92.5,4,1,4,1,4,1,4,1
d0c1-bfe4-18f0,1057,5,-92.5,4,1,4,1,4,1,4,1
d0c1-bfe4-18f0,1058,5,-92.25,4,1,4,1,4,1,4,1
d0c1-bfe4-18f0,1059,5,-92.5,5,0,5,0,4,1,5,0
d0c1-bfe4-18f0,1060,5,-93.25,4,1,4,1,4,1,4,1
d0c1-bfe4-18f0,1061,5,-94.25,5,0,5,0,4,1,5,0
d0c1-bfe4-18f0,1062,5,-94.25,5,0,5,0,5,0,5,0
d0c1-bfe4-18f0,1063,5,-93.25,4,1,4,1,4,1,4,1
d0c1-bfe4-18f0,1064,5,-94.75,4,1,4,1,4,1,4,1
d0c1-bfe4-18f0,1065,5,-93.25,4,1,4,1,4,1,4,1
d0c1-bfe4-18f0,1066,5,-94.0,5,0,5,0,5,0,5,0
d0c1-bfe4-18f0,1067,5,-93.25,4,1,4,1,4,1,4,1
d0c1-bfe4-18f0,1068,5,-92.75,5,0,5,0,4,1,5,0
d0c1-bfe4-18f0,1069,5,-92.5,5,0,5,0,4,1,5,0
d0c1-bfe4-18f0,1070,5,-93.75,4,1,4,1,4,1,4,1
d0c1-bfe4-18f0,1071,5,-92.75,4,1,4,1,4,1,4,1
d0c1-bfe4-18f0,1072,5,-93.25,4,1,4,1,4,1,4,1
d0c1-bfe4-18f0,1073,5,-92.0,5,0,5,0,4,1,5,0
d0c1-bfe4-18f0,1074,5,-94.0,5,0,5,0,4,1,5,0
d0c1-bfe4-18f0,1075,5,-92.75,5,0,5,0,4,1,5,0
d0c1-bfe4-18f0,1076,5,-93.5,5,0,5,0,4,1,5,0
d0c1-bfe4-18f0,1077,5,-93.0,5,0,5,0,4,1,5,0
d0c1-bfe4-18f0,1078,5,-92.5,4,1,4,1,4,1,4,1
d0c1-bfe4-18f0,1079,5,-93.0,4,1,4,1,4,1,4,1
d0c1-bfe4-18f0,1080,5,-93.25,5,0,5,0,4,1,5,0
d0c1-bfe4-18f0,1081,5,-93.5,4,1,4,1,4,1,4,1
d0c1-bfe4-18f0,1082,5,-93.25,4,1,4,1,4,1,4,1
d0c1-bfe4-18f0,1083,5,-93.25,5,0,5,0,4,1,5,0
d0c1-bfe4-18f0,1084,5,-93.25,4,1,4,1,4,1,4,1
d0c1-bfe4-18f0,1085,5,-94.0,5,0,5,0,5,0,5,0
d0c1-bfe4-18f0,1086,5,-93.5,4,1,4,1,4,1,4,1
d0c1-bfe4-18f0,1087,5,-94.25,5,0,5,0,5,0,5,0
d0c1-bfe4-18f0,1088,5,-93.25,4,1,4,1,4,1,4,1
d0c1-bfe4-18f0,1089,5,-92.75,4,1,4,1,4,1,4,1
d0c1-bfe4-18f0,1090,5,-92.5,4,1,4,1,4,1,4,1
d0c1-bfe4-18f0,1091,5,-92.75,4,1,4,1,4,1,4,1
d0c1-bfe4-18f0,1092,5,-91.5,4,1,4,1,3,2,4,1
d0c1-bfe4-18f0,1093,5,-93.0,4,1,4,1,4,1,4,1
d0c1-bfe4-18f0,1094,5,-91.75,5,0,5,0,4,1,5,0
d0c1-bfe4-18f0,1095,5,-93.0,4,1,4,1,4,1,4,1
d0c1-bfe4-18f0,1096,5,-93.75,5,0,5,0,5,0,5,0
d0c1-bfe4-18f0,1097,5,-93.0,4,1,4,1,4,1,4,1
d0c1-bfe4-18f0,1098,5,-93.0,5,0,5,0,4,1,5,0
d0c1-bfe4-18f0,1099,5,-93.25,5,0,5,0,4,1,5,0
d0c1-bfe4-18f0,1100,5,-92.25,4,1,4,1,4,1,4,1
d0c1-bfe4-18f0,1101,5,-92.0,4,1,4,1,4,1,4,1
d0c1-bfe4-18f0,1102,5,-93.75,5,0,5,0,5,0,5,0
d0c1-bfe4-18f0,1103,5,-93.0,5,0,5,0,4,1,5,0
d0c1-bfe4-18f0,1104,5,-93.25,5,0,5,0,4,1,5,0
d0c1-bfe4-18f0,1105,5,-94.0,4,1,4,1,4,1,4,1
d0c1-bfe4-18f0,1106,5,-93.75,5,0,5,0,4,1,5,0
d0c1-bfe4-18f0,1107,5,-92.25,4,1,4,1,4,1,4,1
d0c1-bfe4-18f0,1108,5,-92.5,4,1,4,1,4,1,4,1
d0c1-bfe4-18f0,1109,5,-93.0,4,1,4,1,4,1,4,1
d0c1-bfe4-18f0,1110,5,-94.0,4,1,4,1,4,1,4,1
d0c1-bfe4-18f0,1111,5,-93.25,5,0,5,0,4,1,5,0
d0c1-bfe4-18f0,1112,5,-94.25,5,0,5,0,5,0,5,0
d0c1-bfe4-18f0,1113,5,-93.5,4,1,4,1,4,1,4,1
d0c1-bfe4-18f0,1114,5,-93.75,5,0,5,0,5,0,5,0
d0c1-bfe4-18f0,1115,5,-93.5,4,1,4,1,4,1,4,1
d0c1-bfe4-18f0,1116,5,-94.0,4,1,4,1,4,1,4,1
d0c1-bfe4-18f0,1117,5,-93.5,4,1,4,1,4,1,4,1
d0c1-bfe4-18f0,1118,5,-93.25,4,1,4,1,4,1,4,1
d0c1-bfe4-18f0,1119,5,-92.5,4,1,4,1,4,1,4,1
d0c1-bfe4-18f0,1120,5,-93.5,4,1,4,1,4,1,4,1
d0c1-bfe4-18f0,1121,5,-93.5,4,1,4,1,4,1,4,1
d0c1-bfe4-18f0,1122,5,-93.25,4,1,4,1,4,1,4,1
d0c1-bfe4-18f0,1123,5,-93.0,4,1,4,1,4,1,4,1
d0c1-bfe4-18f0,1124,4,-91.0,4,0,4,0,3,1,4,0
d0c1-bfe4-18f0,1125,4,-95.0,4,0,4,0,4,0,4,0
d0c1-bfe4-18f0,1126,4,-94.75,5,1,5,1,5,1,5,1
d0c1-bfe4-18f0,1127,5,-93.0,4,1,4,1,4,1,4,1
d0c1-bfe4-18f0,1128,5,-93.0,4,1,4,1,4,1,4,1
d0c1-bfe4-18f0,1129,5,-94.25,4,1,4,1,4,1,4,1
d0c1-bfe4-18f0,1130,5,-94.0,4,1,4,1,4,1,4,1
d0c1-bfe4-18f0,1131,5,-93.5,5,0,5,0,4,1,5,0
d0c1-bfe4-18f0,1132,5,-93.25,5,0,5,0,4,1,5,0
d0c1-bfe4-18f0,1133,5,-95.25,5,0,5,0,5,0,5,0
d0c1-bfe4-18f0,1134,5,-94.75,5,0,5,0,5,0,5,0
d0c1-bfe4-18f0,1135,5,-92.75,5,0,5,0,4,1,5,0
d0c1-bfe4-18f0,1136,5,-92.75,4,1,4,1,4,1,4,1
d0c1-bfe4-18f0,1137,5,-92.25,5,0,5,0,4,1,5,0
d0c1-bfe4-18f0,1138,5,-92.0,4,1,4,1,4,1,4,1
d0c1-bfe4-18f0,1139,5,-92.5,4,1,4,1,4,1,4,1
d0c1-bfe4-18f0,1140,5,-92.75,4,1,4,1,4,1,4,1
d0c1-bfe4-18f0,1141,5,-93.25,5,0,5,0,4,1,5,0
d0c1-bfe4-18f0,1142,5,-92.0,5,0,5,0,4,1,5,0
d0c1-bfe4-18f0,1143,5,-93.25,4,1,4,1,4,1,4,1
d0c1-bfe4-18f0,1144,5,-93.0,4,1,4,1,4,1,4,1
d0c1-bfe4-18f0,1145,5,-91.5,5,0,4,1,4,1,5,0
d0c1-bfe4-18f0,1146,5,-91.0,7,2,6,1,5,0,7,2
d0c1-bfe4-18f0,1147,5,-90.0,7,2,5,0,5,0,7,2
d0c1-bfe4-18f0,1148,5,-88.5,7,2,5,0,4,1,7,2
d0c1-bfe4-18f0,1149,5,-89.0,5,0,5,0,4,1,5,0
d0c1-bfe4-18f0,1150,5,-89.75,7,2,5,0,5,0,7,2
d0c1-bfe4-18f0,1151,5,-88.5,7,2,5,0,4,1,7,2
d0c1-bfe4-18f0,1152,5,-88.75,7,2,5,0,4,1,7,2
d0c1-bfe4-18f0,1153,5,-88.5,5,0,5,0,4,1,5,0
d0c1-bfe4-18f0,1154,5,-89.25,7,2,5,0,4,1,7,2
d0c1-bfe4-18f0,1155,5,-88.75,7,2,5,0,4,1,7,2
d0c1-bfe4-18f0,1156,5,-89.5,5,0,5,0,4,1,5,0
d0c1-bfe4-18f0,1157,5,-89.75,5,0,5,0,4,1,5,0
d0c1-bfe4-18f0,1158,5,-89.5,5,0,4,1,4,1,5,0
d0c1-bfe4-18f0,1159,5,-90.0,5,0,5,0,4,1,5,0
d0c1-bfe4-18f0,1160,5,-90.5,5,0,5,0,4,1,5,0
d0c1-bfe4-18f0,1161,5,-89.25,5,0,5,0,4,1,5,0
d0c1-bfe4-18f0,1162,5,-89.75,5,0,5,0,4,1,5,0
d0c1-bfe4-18f0,1163,5,-88.75,5,0,5,0,4,1,5,0
d0c1-bfe4-18f0,1164,5,-89.0,5,0,5,0,4,1,5,0
d0c1-bfe4-18f0,1165,5,-89.25,5,0,4,1,4,1,5,0
d0c1-bfe4-18f0,1166,5,-91.25,5,0,5,0,4,1,5,0
d0c1-bfe4-18f0,1167,5,-90.5,5,0,4,1,4,1,5,0
d0c1-bfe4-18f0,1168,5,-89.5,7,2,7,2,7,2,7,2
d0c1-bfe4-18f0,1169,5,-90.0,5,0,5,0,4,1,5,0
d0c1-bfe4-18f0,1170,5,-87.75,5,0,5,0,4,1,5,0
d0c1-bfe4-18f0,1171,5,-90.25,5,0,5,0,4,1,5,0
d0c1-bfe4-18f0,1172,5,-90.25,5,0,4,1,4,1,5,0
d0c1-bfe4-18f0,1173,5,-89.5,5,0,5,0,4,1,5,0
d0c1-bfe4-18f0,1174,5,-90.5,5,0,5,0,4,1,5,0
d0c1-bfe4-18f0,1175,5,-89.5,5,0,5,0,4,1,5,0
d0c1-bfe4-18f0,1176,5,-91.25,5,0,5,0,4,1,5,0
d0c1-bfe4-18f0,1177,5,-88.5,5,0,5,0,4,1,5,0
d0c1-bfe4-18f0,1178,5,-90.25,5,0,5,0,4,1,5,0
d0c1-bfe4-18f0,1179,5,-90.75,4,1,4,1,3,2,4,1
d0c1-bfe4-18f0,1180,5,-89.75,5,0,4,1,4,1,5,0
d0c1-bfe4-18f0,1181,5,-90.75,5,0,4,1,4,1,5,0
d0c1-bfe4-18f0,1182,5,-89.5,5,0,5,0,4,1,5,0
d0c1-bfe4-18f0,1183,5,-89.75,5,0,5,0,4,1,5,0
d0c1-bfe4-18f0,1184,5,-90.25,5,0,4,1,4,1,5,0
d0c1-bfe4-18f0,1185,5,-88.0,5,0,5,0,4,1,5,0
d0c1-bfe4-18f0,1186,5,-89.25,5,0,5,0,4,1,5,0
d0c1-bfe4-18f0,1187,5,-88.5,5,0,5,0,4,1,5,0
d0c1-bfe4-18f0,1188,5,-90.75,5,0,5,0,4,1,5,0
d0c1-bfe4-18f0,1189,5,-89.75,5,0,5,0,4,1,5,0
d0c1-bfe4-18f0,1190,5,-90.25,5,0,5,0,4,1,5,0
d0c1-bfe4-18f0,1191,5,-90.0,5,0,4,1,4,1,5,0
d0c1-bfe4-18f0,1192,5,-89.75,5,0,5,0,4,1,5,0
d0c1-bfe4-18f0,1193,5,-87.5,7,2,7,2,6,1,7,2
d0c1-bfe4-18f0,1194,5,-89.75,5,0,5,0,4,1,5,0
d0c1-bfe4-18f0,1195,5,-89.5,5,0,5,0,4,1,5,0
d0c1-bfe4-18f0,1196,5,-91.0,5,0,5,0,4,1,5,0
d0c1-bfe4-18f0,1197,5,-89.5,5,0,5,0,4,1,5,0
d0c1-bfe4-18f0,1198,5,-90.5,5,0,5,0,4,1,5,0
d0c1-bfe4-18f0,1199,5,-90.25,5,0,5,0,4,1,5,0
d0c1-bfe4-18f0,1200,5,-91.0,5,0,5,0,4,1,5,0
d0c1-bfe4-18f0,1201,5,-91.5,4,1,4,1,4,1,4,1
d0c1-bfe4-18f0,1202,5,-87.5,7,2,7,2,6,1,7,2
d0c1-bfe4-18f0,1203,5,-89.75,5,0,5,0,4,1,5,0
d0c1-bfe4-18f0,1204,5,-89.75,5,0,5,0,4,1,5,0
d0c1-bfe4-18f0,1205,5,-90.75,5,0,4,1,4,1,5,0
d0c1-bfe4-18f0,1206,5,-89.5,5,0,5,0,4,1,5,0
d0c1-bfe4-18f0,1207,5,-90.0,5,0,5,0,4,1,5,0
d0c1-bfe4-18f0,1208,5,-90.25,5,0,5,0,4,1,5,0
d0c1-bfe4-18f0,1209,5,-89.5,5,0,5,0,4,1,5,0
d0c1-bfe4-18f0,1210,5,-90.0,5,0,4,1,4,1,5,0
d0c1-bfe4-18f0,1211,5,-89.75,5,0,5,0,4,1,5,0
d0c1-bfe4-18f0,1212,5,-89.75,7,2,5,0,5,0,7,2
d0c1-bfe4-18f0,1213,5,-89.25,7,2,5,0,4,1,7,2
d0c1-bfe4-18f0,1214,5,-89.0,7,2,5,0,4,1,7,2
d0c1-bfe4-18f0,1215,5,-89.5,7,2,5,0,5,0,7,2
d0c1-bfe4-18f0,1216,5,-89.5,7,2,5,0,5,0,7,2
d0c1-bfe4-18f0,1217,5,-89.25,7,2,5,0,4,1,7,2
d0c1-bfe4-18f0,1218,5,-90.0,7,2,5,0,5,0,7,2
d0c1-bfe4-18f0,1219,5,-88.25,7,2,5,0,4,1,7,2
d0c1-bfe4-18f0,1220,5,-90.25,5,0,5,0,4,1,5,0
d0c1-bfe4-18f0,1221,5,-88.75,7,2,5,0,4,1,7,2
d0c1-bfe4-18f0,1222,5,-88.0,7,2,5,0,4,1,7,2
d0c1-bfe4-18f0,1223,5,-88.75,5,0,5,0,4,1,5,0
d0c1-bfe4-18f0,1224,5,-89.75,5,0,4,1,4,1,5,0
d0c1-bfe4-18f0,1225,5,-89.0,5,0,5,0,4,1,5,0
d0c1-bfe4-18f0,1226,5,-89.0,5,0,5,0,4,1,5,0
d0c1-bfe4-18f0,1227,5,-90.0,5,0,5,0,4,1,5,0
d0c1-bfe4-18f0,1228,5,-89.25,5,0,5,0,4,1,5,0
d0c1-bfe4-18f0,1229,5,-89.25,5,0,5,0,4,1,5,0
d0c1-bfe4-18f0,1230,5,-90.75,5,0,5,0,4,1,5,0
d0c1-bfe4-18f0,1231,5,-86.5,7,2,7,2,5,0,7,2
d0c1-bfe4-18f0,1232,5,-89.0,5,0,5,0,4,1,5,0
d0c1-bfe4-18f0,1233,5,-88.75,5,0,5,0,4,1,5,0
d0c1-bfe4-18f0,1234,5,-90.5,5,0,5,0,4,1,5,0
d0c1-bfe4-18f0,1235,5,-89.0,5,0,5,0,4,1,5,0
d0c1-bfe4-18f0,1236,5,-88.75,5,0,5,0,4,1,5,0
d0c1-bfe4-18f0,1237,5,-89.0,5,0,5,0,4,1,5,0
d0c1-bfe4-18f0,1238,5,-89.75,5,0,5,0,4,1,5,0
d0c1-bfe4-18f0,1239,5,-89.75,5,0,5,0,4,1,5,0
d0c1-bfe4-18f0,1240,5,-89.0,5,0,5,0,4,1,5,0
d0c1-bfe4-18f0,1241,5,-88.75,5,0,5,0,4,1,5,0
d0c1-bfe4-18f0,1242,5,-89.75,5,0,5,0,4,1,5,0
d0c1-bfe4-18f0,1243,5,-90.5,5,0,5,0,4,1,5,0
d0c1-bfe4-18f0,1244,5,-88.5,5,0,5,0,4,1,5,0
d0c1-bfe4-18f0,1245,5,-90.0,5,0,4,1,4,1,5,0
d0c1-bfe4-18f0,1246,4,-92.75,4,0,4,0,4,0,4,0
d0c1-bfe4-18f0,1247,4,-94.75,4,0,4,0,4,0,4,0
d0c1-bfe4-18f0,1248,3,-93.0,4,1,4,1,4,1,4,1
d0c1-bfe4-18f0,1249,3,-94.25,4,1,4,1,4,1,4,1
d0c1-bfe4-18f0,1250,3,-92.75,4,1,4,1,4,1,4,1
d0c1-bfe4-18f0,1251,3,-94.25,4,1,4,1,4,1,4,1
d0c1-bfe4-18f0,1252,3,-94.75,4,1,4,1,4,1,4,1
d0c1-bfe4-18f0,1253,3,-93.75,4,1,4,1,4,1,4,1
d0c1-bfe4-18f0,1254,3,-92.0,4,1,4,1,4,1,4,1
d0c1-bfe4-18f0,1255,3,-92.75,4,1,4,1,4,1,4,1
d0c1-bfe4-18f0,1256,3,-94.0,4,1,4,1,4,1,4,1
d0c1-bfe4-18f0,1257,4,-92.75,4,0,4,0,4,0,4,0
d0c1-bfe4-18f0,1258,4,-93.75,4,0,4,0,4,0,4,0
d0c1-bfe4-18f0,1259,4,-95.0,4,0,4,0,4,0,4,0
d0c1-bfe4-18f0,1260,4,-94.0,4,0,4,0,4,0,4,0
d0c1-bfe4-18f0,1261,4,-94.25,4,0,4,0,4,0,4,0
d0c1-bfe4-18f0,1262,4,-93.0,4,0,4,0,3,1,4,0
d0c1-bfe4-18f0,1263,4,-92.75,4,0,4,0,3,1,4,0
d0c1-bfe4-18f0,1264,4,-93.25,4,0,4,0,4,0,4,0
d0c1-bfe4-18f0,1265,4,-94.0,5,1,5,1,5,1,5,1
d0c1-bfe4-18f0,1266,4,-92.25,4,0,4,0,4,0,4,0
d0c1-bfe4-18f0,1267,4,-94.0,4,0,4,0,4,0,4,0
d0c1-bfe4-18f0,1268,4,-92.75,4,0,4,0,4,0,4,0
d0c1-bfe4-18f0,1269,4,-92.75,4,0,4,0,4,0,4,0
d0c1-bfe4-18f0,1270,4,-91.5,4,0,4,0,3,1,4,0
d0c1-bfe4-18f0,1271,4,-93.0,4,0,4,0,4,0,4,0
d0c1-bfe4-18f0,1272,4,-91.75,4,0,4,0,4,0,4,0
d0c1-bfe4-18f0,1273,3,-94.0,4,1,4,1,4,1,4,1
d0c1-bfe4-18f0,1274,3,-93.75,4,1,4,1,4,1,4,1
d0c1-bfe4-18f0,1275,3,-93.5,4,1,4,1,4,1,4,1
d0c1-bfe4-18f0,1276,3,-93.25,4,1,4,1,4,1,4,1
d0c1-bfe4-18f0,1277,3,-93.75,4,1,4,1,4,1,4,1
d0c1-bfe4-18f0,1278,3,-91.5,4,1,4,1,3,0,4,1
d0c1-bfe4-18f0,1279,4,-92.75,4,0,4,0,4,0,4,0
d0c1-bfe4-18f0,1280,4,-92.75,4,0,4,0,4,0,4,0
d0c1-bfe4-18f0,1281,4,-92.75,4,0,4,0,4,0,4,0
d0c1-bfe4-18f0,1282,4,-92.25,4,0,4,0,4,0,4,0
d0c1-bfe4-18f0,1283,4,-93.0,4,0,4,0,4,0,4,0
d0c1-bfe4-18f0,1284,4,-92.0,4,0,4,0,4,0,4,0
d0c1-bfe4-18f0,1285,4,-91.75,4,0,4,0,4,0,4,0
d0c1-bfe4-18f0,1286,4,-93.5,4,0,4,0,4,0,4,0
d0c1-bfe4-18f0,1287,4,-92.75,4,0,4,0,4,0,4,0
d0c1-bfe4-18f0,1288,4,-93.0,4,0,4,0,4,0,4,0
d0c1-bfe4-18f0,1289,4,-92.5,4,0,4,0,4,0,4,0
d0c1-bfe4-18f0,1290,4,-94.75,4,0,4,0,4,0,4,0
d0c1-bfe4-18f0,1291,4,-93.5,4,0,4,0,4,0,4,0
d0c1-bfe4-18f0,1292,4,-92.0,4,0,4,0,4,0,4,0
d0c1-bfe4-18f0,1293,4,-92.0,4,0,3,1,3,1,4,0
d0c1-bfe4-18f0,1294,4,-93.75,4,0,4,0,4,0,4,0
d0c1-bfe4-18f0,1295,4,-92.75,4,0,4,0,4,0,4,0
d0c1-bfe4-18f0,1296,4,-94.0,4,0,4,0,4,0,4,0
d0c1-bfe4-18f0,1297,4,-93.5,4,0,4,0,4,0,4,0
d0c1-bfe4-18f0,1298,4,-95.0,4,0,4,0,4,0,4,0
d0c1-bfe4-18f0,1299,4,-92.0,4,0,4,0,4,0,4,0
d0c1-bfe4-18f0,1300,4,-92.75,4,0,4,0,4,0,4,0
d0c1-bfe4-18f0,1301,4,-93.5,4,0,4,0,4,0,4,0
d0c1-bfe4-18f0,1302,4,-92.25,5,1,5,1,4,0,5,1
d0c1-bfe4-18f0,1303,4,-93.75,4,0,4,0,4,0,4,0
d0c1-bfe4-18f0,1304,4,-92.25,4,0,4,0,4,0,4,0
d0c1-bfe4-18f0,1305,4,-94.5,4,0,4,0,4,0,4,0
d0c1-bfe4-18f0,1306,4,-93.75,4,0,4,0,4,0,4,0
d0c1-bfe4-18f0,1307,4,-93.0,4,0,4,0,4,0,4,0
d0c1-bfe4-18f0,1308,4,-91.25,5,1,4,0,4,0,5,1
d0c1-bfe4-18f0,1309,4,-92.75,4,0,4,0,4,0,4,0
d0c1-bfe4-18f0,1310,4,-93.25,4,0,4,0,4,0,4,0
d0c1-bfe4-18f0,1311,4,-95.25,4,0,4,0,4,0,4,0
d0c1-bfe4-18f0,1312,4,-93.25,4,0,4,0,4,0,4,0
d0c1-bfe4-18f0,1313,4,-92.5,4,0,4,0,4,0,4,0
d0c1-bfe4-18f0,1314,4,-93.25,4,0,4,0,4,0,4,0
d0c1-bfe4-18f0,1315,4,-94.5,4,0,4,0,4,0,4,0
d0c1-bfe4-18f0,1316,4,-94.25,5,1,5,1,5,1,5,1
d0c1-bfe4-18f0,1317,3,-93.25,4,1,4,1,4,1,4,1
d0c1-bfe4-18f0,1318,3,-93.25,4,1,4,1,4,1,4,1
d0c1-bfe4-18f0,1319,3,-92.75,4,1,4,1,4,1,4,1
d0c1-bfe4-18f0,1320,3,-94.0,5,2,5,2,4,1,5,2
d0c1-bfe4-18f0,1321,3,-91.0,5,2,4,1,4,1,5,2
d0c1-bfe4-18f0,1322,3,-95.0,5,2,5,2,5,2,5,2
d0c1-bfe4-18f0,1323,3,-94.0,5,2,5,2,4,1,5,2
d0c1-bfe4-18f0,1324,3,-93.5,5,2,5,2,4,1,5,2
d0c1-bfe4-18f0,1325,4,-93.0,4,0,4,0,3,1,4,0
d0c1-bfe4-18f0,1326,4,-93.5,4,0,4,0,3,1,4,0
d0c1-bfe4-18f0,1327,4,-94.0,5,1,5,1,5,1,5,1
d0c1-bfe4-18f0,1328,4,-95.0,4,0,4,0,4,0,4,0
d0c1-bfe4-18f0,1329,4,-93.0,4,0,4,0,4,0,4,0
d0c1-bfe4-18f0,1330,4,-93.5,4,0,4,0,4,0,4,0
d0c1-bfe4-18f0,1331,4,-92.75,4,0,4,0,4,0,4,0
d0c1-bfe4-18f0,1332,4,-92.75,4,0,4,0,3,1,4,0
d0c1-bfe4-18f0,1333,4,-94.0,4,0,4,0,4,0,4,0
d0c1-bfe4-18f0,1334,4,-91.75,4,0,4,0,4,0,4,0
d0c1-bfe4-18f0,1335,4,-92.0,4,0,4,0,4,0,4,0
d0c1-bfe4-18f0,1336,4,-93.5,4,0,4,0,4,0,4,0
d0c1-bfe4-18f0,1337,4,-93.0,4,0,4,0,4,0,4,0
d0c1-bfe4-18f0,1338,4,-94.25,4,0,4,0,4,0,4,0
d0c1-bfe4-18f0,1339,4,-92.25,4,0,4,0,3,1,4,0
d0c1-bfe4-18f0,1340,4,-93.25,4,0,4,0,4,0,4,0
d0c1-bfe4-18f0,1341,4,-91.75,4,0,4,0,4,0,4,0
d0c1-bfe4-18f0,1342,4,-92.5,4,0,4,0,4,0,4,0
d0c1-bfe4-18f0,1343,4,-92.5,4,0,4,0,4,0,4,0
d0c1-bfe4-18f0,1344,4,-93.25,4,0,4,0,4,0,4,0
d0c1-bfe4-18f0,1345,4,-93.0,4,0,4,0,4,0,4,0
d0c1-bfe4-18f0,1346,4,-93.25,4,0,4,0,4,0,4,0
d0c1-bfe4-18f0,1347,4,-93.5,4,0,4,0,4,0,4,0
d0c1-bfe4-18f0,1348,3,-93.25,4,1,4,1,4,1,4,1
d0c1-bfe4-18f0,1349,3,-91.75,4,1,3,0,3,0,4,1
d0c1-bfe4-18f0,1350,3,-93.5,4,1,4,1,4,1,4,1
d0c1-bfe4-18f0,1351,3,-94.25,4,1,4,1,4,1,4,1
d0c1-bfe4-18f0,1352,3,-93.5,4,1,4,1,3,0,4,1
d0c1-bfe4-18f0,1353,3,-91.0,4,1,4,1,3,0,4,1
d0c1-bfe4-18f0,1354,3,-93.0,4,1,4,1,3,0,4,1
d0c1-bfe4-18f0,1355,3,-92.75,4,1,4,1,4,1,4,1
d0c1-bfe4-18f0,1356,3,-92.0,4,1,4,1,4,1,4,1
d0c1-bfe4-18f0,1357,3,-93.5,4,1,4,1,4,1,4,1
d0c1-bfe4-18f0,1358,3,-93.5,4,1,4,1,4,1,4,1
d0c1-bfe4-18f0,1359,3,-94.0,4,1,4,1,4,1,4,1
d0c1-bfe4-18f0,1360,3,-92.75,4,1,4,1,4,1,4,1
d0c1-bfe4-18f0,1361,3,-93.25,4,1,4,1,4,1,4,1
d0c1-bfe4-18f0,1362,3,-91.5,4,1,4,1,3,0,4,1
d0c1-bfe4-18f0,1363,3,-91.5,4,1,4,1,3,0,4,1
d0c1-bfe4-18f0,1364,3,-93.0,4,1,4,1,4,1,4,1
d0c1-bfe4-18f0,1365,3,-93.25,4,1,4,1,4,1,4,1
d0c1-bfe4-18f0,1366,3,-91.75,4,1,3,0,3,0,4,1
d0c1-bfe4-18f0,1367,3,-53.0,4,1,1,2,1,2,4,1
d0c1-bfe4-18f0,1368,3,-94.0,4,1,4,1,4,1,4,1
d0c1-bfe4-18f0,1369,3,-90.25,4,1,4,1,3,0,4,1
d0c1-bfe4-18f0,1370,3,-92.0,4,1,4,1,4,1,4,1
d0c1-bfe4-18f0,1371,3,-92.25,4,1,4,1,4,1,4,1
d0c1-bfe4-18f0,1372,3,-91.25,4,1,4,1,3,0,4,1
d0c1-bfe4-18f0,1373,3,-91.5,4,1,4,1,3,0,4,1
d0c1-bfe4-18f0,1374,3,-91.5,4,1,4,1,3,0,4,1
d0c1-bfe4-18f0,1375,3,-90.0,4,1,4,1,3,0,4,1
d0c1-bfe4-18f0,1376,3,-90.75,4,1,4,1,3,0,4,1
d0c1-bfe4-18f0,1377,3,-94.0,4,1,4,1,4,1,4,1
d0c1-bfe4-18f0,1378,3,-94.25,4,1,4,1,4,1,4,1
d0c1-bfe4-18f0,1379,3,-93.5,4,1,4,1,3,0,4,1
d0c1-bfe4-18f0,1380,3,-94.0,4,1,4,1,4,1,4,1
d0c1-bfe4-18f0,1381,3,-93.0,4,1,4,1,4,1,4,1
d0c1-bfe4-18f0,1382,3,-93.75,4,1,4,1,4,1,4,1
d0c1-bfe4-18f0,1383,3,-94.75,4,1,4,1,4,1,4,1
d0c1-bfe4-18f0,1384,3,-94.5,4,1,4,1,4,1,4,1
d0c1-bfe4-18f0,1385,3,-91.25,4,1,4,1,3,0,4,1
d0c1-bfe4-18f0,1386,3,-92.0,4,1,4,1,4,1,4,1
d0c1-bfe4-18f0,1387,3,-92.25,4,1,4,1,4,1,4,1
d0c1-bfe4-18f0,1388,3,-94.75,4,1,4,1,4,1,4,1
d0c1-bfe4-18f0,1389,3,-93.0,4,1,4,1,4,1,4,1
d0c1-bfe4-18f0,1390,3,-93.25,4,1,4,1,4,1,4,1
d0c1-bfe4-18f0,1391,3,-91.0,4,1,4,1,3,0,4,1
d0c1-bfe4-18f0,1392,3,-93.0,4,1,4,1,3,0,4,1
d0c1-bfe4-18f0,1393,3,-91.0,4,1,4,1,3,0,4,1
d0c1-bfe4-18f0,1394,3,-92.25,4,1,4,1,4,1,4,1
d0c1-bfe4-18f0,1395,3,-94.0,4,1,4,1,4,1,4,1
d0c1-bfe4-18f0,1396,3,-93.0,4,1,4,1,4,1,4,1
d0c1-bfe4-18f0,1397,3,-92.5,4,1,4,1,4,1,4,1
d0c1-bfe4-18f0,1398,3,-92.0,4,1,4,1,4,1,4,1
d0c1-bfe4-18f0,1399,3,-91.0,4,1,4,1,3,0,4,1
d0c1-bfe4-18f0,1400,3,-94.75,4,1,4,1,4,1,4,1
d0c1-bfe4-18f0,1401,3,-93.0,4,1,4,1,4,1,4,1
d0c1-bfe4-18f0,1402,3,-93.5,4,1,4,1,4,1,4,1
d0c1-bfe4-18f0,1403,3,-91.5,4,1,4,1,3,0,4,1
d0c1-bfe4-18f0,1404,3,-92.75,4,1,4,1,3,0,4,1
d0c1-bfe4-18f0,1405,3,-92.25,5,2,5,2,4,1,5,2
d0c1-bfe4-18f0,1406,3,-92.75,4,1,4,1,4,1,4,1
d0c1-bfe4-18f0,1407,3,-93.75,4,1,4,1,4,1,4,1
d0c1-bfe4-18f0,1408,3,-93.75,4,1,4,1,4,1,4,1
d0c1-bfe4-18f0,1409,3,-93.25,4,1,4,1,3,0,4,1
d0c1-bfe4-18f0,1410,4,-94.25,4,0,4,0,4,0,4,0
d0c1-bfe4-18f0,1411,3,-93.25,4,1,4,1,3,0,4,1
d0c1-bfe4-18f0,1412,3,-92.25,4,1,4,1,3,0,4,1
d0c1-bfe4-18f0,1413,3,-91.5,4,1,3,0,3,0,4,1
d0c1-bfe4-18f0,1414,3,-90.75,4,1,4,1,3,0,4,1
d0c1-bfe4-18f0,1415,3,-93.5,4,1,4,1,4,1,4,1
d0c1-bfe4-18f0,1416,3,-94.0,4,1,4,1,4,1,4,1
d0c1-bfe4-18f0,1417,3,-92.5,4,1,4,1,3,0,4,1
d0c1-bfe4-18f0,1418,3,-94.75,4,1,4,1,4,1,4,1
d0c1-bfe4-18f0,1419,3,-94.0,4,1,4,1,4,1,4,1
d0c1-bfe4-18f0,1420,3,-91.5,4,1,4,1,3,0,4,1
d0c1-bfe4-18f0,1421,4,-90.5,4,0,4,0,3,1,4,0
d0c1-bfe4-18f0,1422,4,-91.5,4,0,3,1,3,1,4,0
d0c1-bfe4-18f0,1423,3,-91.0,4,1,4,1,3,0,4,1
d0c1-bfe4-18f0,1424,3,-94.25,4,1,4,1,4,1,4,1
d0c1-bfe4-18f0,1425,3,-93.0,4,1,4,1,4,1,4,1
d0c1-bfe4-18f0,1426,4,-93.5,4,0,4,0,3,1,4,0
d0c1-bfe4-18f0,1427,4,-93.75,4,0,4,0,4,0,4,0
d0c1-bfe4-18f0,1428,4,-90.25,4,0,3,1,3,1,4,0
d0c1-bfe4-18f0,1429,4,-94.0,4,0,4,0,4,0,4,0
d0c1-bfe4-18f0,1430,3,-91.0,4,1,3,0,3,0,4,1
d0c1-bfe4-18f0,1431,3,-94.25,4,1,4,1,4,1,4,1
d0c1-bfe4-18f0,1432,3,-92.5,3,0,3,0,3,0,3,0
d0c1-bfe4-18f0,1433,4,-90.75,4,0,3,1,3,1,4,0
d0c1-bfe4-18f0,1434,4,-93.0,4,0,4,0,3,1,4,0
d0c1-bfe4-18f0,1435,3,-91.25,4,1,3,0,3,0,4,1
d0c1-bfe4-18f0,1436,3,-93.25,4,1,4,1,3,0,4,1
d0c1-bfe4-18f0,1437,4,-93.0,4,0,4,0,4,0,4,0
d0c1-bfe4-18f0,1438,4,-91.25,4,0,3,1,3,1,4,0
d0c1-bfe4-18f0,1439,3,-92.75,4,1,4,1,3,0,4,1
d0c1-bfe4-18f0,1440,3,-91.25,4,1,3,0,3,0,4,1
d0c1-bfe4-18f0,1441,3,-91.0,4,1,3,0,3,0,4,1
d0c1-bfe4-18f0,1442,3,-91.75,4,1,3,0,3,0,4,1
d0c1-bfe4-18f0,1443,3,-92.75,4,1,4,1,3,0,4,1
d0c1-bfe4-18f0,1444,3,-90.75,4,1,3,0,3,0,4,1
d0c1-bfe4-18f0,1445,3,-93.0,4,1,4,1,3,0,4,1
d0c1-bfe4-18f0,1446,3,-90.5,4,1,3,0,3,0,4,1
d0c1-bfe4-18f0,1447,2,-92.5,3,1,2,0,2,0,3,1
d0c1-bfe4-18f0,1448,2,-92.5,3,1,3,1,3,1,3,1
d0c1-bfe4-18f0,1449,2,-93.0,3,1,3,1,3,1,3,1
d0c1-bfe4-18f0,1450,2,-94.0,3,1,3,1,3,1,3,1
d0c1-bfe4-18f0,1451,2,-94.5,3,1,3,1,3,1,3,1
d0c1-bfe4-18f0,1452,2,-93.75,3,1,3,1,2,0,3,1
d0c1-bfe4-18f0,1453,2,-93.0,3,1,3,1,3,1,3,1
d0c1-bfe4-18f0,1454,2,-93.0,3,1,3,1,3,1,3,1
d0c1-bfe4-18f0,1455,2,-93.75,3,1,3,1,3,1,3,1
d0c1-bfe4-18f0,1456,2,-93.25,3,1,2,0,2,0,3,1
d0c1-bfe4-18f0,1457,2,-93.75,3,1,3,1,3,1,3,1
d0c1-bfe4-18f0,1458,2,-93.25,3,1,3,1,3,1,3,1
d0c1-bfe4-18f0,1459,2,-92.75,3,1,3,1,3,1,3,1
d0c1-bfe4-18f0,1460,2,-93.75,3,1,3,1,3,1,3,1
d0c1-bfe4-18f0,1461,2,-93.0,3,1,3,1,3,1,3,1
d0c1-bfe4-18f0,1462,2,-93.25,3,1,2,0,2,0,3,1
d0c1-bfe4-18f0,1463,2,-92.0,4,2,4,2,3,1,4,2
d0c1-bfe4-18f0,1464,2,-94.5,4,2,4,2,4,2,4,2
d0c1-bfe4-18f0,1465,2,-94.25,3,1,3,1,3,1,3,1
d0c1-bfe4-18f0,1466,2,-92.25,4,2,4,2,3,1,4,2
d0c1-bfe4-18f0,1467,2,-94.0,3,1,3,1,3,1,3,1
d0c1-bfe4-18f0,1468,2,-92.75,4,2,4,2,3,1,4,2
d0c1-bfe4-18f0,1469,2,-94.5,4,2,4,2,4,2,4,2
d0c1-bfe4-18f0,1470,2,-94.0,3,1,3,1,3,1,3,1
d0c1-bfe4-18f0,1471,2,-94.25,3,1,3,1,3,1,3,1
d0c1-bfe4-18f0,1472,2,-94.25,3,1,3,1,3,1,3,1
d0c1-bfe4-18f0,1473,2,-94.75,3,1,3,1,3,1,3,1
d0c1-bfe4-18f0,1474,2,-93.0,3,1,3,1,3,1,3,1
d0c1-bfe4-18f0,1475,2,-94.75,3,1,3,1,3,1,3,1
d0c1-bfe4-18f0,1476,2,-94.0,3,1,3,1,3,1,3,1
d0c1-bfe4-18f0,1477,2,-93.25,3,1,3,1,3,1,3,1
d0c1-bfe4-18f0,1478,2,-93.75,3,1,3,1,3,1,3,1
d0c1-bfe4-18f0,1479,2,-92.5,3,1,3,1,3,1,3,1
d0c1-bfe4-18f0,1480,2,-94.0,3,1,3,1,3,1,3,1
d0c1-bfe4-18f0,1481,2,-94.0,4,2,4,2,4,2,4,2
d0c1-bfe4-18f0,1482,2,-93.75,4,2,4,2,4,2,4,2
d0c1-bfe4-18f0,1483,2,-94.5,4,2,4,2,4,2,4,2
d0c1-bfe4-18f0,1484,2,-92.75,4,2,4,2,3,1,4,2
d0c1-bfe4-18f0,1485,2,-92.75,4,2,4,2,3,1,4,2
d0c1-bfe4-18f0,1486,2,-93.75,3,1,3,1,3,1,3,1
d0c1-bfe4-18f0,1487,2,-93.5,3,1,3,1,2,0,3,1
d0c1-bfe4-18f0,1488,2,-93.25,4,2,4,2,4,2,4,2
d0c1-bfe4-18f0,1489,2,-93.0,4,2,4,2,3,1,4,2
d0c1-bfe4-18f0,1490,2,-92.75,4,2,4,2,3,1,4,2
d0c1-bfe4-18f0,1491,2,-93.5,3,1,3,1,3,1,3,1
d0c1-bfe4-18f0,1492,2,-94.25,3,1,3,1,3,1,3,1
d0c1-bfe4-18f0,1493,2,-93.25,3,1,3,1,3,1,3,1
d0c1-bfe4-18f0,1494,2,-92.0,3,1,3,1,3,1,3,1
d0c1-bfe4-18f0,1495,2,-93.75,3,1,3,1,3,1,3,1
d0c1-bfe4-18f0,1496,2,-92.0,3,1,3,1,3,1,3,1
d0c1-bfe4-18f0,1497,2,-93.5,3,1,3,1,3,1,3,1
d0c1-bfe4-18f0,1498,2,-93.5,3,1,3,1,3,1,3,1
d0c1-bfe4-18f0,1499,2,-93.25,3,1,3,1,3,1,3,1
d0c1-bfe4-18f0,1500,2,-93.5,3,1,3,1,3,1,3,1
d0c1-bfe4-18f0,1501,2,-93.5,3,1,3,1,3,1,3,1
d0c1-bfe4-18f0,1502,2,-94.5,3,1,3,1,3,1,3,1
d0c1-bfe4-18f0,1503,2,-93.25,3,1,3,1,3,1,3,1
d0c1-bfe4-18f0,1504,2,-93.5,3,1,3,1,3,1,3,1
d0c1-bfe4-18f0,1505,2,-94.0,3,1,3,1,3,1,3,1
d0c1-bfe4-18f0,1506,2,-93.25,3,1,3,1,3,1,3,1
d0c1-bfe4-18f0,1507,2,-93.75,3,1,3,1,3,1,3,1
d0c1-bfe4-18f0,1508,2,-94.0,3,1,3,1,3,1,3,1
d0c1-bfe4-18f0,1509,2,-93.5,3,1,3,1,3,1,3,1
d0c1-bfe4-18f0,1510,2,-93.25,3,1,3,1,3,1,3,1
d0c1-bfe4-18f0,1511,2,-93.5,3,1,3,1,2,0,3,1
d0c1-bfe4-18f0,1512,2,-94.5,3,1,3,1,3,1,3,1
d0c1-bfe4-18f0,1513,2,-93.75,3,1,3,1,2,0,3,1
d0c1-bfe4-18f0,1514,3,-94.0,3,0,3,0,3,0,3,0
d0c1-bfe4-18f0,1515,3,-93.75,3,0,3,0,3,0,3,0
d0c1-bfe4-18f0,1516,2,-94.0,3,1,3,1,3,1,3,1
d0c1-bfe4-18f0,1517,2,-93.75,3,1,3,1,3,1,3,1
d0c1-bfe4-18f0,1518,2,-94.0,3,1,3,1,3,1,3,1
d0c1-bfe4-18f0,1519,2,-93.0,3,1,3,1,3,1,3,1
d0c1-bfe4-18f0,1520,2,-93.5,3,1,3,1,3,1,3,1
d0c1-bfe4-18f0,1521,2,-95.25,3,1,3,1,3,1,3,1
d0c1-bfe4-18f0,1522,2,-95.0,3,1,3,1,3,1,3,1
d0c1-bfe4-18f0,1523,2,-94.0,3,1,3,1,3,1,3,1
d0c1-bfe4-18f0,1524,2,-94.0,3,1,3,1,3,1,3,1
d0c1-bfe4-18f0,1525,2,-93.75,3,1,3,1,2,0,3,1
d0c1-bfe4-18f0,1526,2,-94.25,3,1,3,1,3,1,3,1
d0c1-bfe4-18f0,1527,2,-93.5,3,1,3,1,2,0,3,1
d0c1-bfe4-18f0,1528,2,-93.25,3,1,2,0,2,0,3,1
d0c1-bfe4-18f0,1529,2,-93.75,3,1,3,1,2,0,3,1
d0c1-bfe4-18f0,1530,2,-93.25,3,1,2,0,2,0,3,1
d0c1-bfe4-18f0,1531,2,-93.0,3,1,3,1,3,1,3,1
d0c1-bfe4-18f0,1532,2,-94.0,3,1,3,1,3,1,3,1
d0c1-bfe4-18f0,1533,2,-93.75,3,1,3,1,2,0,3,1
d0c1-bfe4-18f0,1534,2,-93.75,3,1,3,1,2,0,3,1
d0c1-bfe4-18f0,1535,2,-94.0,3,1,3,1,3,1,3,1
d0c1-bfe4-18f0,1536,2,-94.75,3,1,3,1,3,1,3,1
d0c1-bfe4-18f0,1537,2,-94.5,4,2,4,2,4,2,4,2
d0c1-bfe4-18f0,1538,2,-93.0,4,2,4,2,3,1,4,2
d0c1-bfe4-18f0,1539,2,-93.5,4,2,4,2,4,2,4,2
d0c1-bfe4-18f0,1540,5,-94.75,3,2,3,2,3,2,3,2
d0c1-bfe4-18f0,1541,3,-95.5,4,1,4,1,4,1,4,1
d0c1-bfe4-18f0,1542,3,-95.0,4,1,4,1,4,1,4,1
d0c1-bfe4-18f0,1543,4,-95.0,4,0,4,0,4,0,4,0
d0c1-bfe4-18f0,1544,4,-94.75,4,0,4,0,4,0,4,0
d0c1-bfe4-18f0,1545,4,-94.75,4,0,4,0,4,0,4,0
d0c1-bfe4-18f0,1546,4,-95.5,4,0,4,0,4,0,4,0
d0c1-bfe4-18f0,1547,4,-95.0,3,1,3,1,3,1,3,1
d0c1-bfe4-18f0,1548,4,-95.0,4,0,4,0,4,0,4,0
d0c1-bfe4-18f0,1549,5,-95.0,4,1,4,1,4,1,4,1
d0c1-bfe4-18f0,1550,5,-95.25,4,1,4,1,4,1,4,1
d0c1-bfe4-18f0,1551,5,-95.5,4,1,4,1,4,1,4,1
d0c1-bfe4-18f0,1552,5,-95.25,4,1,5,0,4,1,4,1
d0c1-bfe4-18f0,1553,5,-95.0,5,0,5,0,5,0,5,0
d0c1-bfe4-18f0,1554,5,-95.0,5,0,5,0,5,0,5,0
d0c1-bfe4-18f0,1555,5,-94.5,4,1,4,1,4,1,4,1
d0c1-bfe4-18f0,1556,3,-95.0,4,1,4,1,4,1,4,1
d0c1-bfe4-18f0,1557,3,-95.25,4,1,4,1,4,1,4,1
d0c1-bfe4-18f0,1558,3,-95.5,4,1,4,1,4,1,4,1
d0c1-bfe4-18f0,1559,3,-94.75,4,1,4,1,4,1,4,1
d0c1-bfe4-18f0,1560,4,-95.0,3,1,3,1,3,1,3,1
d0c1-bfe4-18f0,1561,4,-95.25,4,0,4,0,4,0,4,0
d0c1-bfe4-18f0,1562,4,-94.5,3,1,3,1,3,1,3,1
d0c1-bfe4-18f0,1563,4,-95.25,4,0,4,0,4,0,4,0
d0c1-bfe4-18f0,1564,4,-95.0,3,1,3,1,3,1,3,1
d0c1-bfe4-18f0,1565,4,-95.75,4,0,4,0,4,0,4,0
d0c1-bfe4-18f0,1566,4,-95.25,4,0,5,1,5,1,4,0
d0c1-bfe4-18f0,1567,4,-95.5,4,0,4,0,4,0,4,0
d0c1-bfe4-18f0,1568,4,-95.25,3,1,3,1,3,1,3,1
d0c1-bfe4-18f0,1569,4,-95.25,3,1,3,1,3,1,3,1
d0c1-bfe4-18f0,1570,4,-95.25,4,0,4,0,4,0,4,0
d0c1-bfe4-18f0,1571,4,-95.0,4,0,4,0,4,0,4,0
d0c1-bfe4-18f0,1572,4,-95.25,4,0,4,0,4,0,4,0
d0c1-bfe4-18f0,1573,4,-95.25,4,0,4,0,4,0,4,0
d0c1-bfe4-18f0,1574,4,-95.0,4,0,4,0,4,0,4,0
d0c1-bfe4-18f0,1575,4,-94.0,4,0,4,0,4,0,4,0
d0c1-bfe4-18f0,1576,4,-95.5,4,0,4,0,4,0,4,0
d0c1-bfe4-18f0,1577,4,-95.0,4,0,4,0,4,0,4,0
d0c1-bfe4-18f0,1578,4,-95.0,4,0,4,0,4,0,4,0
d0c1-bfe4-18f0,1579,5,-93.5,4,1,4,1,4,1,4,1
d0c1-bfe4-18f0,1580,5,-94.75,4,1,4,1,4,1,4,1
d0c1-bfe4-18f0,1581,4,-95.0,4,0,4,0,4,0,4,0
d0c1-bfe4-18f0,1582,4,-95.0,4,0,4,0,4,0,4,0
d0c1-bfe4-18f0,1583,4,-95.25,4,0,4,0,4,0,4,0
d0c1-bfe4-18f0,1584,4,-94.75,3,1,3,1,3,1,3,1
d0c1-bfe4-18f0,1585,4,-95.25,4,0,4,0,4,0,4,0
d0c1-bfe4-18f0,1586,4,-94.25,4,0,4,0,3,1,4,0
d0c1-bfe4-18f0,1587,4,-94.75,2,2,2,2,2,2,2,2
d0c1-bfe4-18f0,1588,4,-94.75,5,1,5,1,5,1,5,1
d0c1-bfe4-18f0,1589,4,-94.75,3,1,3,1,3,1,3,1
d0c1-bfe4-18f0,1590,4,-95.25,3,1,3,1,3,1,3,1
d0c1-bfe4-18f0,1591,4,-95.0,3,1,3,1,3,1,3,1
d0c1-bfe4-18f0,1592,4,-94.75,3,1,3,1,3,1,3,1
d0c1-bfe4-18f0,1593,4,-95.25,4,0,4,0,4,0,4,0
d0c1-bfe4-18f0,1594,4,-95.5,4,0,4,0,4,0,4,0
d0c1-bfe4-18f0,1595,4,-94.75,4,0,4,0,4,0,4,0
d0c1-bfe4-18f0,1596,4,-95.0,4,0,5,1,5,1,4,0
d0c1-bfe4-18f0,1597,4,-95.5,4,0,4,0,4,0,4,0
d0c1-bfe4-18f0,1598,4,-95.25,4,0,4,0,4,0,4,0
d0c1-bfe4-18f0,1599,4,-95.0,4,0,4,0,4,0,4,0
d0c1-bfe4-18f0,1600,4,-95.0,4,0,4,0,4,0,4,0
d0c1-bfe4-18f0,1601,4,-94.75,2,2,2,2,2,2,2,2
d0c1-bfe4-18f0,1602,4,-95.5,3,1,3,1,3,1,3,1
d0c1-bfe4-18f0,1603,5,-95.0,3,2,3,2,3,2,3,2
d0c1-bfe4-18f0,1604,4,-94.75,3,1,3,1,3,1,3,1
d0c1-bfe4-18f0,1605,4,-95.0,3,1,3,1,3,1,3,1
d0c1-bfe4-18f0,1606,4,-95.0,5,1,5,1,5,1,5,1
d0c1-bfe4-18f0,1607,4,-95.0,5,1,5,1,5,1,5,1
d0c1-bfe4-18f0,1608,4,-95.25,3,1,3,1,3,1,3,1
d0c1-bfe4-18f0,1609,4,-95.0,4,0,4,0,4,0,4,0
d0c1-bfe4-18f0,1610,4,-95.0,4,0,4,0,4,0,4,0
d0c1-bfe4-18f0,1611,4,-95.0,4,0,4,0,4,0,4,0
d0c1-bfe4-18f0,1612,4,-95.5,5,1,5,1,5,1,5,1
d0c1-bfe4-18f0,1613,4,-95.5,3,1,3,1,3,1,3,1
d0c1-bfe4-18f0,1614,4,-95.25,4,0,4,0,4,0,4,0
d0c1-bfe4-18f0,1615,4,-95.0,4,0,4,0,4,0,4,0
d0c1-bfe4-18f0,1616,4,-95.0,4,0,4,0,4,0,4,0
d0c1-bfe4-18f0,1617,4,-94.75,4,0,5,1,4,0,4,0
d0c1-bfe4-18f0,1618,4,-95.25,4,0,4,0,4,0,4,0
d0c1-bfe4-18f0,1619,4,-95.75,4,0,5,1,5,1,4,0
d0c1-bfe4-18f0,1620,4,-95.25,4,0,4,0,4,0,4,0
d0c1-bfe4-18f0,1621,4,-94.75,5,1,5,1,5,1,5,1
d0c1-bfe4-18f0,1622,4,-95.25,4,0,4,0,4,0,4,0
d0c1-bfe4-18f0,1623,4,-95.0,3,1,3,1,3,1,3,1
d0c1-bfe4-18f0,1624,4,-95.5,3,1,3,1,3,1,3,1
d0c1-bfe4-18f0,1625,4,-95.25,5,1,5,1,5,1,5,1
d0c1-bfe4-18f0,1626,4,-95.25,4,0,4,0,4,0,4,0
d0c1-bfe4-18f0,1627,4,-95.0,4,0,4,0,4,0,4,0
d0c1-bfe4-18f0,1628,4,-95.5,4,0,4,0,4,0,4,0
d0c1-bfe4-18f0,1629,4,-95.25,5,1,5,1,5,1,5,1
d0c1-bfe4-18f0,1630,4,-95.75,4,0,5,1,5,1,4,0
d0c1-bfe4-18f0,1631,4,-95.25,5,1,5,1,5,1,5,1
d0c1-bfe4-18f0,1632,4,-94.0,4,0,4,0,4,0,4,0
d0c1-bfe4-18f0,1633,4,-95.0,5,1,5,1,5,1,5,1
d0c1-bfe4-18f0,1634,4,-95.25,4,0,5,1,4,0,4,0
d0c1-bfe4-18f0,1635,4,-95.25,5,1,5,1,5,1,5,1
d0c1-bfe4-18f0,1636,4,-95.25,3,1,3,1,3,1,3,1
d0c1-bfe4-18f0,1637,4,-95.5,5,1,5,1,5,1,5,1
d0c1-bfe4-18f0,1638,4,-95.25,3,1,3,1,3,1,3,1
d0c1-bfe4-18f0,1639,2,-94.25,3,1,3,1,3,1,3,1
d0c1-bfe4-18f0,1640,2,-94.5,4,2,4,2,4,2,4,2
d0c1-bfe4-18f0,1641,2,-95.0,4,2,4,2,4,2,4,2
d0c1-bfe4-18f0,1642,2,-95.25,4,2,4,2,5,3,4,2
d0c1-bfe4-18f0,1643,3,-94.5,4,1,4,1,4,1,4,1
d0c1-bfe4-18f0,1644,3,-95.0,4,1,4,1,4,1,4,1
d0c1-bfe4-18f0,1645,2,-94.25,4,2,4,2,4,2,4,2
d0c1-bfe4-18f0,1646,2,-95.25,4,2,4,2,4,2,4,2
d0c1-bfe4-18f0,1647,2,-95.0,4,2,4,2,4,2,4,2
d0c1-bfe4-18f0,1648,2,-95.5,4,2,4,2,4,2,4,2
d0c1-bfe4-18f0,1649,2,-95.0,4,2,4,2,4,2,4,2
d0c1-bfe4-18f0,1650,2,-95.25,4,2,4,2,4,2,4,2
d0c1-bfe4-18f0,1651,2,-94.75,3,1,3,1,3,1,3,1
d0c1-bfe4-18f0,1652,2,-95.25,3,1,3,1,3,1,3,1
d0c1-bfe4-18f0,1653,2,-95.0,3,1,3,1,3,1,3,1
d0c1-bfe4-18f0,1654,2,-94.75,3,1,3,1,3,1,3,1
d0c1-bfe4-18f0,1655,2,-95.25,3,1,3,1,3,1,3,1
d0c1-bfe4-18f0,1656,2,-95.0,3,1,3,1,3,1,3,1
d0c1-bfe4-18f0,1657,2,-95.0,3,1,3,1,3,1,3,1
d0c1-bfe4-18f0,1658,2,-95.0,3,1,3,1,3,1,3,1
d0c1-bfe4-18f0,1659,2,-94.5,3,1,3,1,3,1,3,1
d0c1-bfe4-18f0,1660,2,-93.25,3,1,3,1,3,1,3,1
d0c1-bfe4-18f0,1661,2,-95.0,3,1,3,1,3,1,3,1
d0c1-bfe4-18f0,1662,2,-95.0,3,1,3,1,3,1,3,1
d0c1-bfe4-18f0,1663,2,-95.0,3,1,3,1,3,1,3,1
d0c1-bfe4-18f0,1664,3,-94.75,3,0,3,0,3,0,3,0
d0c1-bfe4-18f0,1665,3,-95.0,3,0,3,0,3,0,3,0
d0c1-bfe4-18f0,1666,2,-94.5,3,1,3,1,3,1,3,1
d0c1-bfe4-18f0,1667,2,-95.0,4,2,4,2,4,2,4,2
d0c1-bfe4-18f0,1668,2,-95.25,3,1,3,1,3,1,3,1
d0c1-bfe4-18f0,1669,2,-94.75,3,1,3,1,3,1,3,1
d0c1-bfe4-18f0,1670,2,-95.25,3,1,3,1,4,2,3,1
d0c1-bfe4-18f0,1671,2,-94.25,3,1,3,1,3,1,3,1
d0c1-bfe4-18f0,1672,2,-94.75,3,1,3,1,3,1,3,1
d0c1-bfe4-18f0,1673,2,-94.75,3,1,3,1,3,1,3,1
d0c1-bfe4-18f0,1674,2,-95.25,3,1,3,1,4,2,3,1
d0c1-bfe4-18f0,1675,2,-94.75,4,2,4,2,4,2,4,2
d0c1-bfe4-18f0,1676,2,-94.75,3,1,3,1,3,1,3,1
d0c1-bfe4-18f0,1677,2,-95.0,3,1,3,1,3,1,3,1
d0c1-bfe4-18f0,1678,2,-95.25,3,1,3,1,3,1,3,1
d0c1-bfe4-18f0,1679,2,-94.75,3,1,3,1,3,1,3,1
d0c1-bfe4-18f0,1680,2,-94.75,3,1,3,1,3,1,3,1
d0c1-bfe4-18f0,1681,2,-94.75,3,1,3,1,3,1,3,1
d0c1-bfe4-18f0,1682,2,-94.75,3,1,3,1,3,1,3,1
d0c1-bfe4-18f0,1683,2,-95.25,3,1,3,1,3,1,3,1
d0c1-bfe4-18f0,1684,2,-95.25,3,1,3,1,3,1,3,1
d0c1-bfe4-18f0,1685,2,-95.0,3,1,3,1,3,1,3,1
d0c1-bfe4-18f0,1686,2,-95.0,3,1,3,1,3,1,3,1
d0c1-bfe4-18f0,1687,2,-94.75,3,1,3,1,3,1,3,1
d0c1-bfe4-18f0,1688,3,-95.0,3,0,3,0,3,0,3,0
d0c1-bfe4-18f0,1689,2,-93.0,3,1,3,1,3,1,3,1
d0c1-bfe4-18f0,1690,2,-94.75,3,1,3,1,3,1,3,1
d0c1-bfe4-18f0,1691,2,-94.75,3,1,3,1,3,1,3,1
d0c1-bfe4-18f0,1692,2,-95.25,3,1,3,1,3,1,3,1
d0c1-bfe4-18f0,1693,2,-95.0,3,1,3,1,3,1,3,1
d0c1-bfe4-18f0,1694,2,-95.25,3,1,3,1,3,1,3,1
d0c1-bfe4-18f0,1695,2,-95.0,3,1,3,1,3,1,3,1
d0c1-bfe4-18f0,1696,2,-95.0,3,1,3,1,3,1,3,1
d0c1-bfe4-18f0,1697,2,-95.0,3,1,3,1,3,1,3,1
d0c1-bfe4-18f0,1698,2,-94.75,3,1,3,1,3,1,3,1
d0c1-bfe4-18f0,1699,2,-95.0,3,1,3,1,3,1,3,1
d0c1-bfe4-18f0,1700,2,-95.0,3,1,3,1,3,1,3,1
d0c1-bfe4-18f0,1701,2,-95.0,3,1,3,1,3,1,3,1
d0c1-bfe4-18f0,1702,2,-95.0,3,1,3,1,3,1,3,1
d0c1-bfe4-18f0,1703,2,-95.25,3,1,3,1,3,1,3,1
d0c1-bfe4-18f0,1704,2,-95.25,3,1,3,1,3,1,3,1
d0c1-bfe4-18f0,1705,2,-95.0,3,1,3,1,3,1,3,1
d0c1-bfe4-18f0,1706,2,-95.0,3,1,3,1,3,1,3,1
d0c1-bfe4-18f0,1707,2,-93.5,3,1,3,1,3,1,3,1
d0c1-bfe4-18f0,1708,2,-95.25,3,1,3,1,3,1,3,1
d0c1-bfe4-18f0,1709,2,-94.75,3,1,3,1,3,1,3,1
d0c1-bfe4-18f0,1710,2,-95.0,3,1,3,1,3,1,3,1
d0c1-bfe4-18f0,1711,2,-95.25,3,1,3,1,3,1,3,1
d0c1-bfe4-18f0,1712,2,-95.0,3,1,3,1,3,1,3,1
d0c1-bfe4-18f0,1713,2,-95.25,4,2,4,2,4,2,4,2
d0c1-bfe4-18f0,1714,2,-95.0,3,1,3,1,3,1,3,1
d0c1-bfe4-18f0,1715,2,-95.0,3,1,3,1,3,1,3,1
d0c1-bfe4-18f0,1716,2,-94.75,3,1,3,1,3,1,3,1
d0c1-bfe4-18f0,1717,2,-95.0,3,1,3,1,3,1,3,1
d0c1-bfe4-18f0,1718,2,-95.25,3,1,3,1,3,1,3,1
d0c1-bfe4-18f0,1719,2,-94.75,4,2,4,2,4,2,4,2
d0c1-bfe4-18f0,1720,3,-95.0,3,0,3,0,3,0,3,0
d0c1-bfe4-18f0,1721,3,-95.0,3,0,3,0,3,0,3,0
d0c1-bfe4-18f0,1722,2,-94.75,4,2,4,2,4,2,4,2
d0c1-bfe4-18f0,1723,2,-95.0,4,2,4,2,4,2,4,2
d0c1-bfe4-18f0,1724,2,-95.25,4,2,4,2,4,2,4,2
d0c1-bfe4-18f0,1725,2,-95.25,3,1,3,1,3,1,3,1
d0c1-bfe4-18f0,1726,2,-94.0,4,2,4,2,4,2,4,2
d0c1-bfe4-18f0,1727,2,-94.25,4,2,4,2,4,2,4,2
d0c1-bfe4-18f0,1728,2,-95.0,3,1,3,1,3,1,3,1
d0c1-bfe4-18f0,1729,2,-94.75,3,1,3,1,3,1,3,1
d0c1-bfe4-18f0,1730,2,-93.5,3,1,2,0,2,0,3,1
d0c1-bfe4-18f0,1731,2,-95.0,4,2,4,2,4,2,4,2
d0c1-bfe4-18f0,1732,2,-94.5,3,1,3,1,3,1,3,1
d0c1-bfe4-18f0,1733,2,-95.0,2,0,2,0,2,0,2,0
d0c1-bfe4-18f0,1734,2,-95.0,2,0,2,0,2,0,2,0
d0c1-bfe4-18f0,1735,2,-95.0,2,0,2,0,2,0,2,0
d0c1-bfe4-18f0,1736,2,-95.0,2,0,2,0,2,0,2,0
d0c1-bfe4-18f0,1737,2,-94.0,2,0,2,0,2,0,2,0
d0c1-bfe4-18f0,1738,2,-94.75,2,0,2,0,2,0,2,0
d0c1-bfe4-18f0,1739,2,-94.0,2,0,2,0,2,0,2,0
d0c1-bfe4-18f0,1740,2,-95.0,5,3,5,3,5,3,5,3
d0c1-bfe4-18f0,1741,2,-95.25,2,0,2,0,2,0,2,0
d0c1-bfe4-18f0,1742,2,-95.5,5,3,5,3,5,3,5,3
d0c1-bfe4-18f0,1743,2,-95.0,2,0,2,0,2,0,2,0
d0c1-bfe4-18f0,1744,2,-95.25,2,0,2,0,2,0,2,0
d0c1-bfe4-18f0,1745,2,-95.5,2,0,2,0,2,0,2,0
d0c1-bfe4-18f0,1746,2,-95.0,4,2,4,2,4,2,4,2
d0c1-bfe4-18f0,1747,2,-95.0,4,2,4,2,4,2,4,2
d0c1-bfe4-18f0,1748,2,-95.0,2,0,2,0,2,0,2,0
d0c1-bfe4-18f0,1749,2,-95.25,3,1,3,1,3,1,3,1
d0c1-bfe4-18f0,1750,2,-94.75,2,0,2,0,2,0,2,0
d0c1-bfe4-18f0,1751,2,-94.25,3,1,3,1,3,1,3,1
d0c1-bfe4-18f0,1752,2,-94.75,3,1,3,1,3,1,3,1
d0c1-bfe4-18f0,1753,2,-93.75,2,0,2,0,2,0,2,0
d0c1-bfe4-18f0,1754,2,-95.0,3,1,3,1,3,1,3,1
d0c1-bfe4-18f0,1755,2,-93.0,3,1,2,0,2,0,3,1
d0c1-bfe4-18f0,1756,2,-94.25,3,1,3,1,3,1,3,1
d0c1-bfe4-18f0,1757,2,-93.25,3,1,2,0,2,0,3,1
d0c1-bfe4-18f0,1758,2,-93.75,3,1,3,1,2,0,3,1
d0c1-bfe4-18f0,1759,2,-94.0,3,1,3,1,3,1,3,1
d0c1-bfe4-18f0,1760,2,-94.5,3,1,3,1,3,1,3,1
d0c1-bfe4-18f0,1761,2,-94.0,3,1,3,1,3,1,3,1
d0c1-bfe4-18f0,1762,2,-93.5,2,0,2,0,2,0,2,0
d0c1-bfe4-18f0,1763,2,-93.0,2,0,2,0,2,0,2,0
d0c1-bfe4-18f0,1764,2,-93.25,3,1,3,1,2,0,3,1
d0c1-bfe4-18f0,1765,2,-94.75,2,0,2,0,2,0,2,0
d0c1-bfe4-18f0,1766,2,-95.0,4,2,4,2,4,2,4,2
d0c1-bfe4-18f0,1767,2,-95.0,4,2,4,2,4,2,4,2
d0c1-bfe4-18f0,1768,2,-95.5,4,2,5,3,5,3,4,2
d0c1-bfe4-18f0,1769,2,-94.5,5,3,5,3,5,3,5,3
d0c1-bfe4-18f0,1770,2,-94.75,4,2,4,2,4,2,4,2
d0c1-bfe4-18f0,1771,2,-95.0,4,2,4,2,4,2,4,2
d0c1-bfe4-18f0,1772,2,-94.5,4,2,4,2,4,2,4,2
d0c1-bfe4-18f0,1773,2,-94.5,4,2,4,2,4,2,4,2
d0c1-bfe4-18f0,1774,2,-95.25,4,2,4,2,4,2,4,2
d0c1-bfe4-18f0,1775,2,-94.0,4,2,4,2,4,2,4,2
d0c1-bfe4-18f0,1776,2,-94.75,4,2,4,2,4,2,4,2
d0c1-bfe4-18f0,1777,2,-94.75,4,2,4,2,4,2,4,2
d0c1-bfe4-18f0,1778,2,-94.75,4,2,4,2,4,2,4,2
d0c1-bfe4-18f0,1779,2,-93.5,4,2,4,2,4,2,4,2
d0c1-bfe4-18f0,1780,2,-94.75,4,2,4,2,4,2,4,2
d0c1-bfe4-18f0,1781,2,-93.75,4,2,4,2,4,2,4,2
d0c1-bfe4-18f0,1782,2,-93.75,4,2,4,2,4,2,4,2
d0c1-bfe4-18f0,1783,2,-94.75,4,2,4,2,4,2,4,2
d0c1-bfe4-18f0,1784,2,-94.25,4,2,4,2,4,2,4,2
d0c1-bfe4-18f0,1785,2,-94.75,4,2,4,2,4,2,4,2
d0c1-bfe4-18f0,1786,2,-95.0,4,2,4,2,4,2,4,2
d0c1-bfe4-18f0,1787,2,-93.25,4,2,4,2,4,2,4,2
d0c1-bfe4-18f0,1788,2,-93.25,4,2,4,2,4,2,4,2
d0c1-bfe4-18f0,1789,2,-94.75,4,2,4,2,4,2,4,2
d0c1-bfe4-18f0,1790,2,-93.5,4,2,4,2,4,2,4,2
d0c1-bfe4-18f0,1791,2,-94.0,4,2,4,2,4,2,4,2
d0c1-bfe4-18f0,1792,2,-94.5,4,2,4,2,4,2,4,2
d0c1-bfe4-18f0,1793,2,-94.5,4,2,4,2,4,2,4,2
d0c1-bfe4-18f0,1794,2,-94.5,4,2,4,2,4,2,4,2
d0c1-bfe4-18f0,1795,2,-93.25,4,2,4,2,4,2,4,2
d0c1-bfe4-18f0,1796,2,-94.5,4,2,4,2,4,2,4,2
d0c1-bfe4-18f0,1797,2,-94.5,4,2,4,2,4,2,4,2
d0c1-bfe4-18f0,1798,2,-93.5,4,2,4,2,4,2,4,2
d0c1-bfe4-18f0,1799,2,-94.75,4,2,4,2,4,2,4,2
d0c1-bfe4-18f0,1800,2,-94.25,4,2,4,2,4,2,4,2
d0c1-bfe4-18f0,1801,2,-93.5,4,2,4,2,4,2,4,2
d0c1-bfe4-18f0,1802,2,-93.75,4,2,4,2,4,2,4,2
d0c1-bfe4-18f0,1803,2,-94.25,4,2,4,2,4,2,4,2
d0c1-bfe4-18f0,1804,2,-93.5,4,2,4,2,4,2,4,2
d0c1-bfe4-18f0,1805,2,-94.25,4,2,4,2,4,2,4,2
d0c1-bfe4-18f0,1806,2,-94.5,4,2,4,2,4,2,4,2
d0c1-bfe4-18f0,1807,2,-94.0,4,2,4,2,4,2,4,2
d0c1-bfe4-18f0,1808,2,-93.75,4,2,4,2,4,2,4,2
d0c1-bfe4-18f0,1809,2,-94.25,4,2,4,2,4,2,4,2
d0c1-bfe4-18f0,1810,2,-94.5,4,2,4,2,4,2,4,2
d0c1-bfe4-18f0,1811,2,-95.0,3,1,3,1,3,1,3,1
d0c1-bfe4-18f0,1812,2,-94.75,4,2,4,2,4,2,4,2
d0c1-bfe4-18f0,1813,2,-93.5,4,2,4,2,4,2,4,2
d0c1-bfe4-18f0,1814,2,-93.5,4,2,4,2,4,2,4,2
d0c1-bfe4-18f0,1815,2,-94.75,4,2,4,2,4,2,4,2
d0c1-bfe4-18f0,1816,2,-94.5,4,2,4,2,4,2,4,2
d0c1-bfe4-18f0,1817,2,-94.5,4,2,4,2,4,2,4,2
d0c1-bfe4-18f0,1818,2,-93.75,4,2,4,2,4,2,4,2
d0c1-bfe4-18f0,1819,2,-93.25,4,2,4,2,4,2,4,2
d0c1-bfe4-18f0,1820,2,-94.5,4,2,4,2,4,2,4,2
d0c1-bfe4-18f0,1821,2,-94.25,4,2,4,2,4,2,4,2
d0c1-bfe4-18f0,1822,2,-93.0,4,2,4,2,4,2,4,2
d0c1-bfe4-18f0,1823,2,-92.75,4,2,4,2,4,2,4,2
d0c1-bfe4-18f0,1824,2,-95.25,4,2,4,2,4,2,4,2
d0c1-bfe4-18f0,1825,2,-93.75,4,2,4,2,4,2,4,2
d0c1-bfe4-18f0,1826,2,-94.25,4,2,4,2,4,2,4,2
d0c1-bfe4-18f0,1827,2,-94.25,4,2,4,2,4,2,4,2
d0c1-bfe4-18f0,1828,2,-93.5,4,2,4,2,4,2,4,2
d0c1-bfe4-18f0,1829,2,-94.75,4,2,4,2,4,2,4,2
d0c1-bfe4-18f0,1830,2,-94.75,4,2,4,2,4,2,4,2
d0c1-bfe4-18f0,1831,2,-94.0,4,2,4,2,4,2,4,2
d0c1-bfe4-18f0,1832,2,-94.25,4,2,4,2,4,2,4,2
d0c1-bfe4-18f0,1833,2,-95.0,4,2,4,2,4,2,4,2
d0c1-bfe4-18f0,1834,2,-94.75,4,2,4,2,4,2,4,2
d0c1-bfe4-18f0,1835,7,-93.75,6,1,7,0,7,0,6,1
d0c1-bfe4-18f0,1836,7,-94.25,7,0,7,0,7,0,7,0
d0c1-bfe4-18f0,1837,7,-94.25,7,0,7,0,7,0,7,0
d0c1-bfe4-18f0,1838,7,-94.75,7,0,7,0,7,0,7,0
d0c1-bfe4-18f0,1839,7,-95.0,7,0,7,0,7,0,7,0
d0c1-bfe4-18f0,1840,7,-94.75,7,0,7,0,7,0,7,0
d0c1-bfe4-18f0,1841,7,-95.0,7,0,7,0,7,0,7,0
d0c1-bfe4-18f0,1842,7,-94.75,7,0,7,0,7,0,7,0
d0c1-bfe4-18f0,1843,7,-94.75,7,0,7,0,7,0,7,0
d0c1-bfe4-18f0,1844,7,-94.25,7,0,7,0,7,0,7,0
d0c1-bfe4-18f0,1845,7,-94.25,7,0,7,0,7,0,7,0
d0c1-bfe4-18f0,1846,7,-94.0,7,0,7,0,7,0,7,0
d0c1-bfe4-18f0,1847,7,-94.25,7,0,7,0,7,0,7,0
d0c1-bfe4-18f0,1848,7,-94.75,7,0,7,0,7,0,7,0
d0c1-bfe4-18f0,1849,7,-94.5,7,0,7,0,7,0,7,0
d0c1-bfe4-18f0,1850,7,-94.75,7,0,7,0,7,0,7,0
d0c1-bfe4-18f0,1851,7,-94.25,7,0,7,0,7,0,7,0
d0c1-bfe4-18f0,1852,7,-94.75,7,0,7,0,7,0,7,0
d0c1-bfe4-18f0,1853,7,-94.75,7,0,7,0,7,0,7,0
d0c1-bfe4-18f0,1854,7,-94.5,7,0,7,0,7,0,7,0
d0c1-bfe4-18f0,1855,7,-94.5,7,0,7,0,7,0,7,0
d0c1-bfe4-18f0,1856,7,-95.0,7,0,7,0,7,0,7,0
d0c1-bfe4-18f0,1857,7,-94.25,7,0,7,0,7,0,7,0
d0c1-bfe4-18f0,1858,7,-94.75,7,0,7,0,7,0,7,0
d0c1-bfe4-18f0,1859,7,-93.75,7,0,7,0,7,0,7,0
d0c1-bfe4-18f0,1860,7,-94.0,7,0,7,0,7,0,7,0
d0c1-bfe4-18f0,1861,7,-94.5,7,0,7,0,7,0,7,0
d0c1-bfe4-18f0,1862,7,-94.5,7,0,7,0,7,0,7,0
d0c1-bfe4-18f0,1863,7,-94.75,7,0,7,0,7,0,7,0
d0c1-bfe4-18f0,1864,7,-94.25,7,0,7,0,7,0,7,0
d0c1-bfe4-18f0,1865,7,-94.5,7,0,7,0,7,0,7,0
d0c1-bfe4-18f0,1866,7,-94.75,7,0,7,0,7,0,7,0
d0c1-bfe4-18f0,1867,7,-94.5,7,0,7,0,7,0,7,0
d0c1-bfe4-18f0,1868,7,-93.5,7,0,7,0,7,0,7,0
d0c1-bfe4-18f0,1869,7,-94.75,7,0,7,0,7,0,7,0
d0c1-bfe4-18f0,1870,7,-93.0,7,0,6,1,6,1,7,0
d0c1-bfe4-18f0,1871,7,-95.0,7,0,7,0,7,0,7,0
d0c1-bfe4-18f0,1872,7,-94.5,6,1,7,0,7,0,6,1
d0c1-bfe4-18f0,1873,7,-94.0,7,0,7,0,7,0,7,0
d0c1-bfe4-18f0,1874,7,-94.0,7,0,7,0,7,0,7,0
d0c1-bfe4-18f0,1875,6,-95.0,7,1,7,1,7,1,7,1
d0c1-bfe4-18f0,1876,7,-94.5,7,0,7,0,7,0,7,0
d0c1-bfe4-18f0,1877,7,-94.75,7,0,7,0,7,0,7,0
d0c1-bfe4-18f0,1878,7,-94.75,7,0,7,0,7,0,7,0
d0c1-bfe4-18f0,1879,7,-94.5,7,0,7,0,7,0,7,0
d0c1-bfe4-18f0,1880,7,-95.0,7,0,7,0,7,0,7,0
d0c1-bfe4-18f0,1881,7,-94.5,7,0,7,0,7,0,7,0
d0c1-bfe4-18f0,1882,6,-94.75,7,1,7,1,7,1,7,1
d0c1-bfe4-18f0,1883,7,-94.5,7,0,7,0,7,0,7,0
d0c1-bfe4-18f0,1884,7,-94.0,7,0,7,0,7,0,7,0
d0c1-bfe4-18f0,1885,7,-94.75,7,0,7,0,7,0,7,0
d0c1-bfe4-18f0,1886,7,-94.5,7,0,7,0,7,0,7,0
d0c1-bfe4-18f0,1887,7,-94.25,7,0,7,0,7,0,7,0
d0c1-bfe4-18f0,1888,7,-94.75,7,0,7,0,7,0,7,0
d0c1-bfe4-18f0,1889,7,-94.5,7,0,7,0,7,0,7,0
d0c1-bfe4-18f0,1890,7,-94.5,7,0,7,0,7,0,7,0
d0c1-bfe4-18f0,1891,7,-95.0,7,0,7,0,7,0,7,0
d0c1-bfe4-18f0,1892,7,-92.75,7,0,6,1,6,1,7,0
d0c1-bfe4-18f0,1893,7,-94.25,7,0,7,0,7,0,7,0
d0c1-bfe4-18f0,1894,7,-94.25,7,0,7,0,7,0,7,0
d0c1-bfe4-18f0,1895,7,-94.75,7,0,7,0,7,0,7,0
d0c1-bfe4-18f0,1896,7,-94.5,7,0,7,0,7,0,7,0
d0c1-bfe4-18f0,1897,7,-94.5,7,0,7,0,7,0,7,0
d0c1-bfe4-18f0,1898,7,-94.25,7,0,7,0,7,0,7,0
d0c1-bfe4-18f0,1899,6,-94.25,7,1,7,1,7,1,7,1
d0c1-bfe4-18f0,1900,6,-94.5,7,1,7,1,7,1,7,1
d0c1-bfe4-18f0,1901,6,-93.5,7,1,7,1,6,0,7,1
d0c1-bfe4-18f0,1902,7,-94.5,7,0,7,0,7,0,7,0
d0c1-bfe4-18f0,1903,7,-94.75,7,0,7,0,7,0,7,0
d0c1-bfe4-18f0,1904,7,-94.75,7,0,7,0,7,0,7,0
d0c1-bfe4-18f0,1905,7,-94.25,7,0,7,0,7,0,7,0
d0c1-bfe4-18f0,1906,7,-94.75,7,0,7,0,7,0,7,0
d0c1-bfe4-18f0,1907,7,-94.0,7,0,7,0,7,0,7,0
d0c1-bfe4-18f0,1908,7,-94.75,7,0,7,0,7,0,7,0
d0c1-bfe4-18f0,1909,9,-93.0,9,0,9,0,9,0,9,0
d0c1-bfe4-18f0,1910,9,-92.0,9,0,9,0,9,0,9,0
d0c1-bfe4-18f0,1911,9,-92.75,9,0,9,0,9,0,9,0
d0c1-bfe4-18f0,1912,9,-91.25,9,0,9,0,9,0,9,0
d0c1-bfe4-18f0,1913,9,-91.75,9,0,9,0,9,0,9,0
d0c1-bfe4-18f0,1914,9,-92.25,9,0,9,0,9,0,9,0
d0c1-bfe4-18f0,1915,9,-92.75,9,0,9,0,9,0,9,0
d0c1-bfe4-18f0,1916,9,-90.25,9,0,9,0,9,0,9,0
d0c1-bfe4-18f0,1917,9,-90.75,9,0,9,0,9,0,9,0
d0c1-bfe4-18f0,1918,10,-90.0,9,1,9,1,9,1,9,1
d0c1-bfe4-18f0,1919,10,-91.25,9,1,9,1,9,1,9,1
d0c1-bfe4-18f0,1920,9,-90.75,9,0,9,0,9,0,9,0
d0c1-bfe4-18f0,1921,9,-91.0,9,0,9,0,9,0,9,0
d0c1-bfe4-18f0,1922,9,-91.75,9,0,10,1,9,0,9,0
d0c1-bfe4-18f0,1923,9,-91.5,9,0,9,0,9,0,9,0
d0c1-bfe4-18f0,1924,9,-92.5,9,0,9,0,9,0,9,0
d0c1-bfe4-18f0,1925,9,-90.75,9,0,9,0,9,0,9,0
d0c1-bfe4-18f0,1926,9,-91.25,9,0,9,0,9,0,9,0
d0c1-bfe4-18f0,1927,9,-92.25,9,0,9,0,9,0,9,0
d0c1-bfe4-18f0,1928,9,-91.5,9,0,9,0,9,0,9,0
d0c1-bfe4-18f0,1929,9,-93.0,9,0,10,1,9,0,9,0
d0c1-bfe4-18f0,1930,9,-91.25,9,0,9,0,9,0,9,0
d0c1-bfe4-18f0,1931,9,-90.25,9,0,9,0,9,0,9,0
d0c1-bfe4-18f0,1932,9,-91.5,9,0,10,1,9,0,9,0
d0c1-bfe4-18f0,1933,9,-91.0,9,0,9,0,9,0,9,0
d0c1-bfe4-18f0,1934,9,-92.0,9,0,9,0,9,0,9,0
d0c1-bfe4-18f0,1935,9,-93.0,9,0,9,0,9,0,9,0
d0c1-bfe4-18f0,1936,9,-92.0,9,0,9,0,9,0,9,0
d0c1-bfe4-18f0,1937,9,-91.0,9,0,9,0,9,0,9,0
d0c1-bfe4-18f0,1938,9,-92.0,9,0,9,0,9,0,9,0
d0c1-bfe4-18f0,1939,9,-90.0,9,0,9,0,9,0,9,0
d0c1-bfe4-18f0,1940,9,-92.75,9,0,9,0,9,0,9,0
d0c1-bfe4-18f0,1941,9,-90.75,9,0,9,0,9,0,9,0
d0c1-bfe4-18f0,1942,9,-93.0,9,0,9,0,9,0,9,0
d0c1-bfe4-18f0,1943,9,-91.0,9,0,9,0,9,0,9,0
d0c1-bfe4-18f0,1944,9,-93.0,9,0,9,0,9,0,9,0
d0c1-bfe4-18f0,1945,9,-91.0,9,0,9,0,9,0,9,0
d0c1-bfe4-18f0,1946,9,-92.5,9,0,9,0,9,0,9,0
d0c1-bfe4-18f0,1947,9,-92.5,9,0,9,0,9,0,9,0
d0c1-bfe4-18f0,1948,9,-92.75,9,0,9,0,9,0,9,0
d0c1-bfe4-18f0,1949,9,-92.25,9,0,10,1,9,0,9,0
d0c1-bfe4-18f0,1950,9,-90.0,9,0,9,0,9,0,9,0
d0c1-bfe4-18f0,1951,9,-89.75,9,0,9,0,9,0,9,0
d0c1-bfe4-18f0,1952,9,-92.0,9,0,9,0,9,0,9,0
d0c1-bfe4-18f0,1953,9,-91.0,9,0,9,0,9,0,9,0
d0c1-bfe4-18f0,1954,9,-92.5,9,0,9,0,9,0,9,0
d0c1-bfe4-18f0,1955,9,-91.75,9,0,9,0,9,0,9,0
d0c1-bfe4-18f0,1956,9,-91.25,9,0,9,0,9,0,9,0
d0c1-bfe4-18f0,1957,9,-91.75,9,0,9,0,9,0,9,0
d0c1-bfe4-18f0,1958,9,-92.75,9,0,9,0,9,0,9,0
d0c1-bfe4-18f0,1959,9,-92.5,9,0,9,0,9,0,9,0
d0c1-bfe4-18f0,1960,9,-91.25,9,0,9,0,9,0,9,0
d0c1-bfe4-18f0,1961,9,-92.25,9,0,9,0,9,0,9,0
d0c1-bfe4-18f0,1962,10,-92.75,9,1,9,1,9,1,9,1
d0c1-bfe4-18f0,1963,9,-91.75,9,0,9,0,9,0,9,0
d0c1-bfe4-18f0,1964,9,-92.75,9,0,9,0,9,0,9,0
d0c1-bfe4-18f0,1965,9,-91.25,9,0,9,0,9,0,9,0
d0c1-bfe4-18f0,1966,9,-92.0,9,0,9,0,9,0,9,0
d0c1-bfe4-18f0,1967,9,-92.75,9,0,9,0,9,0,9,0
d0c1-bfe4-18f0,1968,9,-91.25,9,0,9,0,9,0,9,0
d0c1-bfe4-18f0,1969,9,-92.5,9,0,9,0,9,0,9,0
d0c1-bfe4-18f0,1970,9,-92.25,9,0,9,0,9,0,9,0
d0c1-bfe4-18f0,1971,9,-92.75,9,0,9,0,9,0,9,0
d0c1-bfe4-18f0,1972,9,-92.25,9,0,9,0,9,0,9,0
d0c1-bfe4-18f0,1973,9,-92.0,9,0,9,0,9,0,9,0
d0c1-bfe4-18f0,1974,9,-92.5,9,0,9,0,9,0,9,0
d0c1-bfe4-18f0,1975,9,-91.5,9,0,9,0,9,0,9,0
d0c1-bfe4-18f0,1976,9,-91.75,9,0,9,0,9,0,9,0
d0c1-bfe4-18f0,1977,7,-93.75,7,0,7,0,7,0,7,0
d0c1-bfe4-18f0,1978,7,-94.0,7,0,7,0,7,0,7,0
d0c1-bfe4-18f0,1979,7,-94.0,7,0,7,0,7,0,7,0
d0c1-bfe4-18f0,1980,7,-94.5,7,0,7,0,7,0,7,0
d0c1-bfe4-18f0,1981,7,-94.0,7,0,7,0,7,0,7,0
d0c1-bfe4-18f0,1982,7,-93.75,7,0,7,0,7,0,7,0
d0c1-bfe4-18f0,1983,7,-93.5,7,0,7,0,7,0,7,0
d0c1-bfe4-18f0,1984,7,-94.0,7,0,7,0,7,0,7,0
d0c1-bfe4-18f0,1985,7,-93.0,7,0,7,0,7,0,7,0
d0c1-bfe4-18f0,1986,7,-94.0,7,0,7,0,7,0,7,0
d0c1-bfe4-18f0,1987,7,-94.0,7,0,7,0,7,0,7,0
d0c1-bfe4-18f0,1988,7,-94.25,7,0,7,0,7,0,7,0
d0c1-bfe4-18f0,1989,7,-94.0,7,0,7,0,7,0,7,0
d0c1-bfe4-18f0,1990,7,-93.5,7,0,7,0,7,0,7,0
d0c1-bfe4-18f0,1991,7,-94.5,7,0,7,0,7,0,7,0
d0c1-bfe4-18f0,1992,7,-93.5,7,0,7,0,7,0,7,0
d0c1-bfe4-18f0,1993,7,-93.75,7,0,7,0,7,0,7,0
d0c1-bfe4-18f0,1994,7,-93.75,7,0,7,0,7,0,7,0
d0c1-bfe4-18f0,1995,7,-94.25,7,0,7,0,7,0,7,0
d0c1-bfe4-18f0,1996,7,-94.0,7,0,7,0,7,0,7,0
d0c1-bfe4-18f0,1997,7,-93.5,7,0,7,0,7,0,7,0
d0c1-bfe4-18f0,1998,7,-94.5,7,0,7,0,7,0,7,0
d0c1-bfe4-18f0,1999,7,-93.75,7,0,7,0,7,0,7,0
d0c1-bfe4-18f0,2000,7,-93.25,7,0,7,0,7,0,7,0
d0c1-bfe4-18f0,2001,7,-93.75,7,0,7,0,7,0,7,0
d0c1-bfe4-18f0,2002,7,-93.0,7,0,7,0,7,0,7,0
d0c1-bfe4-18f0,2003,7,-93.5,7,0,7,0,7,0,7,0
d0c1-bfe4-18f0,2004,7,-93.75,7,0,7,0,7,0,7,0
d0c1-bfe4-18f0,2005,7,-93.75,7,0,7,0,7,0,7,0
d0c1-bfe4-18f0,2006,7,-94.0,7,0,7,0,7,0,7,0
d0c1-bfe4-18f0,2007,7,-94.25,7,0,7,0,7,0,7,0
d0c1-bfe4-18f0,2008,7,-93.0,7,0,7,0,7,0,7,0
d0c1-bfe4-18f0,2009,7,-93.75,7,0,7,0,7,0,7,0
d0c1-bfe4-18f0,2010,7,-93.75,7,0,7,0,7,0,7,0
d0c1-bfe4-18f0,2011,7,-93.0,7,0,7,0,7,0,7,0
d0c1-bfe4-18f0,2012,7,-93.75,7,0,7,0,7,0,7,0
d0c1-bfe4-18f0,2013,7,-94.0,7,0,7,0,7,0,7,0
d0c1-bfe4-18f0,2014,7,-93.5,7,0,7,0,7,0,7,0
d0c1-bfe4-18f0,2015,7,-93.75,7,0,7,0,7,0,7,0
d0c1-bfe4-18f0,2016,7,-94.5,7,0,7,0,7,0,7,0
d0c1-bfe4-18f0,2017,7,-94.5,7,0,7,0,7,0,7,0
d0c1-bfe4-18f0,2018,7,-94.25,7,0,7,0,7,0,7,0
d0c1-bfe4-18f0,2019,7,-93.5,7,0,7,0,7,0,7,0
d0c1-bfe4-18f0,2020,7,-93.5,7,0,7,0,7,0,7,0
d0c1-bfe4-18f0,2021,7,-92.75,7,0,7,0,7,0,7,0
d0c1-bfe4-18f0,2022,7,-93.75,7,0,7,0,7,0,7,0
d0c1-bfe4-18f0,2023,7,-94.25,7,0,7,0,7,0,7,0
d0c1-bfe4-18f0,2024,7,-93.75,7,0,7,0,7,0,7,0
d0c1-bfe4-18f0,2025,7,-93.75,7,0,7,0,7,0,7,0
d0c1-bfe4-18f0,2026,7,-94.0,7,0,7,0,7,0,7,0
d0c1-bfe4-18f0,2027,7,-94.0,7,0,7,0,7,0,7,0
d0c1-bfe4-18f0,2028,7,-92.75,7,0,7,0,7,0,7,0
d0c1-bfe4-18f0,2029,7,-93.5,7,0,7,0,7,0,7,0
d0c1-bfe4-18f0,2030,7,-93.25,7,0,7,0,7,0,7,0
d0c1-bfe4-18f0,2031,7,-93.25,7,0,7,0,7,0,7,0
d0c1-bfe4-18f0,2032,7,-93.25,7,0,7,0,7,0,7,0
d0c1-bfe4-18f0,2033,7,-93.75,7,0,7,0,7,0,7,0
d0c1-bfe4-18f0,2034,7,-93.25,7,0,7,0,7,0,7,0
d0c1-bfe4-18f0,2035,7,-93.5,7,0,7,0,7,0,7,0
d0c1-bfe4-18f0,2036,7,-94.25,7,0,7,0,7,0,7,0
d0c1-bfe4-18f0,2037,7,-93.75,7,0,7,0,7,0,7,0
d0c1-bfe4-18f0,2038,7,-93.25,7,0,7,0,7,0,7,0
d0c1-bfe4-18f0,2039,7,-93.5,7,0,7,0,7,0,7,0
d0c1-bfe4-18f0,2040,7,-94.0,7,0,7,0,7,0,7,0
d0c1-bfe4-18f0,2041,7,-93.75,7,0,7,0,7,0,7,0
d0c1-bfe4-18f0,2042,7,-94.0,5,2,5,2,5,2,5,2
d0c1-bfe4-18f0,2043,7,-94.0,5,2,5,2,5,2,5,2
d0c1-bfe4-18f0,2044,7,-94.0,5,2,5,2,6,1,5,2
d0c1-bfe4-18f0,2045,7,-94.0,5,2,5,2,5,2,5,2
d0c1-bfe4-18f0,2046,7,-93.25,5,2,5,2,5,2,5,2
d0c1-bfe4-18f0,2047,7,-93.5,5,2,5,2,5,2,5,2
d0c1-bfe4-18f0,2048,7,-93.75,5,2,5,2,5,2,5,2
d0c1-bfe4-18f0,2049,7,-94.0,5,2,5,2,6,1,5,2
d0c1-bfe4-18f0,2050,7,-92.75,5,2,5,2,5,2,5,2
d0c1-bfe4-18f0,2051,7,-93.5,5,2,5,2,5,2,5,2
d0c1-bfe4-18f0,2052,7,-93.75,5,2,5,2,5,2,5,2
d0c1-bfe4-18f0,2053,7,-94.0,5,2,5,2,6,1,5,2
d0c1-bfe4-18f0,2054,7,-94.0,5,2,5,2,6,1,5,2
d0c1-bfe4-18f0,2055,7,-93.25,5,2,5,2,5,2,5,2
d0c1-bfe4-18f0,2056,7,-94.5,5,2,5,2,6,1,5,2
d0c1-bfe4-18f0,2057,7,-94.0,5,2,5,2,6,1,5,2
d0c1-bfe4-18f0,2058,7,-94.5,5,2,5,2,6,1,5,2
d0c1-bfe4-18f0,2059,7,-92.75,6,1,6,1,6,1,6,1
d0c1-bfe4-18f0,2060,7,-94.0,5,2,5,2,6,1,5,2
d0c1-bfe4-18f0,2061,7,-94.5,5,2,5,2,6,1,5,2
d0c1-bfe4-18f0,2062,7,-94.0,5,2,5,2,6,1,5,2
d0c1-bfe4-18f0,2063,7,-92.75,6,1,6,1,6,1,6,1
d0c1-bfe4-18f0,2064,7,-93.5,5,2,5,2,5,2,5,2
d0c1-bfe4-18f0,2065,7,-94.25,5,2,5,2,6,1,5,2
d0c1-bfe4-18f0,2066,7,-92.5,6,1,6,1,6,1,6,1
d0c1-bfe4-18f0,2067,7,-94.5,5,2,5,2,6,1,5,2
d0c1-bfe4-18f0,2068,7,-94.0,5,2,5,2,6,1,5,2
d0c1-bfe4-18f0,2069,7,-94.5,5,2,5,2,6,1,5,2
d0c1-bfe4-18f0,2070,7,-93.5,5,2,5,2,5,2,5,2
d0c1-bfe4-18f0,2071,7,-94.5,6,1,7,0,7,0,6,1
d0c1-bfe4-18f0,2072,7,-94.5,5,2,5,2,6,1,5,2
d0c1-bfe4-18f0,2073,7,-94.0,5,2,5,2,6,1,5,2
d0c1-bfe4-18f0,2074,7,-94.75,5,2,5,2,6,1,5,2
d0c1-bfe4-18f0,2075,7,-94.25,5,2,5,2,6,1,5,2
d0c1-bfe4-18f0,2076,7,-94.25,5,2,5,2,6,1,5,2
d0c1-bfe4-18f0,2077,7,-93.75,5,2,5,2,5,2,5,2
d0c1-bfe4-18f0,2078,7,-94.25,5,2,5,2,6,1,5,2
d0c1-bfe4-18f0,2079,7,-94.25,6,1,6,1,7,0,6,1
d0c1-bfe4-18f0,2080,7,-94.5,6,1,7,0,7,0,6,1
d0c1-bfe4-18f0,2081,7,-94.75,5,2,5,2,6,1,5,2
d0c1-bfe4-18f0,2082,7,-94.25,5,2,5,2,6,1,5,2
d0c1-bfe4-18f0,2083,7,-94.0,5,2,5,2,5,2,5,2
d0c1-bfe4-18f0,2084,7,-94.25,5,2,5,2,6,1,5,2
d0c1-bfe4-18f0,2085,7,-94.25,5,2,5,2,6,1,5,2
d0c1-bfe4-18f0,2086,7,-94.0,5,2,5,2,6,1,5,2
d0c1-bfe4-18f0,2087,7,-93.75,5,2,5,2,5,2,5,2
d0c1-bfe4-18f0,2088,7,-94.25,5,2,5,2,6,1,5,2
d0c1-bfe4-18f0,2089,7,-94.75,5,2,5,2,6,1,5,2
d0c1-bfe4-18f0,2090,7,-93.5,5,2,5,2,5,2,5,2
d0c1-bfe4-18f0,2091,7,-93.0,5,2,5,2,5,2,5,2
d0c1-bfe4-18f0,2092,7,-93.25,5,2,5,2,5,2,5,2
d0c1-bfe4-18f0,2093,7,-93.25,5,2,5,2,5,2,5,2
d0c1-bfe4-18f0,2094,7,-93.5,5,2,5,2,5,2,5,2
d0c1-bfe4-18f0,2095,7,-94.0,5,2,5,2,5,2,5,2
d0c1-bfe4-18f0,2096,7,-94.5,5,2,5,2,6,1,5,2
d0c1-bfe4-18f0,2097,7,-93.75,5,2,5,2,5,2,5,2
d0c1-bfe4-18f0,2098,7,-93.5,5,2,5,2,5,2,5,2
d0c1-bfe4-18f0,2099,7,-93.5,5,2,5,2,5,2,5,2
d0c1-bfe4-18f0,2100,7,-93.75,5,2,5,2,5,2,5,2
d0c1-bfe4-18f0,2101,7,-94.5,5,2,5,2,6,1,5,2
d0c1-bfe4-18f0,2102,7,-92.25,5,2,5,2,5,2,5,2
d0c1-bfe4-18f0,2103,7,-94.0,5,2,5,2,6,1,5,2
d0c1-bfe4-18f0,2104,7,-94.25,5,2,5,2,6,1,5,2
d0c1-bfe4-18f0,2105,7,-94.25,5,2,5,2,6,1,5,2
d0c1-bfe4-18f0,2106,7,-94.25,5,2,5,2,6,1,5,2
d0c1-bfe4-18f0,2107,7,-94.0,5,2,5,2,6,1,5,2
d0c1-bfe4-18f0,2108,7,-94.25,5,2,5,2,6,1,5,2
d0c1-bfe4-18f0,2109,7,-95.0,5,2,5,2,6,1,5,2
d0c1-bfe4-18f0,2110,7,-94.25,5,2,5,2,6,1,5,2
d0c1-bfe4-18f0,2111,7,-94.5,7,0,7,0,7,0,7,0
d0c1-bfe4-18f0,2112,6,-93.0,7,1,7,1,7,1,7,1
d0c1-bfe4-18f0,2113,7,-94.25,7,0,7,0,7,0,7,0
d0c1-bfe4-18f0,2114,7,-92.75,7,0,7,0,7,0,7,0
d0c1-bfe4-18f0,2115,6,-94.0,7,1,7,1,7,1,7,1
d0c1-bfe4-18f0,2116,6,-94.0,7,1,7,1,8,2,7,1
d0c1-bfe4-18f0,2117,6,-94.25,7,1,7,1,7,1,7,1
d0c1-bfe4-18f0,2118,6,-94.75,7,1,7,1,7,1,7,1
d0c1-bfe4-18f0,2119,6,-94.0,7,1,7,1,7,1,7,1
d0c1-bfe4-18f0,2120,6,-94.25,7,1,7,1,7,1,7,1
d0c1-bfe4-18f0,2121,6,-93.75,7,1,7,1,7,1,7,1
d0c1-bfe4-18f0,2122,7,-93.0,7,0,7,0,7,0,7,0
d0c1-bfe4-18f0,2123,7,-94.25,7,0,7,0,7,0,7,0
d0c1-bfe4-18f0,2124,7,-93.75,7,0,7,0,7,0,7,0
d0c1-bfe4-18f0,2125,7,-94.0,7,0,7,0,7,0,7,0
d0c1-bfe4-18f0,2126,6,-93.75,7,1,7,1,7,1,7,1
d0c1-bfe4-18f0,2127,6,-94.0,7,1,7,1,7,1,7,1
d0c1-bfe4-18f0,2128,7,-93.5,7,0,7,0,7,0,7,0
d0c1-bfe4-18f0,2129,6,-94.75,7,1,7,1,7,1,7,1
d0c1-bfe4-18f0,2130,6,-94.0,7,1,7,1,7,1,7,1
d0c1-bfe4-18f0,2131,6,-93.75,7,1,7,1,7,1,7,1
d0c1-bfe4-18f0,2132,7,-93.25,7,0,7,0,7,0,7,0
d0c1-bfe4-18f0,2133,6,-93.0,7,1,7,1,7,1,7,1
d0c1-bfe4-18f0,2134,7,-93.75,7,0,7,0,7,0,7,0
d0c1-bfe4-18f0,2135,7,-94.5,7,0,7,0,7,0,7,0
d0c1-bfe4-18f0,2136,7,-94.25,7,0,7,0,7,0,7,0
d0c1-bfe4-18f0,2137,7,-94.0,7,0,7,0,7,0,7,0
d0c1-bfe4-18f0,2138,6,-93.25,7,1,7,1,7,1,7,1
d0c1-bfe4-18f0,2139,7,-93.5,7,0,7,0,7,0,7,0
d0c1-bfe4-18f0,2140,6,-94.25,7,1,7,1,7,1,7,1
d0c1-bfe4-18f0,2141,6,-94.0,7,1,7,1,7,1,7,1
d0c1-bfe4-18f0,2142,6,-94.5,7,1,7,1,7,1,7,1
d0c1-bfe4-18f0,2143,6,-94.75,7,1,7,1,7,1,7,1
d0c1-bfe4-18f0,2144,6,-93.0,7,1,7,1,7,1,7,1
d0c1-bfe4-18f0,2145,6,-94.5,7,1,7,1,7,1,7,1
d0c1-bfe4-18f0,2146,6,-94.5,7,1,7,1,7,1,7,1
d0c1-bfe4-18f0,2147,6,-94.5,7,1,7,1,7,1,7,1
d0c1-bfe4-18f0,2148,6,-94.0,7,1,7,1,7,1,7,1
d0c1-bfe4-18f0,2149,6,-95.0,7,1,7,1,7,1,7,1
d0c1-bfe4-18f0,2150,6,-95.0,7,1,7,1,7,1,7,1
d0c1-bfe4-18f0,2151,6,-94.25,7,1,7,1,7,1,7,1
d0c1-bfe4-18f0,2152,7,-94.25,7,0,7,0,7,0,7,0
d0c1-bfe4-18f0,2153,7,-94.0,7,0,7,0,7,0,7,0
d0c1-bfe4-18f0,2154,6,-94.25,7,1,7,1,7,1,7,1
d0c1-bfe4-18f0,2155,6,-94.0,7,1,7,1,7,1,7,1
d0c1-bfe4-18f0,2156,6,-94.25,7,1,7,1,7,1,7,1
d0c1-bfe4-18f0,2157,6,-94.5,7,1,7,1,7,1,7,1
d0c1-bfe4-18f0,2158,6,-94.5,7,1,7,1,7,1,7,1
d0c1-bfe4-18f0,2159,7,-94.25,7,0,7,0,7,0,7,0
d0c1-bfe4-18f0,2160,6,-93.75,7,1,7,1,7,1,7,1
d0c1-bfe4-18f0,2161,6,-94.75,7,1,7,1,7,1,7,1
d0c1-bfe4-18f0,2162,7,-94.5,7,0,7,0,7,0,7,0
d0c1-bfe4-18f0,2163,7,-94.25,7,0,7,0,7,0,7,0
d0c1-bfe4-18f0,2164,7,-94.25,7,0,7,0,7,0,7,0
d0c1-bfe4-18f0,2165,7,-94.5,7,0,7,0,7,0,7,0
d0c1-bfe4-18f0,2166,6,-94.5,7,1,7,1,7,1,7,1
d0c1-bfe4-18f0,2167,6,-94.5,7,1,7,1,7,1,7,1
d0c1-bfe4-18f0,2168,6,-94.25,7,1,7,1,7,1,7,1
d0c1-bfe4-18f0,2169,6,-93.75,7,1,7,1,7,1,7,1
d0c1-bfe4-18f0,2170,6,-94.5,7,1,7,1,7,1,7,1
d0c1-bfe4-18f0,2171,6,-94.5,7,1,7,1,7,1,7,1
d0c1-bfe4-18f0,2172,6,-94.25,7,1,7,1,7,1,7,1
d0c1-bfe4-18f0,2173,6,-93.0,7,1,7,1,7,1,7,1
d0c1-bfe4-18f0,2174,6,-94.25,7,1,7,1,7,1,7,1
d0c1-bfe4-18f0,2175,6,-94.0,7,1,7,1,7,1,7,1
d0c1-bfe4-18f0,2176,6,-94.5,7,1,7,1,7,1,7,1
d0c1-bfe4-18f0,2177,6,-94.5,7,1,7,1,7,1,7,1
d0c1-bfe4-18f0,2178,6,-94.25,7,1,7,1,7,1,7,1
d0c1-bfe4-18f0,2179,6,-94.25,7,1,7,1,7,1,7,1
d0c1-bfe4-18f0,2180,7,-94.75,7,0,7,0,7,0,7,0
d0c1-bfe4-18f0,2181,7,-94.25,7,0,7,0,7,0,7,0
d0c1-bfe4-18f0,2182,6,-94.25,7,1,7,1,7,1,7,1
d0c1-bfe4-18f0,2183,6,-93.25,7,1,7,1,7,1,7,1
d0c1-bfe4-18f0,2184,5,-90.25,5,0,5,0,4,1,5,0
d0c1-bfe4-18f0,2185,5,-93.25,5,0,5,0,4,1,5,0
d0c1-bfe4-18f0,2186,5,-93.75,4,1,4,1,4,1,4,1
d0c1-bfe4-18f0,2187,5,-92.0,5,0,5,0,4,1,5,0
d0c1-bfe4-18f0,2188,5,-93.0,5,0,5,0,4,1,5,0
d0c1-bfe4-18f0,2189,5,-91.75,5,0,5,0,4,1,5,0
d0c1-bfe4-18f0,2190,5,-91.25,5,0,4,1,4,1,5,0
d0c1-bfe4-18f0,2191,5,-91.5,5,0,5,0,5,0,5,0
d0c1-bfe4-18f0,2192,5,-91.25,4,1,4,1,3,2,4,1
d0c1-bfe4-18f0,2193,5,-90.5,5,0,5,0,4,1,5,0
d0c1-bfe4-18f0,2194,5,-92.0,5,0,5,0,4,1,5,0
d0c1-bfe4-18f0,2195,5,-91.75,5,0,5,0,5,0,5,0
d0c1-bfe4-18f0,2196,5,-91.25,5,0,5,0,4,1,5,0
d0c1-bfe4-18f0,2197,5,-91.25,5,0,5,0,4,1,5,0
d0c1-bfe4-18f0,2198,5,-92.0,5,0,5,0,4,1,5,0
d0c1-bfe4-18f0,2199,5,-90.75,4,1,4,1,3,2,4,1
d0c1-bfe4-18f0,2200,5,-91.5,4,1,4,1,4,1,4,1
d0c1-bfe4-18f0,2201,5,-90.25,7,2,7,2,6,1,7,2
d0c1-bfe4-18f0,2202,5,-90.5,5,0,5,0,4,1,5,0
d0c1-bfe4-18f0,2203,5,-91.25,5,0,5,0,4,1,5,0
d0c1-bfe4-18f0,2204,5,-91.5,5,0,5,0,5,0,5,0
d0c1-bfe4-18f0,2205,5,-91.5,5,0,5,0,5,0,5,0
d0c1-bfe4-18f0,2206,5,-91.25,4,1,4,1,3,2,4,1
d0c1-bfe4-18f0,2207,5,-91.25,5,0,5,0,4,1,5,0
d0c1-bfe4-18f0,2208,5,-91.25,5,0,4,1,4,1,5,0
d0c1-bfe4-18f0,2209,5,-91.5,5,0,5,0,4,1,5,0
d0c1-bfe4-18f0,2210,5,-91.5,5,0,5,0,4,1,5,0
d0c1-bfe4-18f0,2211,5,-93.25,5,0,5,0,4,1,5,0
d0c1-bfe4-18f0,2212,5,-92.75,5,0,5,0,5,0,5,0
d0c1-bfe4-18f0,2213,5,-92.25,5,0,5,0,4,1,5,0
d0c1-bfe4-18f0,2214,5,-92.25,4,1,4,1,4,1,4,1
d0c1-bfe4-18f0,2215,5,-91.25,5,0,4,1,4,1,5,0
d0c1-bfe4-18f0,2216,5,-90.5,4,1,4,1,3,2,4,1
d0c1-bfe4-18f0,2217,5,-92.75,5,0,5,0,4,1,5,0
d0c1-bfe4-18f0,2218,5,-90.75,5,0,5,0,4,1,5,0
d0c1-bfe4-18f0,2219,5,-92.25,5,0,5,0,5,0,5,0
d0c1-bfe4-18f0,2220,5,-92.0,4,1,4,1,4,1,4,1
d0c1-bfe4-18f0,2221,5,-90.5,5,0,5,0,4,1,5,0
d0c1-bfe4-18f0,2222,5,-92.25,5,0,5,0,5,0,5,0
d0c1-bfe4-18f0,2223,5,-92.5,5,0,5,0,5,0,5,0
d0c1-bfe4-18f0,2224,5,-92.0,5,0,5,0,4,1,5,0
d0c1-bfe4-18f0,2225,5,-93.0,4,1,4,1,4,1,4,1
d0c1-bfe4-18f0,2226,5,-93.0,4,1,4,1,4,1,4,1
d0c1-bfe4-18f0,2227,5,-92.75,5,0,5,0,4,1,5,0
d0c1-bfe4-18f0,2228,5,-91.5,5,0,4,1,4,1,5,0
d0c1-bfe4-18f0,2229,5,-90.75,5,0,4,1,4,1,5,0
d0c1-bfe4-18f0,2230,5,-91.75,5,0,5,0,4,1,5,0
d0c1-bfe4-18f0,2231,5,-93.5,5,0,5,0,5,0,5,0
d0c1-bfe4-18f0,2232,5,-92.5,4,1,4,1,4,1,4,1
d0c1-bfe4-18f0,2233,5,-92.25,5,0,5,0,4,1,5,0
d0c1-bfe4-18f0,2234,5,-92.5,5,0,5,0,4,1,5,0
d0c1-bfe4-18f0,2235,5,-91.5,5,0,4,1,4,1,5,0
d0c1-bfe4-18f0,2236,5,-91.75,5,0,5,0,4,1,5,0
d0c1-bfe4-18f0,2237,5,-89.25,5,0,4,1,3,2,5,0
d0c1-bfe4-18f0,2238,5,-91.5,5,0,4,1,4,1,5,0
d0c1-bfe4-18f0,2239,5,-92.5,5,0,5,0,4,1,5,0
d0c1-bfe4-18f0,2240,5,-92.0,5,0,5,0,4,1,5,0
d0c1-bfe4-18f0,2241,5,-92.0,5,0,5,0,4,1,5,0
d0c1-bfe4-18f0,2242,5,-91.75,5,0,5,0,4,1,5,0
d0c1-bfe4-18f0,2243,5,-90.5,4,1,4,1,3,2,4,1
d0c1-bfe4-18f0,2244,5,-91.0,5,0,4,1,4,1,5,0
d0c1-bfe4-18f0,2245,5,-92.0,5,0,5,0,4,1,5,0
d0c1-bfe4-18f0,2246,5,-90.75,5,0,4,1,4,1,5,0
d0c1-bfe4-18f0,2247,5,-91.25,5,0,5,0,4,1,5,0
d0c1-bfe4-18f0,2248,5,-91.0,5,0,4,1,4,1,5,0
d0c1-bfe4-18f0,2249,5,-91.5,5,0,5,0,4,1,5,0
d0c1-bfe4-18f0,2250,5,-91.0,5,0,4,1,4,1,5,0
d0c1-bfe4-18f0,2251,5,-90.25,5,0,4,1,4,1,5,0
d0c1-bfe4-18f0,2252,5,-92.0,5,0,5,0,4,1,5,0
d0c1-bfe4-18f0,2253,5,-88.75,5,0,5,0,4,1,5,0
d0c1-bfe4-18f0,2254,5,-90.25,5,0,5,0,4,1,5,0
d0c1-bfe4-18f0,2255,5,-90.25,5,0,4,1,4,1,5,0
d0c1-bfe4-18f0,2256,5,-91.25,5,0,4,1,4,1,5,0
d0c1-bfe4-18f0,2257,5,-89.0,5,0,4,1,3,2,5,0
d0c1-bfe4-18f0,2258,5,-90.0,5,0,4,1,4,1,5,0
d0c1-bfe4-18f0,2259,5,-90.75,5,0,4,1,4,1,5,0
d0c1-bfe4-18f0,2260,5,-90.25,5,0,4,1,4,1,5,0
d0c1-bfe4-18f0,2261,5,-91.0,5,0,5,0,4,1,5,0
d0c1-bfe4-18f0,2262,5,-92.25,4,1,4,1,4,1,4,1
d0c1-bfe4-18f0,2263,5,-89.75,5,0,4,1,4,1,5,0
d0c1-bfe4-18f0,2264,5,-90.5,5,0,4,1,4,1,5,0
d0c1-bfe4-18f0,2265,5,-92.0,5,0,5,0,4,1,5,0
d0c1-bfe4-18f0,2266,5,-90.75,4,1,4,1,3,2,4,1
d0c1-bfe4-18f0,2267,5,-89.25,4,1,4,1,3,2,4,1
d0c1-bfe4-18f0,2268,5,-91.0,5,0,4,1,4,1,5,0
d0c1-bfe4-18f0,2269,5,-92.75,5,0,5,0,4,1,5,0
d0c1-bfe4-18f0,2270,5,-90.75,5,0,4,1,4,1,5,0
d0c1-bfe4-18f0,2271,5,-90.5,5,0,4,1,4,1,5,0
d0c1-bfe4-18f0,2272,5,-90.75,5,0,4,1,4,1,5,0
d0c1-bfe4-18f0,2273,5,-91.5,4,1,4,1,4,1,4,1
d0c1-bfe4-18f0,2274,5,-90.5,5,0,4,1,4,1,5,0
d0c1-bfe4-18f0,2275,5,-91.75,5,0,5,0,4,1,5,0
d0c1-bfe4-18f0,2276,5,-89.25,4,1,4,1,3,2,4,1
d0c1-bfe4-18f0,2277,5,-93.25,5,0,5,0,4,1,5,0
d0c1-bfe4-18f0,2278,5,-91.75,5,0,5,0,4,1,5,0
d0c1-bfe4-18f0,2279,5,-90.75,5,0,4,1,4,1,5,0
d0c1-bfe4-18f0,2280,5,-88.75,5,0,4,1,3,2,5,0
d0c1-bfe4-18f0,2281,5,-90.5,5,0,4,1,4,1,5,0
d0c1-bfe4-18f0,2282,5,-90.0,5,0,5,0,4,1,5,0
d0c1-bfe4-18f0,2283,5,-92.25,5,0,5,0,4,1,5,0
d0c1-bfe4-18f0,2284,5,-91.5,5,0,5,0,4,1,5,0
d0c1-bfe4-18f0,2285,5,-92.0,5,0,5,0,4,1,5,0
d0c1-bfe4-18f0,2286,5,-90.75,5,0,4,1,4,1,5,0
d0c1-bfe4-18f0,2287,5,-90.75,5,0,4,1,4,1,5,0
d0c1-bfe4-18f0,2288,5,-90.75,5,0,4,1,4,1,5,0
d0c1-bfe4-18f0,2289,5,-92.25,5,0,5,0,4,1,5,0
d0c1-bfe4-18f0,2290,5,-87.5,7,2,6,1,5,0,7,2
d0c1-bfe4-18f0,2291,5,-88.25,5,0,5,0,4,1,5,0
d0c1-bfe4-18f0,2292,5,-89.0,5,0,4,1,3,2,5,0
d0c1-bfe4-18f0,2293,5,-90.75,5,0,4,1,4,1,5,0
d0c1-bfe4-18f0,2294,5,-88.75,5,0,4,1,3,2,5,0
d0c1-bfe4-18f0,2295,5,-91.0,5,0,4,1,4,1,5,0
d0c1-bfe4-18f0,2296,5,-89.0,5,0,4,1,3,2,5,0
d0c1-bfe4-18f0,2297,5,-92.0,5,0,5,0,5,0,5,0
d0c1-bfe4-18f0,2298,5,-89.0,5,0,5,0,4,1,5,0
d0c1-bfe4-18f0,2299,5,-92.25,5,0,5,0,4,1,5,0
d0c1-bfe4-18f0,2300,5,-89.5,5,0,5,0,4,1,5,0
d0c1-bfe4-18f0,2301,5,-88.5,5,0,5,0,4,1,5,0
d0c1-bfe4-18f0,2302,5,-89.5,5,0,5,0,4,1,5,0
d0c1-bfe4-18f0,2303,5,-89.5,7,2,5,0,5,0,7,2
d0c1-bfe4-18f0,2304,5,-90.0,5,0,5,0,4,1,5,0
d0c1-bfe4-18f0,2305,5,-88.75,7,2,5,0,4,1,7,2
d0c1-bfe4-18f0,2306,5,-92.0,5,0,5,0,5,0,5,0
d0c1-bfe4-18f0,2307,5,-89.5,5,0,4,1,4,1,5,0
d0c1-bfe4-18f0,2308,5,-89.75,5,0,4,1,4,1,5,0
d0c1-bfe4-18f0,2309,5,-88.75,5,0,4,1,3,2,5,0
d0c1-bfe4-18f0,2310,5,-89.5,5,0,5,0,4,1,5,0
d0c1-bfe4-18f0,2311,5,-92.0,5,0,5,0,5,0,5,0
d0c1-bfe4-18f0,2312,5,-89.75,5,0,5,0,4,1,5,0
d0c1-bfe4-18f0,2313,5,-90.0,5,0,4,1,4,1,5,0
d0c1-bfe4-18f0,2314,5,-92.5,5,0,5,0,4,1,5,0
d0c1-bfe4-18f0,2315,2,-94.75,3,1,3,1,3,1,3,1
d0c1-bfe4-18f0,2316,2,-94.5,4,2,4,2,4,2,4,2
d0c1-bfe4-18f0,2317,2,-93.75,5,3,5,3,4,2,5,3
d0c1-bfe4-18f0,2318,2,-94.5,4,2,4,2,4,2,4,2
d0c1-bfe4-18f0,2319,2,-94.25,4,2,4,2,4,2,4,2
d0c1-bfe4-18f0,2320,3,-94.25,5,2,5,2,5,2,5,2
d0c1-bfe4-18f0,2321,3,-95.25,4,1,4,1,4,1,4,1
d0c1-bfe4-18f0,2322,3,-95.0,5,2,5,2,5,2,5,2
d0c1-bfe4-18f0,2323,3,-94.75,4,1,4,1,4,1,4,1
d0c1-bfe4-18f0,2324,4,-94.25,4,0,4,0,4,0,4,0
d0c1-bfe4-18f0,2325,3,-94.0,5,2,5,2,5,2,5,2
d0c1-bfe4-18f0,2326,3,-93.25,5,2,5,2,4,1,5,2
d0c1-bfe4-18f0,2327,3,-94.5,5,2,5,2,5,2,5,2
d0c1-bfe4-18f0,2328,3,-95.0,4,1,4,1,4,1,4,1
d0c1-bfe4-18f0,2329,3,-94.5,4,1,4,1,4,1,4,1
d0c1-bfe4-18f0,2330,3,-94.75,4,1,4,1,4,1,4,1
d0c1-bfe4-18f0,2331,3,-94.75,5,2,5,2,5,2,5,2
d0c1-bfe4-18f0,2332,3,-94.75,4,1,4,1,4,1,4,1
d0c1-bfe4-18f0,2333,3,-95.0,5,2,5,2,4,1,5,2
d0c1-bfe4-18f0,2334,3,-95.25,5,2,5,2,5,2,5,2
d0c1-bfe4-18f0,2335,3,-94.75,5,2,5,2,5,2,5,2
d0c1-bfe4-18f0,2336,3,-94.75,4,1,4,1,4,1,4,1
d0c1-bfe4-18f0,2337,3,-94.75,4,1,4,1,4,1,4,1
d0c1-bfe4-18f0,2338,4,-95.0,4,0,4,0,4,0,4,0
d0c1-bfe4-18f0,2339,3,-94.75,4,1,4,1,4,1,4,1
d0c1-bfe4-18f0,2340,3,-94.75,4,1,4,1,4,1,4,1
d0c1-bfe4-18f0,2341,3,-94.0,4,1,4,1,4,1,4,1
d0c1-bfe4-18f0,2342,3,-94.75,4,1,4,1,4,1,4,1
d0c1-bfe4-18f0,2343,3,-95.25,4,1,4,1,4,1,4,1
d0c1-bfe4-18f0,2344,3,-95.0,5,2,5,2,4,1,5,2
d0c1-bfe4-18f0,2345,3,-95.25,4,1,4,1,4,1,4,1
d0c1-bfe4-18f0,2346,3,-94.75,4,1,4,1,4,1,4,1
d0c1-bfe4-18f0,2347,3,-94.75,4,1,4,1,4,1,4,1
d0c1-bfe4-18f0,2348,3,-95.0,4,1,4,1,4,1,4,1
d0c1-bfe4-18f0,2349,3,-94.25,4,1,4,1,4,1,4,1
d0c1-bfe4-18f0,2350,3,-95.0,4,1,4,1,4,1,4,1
d0c1-bfe4-18f0,2351,3,-95.0,3,0,3,0,3,0,3,0
d0c1-bfe4-18f0,2352,3,-93.75,3,0,3,0,3,0,3,0
d0c1-bfe4-18f0,2353,3,-94.5,3,0,3,0,3,0,3,0
d0c1-bfe4-18f0,2354,3,-94.5,4,1,4,1,4,1,4,1
d0c1-bfe4-18f0,2355,3,-95.25,3,0,3,0,3,0,3,0
d0c1-bfe4-18f0,2356,3,-94.5,4,1,4,1,4,1,4,1
d0c1-bfe4-18f0,2357,4,-94.5,4,0,4,0,4,0,4,0
d0c1-bfe4-18f0,2358,4,-94.0,4,0,4,0,4,0,4,0
d0c1-bfe4-18f0,2359,3,-95.0,4,1,4,1,4,1,4,1
d0c1-bfe4-18f0,2360,3,-94.5,4,1,4,1,4,1,4,1
d0c1-bfe4-18f0,2361,3,-94.25,4,1,4,1,4,1,4,1
d0c1-bfe4-18f0,2362,4,-94.25,4,0,4,0,4,0,4,0
d0c1-bfe4-18f0,2363,3,-94.25,4,1,4,1,4,1,4,1
d0c1-bfe4-18f0,2364,3,-94.75,4,1,4,1,4,1,4,1
d0c1-bfe4-18f0,2365,3,-94.75,4,1,4,1,4,1,4,1
d0c1-bfe4-18f0,2366,3,-94.75,4,1,4,1,4,1,4,1
d0c1-bfe4-18f0,2367,3,-94.25,4,1,4,1,4,1,4,1
d0c1-bfe4-18f0,2368,3,-94.0,4,1,4,1,4,1,4,1
d0c1-bfe4-18f0,2369,3,-95.0,5,2,5,2,5,2,5,2
d0c1-bfe4-18f0,2370,3,-94.75,5,2,5,2,5,2,5,2
d0c1-bfe4-18f0,2371,3,-94.75,5,2,5,2,5,2,5,2
d0c1-bfe4-18f0,2372,3,-94.25,4,1,4,1,4,1,4,1
d0c1-bfe4-18f0,2373,3,-94.5,4,1,4,1,4,1,4,1
d0c1-bfe4-18f0,2374,3,-95.0,4,1,4,1,4,1,4,1
d0c1-bfe4-18f0,2375,3,-94.75,4,1,4,1,4,1,4,1
d0c1-bfe4-18f0,2376,4,-94.5,4,0,4,0,4,0,4,0
d0c1-bfe4-18f0,2377,4,-94.5,4,0,4,0,4,0,4,0
d0c1-bfe4-18f0,2378,4,-94.25,4,0,4,0,3,1,4,0
d0c1-bfe4-18f0,2379,4,-95.25,4,0,4,0,4,0,4,0
d0c1-bfe4-18f0,2380,4,-94.5,4,0,4,0,4,0,4,0
d0c1-bfe4-18f0,2381,4,-94.75,3,1,3,1,3,1,3,1
d0c1-bfe4-18f0,2382,4,-94.75,3,1,3,1,3,1,3,1
d0c1-bfe4-18f0,2383,4,-94.25,4,0,4,0,4,0,4,0
d0c1-bfe4-18f0,2384,4,-95.0,3,1,3,1,3,1,3,1
d0c1-bfe4-18f0,2385,4,-94.25,4,0,4,0,3,1,4,0
d0c1-bfe4-18f0,2386,4,-94.0,4,0,4,0,3,1,4,0
d0c1-bfe4-18f0,2387,4,-94.0,4,0,4,0,3,1,4,0
d0c1-bfe4-18f0,2388,4,-95.0,4,0,4,0,4,0,4,0
d0c1-bfe4-18f0,2389,4,-94.75,4,0,4,0,4,0,4,0
d0c1-bfe4-18f0,2390,4,-94.5,3,1,3,1,3,1,3,1
d0c1-bfe4-18f0,2391,4,-94.5,4,0,4,0,4,0,4,0
d0c1-bfe4-18f0,2392,4,-94.75,4,0,4,0,4,0,4,0
d0c1-bfe4-18f0,2393,4,-94.25,4,0,4,0,3,1,4,0
d0c1-bfe4-18f0,2394,4,-94.5,4,0,4,0,4,0,4,0
d0c1-bfe4-18f0,2395,4,-94.0,3,1,3,1,3,1,3,1
d0c1-bfe4-18f0,2396,4,-95.25,2,2,2,2,3,1,2,2
d0c1-bfe4-18f0,2397,4,-95.25,3,1,3,1,3,1,3,1
d0c1-bfe4-18f0,2398,4,-95.0,4,0,4,0,4,0,4,0
d0c1-bfe4-18f0,2399,4,-94.25,4,0,4,0,3,1,4,0
d0c1-bfe4-18f0,2400,4,-95.0,3,1,3,1,3,1,3,1
d0c1-bfe4-18f0,2401,4,-95.25,3,1,3,1,3,1,3,1
d0c1-bfe4-18f0,2402,4,-94.75,3,1,3,1,3,1,3,1
d0c1-bfe4-18f0,2403,4,-94.0,3,1,3,1,3,1,3,1
d0c1-bfe4-18f0,2404,4,-95.0,3,1,3,1,3,1,3,1
d0c1-bfe4-18f0,2405,4,-94.5,2,2,2,2,2,2,2,2
d0c1-bfe4-18f0,2406,4,-94.25,4,0,5,1,4,0,4,0
d0c1-bfe4-18f0,2407,4,-94.25,3,1,3,1,3,1,3,1
d0c1-bfe4-18f0,2408,4,-95.25,3,1,3,1,3,1,3,1
d0c1-bfe4-18f0,2409,4,-94.5,2,2,2,2,2,2,2,2
d0c1-bfe4-18f0,2410,4,-94.75,3,1,3,1,3,1,3,1
d0c1-bfe4-18f0,2411,4,-94.0,3,1,3,1,3,1,3,1
d0c1-bfe4-18f0,2412,4,-94.5,3,1,3,1,3,1,3,1
d0c1-bfe4-18f0,2413,4,-95.25,3,1,3,1,3,1,3,1
d0c1-bfe4-18f0,2414,4,-94.75,4,0,4,0,4,0,4,0
d0c1-bfe4-18f0,2415,4,-94.75,2,2,2,2,2,2,2,2
d0c1-bfe4-18f0,2416,4,-94.25,3,1,3,1,3,1,3,1
d0c1-bfe4-18f0,2417,4,-95.0,3,1,3,1,3,1,3,1
d0c1-bfe4-18f0,2418,4,-94.75,2,2,2,2,2,2,2,2
d0c1-bfe4-18f0,2419,4,-94.0,4,0,4,0,3,1,4,0
d0c1-bfe4-18f0,2420,4,-95.5,4,0,4,0,4,0,4,0
d0c1-bfe4-18f0,2421,4,-95.25,3,1,3,1,3,1,3,1
d0c1-bfe4-18f0,2422,4,-95.25,3,1,3,1,3,1,3,1
d0c1-bfe4-18f0,2423,4,-93.5,3,1,3,1,3,1,3,1
d0c1-bfe4-18f0,2424,4,-94.5,3,1,3,1,3,1,3,1
d0c1-bfe4-18f0,2425,4,-94.0,4,0,4,0,3,1,4,0
d0c1-bfe4-18f0,2426,4,-95.0,4,0,4,0,4,0,4,0
d0c1-bfe4-18f0,2427,4,-94.5,4,0,4,0,4,0,4,0
d0c1-bfe4-18f0,2428,4,-95.0,4,0,4,0,4,0,4,0
d0c1-bfe4-18f0,2429,4,-95.0,3,1,3,1,3,1,3,1
d0c1-bfe4-18f0,2430,4,-95.0,3,1,3,1,3,1,3,1
d0c1-bfe4-18f0,2431,4,-94.75,4,0,4,0,4,0,4,0
d0c1-bfe4-18f0,2432,4,-94.25,4,0,4,0,3,1,4,0
d0c1-bfe4-18f0,2433,4,-94.5,4,0,4,0,4,0,4,0
d0c1-bfe4-18f0,2434,4,-94.75,4,0,4,0,4,0,4,0
d0c1-bfe4-18f0,2435,4,-94.75,4,0,4,0,4,0,4,0
d0c1-bfe4-18f0,2436,4,-94.0,4,0,4,0,3,1,4,0
d0c1-bfe4-18f0,2437,4,-94.75,3,1,3,1,3,1,3,1
d0c1-bfe4-18f0,2438,4,-94.75,3,1,3,1,3,1,3,1
d0c1-bfe4-18f0,2439,4,-93.5,3,1,3,1,3,1,3,1
d0c1-bfe4-18f0,2440,4,-93.5,3,1,3,1,3,1,3,1
d0c1-bfe4-18f0,2441,4,-95.0,4,0,4,0,4,0,4,0
d0c1-bfe4-18f0,2442,4,-95.5,4,0,4,0,4,0,4,0
d0c1-bfe4-18f0,2443,4,-94.25,4,0,4,0,3,1,4,0
d0c1-bfe4-18f0,2444,4,-95.0,4,0,4,0,4,0,4,0
d0c1-bfe4-18f0,2445,4,-94.75,4,0,4,0,4,0,4,0
d0c1-bfe4-18f0,2446,4,-94.75,4,0,4,0,4,0,4,0
d0c1-bfe4-18f0,2447,4,-95.0,3,1,3,1,3,1,3,1
d0c1-bfe4-18f0,2448,2,-95.0,3,1,3,1,3,1,3,1
d0c1-bfe4-18f0,2449,2,-94.25,3,1,3,1,3,1,3,1
d0c1-bfe4-18f0,2450,2,-95.25,3,1,3,1,3,1,3,1
d0c1-bfe4-18f0,2451,2,-94.5,3,1,3,1,3,1,3,1
d0c1-bfe4-18f0,2452,2,-95.25,4,2,4,2,4,2,4,2
d0c1-bfe4-18f0,2453,2,-95.25,4,2,4,2,4,2,4,2
d0c1-bfe4-18f0,2454,2,-94.75,4,2,4,2,4,2,4,2
d0c1-bfe4-18f0,2455,2,-95.0,4,2,4,2,4,2,4,2
d0c1-bfe4-18f0,2456,2,-94.5,4,2,4,2,4,2,4,2
d0c1-bfe4-18f0,2457,2,-95.0,4,2,4,2,4,2,4,2
d0c1-bfe4-18f0,2458,2,-94.25,4,2,4,2,4,2,4,2
d0c1-bfe4-18f0,2459,2,-95.0,4,2,4,2,4,2,4,2
d0c1-bfe4-18f0,2460,2,-94.5,3,1,3,1,3,1,3,1
d0c1-bfe4-18f0,2461,2,-93.75,3,1,3,1,3,1,3,1
d0c1-bfe4-18f0,2462,2,-94.25,3,1,3,1,3,1,3,1
d0c1-bfe4-18f0,2463,2,-94.75,3,1,3,1,3,1,3,1
d0c1-bfe4-18f0,2464,2,-94.0,3,1,3,1,3,1,3,1
d0c1-bfe4-18f0,2465,2,-94.75,4,2,4,2,4,2,4,2
d0c1-bfe4-18f0,2466,2,-94.25,3,1,3,1,3,1,3,1
d0c1-bfe4-18f0,2467,2,-93.75,3,1,3,1,3,1,3,1
d0c1-bfe4-18f0,2468,2,-94.25,3,1,3,1,3,1,3,1
d0c1-bfe4-18f0,2469,2,-94.75,3,1,3,1,3,1,3,1
d0c1-bfe4-18f0,2470,2,-94.25,3,1,3,1,3,1,3,1
d0c1-bfe4-18f0,2471,2,-93.75,3,1,3,1,3,1,3,1
d0c1-bfe4-18f0,2472,2,-94.0,3,1,3,1,3,1,3,1
d0c1-bfe4-18f0,2473,2,-94.5,3,1,3,1,3,1,3,1
d0c1-bfe4-18f0,2474,2,-94.75,3,1,3,1,3,1,3,1
d0c1-bfe4-18f0,2475,2,-94.75,4,2,4,2,4,2,4,2
d0c1-bfe4-18f0,2476,2,-95.0,4,2,4,2,4,2,4,2
d0c1-bfe4-18f0,2477,2,-94.0,3,1,3,1,3,1,3,1
d0c1-bfe4-18f0,2478,2,-94.25,3,1,3,1,3,1,3,1
d0c1-bfe4-18f0,2479,2,-93.75,3,1,3,1,3,1,3,1
d0c1-bfe4-18f0,2480,2,-94.0,3,1,3,1,3,1,3,1
d0c1-bfe4-18f0,2481,2,-95.0,3,1,3,1,3,1,3,1
d0c1-bfe4-18f0,2482,2,-94.5,4,2,4,2,4,2,4,2
d0c1-bfe4-18f0,2483,2,-94.25,3,1,3,1,3,1,3,1
d0c1-bfe4-18f0,2484,2,-94.25,3,1,3,1,3,1,3,1
d0c1-bfe4-18f0,2485,2,-94.25,3,1,3,1,3,1,3,1
d0c1-bfe4-18f0,2486,2,-94.0,3,1,3,1,3,1,3,1
d0c1-bfe4-18f0,2487,2,-94.75,5,3,5,3,5,3,5,3
d0c1-bfe4-18f0,2488,2,-94.25,5,3,5,3,4,2,5,3
d0c1-bfe4-18f0,2489,2,-94.75,3,1,3,1,3,1,3,1
d0c1-bfe4-18f0,2490,3,-95.0,3,0,3,0,3,0,3,0
d0c1-bfe4-18f0,2491,3,-95.25,4,1,4,1,4,1,4,1
d0c1-bfe4-18f0,2492,3,-94.75,4,1,4,1,4,1,4,1
d0c1-bfe4-18f0,2493,3,-95.25,4,1,4,1,4,1,4,1
d0c1-bfe4-18f0,2494,2,-95.0,4,2,4,2,4,2,4,2
d0c1-bfe4-18f0,2495,3,-95.25,4,1,4,1,4,1,4,1
d0c1-bfe4-18f0,2496,3,-94.75,4,1,4,1,4,1,4,1
d0c1-bfe4-18f0,2497,3,-95.25,3,0,3,0,3,0,3,0
d0c1-bfe4-18f0,2498,3,-95.0,4,1,4,1,4,1,4,1
d0c1-bfe4-18f0,2499,3,-95.0,4,1,4,1,4,1,4,1
d0c1-bfe4-18f0,2500,3,-94.5,4,1,4,1,4,1,4,1
d0c1-bfe4-18f0,2501,4,-94.5,4,0,4,0,4,0,4,0
d0c1-bfe4-18f0,2502,4,-95.0,4,0,4,0,4,0,4,0
d0c1-bfe4-18f0,2503,4,-94.75,4,0,4,0,4,0,4,0
d0c1-bfe4-18f0,2504,3,-95.0,3,0,3,0,3,0,3,0
d0c1-bfe4-18f0,2505,3,-95.0,3,0,3,0,3,0,3,0
d0c1-bfe4-18f0,2506,3,-95.0,4,1,4,1,4,1,4,1
d0c1-bfe4-18f0,2507,3,-94.5,4,1,4,1,4,1,4,1
d0c1-bfe4-18f0,2508,3,-95.0,4,1,4,1,4,1,4,1
d0c1-bfe4-18f0,2509,3,-94.5,4,1,4,1,4,1,4,1
d0c1-bfe4-18f0,2510,3,-94.75,4,1,4,1,4,1,4,1
d0c1-bfe4-18f0,2511,3,-94.75,4,1,4,1,4,1,4,1
d0c1-bfe4-18f0,2512,3,-94.75,3,0,2,1,3,0,3,0
d0c1-bfe4-18f0,2513,3,-95.5,3,0,3,0,3,0,3,0
d0c1-bfe4-18f0,2514,3,-95.25,3,0,3,0,3,0,3,0
d0c1-bfe4-18f0,2515,3,-95.0,3,0,3,0,3,0,3,0
d0c1-bfe4-18f0,2516,3,-94.75,3,0,3,0,3,0,3,0
d0c1-bfe4-18f0,2517,3,-95.25,4,1,4,1,4,1,4,1
d0c1-bfe4-18f0,2518,3,-94.75,3,0,3,0,3,0,3,0
d0c1-bfe4-18f0,2519,3,-94.5,3,0,3,0,3,0,3,0
d0c1-bfe4-18f0,2520,3,-94.75,4,1,4,1,4,1,4,1
d0c1-bfe4-18f0,2521,3,-94.5,4,1,4,1,4,1,4,1
d0c1-bfe4-18f0,2522,3,-94.75,3,0,3,0,3,0,3,0
d0c1-bfe4-18f0,2523,4,-94.25,4,0,4,0,4,0,4,0
d0c1-bfe4-18f0,2524,3,-94.0,3,0,3,0,3,0,3,0
d0c1-bfe4-18f0,2525,3,-94.75,3,0,3,0,3,0,3,0
d0c1-bfe4-18f0,2526,3,-95.0,3,0,3,0,3,0,3,0
d0c1-bfe4-18f0,2527,3,-95.25,4,1,4,1,4,1,4,1
d0c1-bfe4-18f0,2528,3,-95.25,4,1,4,1,4,1,4,1
d0c1-bfe4-18f0,2529,3,-95.25,3,0,3,0,3,0,3,0
d0c1-bfe4-18f0,2530,3,-94.75,3,0,3,0,3,0,3,0
d0c1-bfe4-18f0,2531,3,-95.0,4,1,4,1,4,1,4,1
d0c1-bfe4-18f0,2532,3,-95.0,3,0,3,0,3,0,3,0
d0c1-bfe4-18f0,2533,3,-94.75,3,0,3,0,3,0,3,0
d0c1-bfe4-18f0,2534,3,-95.0,4,1,4,1,4,1,4,1
d0c1-bfe4-18f0,2535,3,-95.0,4,1,4,1,4,1,4,1
d0c1-bfe4-18f0,2536,3,-93.5,4,1,4,1,3,0,4,1
d0c1-bfe4-18f0,2537,3,-95.0,3,0,3,0,3,0,3,0
d0c1-bfe4-18f0,2538,3,-95.0,4,1,4,1,4,1,4,1
d0c1-bfe4-18f0,2539,3,-95.5,4,1,4,1,4,1,4,1
d0c1-bfe4-18f0,2540,3,-95.0,4,1,4,1,4,1,4,1
d0c1-bfe4-18f0,2541,3,-95.25,4,1,5,2,5,2,4,1
d0c1-bfe4-18f0,2542,3,-95.0,4,1,4,1,4,1,4,1
d0c1-bfe4-18f0,2543,3,-94.75,4,1,4,1,4,1,4,1
d0c1-bfe4-18f0,2544,3,-94.75,4,1,4,1,4,1,4,1
d0c1-bfe4-18f0,2545,3,-94.75,4,1,4,1,4,1,4,1
d0c1-bfe4-18f0,2546,3,-94.75,4,1,4,1,4,1,4,1
d0c1-bfe4-18f0,2547,3,-94.75,4,1,4,1,4,1,4,1
d0c1-bfe4-18f0,2548,3,-94.5,4,1,4,1,4,1,4,1
d0c1-bfe4-18f0,2549,3,-95.75,4,1,4,1,4,1,4,1
d0c1-bfe4-18f0,2550,3,-94.75,4,1,4,1,4,1,4,1
d0c1-bfe4-18f0,2551,3,-95.0,4,1,4,1,4,1,4,1
d0c1-bfe4-18f0,2552,3,-95.0,4,1,4,1,4,1,4,1
d0c1-bfe4-18f0,2553,3,-94.5,4,1,4,1,4,1,4,1
d0c1-bfe4-18f0,2554,3,-95.0,4,1,4,1,4,1,4,1
d0c1-bfe4-18f0,2555,3,-94.75,4,1,4,1,4,1,4,1
d0c1-bfe4-18f0,2556,3,-94.75,4,1,4,1,4,1,4,1
d0c1-bfe4-18f0,2557,3,-94.75,3,0,3,0,3,0,3,0
d0c1-bfe4-18f0,2558,3,-94.75,4,1,4,1,4,1,4,1
d0c1-bfe4-18f0,2559,3,-95.0,4,1,4,1,4,1,4,1
d0c1-bfe4-18f0,2560,3,-95.0,4,1,4,1,4,1,4,1
d0c1-bfe4-18f0,2561,3,-94.0,4,1,4,1,4,1,4,1
d0c1-bfe4-18f0,2562,3,-95.25,4,1,4,1,4,1,4,1
d0c1-bfe4-18f0,2563,3,-94.75,4,1,4,1,4,1,4,1
d0c1-bfe4-18f0,2564,3,-94.5,4,1,4,1,4,1,4,1
d0c1-bfe4-18f0,2565,3,-94.75,4,1,4,1,4,1,4,1
d0c1-bfe4-18f0,2566,3,-94.75,4,1,4,1,4,1,4,1
d0c1-bfe4-18f0,2567,3,-95.0,4,1,4,1,4,1,4,1
d0c1-bfe4-18f0,2568,3,-95.0,4,1,4,1,4,1,4,1
d0c1-bfe4-18f0,2569,3,-95.25,4,1,4,1,4,1,4,1
d0c1-bfe4-18f0,2570,3,-94.75,4,1,4,1,4,1,4,1
d0c1-bfe4-18f0,2571,3,-94.75,4,1,4,1,4,1,4,1
d0c1-bfe4-18f0,2572,3,-95.25,4,1,4,1,4,1,4,1
d0c1-bfe4-18f0,2573,3,-94.5,4,1,4,1,4,1,4,1
d0c1-bfe4-18f0,2574,3,-95.0,4,1,4,1,4,1,4,1
d0c1-bfe4-18f0,2575,3,-95.25,4,1,4,1,4,1,4,1
d0c1-bfe4-18f0,2576,3,-95.0,4,1,4,1,4,1,4,1
d0c1-bfe4-18f0,2577,3,-94.0,4,1,4,1,4,1,4,1
d0c1-bfe4-18f0,2578,3,-95.0,4,1,4,1,4,1,4,1
d0c1-bfe4-18f0,2579,3,-95.0,4,1,4,1,4,1,4,1
d0c1-bfe4-18f0,2580,3,-95.0,4,1,4,1,4,1,4,1
d0c1-bfe4-18f0,2581,3,-95.25,4,1,4,1,4,1,4,1
d0c1-bfe4-18f0,2582,3,-94.75,4,1,4,1,4,1,4,1
d0c1-bfe4-18f0,2583,3,-94.5,4,1,4,1,4,1,4,1
d0c1-bfe4-18f0,2584,3,-95.0,4,1,4,1,4,1,4,1
d0c1-bfe4-18f0,2585,3,-95.25,4,1,5,2,4,1,4,1
d0c1-bfe4-18f0,2586,3,-95.25,4,1,4,1,4,1,4,1
d0c1-bfe4-18f0,2587,3,-95.0,4,1,4,1,4,1,4,1
d0c1-bfe4-18f0,2588,3,-95.0,4,1,4,1,4,1,4,1
d0c1-bfe4-18f0,2589,3,-95.0,4,1,4,1,4,1,4,1
d0c1-bfe4-18f0,2590,3,-95.0,4,1,4,1,4,1,4,1
d0c1-bfe4-18f0,2591,3,-94.75,5,2,5,2,5,2,5,2
d0c1-bfe4-18f0,2592,3,-95.5,4,1,4,1,4,1,4,1
d0c1-bfe4-18f0,2593,3,-95.0,4,1,4,1,4,1,4,1
d0c1-bfe4-18f0,2594,3,-94.75,4,1,4,1,4,1,4,1
d0c1-bfe4-18f0,2595,3,-95.0,4,1,4,1,4,1,4,1
d0c1-bfe4-18f0,2596,3,-95.5,4,1,4,1,4,1,4,1
d0c1-bfe4-18f0,2597,3,-94.5,4,1,4,1,4,1,4,1
d0c1-bfe4-18f0,2598,3,-95.25,4,1,4,1,5,2,4,1
d0c1-bfe4-18f0,2599,2,-95.25,4,2,4,2,4,2,4,2
d0c1-bfe4-18f0,2600,2,-95.0,4,2,4,2,4,2,4,2
d0c1-bfe4-18f0,2601,2,-94.5,4,2,4,2,4,2,4,2
d0c1-bfe4-18f0,2602,2,-95.25,4,2,4,2,4,2,4,2
d0c1-bfe4-18f0,2603,2,-94.75,4,2,4,2,4,2,4,2
d0c1-bfe4-18f0,2604,2,-95.0,4,2,4,2,4,2,4,2
d0c1-bfe4-18f0,2605,2,-95.25,4,2,4,2,4,2,4,2
d0c1-bfe4-18f0,2606,2,-95.25,4,2,4,2,4,2,4,2
d0c1-bfe4-18f0,2607,2,-95.25,5,3,5,3,5,3,5,3
d0c1-bfe4-18f0,2608,2,-94.5,4,2,4,2,4,2,4,2
d0c1-bfe4-18f0,2609,2,-94.75,4,2,4,2,4,2,4,2
d0c1-bfe4-18f0,2610,2,-95.5,4,2,5,3,5,3,4,2
d0c1-bfe4-18f0,2611,2,-95.25,4,2,4,2,4,2,4,2
d0c1-bfe4-18f0,2612,2,-94.75,4,2,4,2,4,2,4,2
d0c1-bfe4-18f0,2613,2,-95.5,4,2,5,3,4,2,4,2
d0c1-bfe4-18f0,2614,2,-95.25,4,2,4,2,4,2,4,2
d0c1-bfe4-18f0,2615,2,-94.75,4,2,4,2,4,2,4,2
d0c1-bfe4-18f0,2616,2,-94.25,4,2,4,2,4,2,4,2
d0c1-bfe4-18f0,2617,2,-95.0,4,2,4,2,4,2,4,2
d0c1-bfe4-18f0,2618,2,-95.25,4,2,4,2,4,2,4,2
d0c1-bfe4-18f0,2619,2,-95.0,4,2,4,2,4,2,4,2
d0c1-bfe4-18f0,2620,2,-94.75,4,2,4,2,4,2,4,2
d0c1-bfe4-18f0,2621,2,-95.25,4,2,4,2,4,2,4,2
d0c1-bfe4-18f0,2622,2,-95.25,4,2,4,2,4,2,4,2
d0c1-bfe4-18f0,2623,2,-95.25,4,2,4,2,4,2,4,2
d0c1-bfe4-18f0,2624,2,-95.0,4,2,4,2,4,2,4,2
d0c1-bfe4-18f0,2625,2,-94.75,4,2,4,2,4,2,4,2
d0c1-bfe4-18f0,2626,2,-95.0,4,2,4,2,4,2,4,2
d0c1-bfe4-18f0,2627,2,-94.75,4,2,4,2,4,2,4,2
d0c1-bfe4-18f0,2628,2,-94.5,4,2,4,2,4,2,4,2
d0c1-bfe4-18f0,2629,2,-95.25,5,3,5,3,5,3,5,3
d0c1-bfe4-18f0,2630,2,-95.25,4,2,4,2,4,2,4,2
d0c1-bfe4-18f0,2631,2,-95.5,5,3,5,3,6,4,5,3
d0c1-bfe4-18f0,2632,2,-95.5,4,2,5,3,5,3,4,2
d0c1-bfe4-18f0,2633,2,-94.75,4,2,4,2,4,2,4,2
d0c1-bfe4-18f0,2634,2,-94.75,4,2,4,2,4,2,4,2
d0c1-bfe4-18f0,2635,2,-94.75,4,2,4,2,4,2,4,2
d0c1-bfe4-18f0,2636,2,-94.75,4,2,4,2,4,2,4,2
d0c1-bfe4-18f0,2637,2,-95.75,4,2,5,3,5,3,4,2
d0c1-bfe4-18f0,2638,2,-95.0,4,2,4,2,4,2,4,2
d0c1-bfe4-18f0,2639,2,-94.75,4,2,4,2,4,2,4,2
d0c1-bfe4-18f0,2640,2,-95.0,5,3,5,3,5,3,5,3
d0c1-bfe4-18f0,2641,2,-95.25,4,2,4,2,4,2,4,2
d0c1-bfe4-18f0,2642,2,-95.5,4,2,4,2,5,3,4,2
d0c1-bfe4-18f0,2643,2,-95.25,4,2,4,2,4,2,4,2
d0c1-bfe4-18f0,2644,2,-95.25,4,2,4,2,4,2,4,2
d0c1-bfe4-18f0,2645,2,-95.0,4,2,4,2,4,2,4,2
d0c1-bfe4-18f0,2646,2,-95.0,5,3,5,3,5,3,5,3
d0c1-bfe4-18f0,2647,2,-95.25,4,2,4,2,4,2,4,2
d0c1-bfe4-18f0,2648,2,-95.25,4,2,4,2,4,2,4,2
d0c1-bfe4-18f0,2649,2,-94.75,4,2,4,2,4,2,4,2
d0c1-bfe4-18f0,2650,2,-94.5,4,2,4,2,4,2,4,2
d0c1-bfe4-18f0,2651,2,-95.25,4,2,4,2,4,2,4,2
d0c1-bfe4-18f0,2652,2,-95.25,4,2,4,2,4,2,4,2
d0c1-bfe4-18f0,2653,2,-95.5,4,2,4,2,5,3,4,2
d0c1-bfe4-18f0,2654,6,-95.0,2,4,2,4,1,5,2,4
d0c1-bfe4-18f0,2655,6,-90.5,6,0,5,1,5,1,6,0
d0c1-bfe4-18f0,2656,6,-87.0,6,0,5,1,4,2,6,0
d0c1-bfe4-18f0,2657,6,-89.25,7,1,6,0,5,1,7,1
d0c1-bfe4-18f0,2658,6,-87.25,7,1,5,1,4,2,7,1
d0c1-bfe4-18f0,2659,6,-86.5,7,1,5,1,4,2,7,1
d0c1-bfe4-18f0,2660,6,-88.25,5,1,5,1,4,2,5,1
d0c1-bfe4-18f0,2661,6,-87.5,7,1,5,1,4,2,7,1
d0c1-bfe4-18f0,2662,6,-88.0,5,1,5,1,4,2,5,1
d0c1-bfe4-18f0,2663,6,-87.5,7,1,6,0,4,2,7,1
d0c1-bfe4-18f0,2664,6,-87.25,7,1,6,0,5,1,7,1
d0c1-bfe4-18f0,2665,6,-87.5,7,1,5,1,4,2,7,1
d0c1-bfe4-18f0,2666,6,-86.5,7,1,5,1,4,2,7,1
d0c1-bfe4-18f0,2667,6,-88.5,7,1,6,0,4,2,7,1
d0c1-bfe4-18f0,2668,6,-88.0,7,1,6,0,5,1,7,1
d0c1-bfe4-18f0,2669,6,-87.5,7,1,6,0,4,2,7,1
d0c1-bfe4-18f0,2670,6,-89.25,7,1,6,0,5,1,7,1
d0c1-bfe4-18f0,2671,6,-87.5,7,1,5,1,5,1,7,1
d0c1-bfe4-18f0,2672,6,-87.25,7,1,5,1,4,2,7,1
d0c1-bfe4-18f0,2673,6,-89.75,6,0,5,1,5,1,6,0
d0c1-bfe4-18f0,2674,6,-87.5,6,0,5,1,4,2,6,0
d0c1-bfe4-18f0,2675,6,-89.25,5,1,5,1,4,2,5,1
d0c1-bfe4-18f0,2676,6,-87.5,7,1,6,0,5,1,7,1
d0c1-bfe4-18f0,2677,6,-87.75,7,1,6,0,5,1,7,1
d0c1-bfe4-18f0,2678,6,-88.0,7,1,6,0,5,1,7,1
d0c1-bfe4-18f0,2679,6,-87.5,7,1,6,0,4,2,7,1
d0c1-bfe4-18f0,2680,6,-90.75,5,1,5,1,4,2,5,1
d0c1-bfe4-18f0,2681,6,-87.5,7,1,6,0,4,2,7,1
d0c1-bfe4-18f0,2682,6,-87.75,7,1,6,0,5,1,7,1
d0c1-bfe4-18f0,2683,6,-87.25,7,1,5,1,4,2,7,1
d0c1-bfe4-18f0,2684,6,-88.0,7,1,6,0,5,1,7,1
d0c1-bfe4-18f0,2685,6,-91.0,6,0,5,1,5,1,6,0
d0c1-bfe4-18f0,2686,6,-92.25,5,1,5,1,5,1,5,1
d0c1-bfe4-18f0,2687,6,-90.5,6,0,5,1,5,1,6,0
d0c1-bfe4-18f0,2688,6,-90.75,6,0,5,1,5,1,6,0
d0c1-bfe4-18f0,2689,6,-91.5,5,1,5,1,4,2,5,1
d0c1-bfe4-18f0,2690,6,-89.75,6,0,5,1,4,2,6,0
d0c1-bfe4-18f0,2691,6,-89.0,6,0,5,1,4,2,6,0
d0c1-bfe4-18f0,2692,6,-88.25,6,0,5,1,4,2,6,0
d0c1-bfe4-18f0,2693,6,-88.0,6,0,5,1,4,2,6,0
d0c1-bfe4-18f0,2694,6,-88.0,6,0,5,1,4,2,6,0
d0c1-bfe4-18f0,2695,6,-87.25,6,0,5,1,4,2,6,0
d0c1-bfe4-18f0,2696,6,-90.25,6,0,5,1,5,1,6,0
d0c1-bfe4-18f0,2697,6,-90.25,6,0,5,1,5,1,6,0
d0c1-bfe4-18f0,2698,6,-88.0,6,0,5,1,4,2,6,0
d0c1-bfe4-18f0,2699,6,-87.25,7,1,5,1,4,2,7,1
d0c1-bfe4-18f0,2700,6,-86.75,7,1,5,1,4,2,7,1
d0c1-bfe4-18f0,2701,6,-88.25,6,0,5,1,4,2,6,0
d0c1-bfe4-18f0,2702,6,-87.75,7,1,6,0,4,2,7,1
d0c1-bfe4-18f0,2703,6,-90.0,7,1,7,1,6,0,7,1
d0c1-bfe4-18f0,2704,6,-91.5,5,1,5,1,4,2,5,1
d0c1-bfe4-18f0,2705,6,-90.5,5,1,5,1,4,2,5,1
d0c1-bfe4-18f0,2706,6,-89.75,5,1,5,1,4,2,5,1
d0c1-bfe4-18f0,2707,6,-88.5,6,0,5,1,4,2,6,0
d0c1-bfe4-18f0,2708,6,-88.0,6,0,5,1,4,2,6,0
d0c1-bfe4-18f0,2709,6,-86.75,5,1,4,2,3,3,5,1
d0c1-bfe4-18f0,2710,6,-90.75,6,0,5,1,5,1,6,0
d0c1-bfe4-18f0,2711,6,-90.0,6,0,5,1,5,1,6,0
d0c1-bfe4-18f0,2712,6,-88.0,6,0,5,1,4,2,6,0
d0c1-bfe4-18f0,2713,6,-89.5,6,0,5,1,4,2,6,0
d0c1-bfe4-18f0,2714,6,-89.5,6,0,5,1,5,1,6,0
d0c1-bfe4-18f0,2715,6,-90.0,6,0,5,1,5,1,6,0
d0c1-bfe4-18f0,2716,6,-90.5,6,0,5,1,4,2,6,0
d0c1-bfe4-18f0,2717,6,-90.75,6,0,5,1,5,1,6,0
d0c1-bfe4-18f0,2718,6,-91.0,6,0,5,1,5,1,6,0
d0c1-bfe4-18f0,2719,6,-90.5,5,1,5,1,4,2,5,1
d0c1-bfe4-18f0,2720,6,-85.0,7,1,6,0,4,2,7,1
d0c1-bfe4-18f0,2721,6,-87.5,6,0,5,1,4,2,6,0
d0c1-bfe4-18f0,2722,6,-89.75,6,0,5,1,5,1,6,0
d0c1-bfe4-18f0,2723,6,-87.75,6,0,5,1,4,2,6,0
d0c1-bfe4-18f0,2724,6,-90.5,6,0,5,1,5,1,6,0
d0c1-bfe4-18f0,2725,6,-89.0,6,0,5,1,4,2,6,0
d0c1-bfe4-18f0,2726,6,-89.0,6,0,5,1,4,2,6,0
d0c1-bfe4-18f0,2727,6,-87.75,6,0,5,1,4,2,6,0
d0c1-bfe4-18f0,2728,6,-90.25,6,0,5,1,5,1,6,0
d0c1-bfe4-18f0,2729,6,-90.75,6,0,5,1,5,1,6,0
d0c1-bfe4-18f0,2730,6,-91.0,6,0,5,1,5,1,6,0
d0c1-bfe4-18f0,2731,6,-89.5,6,0,5,1,5,1,6,0
d0c1-bfe4-18f0,2732,6,-89.25,6,0,5,1,4,2,6,0
d0c1-bfe4-18f0,2733,6,-90.75,6,0,5,1,5,1,6,0
d0c1-bfe4-18f0,2734,6,-92.0,6,0,6,0,6,0,6,0
d0c1-bfe4-18f0,2735,6,-89.75,7,1,7,1,7,1,7,1
d0c1-bfe4-18f0,2736,6,-88.0,6,0,5,1,4,2,6,0
d0c1-bfe4-18f0,2737,6,-90.25,6,0,5,1,4,2,6,0
d0c1-bfe4-18f0,2738,6,-90.75,6,0,5,1,5,1,6,0
d0c1-bfe4-18f0,2739,6,-90.25,6,0,5,1,5,1,6,0
d0c1-bfe4-18f0,2740,6,-90.25,7,1,7,1,6,0,7,1
d0c1-bfe4-18f0,2741,6,-90.0,7,1,7,1,6,0,7,1
d0c1-bfe4-18f0,2742,8,-94.0,7,1,7,1,7,1,7,1
d0c1-bfe4-18f0,2743,8,-93.75,7,1,7,1,7,1,7,1
d0c1-bfe4-18f0,2744,8,-93.5,7,1,7,1,7,1,7,1
d0c1-bfe4-18f0,2745,8,-93.75,7,1,7,1,7,1,7,1
d0c1-bfe4-18f0,2746,8,-93.75,7,1,7,1,7,1,7,1
d0c1-bfe4-18f0,2747,8,-94.0,7,1,7,1,7,1,7,1
d0c1-bfe4-18f0,2748,8,-93.75,7,1,7,1,7,1,7,1
d0c1-bfe4-18f0,2749,8,-93.75,7,1,7,1,7,1,7,1
d0c1-bfe4-18f0,2750,8,-94.25,7,1,7,1,7,1,7,1
d0c1-bfe4-18f0,2751,8,-94.25,7,1,7,1,7,1,7,1
d0c1-bfe4-18f0,2752,8,-94.25,7,1,7,1,7,1,7,1
d0c1-bfe4-18f0,2753,8,-93.75,7,1,7,1,7,1,7,1
d0c1-bfe4-18f0,2754,8,-94.25,7,1,7,1,7,1,7,1
d0c1-bfe4-18f0,2755,8,-93.75,7,1,7,1,7,1,7,1
d0c1-bfe4-18f0,2756,8,-94.0,7,1,7,1,7,1,7,1
d0c1-bfe4-18f0,2757,8,-94.5,7,1,7,1,7,1,7,1
d0c1-bfe4-18f0,2758,8,-93.75,7,1,7,1,7,1,7,1
d0c1-bfe4-18f0,2759,8,-94.5,7,1,7,1,7,1,7,1
d0c1-bfe4-18f0,2760,8,-94.0,7,1,7,1,7,1,7,1
d0c1-bfe4-18f0,2761,8,-94.0,7,1,7,1,7,1,7,1
d0c1-bfe4-18f0,2762,8,-93.5,7,1,7,1,7,1,7,1
d0c1-bfe4-18f0,2763,8,-94.0,7,1,7,1,7,1,7,1
d0c1-bfe4-18f0,2764,8,-93.75,7,1,7,1,7,1,7,1
d0c1-bfe4-18f0,2765,8,-94.25,7,1,7,1,7,1,7,1
d0c1-bfe4-18f0,2766,8,-94.25,7,1,7,1,7,1,7,1
d0c1-bfe4-18f0,2767,8,-93.75,7,1,7,1,7,1,7,1
d0c1-bfe4-18f0,2768,8,-94.25,7,1,7,1,7,1,7,1
d0c1-bfe4-18f0,2769,8,-93.25,7,1,7,1,7,1,7,1
d0c1-bfe4-18f0,2770,8,-94.75,7,1,7,1,7,1,7,1
d0c1-bfe4-18f0,2771,8,-94.0,7,1,7,1,7,1,7,1
d0c1-bfe4-18f0,2772,8,-94.25,7,1,7,1,7,1,7,1
d0c1-bfe4-18f0,2773,8,-94.25,7,1,7,1,7,1,7,1
d0c1-bfe4-18f0,2774,8,-94.0,7,1,7,1,7,1,7,1
d0c1-bfe4-18f0,2775,8,-93.5,7,1,7,1,7,1,7,1
d0c1-bfe4-18f0,2776,8,-93.75,7,1,7,1,7,1,7,1
d0c1-bfe4-18f0,2777,8,-94.25,7,1,7,1,7,1,7,1
d0c1-bfe4-18f0,2778,8,-93.75,7,1,7,1,7,1,7,1
d0c1-bfe4-18f0,2779,8,-94.25,7,1,7,1,7,1,7,1
d0c1-bfe4-18f0,2780,8,-94.5,7,1,7,1,7,1,7,1
d0c1-bfe4-18f0,2781,8,-94.25,7,1,7,1,7,1,7,1
d0c1-bfe4-18f0,2782,8,-93.75,7,1,7,1,7,1,7,1
d0c1-bfe4-18f0,2783,8,-93.5,7,1,7,1,7,1,7,1
d0c1-bfe4-18f0,2784,8,-94.0,7,1,7,1,7,1,7,1
d0c1-bfe4-18f0,2785,8,-94.5,7,1,7,1,7,1,7,1
d0c1-bfe4-18f0,2786,8,-94.5,7,1,7,1,7,1,7,1
d0c1-bfe4-18f0,2787,8,-93.25,7,1,7,1,7,1,7,1
d0c1-bfe4-18f0,2788,8,-93.75,7,1,7,1,7,1,7,1
d0c1-bfe4-18f0,2789,8,-94.75,7,1,7,1,7,1,7,1
d0c1-bfe4-18f0,2790,8,-93.75,7,1,7,1,7,1,7,1
d0c1-bfe4-18f0,2791,8,-94.5,7,1,7,1,7,1,7,1
d0c1-bfe4-18f0,2792,8,-93.0,7,1,7,1,7,1,7,1
d0c1-bfe4-18f0,2793,8,-93.5,7,1,7,1,7,1,7,1
d0c1-bfe4-18f0,2794,8,-93.75,7,1,7,1,7,1,7,1
d0c1-bfe4-18f0,2795,8,-94.25,7,1,7,1,7,1,7,1
d0c1-bfe4-18f0,2796,8,-93.75,7,1,7,1,7,1,7,1
d0c1-bfe4-18f0,2797,8,-94.5,7,1,7,1,7,1,7,1
d0c1-bfe4-18f0,2798,8,-92.5,7,1,7,1,7,1,7,1
d0c1-bfe4-18f0,2799,8,-94.25,7,1,7,1,7,1,7,1
d0c1-bfe4-18f0,2800,8,-94.25,7,1,7,1,7,1,7,1
d0c1-bfe4-18f0,2801,8,-94.0,7,1,7,1,7,1,7,1
d0c1-bfe4-18f0,2802,8,-94.25,7,1,7,1,7,1,7,1
d0c1-bfe4-18f0,2803,8,-94.5,7,1,7,1,7,1,7,1
d0c1-bfe4-18f0,2804,8,-94.5,7,1,7,1,7,1,7,1
d0c1-bfe4-18f0,2805,8,-94.75,7,1,7,1,7,1,7,1
d0c1-bfe4-18f0,2806,8,-94.0,7,1,7,1,7,1,7,1
d0c1-bfe4-18f0,2807,8,-94.25,7,1,7,1,8,0,7,1
d0c1-bfe4-18f0,2808,8,-94.0,7,1,7,1,7,1,7,1
d0c1-bfe4-18f0,2809,8,-93.75,7,1,7,1,7,1,7,1
d0c1-bfe4-18f0,2810,8,-93.0,7,1,7,1,7,1,7,1
d0c1-bfe4-18f0,2811,8,-92.75,7,1,7,1,7,1,7,1
d0c1-bfe4-18f0,2812,8,-94.25,7,1,7,1,8,0,7,1
d0c1-bfe4-18f0,2813,8,-94.0,7,1,7,1,7,1,7,1
d0c1-bfe4-18f0,2814,8,-94.5,7,1,7,1,8,0,7,1
d0c1-bfe4-18f0,2815,8,-94.25,7,1,7,1,8,0,7,1
d0c1-bfe4-18f0,2816,8,-94.0,7,1,7,1,7,1,7,1
d0c1-bfe4-18f0,2817,8,-94.25,7,1,7,1,7,1,7,1
d0c1-bfe4-18f0,2818,8,-94.25,7,1,7,1,8,0,7,1
d0c1-bfe4-18f0,2819,8,-94.25,7,1,7,1,7,1,7,1
d0c1-bfe4-18f0,2820,8,-94.25,7,1,7,1,7,1,7,1
d0c1-bfe4-18f0,2821,8,-94.0,7,1,7,1,7,1,7,1
d0c1-bfe4-18f0,2822,8,-94.0,7,1,7,1,7,1,7,1
d0c1-bfe4-18f0,2823,8,-94.0,7,1,7,1,7,1,7,1
d0c1-bfe4-18f0,2824,8,-93.75,7,1,7,1,7,1,7,1
d0c1-bfe4-18f0,2825,8,-94.25,7,1,7,1,7,1,7,1
d0c1-bfe4-18f0,2826,8,-93.25,7,1,7,1,7,1,7,1
d0c1-bfe4-18f0,2827,8,-93.75,7,1,7,1,7,1,7,1
d0c1-bfe4-18f0,2828,8,-94.25,7,1,7,1,8,0,7,1
d0c1-bfe4-18f0,2829,8,-93.5,7,1,7,1,7,1,7,1
d0c1-bfe4-18f0,2830,8,-94.0,7,1,7,1,7,1,7,1
d0c1-bfe4-18f0,2831,8,-93.75,7,1,7,1,7,1,7,1
d0c1-bfe4-18f0,2832,8,-94.0,7,1,7,1,7,1,7,1
d0c1-bfe4-18f0,2833,8,-93.25,7,1,7,1,7,1,7,1
d0c1-bfe4-18f0,2834,8,-93.75,7,1,7,1,7,1,7,1
d0c1-bfe4-18f0,2835,8,-93.25,7,1,7,1,7,1,7,1
d0c1-bfe4-18f0,2836,8,-94.5,7,1,7,1,7,1,7,1
d0c1-bfe4-18f0,2837,6,-94.25,4,2,4,2,4,2,4,2
d0c1-bfe4-18f0,2838,6,-94.0,4,2,4,2,4,2,4,2
d0c1-bfe4-18f0,2839,6,-95.0,4,2,4,2,4,2,4,2
d0c1-bfe4-18f0,2840,6,-94.0,4,2,4,2,4,2,4,2
d0c1-bfe4-18f0,2841,6,-94.25,4,2,4,2,4,2,4,2
d0c1-bfe4-18f0,2842,6,-93.25,5,1,5,1,4,2,5,1
d0c1-bfe4-18f0,2843,6,-94.25,5,1,5,1,4,2,5,1
d0c1-bfe4-18f0,2844,6,-94.25,4,2,4,2,4,2,4,2
d0c1-bfe4-18f0,2845,6,-93.5,4,2,4,2,4,2,4,2
d0c1-bfe4-18f0,2846,6,-94.0,4,2,4,2,4,2,4,2
d0c1-bfe4-18f0,2847,6,-94.25,4,2,4,2,4,2,4,2
d0c1-bfe4-18f0,2848,6,-94.75,4,2,4,2,4,2,4,2
d0c1-bfe4-18f0,2849,6,-94.25,4,2,4,2,4,2,4,2
d0c1-bfe4-18f0,2850,6,-94.25,5,1,5,1,5,1,5,1
d0c1-bfe4-18f0,2851,6,-93.75,5,1,5,1,4,2,5,1
d0c1-bfe4-18f0,2852,6,-94.0,5,1,5,1,5,1,5,1
d0c1-bfe4-18f0,2853,6,-94.25,5,1,5,1,5,1,5,1
d0c1-bfe4-18f0,2854,6,-94.25,4,2,4,2,4,2,4,2
d0c1-bfe4-18f0,2855,6,-94.5,4,2,4,2,4,2,4,2
d0c1-bfe4-18f0,2856,6,-94.5,4,2,4,2,4,2,4,2
d0c1-bfe4-18f0,2857,6,-94.0,4,2,4,2,4,2,4,2
d0c1-bfe4-18f0,2858,6,-93.75,4,2,4,2,4,2,4,2
d0c1-bfe4-18f0,2859,6,-95.0,4,2,4,2,4,2,4,2
d0c1-bfe4-18f0,2860,6,-95.0,5,1,5,1,5,1,5,1
d0c1-bfe4-18f0,2861,6,-93.75,4,2,4,2,4,2,4,2
d0c1-bfe4-18f0,2862,6,-94.0,4,2,4,2,4,2,4,2
d0c1-bfe4-18f0,2863,6,-94.25,5,1,5,1,5,1,5,1
d0c1-bfe4-18f0,2864,6,-94.5,4,2,4,2,4,2,4,2
d0c1-bfe4-18f0,2865,6,-93.75,4,2,4,2,4,2,4,2
d0c1-bfe4-18f0,2866,6,-93.75,4,2,4,2,4,2,4,2
d0c1-bfe4-18f0,2867,6,-93.75,4,2,4,2,4,2,4,2
d0c1-bfe4-18f0,2868,6,-94.0,5,1,5,1,5,1,5,1
d0c1-bfe4-18f0,2869,6,-94.0,4,2,4,2,4,2,4,2
d0c1-bfe4-18f0,2870,6,-93.0,5,1,5,1,4,2,5,1
d0c1-bfe4-18f0,2871,6,-94.5,5,1,5,1,4,2,5,1
d0c1-bfe4-18f0,2872,6,-94.5,4,2,4,2,4,2,4,2
d0c1-bfe4-18f0,2873,6,-94.0,4,2,4,2,4,2,4,2
d0c1-bfe4-18f0,2874,6,-94.5,4,2,4,2,4,2,4,2
d0c1-bfe4-18f0,2875,6,-94.0,5,1,5,1,5,1,5,1
d0c1-bfe4-18f0,2876,6,-94.75,4,2,4,2,4,2,4,2
d0c1-bfe4-18f0,2877,6,-94.75,4,2,4,2,4,2,4,2
d0c1-bfe4-18f0,2878,6,-94.25,5,1,5,1,4,2,5,1
d0c1-bfe4-18f0,2879,6,-93.75,4,2,4,2,4,2,4,2
d0c1-bfe4-18f0,2880,6,-94.25,4,2,4,2,4,2,4,2
d0c1-bfe4-18f0,2881,6,-94.25,5,1,5,1,5,1,5,1
d0c1-bfe4-18f0,2882,6,-94.25,5,1,5,1,4,2,5,1
d0c1-bfe4-18f0,2883,6,-94.5,5,1,5,1,5,1,5,1
d0c1-bfe4-18f0,2884,6,-94.5,5,1,5,1,5,1,5,1
d0c1-bfe4-18f0,2885,6,-94.0,5,1,5,1,4,2,5,1
d0c1-bfe4-18f0,2886,6,-94.5,5,1,5,1,5,1,5,1
d0c1-bfe4-18f0,2887,6,-94.0,4,2,4,2,4,2,4,2
d0c1-bfe4-18f0,2888,6,-94.0,4,2,4,2,4,2,4,2
d0c1-bfe4-18f0,2889,6,-94.5,4,2,4,2,4,2,4,2
d0c1-bfe4-18f0,2890,6,-94.5,4,2,4,2,4,2,4,2
d0c1-bfe4-18f0,2891,6,-94.25,4,2,4,2,4,2,4,2
d0c1-bfe4-18f0,2892,6,-94.5,4,2,4,2,4,2,4,2
d0c1-bfe4-18f0,2893,6,-94.5,5,1,5,1,4,2,5,1
d0c1-bfe4-18f0,2894,6,-94.25,5,1,5,1,5,1,5,1
d0c1-bfe4-18f0,2895,6,-94.25,5,1,5,1,5,1,5,1
d0c1-bfe4-18f0,2896,6,-95.0,5,1,5,1,5,1,5,1
d0c1-bfe4-18f0,2897,6,-94.0,5,1,5,1,5,1,5,1
d0c1-bfe4-18f0,2898,6,-94.25,4,2,4,2,4,2,4,2
d0c1-bfe4-18f0,2899,6,-95.0,4,2,4,2,4,2,4,2
d0c1-bfe4-18f0,2900,6,-94.5,5,1,5,1,4,2,5,1
d0c1-bfe4-18f0,2901,6,-94.25,4,2,4,2,4,2,4,2
d0c1-bfe4-18f0,2902,6,-94.75,4,2,4,2,4,2,4,2
d0c1-bfe4-18f0,2903,6,-94.5,4,2,4,2,4,2,4,2
d0c1-bfe4-18f0,2904,6,-94.5,4,2,4,2,4,2,4,2
d0c1-bfe4-18f0,2905,6,-95.5,5,1,5,1,5,1,5,1
d0c1-bfe4-18f0,2906,6,-94.0,5,1,5,1,5,1,5,1
d0c1-bfe4-18f0,2907,6,-94.0,4,2,4,2,4,2,4,2
d0c1-bfe4-18f0,2908,6,-94.75,5,1,5,1,4,2,5,1
d0c1-bfe4-18f0,2909,6,-94.0,5,1,5,1,5,1,5,1
d0c1-bfe4-18f0,2910,6,-94.5,4,2,4,2,4,2,4,2
d0c1-bfe4-18f0,2911,6,-94.75,5,1,5,1,5,1,5,1
d0c1-bfe4-18f0,2912,6,-94.75,4,2,4,2,4,2,4,2
d0c1-bfe4-18f0,2913,6,-94.5,4,2,4,2,4,2,4,2
d0c1-bfe4-18f0,2914,6,-94.25,4,2,4,2,4,2,4,2
d0c1-bfe4-18f0,2915,6,-93.5,4,2,4,2,4,2,4,2
d0c1-bfe4-18f0,2916,6,-94.75,4,2,4,2,4,2,4,2
d0c1-bfe4-18f0,2917,6,-94.75,4,2,4,2,4,2,4,2
d0c1-bfe4-18f0,2918,6,-93.75,5,1,5,1,5,1,5,1
d0c1-bfe4-18f0,2919,6,-94.0,5,1,5,1,5,1,5,1
d0c1-bfe4-18f0,2920,6,-94.75,4,2,4,2,4,2,4,2
d0c1-bfe4-18f0,2921,6,-95.0,5,1,5,1,5,1,5,1
d0c1-bfe4-18f0,2922,6,-93.5,5,1,5,1,5,1,5,1
d0c1-bfe4-18f0,2923,6,-94.0,5,1,5,1,5,1,5,1
d0c1-bfe4-18f0,2924,6,-95.0,5,1,5,1,5,1,5,1
d0c1-bfe4-18f0,2925,6,-95.0,5,1,5,1,5,1,5,1
d0c1-bfe4-18f0,2926,6,-94.0,5,1,5,1,4,2,5,1
d0c1-bfe4-18f0,2927,6,-95.0,4,2,4,2,4,2,4,2
d0c1-bfe4-18f0,2928,6,-94.0,5,1,5,1,5,1,5,1
d0c1-bfe4-18f0,2929,6,-94.75,5,1,5,1,5,1,5,1
d0c1-bfe4-18f0,2930,6,-94.75,5,1,5,1,5,1,5,1
d0c1-bfe4-18f0,2931,6,-94.25,4,2,4,2,4,2,4,2
d0c1-bfe4-18f0,2932,6,-93.75,5,1,5,1,5,1,5,1
d0c1-bfe4-18f0,2933,6,-95.0,5,1,5,1,5,1,5,1
d0c1-bfe4-18f0,2934,6,-94.75,5,1,5,1,5,1,5,1
d0c1-bfe4-18f0,2935,6,-94.0,5,1,5,1,5,1,5,1
d0c1-bfe4-18f0,2936,6,-93.25,4,2,4,2,4,2,4,2
d0c1-bfe4-18f0,2937,4,-94.0,4,0,4,0,4,0,4,0
d0c1-bfe4-18f0,2938,4,-95.0,5,1,5,1,5,1,5,1
d0c1-bfe4-18f0,2939,4,-94.75,5,1,5,1,5,1,5,1
d0c1-bfe4-18f0,2940,4,-94.5,5,1,5,1,5,1,5,1
d0c1-bfe4-18f0,2941,4,-94.5,4,0,4,0,4,0,4,0
d0c1-bfe4-18f0,2942,4,-94.75,4,0,4,0,4,0,4,0
d0c1-bfe4-18f0,2943,4,-93.75,4,0,4,0,4,0,4,0
d0c1-bfe4-18f0,2944,4,-94.25,4,0,4,0,4,0,4,0
d0c1-bfe4-18f0,2945,4,-94.25,4,0,4,0,4,0,4,0
d0c1-bfe4-18f0,2946,4,-94.25,4,0,4,0,4,0,4,0
d0c1-bfe4-18f0,2947,4,-94.5,5,1,5,1,5,1,5,1
d0c1-bfe4-18f0,2948,5,-94.5,5,0,5,0,5,0,5,0
d0c1-bfe4-18f0,2949,5,-94.0,5,0,5,0,5,0,5,0
d0c1-bfe4-18f0,2950,5,-94.25,4,1,4,1,4,1,4,1
d0c1-bfe4-18f0,2951,4,-94.75,5,1,5,1,5,1,5,1
d0c1-bfe4-18f0,2952,4,-94.5,5,1,5,1,5,1,5,1
d0c1-bfe4-18f0,2953,4,-94.0,5,1,5,1,5,1,5,1
d0c1-bfe4-18f0,2954,4,-94.0,5,1,5,1,5,1,5,1
d0c1-bfe4-18f0,2955,4,-94.5,5,1,5,1,5,1,5,1
d0c1-bfe4-18f0,2956,4,-94.25,5,1,5,1,4,0,5,1
d0c1-bfe4-18f0,2957,4,-94.25,5,1,5,1,5,1,5,1
d0c1-bfe4-18f0,2958,4,-93.25,5,1,5,1,4,0,5,1
d0c1-bfe4-18f0,2959,4,-94.25,5,1,5,1,5,1,5,1
d0c1-bfe4-18f0,2960,4,-94.75,5,1,5,1,5,1,5,1
d0c1-bfe4-18f0,2961,4,-94.5,5,1,5,1,4,0,5,1
d0c1-bfe4-18f0,2962,4,-94.5,5,1,5,1,4,0,5,1
d0c1-bfe4-18f0,2963,4,-94.75,5,1,5,1,5,1,5,1
d0c1-bfe4-18f0,2964,4,-94.0,5,1,5,1,5,1,5,1
d0c1-bfe4-18f0,2965,4,-94.25,4,0,4,0,4,0,4,0
d0c1-bfe4-18f0,2966,4,-94.5,4,0,4,0,4,0,4,0
d0c1-bfe4-18f0,2967,4,-93.0,4,0,4,0,4,0,4,0
d0c1-bfe4-18f0,2968,5,-94.25,5,0,5,0,4,1,5,0
d0c1-bfe4-18f0,2969,4,-94.0,5,1,5,1,5,1,5,1
d0c1-bfe4-18f0,2970,4,-94.25,5,1,5,1,5,1,5,1
d0c1-bfe4-18f0,2971,5,-94.75,4,1,4,1,4,1,4,1
d0c1-bfe4-18f0,2972,4,-94.25,4,0,4,0,4,0,4,0
d0c1-bfe4-18f0,2973,4,-94.5,4,0,4,0,4,0,4,0
d0c1-bfe4-18f0,2974,4,-94.25,5,1,5,1,5,1,5,1
d0c1-bfe4-18f0,2975,4,-94.25,5,1,5,1,4,0,5,1
d0c1-bfe4-18f0,2976,4,-94.25,5,1,5,1,5,1,5,1
d0c1-bfe4-18f0,2977,4,-94.25,5,1,5,1,5,1,5,1
d0c1-bfe4-18f0,2978,4,-94.5,5,1,5,1,5,1,5,1
d0c1-bfe4-18f0,2979,4,-94.25,5,1,5,1,4,0,5,1
d0c1-bfe4-18f0,2980,4,-93.75,5,1,5,1,5,1,5,1
d0c1-bfe4-18f0,2981,4,-94.5,5,1,5,1,5,1,5,1
d0c1-bfe4-18f0,2982,4,-93.5,4,0,4,0,4,0,4,0
d0c1-bfe4-18f0,2983,4,-95.0,4,0,4,0,4,0,4,0
d0c1-bfe4-18f0,2984,4,-93.25,4,0,4,0,4,0,4,0
d0c1-bfe4-18f0,2985,4,-94.5,5,1,5,1,5,1,5,1
d0c1-bfe4-18f0,2986,4,-94.25,5,1,5,1,4,0,5,1
d0c1-bfe4-18f0,2987,4,-94.25,5,1,5,1,5,1,5,1
d0c1-bfe4-18f0,2988,4,-94.5,5,1,5,1,5,1,5,1
d0c1-bfe4-18f0,2989,4,-94.0,5,1,5,1,5,1,5,1
d0c1-bfe4-18f0,2990,4,-94.25,5,1,5,1,5,1,5,1
d0c1-bfe4-18f0,2991,4,-94.25,5,1,5,1,5,1,5,1
d0c1-bfe4-18f0,2992,4,-94.5,5,1,5,1,5,1,5,1
d0c1-bfe4-18f0,2993,4,-94.5,4,0,4,0,4,0,4,0
d0c1-bfe4-18f0,2994,4,-94.5,5,1,5,1,5,1,5,1
d0c1-bfe4-18f0,2995,4,-93.75,5,1,5,1,5,1,5,1
d0c1-bfe4-18f0,2996,4,-94.0,4,0,4,0,4,0,4,0
d0c1-bfe4-18f0,2997,4,-94.0,4,0,4,0,4,0,4,0
d0c1-bfe4-18f0,2998,4,-93.75,4,0,4,0,4,0,4,0
d0c1-bfe4-18f0,2999,4,-94.0,5,1,5,1,5,1,5,1
d0c1-bfe4-18f0,3000,4,-93.75,4,0,4,0,4,0,4,0
d0c1-bfe4-18f0,3001,4,-94.75,5,1,5,1,5,1,5,1
d0c1-bfe4-18f0,3002,4,-94.0,4,0,4,0,4,0,4,0
d0c1-bfe4-18f0,3003,4,-93.25,5,1,5,1,4,0,5,1
d0c1-bfe4-18f0,3004,4,-94.0,4,0,4,0,4,0,4,0
d0c1-bfe4-18f0,3005,4,-94.5,5,1,5,1,5,1,5,1
d0c1-bfe4-18f0,3006,4,-94.25,5,1,5,1,5,1,5,1
d0c1-bfe4-18f0,3007,4,-94.25,5,1,5,1,5,1,5,1
d0c1-bfe4-18f0,3008,4,-94.75,4,0,4,0,4,0,4,0
d0c1-bfe4-18f0,3009,4,-94.0,5,1,5,1,5,1,5,1
d0c1-bfe4-18f0,3010,4,-94.75,5,1,5,1,5,1,5,1
d0c1-bfe4-18f0,3011,4,-94.5,5,1,5,1,5,1,5,1
d0c1-bfe4-18f0,3012,4,-94.5,5,1,5,1,5,1,5,1
d0c1-bfe4-18f0,3013,4,-94.0,5,1,5,1,5,1,5,1
d0c1-bfe4-18f0,3014,4,-93.75,5,1,5,1,5,1,5,1
d0c1-bfe4-18f0,3015,4,-94.5,5,1,5,1,5,1,5,1
d0c1-bfe4-18f0,3016,4,-94.0,5,1,5,1,5,1,5,1
d0c1-bfe4-18f0,3017,4,-94.75,5,1,5,1,5,1,5,1
d0c1-bfe4-18f0,3018,4,-94.25,5,1,5,1,5,1,5,1
d0c1-bfe4-18f0,3019,4,-94.5,4,0,4,0,4,0,4,0
d0c1-bfe4-18f0,3020,4,-95.25,5,1,5,1,5,1,5,1
d0c1-bfe4-18f0,3021,4,-92.75,5,1,5,1,4,0,5,1
d0c1-bfe4-18f0,3022,4,-93.75,5,1,5,1,4,0,5,1
d0c1-bfe4-18f0,3023,4,-94.5,4,0,4,0,4,0,4,0
d0c1-bfe4-18f0,3024,4,-92.75,4,0,4,0,4,0,4,0
d0c1-bfe4-18f0,3025,4,-92.75,5,1,5,1,4,0,5,1
d0c1-bfe4-18f0,3026,4,-93.75,4,0,4,0,4,0,4,0
d0c1-bfe4-18f0,3027,4,-93.75,4,0,4,0,4,0,4,0
d0c1-bfe4-18f0,3028,4,-94.0,4,0,4,0,4,0,4,0
d0c1-bfe4-18f0,3029,4,-94.0,4,0,4,0,4,0,4,0
d0c1-bfe4-18f0,3030,4,-93.5,4,0,4,0,4,0,4,0
d0c1-bfe4-18f0,3031,4,-93.5,4,0,4,0,4,0,4,0
d0c1-bfe4-18f0,3032,4,-93.25,5,1,5,1,4,0,5,1
d0c1-bfe4-18f0,3033,4,-92.75,4,0,4,0,4,0,4,0
d0c1-bfe4-18f0,3034,4,-93.5,4,0,4,0,4,0,4,0
d0c1-bfe4-18f0,3035,4,-93.25,4,0,4,0,4,0,4,0
d0c1-bfe4-18f0,3036,4,-94.0,4,0,4,0,4,0,4,0
d0c1-bfe4-18f0,3037,4,-95.0,4,0,4,0,4,0,4,0
d0c1-bfe4-18f0,3038,4,-94.0,4,0,4,0,4,0,4,0
d0c1-bfe4-18f0,3039,5,-93.75,4,1,4,1,4,1,4,1
d0c1-bfe4-18f0,3040,5,-92.25,5,0,5,0,4,1,5,0
d0c1-bfe4-18f0,3041,5,-93.5,5,0,5,0,4,1,5,0
d0c1-bfe4-18f0,3042,5,-94.25,5,0,5,0,5,0,5,0
d0c1-bfe4-18f0,3043,5,-94.5,4,1,4,1,4,1,4,1
d0c1-bfe4-18f0,3044,3,-93.75,4,1,4,1,4,1,4,1
d0c1-bfe4-18f0,3045,3,-92.5,5,2,5,2,4,1,5,2
d0c1-bfe4-18f0,3046,4,-93.75,4,0,4,0,4,0,4,0
d0c1-bfe4-18f0,3047,4,-93.0,5,1,5,1,4,0,5,1
d0c1-bfe4-18f0,3048,4,-93.75,5,1,5,1,4,0,5,1
d0c1-bfe4-18f0,3049,4,-93.75,5,1,5,1,4,0,5,1
d0c1-bfe4-18f0,3050,4,-94.5,4,0,4,0,4,0,4,0
d0c1-bfe4-18f0,3051,4,-94.25,4,0,4,0,4,0,4,0
d0c1-bfe4-18f0,3052,4,-93.25,4,0,4,0,3,1,4,0
d0c1-bfe4-18f0,3053,4,-94.0,4,0,4,0,4,0,4,0
d0c1-bfe4-18f0,3054,4,-93.0,4,0,4,0,4,0,4,0
d0c1-bfe4-18f0,3055,4,-94.25,4,0,4,0,4,0,4,0
d0c1-bfe4-18f0,3056,4,-93.0,4,0,4,0,3,1,4,0
d0c1-bfe4-18f0,3057,4,-93.0,4,0,4,0,4,0,4,0
d0c1-bfe4-18f0,3058,4,-93.75,5,1,5,1,4,0,5,1
d0c1-bfe4-18f0,3059,5,-93.75,4,1,4,1,4,1,4,1
d0c1-bfe4-18f0,3060,5,-92.25,4,1,4,1,3,2,4,1
d0c1-bfe4-18f0,3061,5,-93.5,4,1,4,1,3,2,4,1
d0c1-bfe4-18f0,3062,5,-94.25,5,0,5,0,5,0,5,0
d0c1-bfe4-18f0,3063,5,-94.0,4,1,4,1,4,1,4,1
d0c1-bfe4-18f0,3064,5,-94.25,4,1,4,1,4,1,4,1
d0c1-bfe4-18f0,3065,5,-93.0,4,1,4,1,3,2,4,1
d0c1-bfe4-18f0,3066,5,-92.5,5,0,5,0,4,1,5,0
d0c1-bfe4-18f0,3067,5,-93.5,4,1,4,1,4,1,4,1
d0c1-bfe4-18f0,3068,5,-93.75,4,1,4,1,4,1,4,1
d0c1-bfe4-18f0,3069,5,-94.5,4,1,4,1,4,1,4,1
d0c1-bfe4-18f0,3070,5,-94.25,4,1,4,1,4,1,4,1
d0c1-bfe4-18f0,3071,5,-93.5,4,1,4,1,4,1,4,1
d0c1-bfe4-18f0,3072,5,-94.0,4,1,4,1,4,1,4,1
d0c1-bfe4-18f0,3073,5,-93.25,4,1,4,1,4,1,4,1
d0c1-bfe4-18f0,3074,5,-94.25,4,1,4,1,4,1,4,1
d0c1-bfe4-18f0,3075,5,-94.0,4,1,4,1,4,1,4,1
d0c1-bfe4-18f0,3076,5,-93.5,4,1,4,1,4,1,4,1
d0c1-bfe4-18f0,3077,5,-93.25,5,0,5,0,4,1,5,0
d0c1-bfe4-18f0,3078,5,-93.25,5,0,5,0,4,1,5,0
d0c1-bfe4-18f0,3079,5,-93.5,4,1,4,1,4,1,4,1
d0c1-bfe4-18f0,3080,5,-94.0,4,1,4,1,4,1,4,1
d0c1-bfe4-18f0,3081,5,-94.0,5,0,5,0,5,0,5,0
d0c1-bfe4-18f0,3082,5,-94.25,4,1,4,1,4,1,4,1
d0c1-bfe4-18f0,3083,5,-93.25,4,1,4,1,4,1,4,1
d0c1-bfe4-18f0,3084,5,-93.5,4,1,4,1,4,1,4,1
d0c1-bfe4-18f0,3085,5,-93.5,4,1,4,1,4,1,4,1
d0c1-bfe4-18f0,3086,5,-94.0,5,0,5,0,5,0,5,0
d0c1-bfe4-18f0,3087,5,-94.0,4,1,4,1,4,1,4,1
d0c1-bfe4-18f0,3088,5,-93.25,4,1,4,1,4,1,4,1
d0c1-bfe4-18f0,3089,5,-94.0,4,1,4,1,4,1,4,1
d0c1-bfe4-18f0,3090,5,-92.25,4,1,4,1,4,1,4,1
d0c1-bfe4-18f0,3091,5,-94.0,5,0,5,0,5,0,5,0
d0c1-bfe4-18f0,3092,5,-93.75,5,0,5,0,4,1,5,0
d0c1-bfe4-18f0,3093,5,-93.5,4,1,4,1,4,1,4,1
d0c1-bfe4-18f0,3094,5,-94.25,4,1,4,1,4,1,4,1
d0c1-bfe4-18f0,3095,5,-94.25,4,1,4,1,4,1,4,1
d0c1-bfe4-18f0,3096,5,-94.0,4,1,4,1,4,1,4,1
d0c1-bfe4-18f0,3097,5,-93.25,5,0,5,0,4,1,5,0
d0c1-bfe4-18f0,3098,5,-93.75,4,1,4,1,4,1,4,1
d0c1-bfe4-18f0,3099,5,-92.75,6,1,6,1,6,1,6,1
d0c1-bfe4-18f0,3100,5,-93.75,4,1,4,1,4,1,4,1
d0c1-bfe4-18f0,3101,5,-95.0,5,0,5,0,5,0,5,0
d0c1-bfe4-18f0,3102,5,-94.0,5,0,5,0,5,0,5,0
d0c1-bfe4-18f0,3103,5,-94.0,5,0,5,0,4,1,5,0
d0c1-bfe4-18f0,3104,5,-94.0,5,0,5,0,5,0,5,0
d0c1-bfe4-18f0,3105,5,-93.75,5,0,5,0,5,0,5,0
d0c1-bfe4-18f0,3106,5,-93.0,5,0,5,0,4,1,5,0
d0c1-bfe4-18f0,3107,5,-93.5,4,1,4,1,3,2,4,1
d0c1-bfe4-18f0,3108,5,-92.5,4,1,4,1,4,1,4,1
d0c1-bfe4-18f0,3109,5,-93.5,4,1,4,1,4,1,4,1
d0c1-bfe4-18f0,3110,5,-94.0,4,1,4,1,4,1,4,1
d0c1-bfe4-18f0,3111,5,-93.25,4,1,4,1,3,2,4,1
d0c1-bfe4-18f0,3112,5,-93.5,5,0,5,0,4,1,5,0
d0c1-bfe4-18f0,3113,5,-94.5,4,1,4,1,4,1,4,1
d0c1-bfe4-18f0,3114,5,-94.25,4,1,4,1,4,1,4,1
d0c1-bfe4-18f0,3115,5,-95.0,4,1,4,1,4,1,4,1
d0c1-bfe4-18f0,3116,5,-94.0,4,1,4,1,4,1,4,1
d0c1-bfe4-18f0,3117,5,-94.75,4,1,4,1,4,1,4,1
d0c1-bfe4-18f0,3118,5,-94.5,4,1,4,1,4,1,4,1
d0c1-bfe4-18f0,3119,5,-94.25,5,0,5,0,4,1,5,0
d0c1-bfe4-18f0,3120,5,-93.5,4,1,4,1,3,2,4,1
d0c1-bfe4-18f0,3121,5,-94.0,4,1,4,1,4,1,4,1
d0c1-bfe4-18f0,3122,5,-94.0,4,1,4,1,4,1,4,1
d0c1-bfe4-18f0,3123,5,-93.0,4,1,4,1,4,1,4,1
d0c1-bfe4-18f0,3124,5,-93.75,4,1,4,1,4,1,4,1
d0c1-bfe4-18f0,3125,4,-94.5,4,0,4,0,4,0,4,0
d0c1-bfe4-18f0,3126,4,-94.75,4,0,4,0,4,0,4,0
d0c1-bfe4-18f0,3127,3,-95.0,4,1,4,1,4,1,4,1
d0c1-bfe4-18f0,3128,3,-94.5,4,1,4,1,4,1,4,1
d0c1-bfe4-18f0,3129,3,-94.75,5,2,5,2,5,2,5,2
d0c1-bfe4-18f0,3130,3,-94.75,5,2,5,2,5,2,5,2
d0c1-bfe4-18f0,3131,3,-95.0,4,1,4,1,4,1,4,1
d0c1-bfe4-18f0,3132,4,-94.25,4,0,4,0,4,0,4,0
d0c1-bfe4-18f0,3133,3,-95.0,4,1,4,1,4,1,4,1
d0c1-bfe4-18f0,3134,3,-94.75,4,1,5,2,5,2,4,1
d0c1-bfe4-18f0,3135,3,-94.75,4,1,4,1,4,1,4,1
d0c1-bfe4-18f0,3136,3,-95.0,4,1,5,2,5,2,4,1
d0c1-bfe4-18f0,3137,3,-95.0,4,1,4,1,4,1,4,1
d0c1-bfe4-18f0,3138,3,-95.0,4,1,4,1,4,1,4,1
d0c1-bfe4-18f0,3139,3,-94.5,4,1,4,1,4,1,4,1
d0c1-bfe4-18f0,3140,3,-95.0,4,1,4,1,4,1,4,1
d0c1-bfe4-18f0,3141,3,-94.5,4,1,4,1,4,1,4,1
d0c1-bfe4-18f0,3142,4,-94.5,4,0,5,1,5,1,4,0
d0c1-bfe4-18f0,3143,4,-94.5,4,0,4,0,4,0,4,0
d0c1-bfe4-18f0,3144,4,-94.75,4,0,4,0,4,0,4,0
d0c1-bfe4-18f0,3145,4,-95.0,4,0,4,0,4,0,4,0
d0c1-bfe4-18f0,3146,4,-94.75,4,0,4,0,4,0,4,0
d0c1-bfe4-18f0,3147,4,-92.25,3,1,3,1,2,2,3,1
d0c1-bfe4-18f0,3148,4,-94.5,4,0,4,0,4,0,4,0
d0c1-bfe4-18f0,3149,4,-94.5,3,1,3,1,3,1,3,1
d0c1-bfe4-18f0,3150,4,-94.75,4,0,4,0,4,0,4,0
d0c1-bfe4-18f0,3151,3,-94.75,4,1,4,1,4,1,4,1
d0c1-bfe4-18f0,3152,3,-94.0,4,1,4,1,4,1,4,1
d0c1-bfe4-18f0,3153,3,-95.0,4,1,4,1,4,1,4,1
d0c1-bfe4-18f0,3154,4,-94.75,4,0,4,0,4,0,4,0
d0c1-bfe4-18f0,3155,3,-95.0,5,2,5,2,5,2,5,2
d0c1-bfe4-18f0,3156,3,-94.5,4,1,4,1,4,1,4,1
d0c1-bfe4-18f0,3157,3,-94.0,4,1,4,1,4,1,4,1
d0c1-bfe4-18f0,3158,3,-94.5,4,1,4,1,4,1,4,1
d0c1-bfe4-18f0,3159,3,-94.25,4,1,4,1,4,1,4,1
d0c1-bfe4-18f0,3160,3,-93.75,4,1,4,1,3,0,4,1
d0c1-bfe4-18f0,3161,3,-94.0,4,1,4,1,4,1,4,1
d0c1-bfe4-18f0,3162,3,-94.25,4,1,4,1,4,1,4,1
d0c1-bfe4-18f0,3163,3,-94.5,4,1,4,1,4,1,4,1
d0c1-bfe4-18f0,3164,3,-94.75,4,1,4,1,4,1,4,1
d0c1-bfe4-18f0,3165,3,-95.25,4,1,4,1,4,1,4,1
d0c1-bfe4-18f0,3166,3,-94.25,4,1,4,1,4,1,4,1
d0c1-bfe4-18f0,3167,3,-94.5,4,1,4,1,4,1,4,1
d0c1-bfe4-18f0,3168,3,-95.0,4,1,4,1,4,1,4,1
d0c1-bfe4-18f0,3169,3,-94.75,4,1,4,1,4,1,4,1
d0c1-bfe4-18f0,3170,3,-94.5,4,1,4,1,4,1,4,1
d0c1-bfe4-18f0,3171,3,-94.75,4,1,4,1,4,1,4,1
d0c1-bfe4-18f0,3172,3,-94.75,4,1,4,1,4,1,4,1
d0c1-bfe4-18f0,3173,3,-94.75,4,1,4,1,4,1,4,1
d0c1-bfe4-18f0,3174,3,-94.5,4,1,4,1,4,1,4,1
d0c1-bfe4-18f0,3175,3,-95.25,4,1,4,1,4,1,4,1
d0c1-bfe4-18f0,3176,3,-95.0,4,1,4,1,4,1,4,1
d0c1-bfe4-18f0,3177,3,-94.75,4,1,4,1,4,1,4,1
d0c1-bfe4-18f0,3178,3,-94.75,4,1,4,1,4,1,4,1
d0c1-bfe4-18f0,3179,3,-94.75,4,1,4,1,4,1,4,1
d0c1-bfe4-18f0,3180,3,-94.75,4,1,4,1,4,1,4,1
d0c1-bfe4-18f0,3181,3,-94.25,4,1,4,1,4,1,4,1
d0c1-bfe4-18f0,3182,3,-94.75,4,1,4,1,4,1,4,1
d0c1-bfe4-18f0,3183,3,-94.5,4,1,4,1,4,1,4,1
d0c1-bfe4-18f0,3184,3,-94.5,4,1,4,1,4,1,4,1
d0c1-bfe4-18f0,3185,3,-94.5,4,1,4,1,4,1,4,1
d0c1-bfe4-18f0,3186,3,-94.5,4,1,4,1,4,1,4,1
d0c1-bfe4-18f0,3187,3,-94.5,4,1,4,1,4,1,4,1
d0c1-bfe4-18f0,3188,3,-94.5,4,1,4,1,4,1,4,1
d0c1-bfe4-18f0,3189,3,-94.75,4,1,4,1,4,1,4,1
d0c1-bfe4-18f0,3190,3,-94.5,5,2,5,2,5,2,5,2
d0c1-bfe4-18f0,3191,4,-94.75,4,0,4,0,4,0,4,0
d0c1-bfe4-18f0,3192,3,-95.25,4,1,4,1,4,1,4,1
d0c1-bfe4-18f0,3193,3,-93.0,4,1,4,1,4,1,4,1
d0c1-bfe4-18f0,3194,3,-94.75,4,1,4,1,4,1,4,1
d0c1-bfe4-18f0,3195,3,-95.0,4,1,4,1,4,1,4,1
d0c1-bfe4-18f0,3196,3,-95.0,4,1,4,1,4,1,4,1
d0c1-bfe4-18f0,3197,3,-95.0,4,1,4,1,4,1,4,1
d0c1-bfe4-18f0,3198,3,-94.5,4,1,4,1,4,1,4,1
d0c1-bfe4-18f0,3199,3,-94.5,5,2,5,2,5,2,5,2
d0c1-bfe4-18f0,3200,3,-94.5,4,1,4,1,4,1,4,1
d0c1-bfe4-18f0,3201,3,-95.25,4,1,4,1,4,1,4,1
d0c1-bfe4-18f0,3202,3,-94.25,4,1,5,2,5,2,4,1
d0c1-bfe4-18f0,3203,3,-94.75,4,1,4,1,4,1,4,1
d0c1-bfe4-18f0,3204,3,-94.75,4,1,4,1,4,1,4,1
d0c1-bfe4-18f0,3205,3,-94.75,4,1,4,1,4,1,4,1
d0c1-bfe4-18f0,3206,3,-94.75,4,1,4,1,4,1,4,1
d0c1-bfe4-18f0,3207,3,-94.5,4,1,4,1,4,1,4,1
d0c1-bfe4-18f0,3208,3,-94.0,4,1,4,1,3,0,4,1
d0c1-bfe4-18f0,3209,3,-94.75,4,1,4,1,4,1,4,1
d0c1-bfe4-18f0,3210,3,-95.0,4,1,4,1,4,1,4,1
d0c1-bfe4-18f0,3211,3,-95.0,4,1,4,1,4,1,4,1
d0c1-bfe4-18f0,3212,4,-93.25,4,0,4,0,4,0,4,0
d0c1-bfe4-18f0,3213,4,-95.0,4,0,4,0,4,0,4,0
d0c1-bfe4-18f0,3214,3,-94.75,4,1,4,1,4,1,4,1
d0c1-bfe4-18f0,3215,3,-94.75,5,2,5,2,5,2,5,2
d0c1-bfe4-18f0,3216,3,-94.25,4,1,4,1,4,1,4,1
d0c1-bfe4-18f0,3217,3,-94.25,4,1,4,1,4,1,4,1
d0c1-bfe4-18f0,3218,3,-94.5,4,1,4,1,4,1,4,1
d0c1-bfe4-18f0,3219,2,-92.0,3,1,3,1,2,0,3,1
d0c1-bfe4-18f0,3220,2,-92.75,3,1,3,1,3,1,3,1
d0c1-bfe4-18f0,3221,2,-91.25,3,1,3,1,2,0,3,1
d0c1-bfe4-18f0,3222,2,-93.5,3,1,3,1,3,1,3,1
d0c1-bfe4-18f0,3223,2,-91.25,3,1,3,1,2,0,3,1
d0c1-bfe4-18f0,3224,2,-94.25,3,1,3,1,3,1,3,1
d0c1-bfe4-18f0,3225,2,-93.75,3,1,3,1,3,1,3,1
d0c1-bfe4-18f0,3226,2,-94.5,3,1,3,1,3,1,3,1
d0c1-bfe4-18f0,3227,2,-94.0,3,1,2,0,2,0,3,1
d0c1-bfe4-18f0,3228,2,-95.0,3,1,3,1,3,1,3,1
d0c1-bfe4-18f0,3229,2,-94.5,3,1,3,1,3,1,3,1
d0c1-bfe4-18f0,3230,3,-92.75,3,0,3,0,3,0,3,0
d0c1-bfe4-18f0,3231,3,-93.0,3,0,3,0,3,0,3,0
d0c1-bfe4-18f0,3232,3,-93.75,3,0,3,0,3,0,3,0
d0c1-bfe4-18f0,3233,3,-91.5,3,0,3,0,2,1,3,0
d0c1-bfe4-18f0,3234,3,-94.0,3,0,3,0,3,0,3,0
d0c1-bfe4-18f0,3235,3,-94.0,3,0,3,0,3,0,3,0
d0c1-bfe4-18f0,3236,3,-93.5,3,0,3,0,3,0,3,0
d0c1-bfe4-18f0,3237,3,-94.25,3,0,3,0,3,0,3,0
d0c1-bfe4-18f0,3238,3,-94.25,3,0,3,0,3,0,3,0
d0c1-bfe4-18f0,3239,3,-94.5,3,0,3,0,3,0,3,0
d0c1-bfe4-18f0,3240,3,-95.0,3,0,3,0,3,0,3,0
d0c1-bfe4-18f0,3241,3,-94.5,3,0,3,0,3,0,3,0
d0c1-bfe4-18f0,3242,3,-93.25,3,0,3,0,3,0,3,0
d0c1-bfe4-18f0,3243,3,-95.0,3,0,3,0,3,0,3,0
d0c1-bfe4-18f0,3244,3,-94.25,3,0,3,0,3,0,3,0
d0c1-bfe4-18f0,3245,3,-94.25,3,0,3,0,3,0,3,0
d0c1-bfe4-18f0,3246,3,-95.0,3,0,3,0,3,0,3,0
d0c1-bfe4-18f0,3247,3,-93.75,3,0,2,1,2,1,3,0
d0c1-bfe4-18f0,3248,3,-95.0,3,0,3,0,3,0,3,0
d0c1-bfe4-18f0,3249,3,-93.5,3,0,3,0,3,0,3,0
d0c1-bfe4-18f0,3250,3,-93.25,3,0,3,0,3,0,3,0
d0c1-bfe4-18f0,3251,3,-94.25,3,0,3,0,3,0,3,0
d0c1-bfe4-18f0,3252,3,-94.0,3,0,3,0,3,0,3,0
d0c1-bfe4-18f0,3253,3,-95.0,3,0,3,0,3,0,3,0
d0c1-bfe4-18f0,3254,3,-92.0,3,0,3,0,2,1,3,0
d0c1-bfe4-18f0,3255,3,-94.0,3,0,3,0,3,0,3,0
d0c1-bfe4-18f0,3256,3,-94.5,3,0,3,0,3,0,3,0
d0c1-bfe4-18f0,3257,3,-94.75,3,0,3,0,3,0,3,0
d0c1-bfe4-18f0,3258,3,-93.75,3,0,3,0,3,0,3,0
d0c1-bfe4-18f0,3259,3,-95.0,3,0,3,0,3,0,3,0
d0c1-bfe4-18f0,3260,3,-94.25,3,0,3,0,3,0,3,0
d0c1-bfe4-18f0,3261,3,-93.5,3,0,2,1,2,1,3,0
d0c1-bfe4-18f0,3262,3,-94.5,3,0,3,0,3,0,3,0
d0c1-bfe4-18f0,3263,3,-94.25,3,0,3,0,3,0,3,0
d0c1-bfe4-18f0,3264,3,-93.0,3,0,2,1,2,1,3,0
d0c1-bfe4-18f0,3265,3,-93.25,3,0,2,1,2,1,3,0
d0c1-bfe4-18f0,3266,3,-93.75,3,0,3,0,3,0,3,0
d0c1-bfe4-18f0,3267,3,-93.25,3,0,3,0,3,0,3,0
d0c1-bfe4-18f0,3268,3,-93.75,4,1,4,1,4,1,4,1
d0c1-bfe4-18f0,3269,3,-94.25,3,0,3,0,3,0,3,0
d0c1-bfe4-18f0,3270,3,-94.25,3,0,3,0,3,0,3,0
d0c1-bfe4-18f0,3271,3,-93.25,4,1,4,1,4,1,4,1
d0c1-bfe4-18f0,3272,3,-92.75,3,0,2,1,2,1,3,0
d0c1-bfe4-18f0,3273,3,-93.75,3,0,2,1,2,1,3,0
d0c1-bfe4-18f0,3274,3,-93.25,3,0,3,0,3,0,3,0
d0c1-bfe4-18f0,3275,3,-93.25,3,0,3,0,3,0,3,0
d0c1-bfe4-18f0,3276,3,-93.0,3,0,2,1,2,1,3,0
d0c1-bfe4-18f0,3277,3,-94.0,3,0,3,0,3,0,3,0
d0c1-bfe4-18f0,3278,3,-92.75,3,0,3,0,3,0,3,0
d0c1-bfe4-18f0,3279,3,-94.25,3,0,3,0,3,0,3,0
d0c1-bfe4-18f0,3280,3,-93.0,4,1,4,1,3,0,4,1
d0c1-bfe4-18f0,3281,3,-93.75,3,0,3,0,3,0,3,0
d0c1-bfe4-18f0,3282,3,-93.5,3,0,3,0,3,0,3,0
d0c1-bfe4-18f0,3283,3,-93.5,3,0,3,0,3,0,3,0
d0c1-bfe4-18f0,3284,3,-93.5,3,0,3,0,3,0,3,0
d0c1-bfe4-18f0,3285,3,-92.75,3,0,3,0,3,0,3,0
d0c1-bfe4-18f0,3286,3,-93.0,3,0,3,0,3,0,3,0
d0c1-bfe4-18f0,3287,3,-93.0,3,0,3,0,3,0,3,0
d0c1-bfe4-18f0,3288,3,-93.5,3,0,3,0,3,0,3,0
d0c1-bfe4-18f0,3289,3,-92.75,3,0,2,1,2,1,3,0
d0c1-bfe4-18f0,3290,3,-93.0,3,0,2,1,2,1,3,0
d0c1-bfe4-18f0,3291,3,-93.0,3,0,2,1,2,1,3,0
d0c1-bfe4-18f0,3292,3,-92.75,3,0,2,1,2,1,3,0
d0c1-bfe4-18f0,3293,3,-93.25,3,0,2,1,2,1,3,0
d0c1-bfe4-18f0,3294,3,-93.75,3,0,2,1,2,1,3,0
d0c1-bfe4-18f0,3295,3,-94.0,3,0,3,0,2,1,3,0
d0c1-bfe4-18f0,3296,3,-93.0,3,0,2,1,2,1,3,0
d0c1-bfe4-18f0,3297,3,-94.5,3,0,3,0,3,0,3,0
d0c1-bfe4-18f0,3298,3,-93.5,3,0,2,1,2,1,3,0
d0c1-bfe4-18f0,3299,3,-94.5,3,0,3,0,3,0,3,0
d0c1-bfe4-18f0,3300,3,-94.25,3,0,3,0,3,0,3,0
d0c1-bfe4-18f0,3301,3,-94.5,3,0,3,0,3,0,3,0
d0c1-bfe4-18f0,3302,3,-93.25,3,0,2,1,2,1,3,0
d0c1-bfe4-18f0,3303,3,-93.25,3,0,3,0,3,0,3,0
d0c1-bfe4-18f0,3304,3,-94.0,3,0,3,0,2,1,3,0
d0c1-bfe4-18f0,3305,3,-93.25,3,0,3,0,3,0,3,0
d0c1-bfe4-18f0,3306,3,-94.25,3,0,3,0,3,0,3,0
d0c1-bfe4-18f0,3307,3,-94.0,3,0,3,0,2,1,3,0
d0c1-bfe4-18f0,3308,3,-94.25,3,0,3,0,3,0,3,0
d0c1-bfe4-18f0,3309,3,-93.75,3,0,3,0,2,1,3,0
d0c1-bfe4-18f0,3310,3,-94.5,4,1,4,1,4,1,4,1
d0c1-bfe4-18f0,3311,3,-93.0,3,0,2,1,2,1,3,0
d0c1-bfe4-18f0,3312,3,-93.5,3,0,3,0,3,0,3,0
d0c1-bfe4-18f0,3313,3,-95.0,3,0,3,0,3,0,3,0
d0c1-bfe4-18f0,3314,3,-94.75,3,0,3,0,3,0,3,0
d0c1-bfe4-18f0,3315,3,-94.25,3,0,3,0,3,0,3,0
d0c1-bfe4-18f0,3316,3,-93.75,3,0,3,0,3,0,3,0
d0c1-bfe4-18f0,3317,3,-94.0,3,0,3,0,3,0,3,0
d0c1-bfe4-18f0,3318,3,-95.0,3,0,3,0,3,0,3,0
d0c1-bfe4-18f0,3319,3,-93.75,3,0,3,0,2,1,3,0
d0c1-bfe4-18f0,3320,3,-94.5,3,0,3,0,3,0,3,0
d0c1-bfe4-18f0,3321,3,-93.25,3,0,3,0,3,0,3,0
d0c1-bfe4-18f0,3322,3,-95.0,3,0,3,0,3,0,3,0
d0c1-bfe4-18f0,3323,3,-94.75,3,0,3,0,3,0,3,0
d0c1-bfe4-18f0,3324,3,-93.5,3,0,2,1,2,1,3,0
d0c1-bfe4-18f0,3325,3,-92.75,5,2,5,2,4,1,5,2
d0c1-bfe4-18f0,3326,3,-95.25,3,0,3,0,3,0,3,0
d0c1-bfe4-18f0,3327,3,-94.0,3,0,3,0,3,0,3,0
d0c1-bfe4-18f0,3328,3,-93.75,3,0,3,0,2,1,3,0
d0c1-bfe4-18f0,3329,3,-93.25,3,0,2,1,2,1,3,0
d0c1-bfe4-18f0,3330,3,-94.5,3,0,3,0,3,0,3,0
d0c1-bfe4-18f0,3331,3,-94.5,3,0,3,0,3,0,3,0
d0c1-bfe4-18f0,3332,3,-94.25,3,0,3,0,3,0,3,0
d0c1-bfe4-18f0,3333,3,-94.5,3,0,3,0,3,0,3,0
d0c1-bfe4-18f0,3334,3,-93.0,3,0,2,1,2,1,3,0
d0c1-bfe4-18f0,3335,3,-93.0,3,0,2,1,2,1,3,0
d0c1-bfe4-18f0,3336,3,-93.5,3,0,2,1,2,1,3,0
d0c1-bfe4-18f0,3337,3,-93.5,3,0,3,0,3,0,3,0
d0c1-bfe4-18f0,3338,3,-93.25,3,0,3,0,3,0,3,0
d0c1-bfe4-18f0,3339,3,-93.0,3,0,2,1,2,1,3,0
d0c1-bfe4-18f0,3340,3,-94.25,3,0,3,0,3,0,3,0
d0c1-bfe4-18f0,3341,3,-94.5,3,0,3,0,3,0,3,0
d0c1-bfe4-18f0,3342,3,-94.75,3,0,3,0,3,0,3,0
d0c1-bfe4-18f0,3343,3,-95.25,3,0,3,0,3,0,3,0
d0c1-bfe4-18f0,3344,3,-93.75,3,0,2,1,2,1,3,0
d0c1-bfe4-18f0,3345,3,-94.5,3,0,3,0,3,0,3,0
d0c1-bfe4-18f0,3346,3,-94.75,3,0,3,0,3,0,3,0
d0c1-bfe4-18f0,3347,3,-95.0,4,1,4,1,4,1,4,1
d0c1-bfe4-18f0,3348,3,-94.25,3,0,3,0,3,0,3,0
d0c1-bfe4-18f0,3349,3,-93.5,3,0,2,1,2,1,3,0
d0c1-bfe4-18f0,3350,3,-94.75,3,0,3,0,3,0,3,0
d0c1-bfe4-18f0,3351,3,-94.75,3,0,3,0,3,0,3,0
d0c1-bfe4-18f0,3352,3,-94.5,3,0,3,0,3,0,3,0
d0c1-bfe4-18f0,3353,3,-93.75,3,0,3,0,2,1,3,0
d0c1-bfe4-18f0,3354,3,-94.0,3,0,3,0,2,1,3,0
d0c1-bfe4-18f0,3355,2,-95.0,2,0,2,0,3,1,2,0
d0c1-bfe4-18f0,3356,2,-95.25,2,0,2,0,3,1,2,0
d0c1-bfe4-18f0,3357,2,-94.5,2,0,2,0,2,0,2,0
d0c1-bfe4-18f0,3358,2,-95.5,2,0,3,1,3,1,2,0
d0c1-bfe4-18f0,3359,2,-95.75,2,0,3,1,3,1,2,0
d0c1-bfe4-18f0,3360,2,-94.5,2,0,2,0,2,0,2,0
d0c1-bfe4-18f0,3361,2,-95.0,2,0,2,0,3,1,2,0
d0c1-bfe4-18f0,3362,2,-95.0,3,1,3,1,3,1,3,1
d0c1-bfe4-18f0,3363,2,-95.25,2,0,3,1,3,1,2,0
d0c1-bfe4-18f0,3364,2,-95.0,2,0,2,0,3,1,2,0
d0c1-bfe4-18f0,3365,2,-95.25,2,0,3,1,3,1,2,0
d0c1-bfe4-18f0,3366,2,-95.25,4,2,5,3,5,3,4,2
d0c1-bfe4-18f0,3367,2,-95.5,2,0,2,0,3,1,2,0
d0c1-bfe4-18f0,3368,2,-95.25,5,3,5,3,5,3,5,3
d0c1-bfe4-18f0,3369,2,-95.0,2,0,2,0,3,1,2,0
d0c1-bfe4-18f0,3370,2,-95.0,2,0,2,0,3,1,2,0
d0c1-bfe4-18f0,3371,2,-95.25,2,0,2,0,3,1,2,0
d0c1-bfe4-18f0,3372,2,-95.25,2,0,2,0,3,1,2,0
d0c1-bfe4-18f0,3373,2,-95.25,2,0,3,1,3,1,2,0
d0c1-bfe4-18f0,3374,2,-95.0,2,0,2,0,3,1,2,0
d0c1-bfe4-18f0,3375,2,-94.75,2,0,2,0,2,0,2,0
d0c1-bfe4-18f0,3376,2,-95.0,2,0,2,0,2,0,2,0
d0c1-bfe4-18f0,3377,2,-94.75,5,3,5,3,5,3,5,3
d0c1-bfe4-18f0,3378,2,-95.5,2,0,3,1,3,1,2,0
d0c1-bfe4-18f0,3379,2,-95.5,2,0,2,0,3,1,2,0
d0c1-bfe4-18f0,3380,2,-95.25,4,2,5,3,5,3,4,2
d0c1-bfe4-18f0,3381,2,-95.0,2,0,2,0,3,1,2,0
d0c1-bfe4-18f0,3382,2,-95.5,4,2,4,2,4,2,4,2
d0c1-bfe4-18f0,3383,2,-95.0,2,0,2,0,3,1,2,0
d0c1-bfe4-18f0,3384,2,-95.0,2,0,2,0,3,1,2,0
d0c1-bfe4-18f0,3385,2,-95.5,2,0,3,1,3,1,2,0
d0c1-bfe4-18f0,3386,2,-95.5,2,0,3,1,3,1,2,0
d0c1-bfe4-18f0,3387,2,-95.25,2,0,2,0,3,1,2,0
d0c1-bfe4-18f0,3388,2,-94.75,2,0,2,0,2,0,2,0
d0c1-bfe4-18f0,3389,2,-95.0,2,0,2,0,3,1,2,0
d0c1-bfe4-18f0,3390,2,-95.5,4,2,4,2,4,2,4,2
d0c1-bfe4-18f0,3391,2,-95.25,5,3,5,3,5,3,5,3
d0c1-bfe4-18f0,3392,2,-95.25,3,1,3,1,3,1,3,1
d0c1-bfe4-18f0,3393,2,-95.25,5,3,5,3,5,3,5,3
d0c1-bfe4-18f0,3394,2,-94.75,4,2,4,2,4,2,4,2
d0c1-bfe4-18f0,3395,2,-95.0,4,2,4,2,4,2,4,2
d0c1-bfe4-18f0,3396,2,-95.25,5,3,5,3,5,3,5,3
d0c1-bfe4-18f0,3397,2,-95.0,4,2,5,3,5,3,4,2
d0c1-bfe4-18f0,3398,2,-94.75,3,1,3,1,3,1,3,1
d0c1-bfe4-18f0,3399,2,-95.25,3,1,3,1,3,1,3,1
d0c1-bfe4-18f0,3400,2,-95.0,2,0,2,0,3,1,2,0
d0c1-bfe4-18f0,3401,2,-95.0,2,0,2,0,3,1,2,0
d0c1-bfe4-18f0,3402,2,-95.25,2,0,2,0,3,1,2,0
d0c1-bfe4-18f0,3403,3,-95.25,2,1,3,0,3,0,2,1
d0c1-bfe4-18f0,3404,2,-94.75,2,0,2,0,3,1,2,0
d0c1-bfe4-18f0,3405,2,-95.5,2,0,3,1,3,1,2,0
d0c1-bfe4-18f0,3406,2,-95.25,3,1,3,1,3,1,3,1
d0c1-bfe4-18f0,3407,2,-95.25,4,2,5,3,5,3,4,2
d0c1-bfe4-18f0,3408,2,-95.25,4,2,5,3,5,3,4,2
d0c1-bfe4-18f0,3409,2,-95.5,4,2,4,2,4,2,4,2
d0c1-bfe4-18f0,3410,2,-95.5,4,2,4,2,4,2,4,2
d0c1-bfe4-18f0,3411,2,-95.25,4,2,4,2,4,2,4,2
d0c1-bfe4-18f0,3412,2,-94.75,4,2,4,2,4,2,4,2
d0c1-bfe4-18f0,3413,2,-95.5,4,2,4,2,4,2,4,2
d0c1-bfe4-18f0,3414,2,-95.5,4,2,4,2,4,2,4,2
d0c1-bfe4-18f0,3415,2,-95.0,4,2,4,2,4,2,4,2
d0c1-bfe4-18f0,3416,2,-95.25,4,2,4,2,4,2,4,2
d0c1-bfe4-18f0,3417,2,-95.25,4,2,4,2,4,2,4,2
d0c1-bfe4-18f0,3418,2,-95.75,4,2,4,2,4,2,4,2
d0c1-bfe4-18f0,3419,2,-95.0,4,2,4,2,4,2,4,2
d0c1-bfe4-18f0,3420,2,-95.25,4,2,4,2,4,2,4,2
d0c1-bfe4-18f0,3421,2,-95.0,4,2,4,2,4,2,4,2
d0c1-bfe4-18f0,3422,2,-94.75,4,2,4,2,4,2,4,2
d0c1-bfe4-18f0,3423,2,-95.5,4,2,4,2,4,2,4,2
d0c1-bfe4-18f0,3424,2,-95.5,4,2,4,2,4,2,4,2
d0c1-bfe4-18f0,3425,2,-95.0,4,2,4,2,4,2,4,2
d0c1-bfe4-18f0,3426,2,-94.75,4,2,4,2,4,2,4,2
d0c1-bfe4-18f0,3427,2,-95.25,4,2,4,2,4,2,4,2
d0c1-bfe4-18f0,3428,2,-94.75,4,2,4,2,4,2,4,2
d0c1-bfe4-18f0,3429,2,-95.0,4,2,4,2,4,2,4,2
d0c1-bfe4-18f0,3430,2,-95.0,4,2,4,2,4,2,4,2
d0c1-bfe4-18f0,3431,2,-95.0,4,2,4,2,4,2,4,2
d0c1-bfe4-18f0,3432,2,-94.5,4,2,4,2,4,2,4,2
d0c1-bfe4-18f0,3433,2,-95.0,4,2,4,2,4,2,4,2
d0c1-bfe4-18f0,3434,2,-94.5,4,2,4,2,4,2,4,2
d0c1-bfe4-18f0,3435,2,-95.0,4,2,4,2,4,2,4,2
d0c1-bfe4-18f0,3436,2,-94.75,4,2,4,2,4,2,4,2
d0c1-bfe4-18f0,3437,2,-94.0,5,3,5,3,4,2,5,3
d0c1-bfe4-18f0,3438,2,-94.25,5,3,5,3,5,3,5,3
d0c1-bfe4-18f0,3439,2,-95.5,4,2,5,3,5,3,4,2
d0c1-bfe4-18f0,3440,2,-94.0,5,3,5,3,4,2,5,3
d0c1-bfe4-18f0,3441,2,-95.0,4,2,4,2,4,2,4,2
d0c1-bfe4-18f0,3442,2,-95.0,4,2,4,2,4,2,4,2
d0c1-bfe4-18f0,3443,2,-94.0,4,2,4,2,4,2,4,2
d0c1-bfe4-18f0,3444,2,-94.75,4,2,4,2,4,2,4,2
d0c1-bfe4-18f0,3445,2,-95.0,4,2,4,2,4,2,4,2
d0c1-bfe4-18f0,3446,2,-95.5,4,2,5,3,5,3,4,2
d0c1-bfe4-18f0,3447,2,-95.75,4,2,5,3,5,3,4,2
d0c1-bfe4-18f0,3448,2,-94.25,4,2,4,2,4,2,4,2
d0c1-bfe4-18f0,3449,2,-94.75,4,2,4,2,4,2,4,2
d0c1-bfe4-18f0,3450,2,-94.5,5,3,5,3,5,3,5,3
d0c1-bfe4-18f0,3451,2,-94.25,4,2,4,2,4,2,4,2
d0c1-bfe4-18f0,3452,2,-95.25,5,3,5,3,5,3,5,3
d0c1-bfe4-18f0,3453,2,-95.0,4,2,4,2,4,2,4,2
d0c1-bfe4-18f0,3454,2,-94.75,4,2,4,2,4,2,4,2
d0c1-bfe4-18f0,3455,2,-95.5,4,2,4,2,4,2,4,2
d0c1-bfe4-18f0,3456,2,-94.75,4,2,4,2,4,2,4,2
d0c1-bfe4-18f0,3457,2,-95.5,5,3,5,3,5,3,5,3
d0c1-bfe4-18f0,3458,2,-95.0,4,2,4,2,4,2,4,2
d0c1-bfe4-18f0,3459,2,-95.25,4,2,4,2,4,2,4,2
d0c1-bfe4-18f0,3460,2,-94.75,5,3,5,3,5,3,5,3
d0c1-bfe4-18f0,3461,2,-94.75,5,3,5,3,5,3,5,3
d0c1-bfe4-18f0,3462,2,-94.25,4,2,4,2,4,2,4,2
d0c1-bfe4-18f0,3463,2,-95.0,5,3,5,3,5,3,5,3
d0c1-bfe4-18f0,3464,2,-95.25,5,3,5,3,5,3,5,3
d0c1-bfe4-18f0,3465,2,-95.0,4,2,4,2,4,2,4,2
d0c1-bfe4-18f0,3466,2,-95.0,5,3,5,3,5,3,5,3
d0c1-bfe4-18f0,3467,2,-94.75,5,3,5,3,5,3,5,3
d0c1-bfe4-18f0,3468,2,-94.0,4,2,4,2,4,2,4,2
d0c1-bfe4-18f0,3469,2,-95.25,5,3,5,3,5,3,5,3
d0c1-bfe4-18f0,3470,2,-95.25,4,2,4,2,4,2,4,2
d0c1-bfe4-18f0,3471,2,-94.75,4,2,4,2,4,2,4,2
d0c1-bfe4-18f0,3472,2,-95.0,4,2,4,2,4,2,4,2
d0c1-bfe4-18f0,3473,2,-95.0,4,2,4,2,4,2,4,2
d0c1-bfe4-18f0,3474,2,-95.25,4,2,4,2,4,2,4,2
d0c1-bfe4-18f0,3475,2,-95.25,4,2,5,3,4,2,4,2
d0c1-bfe4-18f0,3476,2,-95.0,4,2,4,2,4,2,4,2
d0c1-bfe4-18f0,3477,2,-95.25,4,2,4,2,4,2,4,2
d0c1-bfe4-18f0,3478,2,-95.0,4,2,4,2,4,2,4,2
d0c1-bfe4-18f0,3479,2,-95.25,4,2,4,2,4,2,4,2
d0c1-bfe4-18f0,3480,2,-94.5,4,2,4,2,4,2,4,2
d0c1-bfe4-18f0,3481,2,-94.75,4,2,4,2,4,2,4,2
d0c1-bfe4-18f0,3482,2,-94.75,4,2,4,2,4,2,4,2
d0c1-bfe4-18f0,3483,2,-95.25,4,2,4,2,4,2,4,2
d0c1-bfe4-18f0,3484,2,-94.25,4,2,4,2,4,2,4,2
d0c1-bfe4-18f0,3485,2,-92.5,5,3,5,3,4,2,5,3
d0c1-bfe4-18f0,3486,2,-94.75,4,2,4,2,4,2,4,2
d0c1-bfe4-18f0,3487,2,-94.75,4,2,4,2,4,2,4,2
d0c1-bfe4-18f0,3488,2,-95.0,4,2,4,2,4,2,4,2
d0c1-bfe4-18f0,3489,2,-94.75,4,2,4,2,4,2,4,2
d0c1-bfe4-18f0,3490,2,-94.5,4,2,4,2,4,2,4,2
d0c1-bfe4-18f0,3491,2,-95.5,4,2,5,3,5,3,4,2
d0c1-bfe4-18f0,3492,2,-95.0,4,2,4,2,4,2,4,2
d0c1-bfe4-18f0,3493,2,-95.25,4,2,4,2,4,2,4,2
d0c1-bfe4-18f0,3494,2,-94.75,4,2,4,2,4,2,4,2
d0c1-bfe4-18f0,3495,2,-95.25,4,2,4,2,4,2,4,2
d0c1-bfe4-18f0,3496,2,-93.0,4,2,4,2,4,2,4,2
d0c1-bfe4-18f0,3497,2,-95.0,4,2,4,2,4,2,4,2
d0c1-bfe4-18f0,3498,2,-94.25,4,2,4,2,4,2,4,2
d0c1-bfe4-18f0,3499,2,-94.75,4,2,4,2,4,2,4,2
d0c1-bfe4-18f0,3500,2,-95.0,4,2,4,2,4,2,4,2
d0c1-bfe4-18f0,3501,2,-94.75,4,2,4,2,4,2,4,2
d0c1-bfe4-18f0,3502,2,-95.75,4,2,5,3,5,3,4,2
d0c1-bfe4-18f0,3503,2,-95.25,4,2,4,2,4,2,4,2
d0c1-bfe4-18f0,3504,2,-94.75,4,2,4,2,4,2,4,2
d0c1-bfe4-18f0,3505,2,-95.25,4,2,4,2,4,2,4,2
d0c1-bfe4-18f0,3506,2,-95.0,4,2,4,2,4,2,4,2
d0c1-bfe4-18f0,3507,2,-95.5,4,2,4,2,5,3,4,2
d0c1-bfe4-18f0,3508,2,-95.5,4,2,4,2,5,3,4,2
d0c1-bfe4-18f0,3509,2,-95.0,4,2,4,2,4,2,4,2
d0c1-bfe4-18f0,3510,2,-94.75,4,2,4,2,4,2,4,2
d0c1-bfe4-18f0,3511,2,-95.0,5,3,5,3,5,3,5,3
d0c1-bfe4-18f0,3512,2,-95.25,5,3,5,3,5,3,5,3
d0c1-bfe4-18f0,3513,2,-95.25,3,1,3,1,3,1,3,1
d0c1-bfe4-18f0,3514,2,-95.0,4,2,4,2,4,2,4,2
d0c1-bfe4-18f0,3515,2,-95.0,5,3,5,3,5,3,5,3
d0c1-bfe4-18f0,3516,2,-94.75,4,2,4,2,4,2,4,2
d0c1-bfe4-18f0,3517,2,-95.25,4,2,4,2,4,2,4,2
d0c1-bfe4-18f0,3518,2,-95.25,5,3,5,3,5,3,5,3
d0c1-bfe4-18f0,3519,2,-95.0,4,2,4,2,4,2,4,2
d0c1-bfe4-18f0,3520,2,-95.25,4,2,4,2,4,2,4,2
d0c1-bfe4-18f0,3521,2,-94.75,4,2,4,2,4,2,4,2
d0c1-bfe4-18f0,3522,2,-95.25,4,2,4,2,4,2,4,2
d0c1-bfe4-18f0,3523,2,-95.25,4,2,4,2,4,2,4,2
d0c1-bfe4-18f0,3524,2,-95.0,4,2,4,2,4,2,4,2
d0c1-bfe4-18f0,3525,2,-95.5,4,2,4,2,4,2,4,2
d0c1-bfe4-18f0,3526,2,-95.25,4,2,4,2,4,2,4,2
d0c1-bfe4-18f0,3527,2,-95.25,3,1,3,1,3,1,3,1
d0c1-bfe4-18f0,3528,2,-95.0,4,2,4,2,4,2,4,2
d0c1-bfe4-18f0,3529,2,-95.0,4,2,4,2,4,2,4,2
d0c1-bfe4-18f0,3530,2,-95.25,4,2,4,2,4,2,4,2
d0c1-bfe4-18f0,3531,2,-95.75,4,2,5,3,5,3,4,2
d0c1-bfe4-18f0,3532,2,-95.0,4,2,4,2,4,2,4,2
d0c1-bfe4-18f0,3533,2,-95.25,4,2,4,2,4,2,4,2
d0c1-bfe4-18f0,3534,2,-94.75,5,3,5,3,5,3,5,3
d0c1-bfe4-18f0,3535,2,-95.0,4,2,4,2,4,2,4,2
d0c1-bfe4-18f0,3536,2,-95.25,5,3,5,3,5,3,5,3
d0c1-bfe4-18f0,3537,2,-95.25,4,2,4,2,4,2,4,2
d0c1-bfe4-18f0,3538,2,-95.0,5,3,5,3,5,3,5,3
d0c1-bfe4-18f0,3539,2,-95.0,5,3,5,3,5,3,5,3
d0c1-bfe4-18f0,3540,2,-95.0,4,2,4,2,4,2,4,2
d0c1-bfe4-18f0,3541,2,-95.5,4,2,4,2,5,3,4,2
d0c1-bfe4-18f0,3542,2,-95.25,4,2,4,2,4,2,4,2
d0c1-bfe4-18f0,3543,2,-95.0,4,2,4,2,4,2,4,2
d0c1-bfe4-18f0,3544,2,-95.0,4,2,4,2,4,2,4,2
d0c1-bfe4-18f0,3545,2,-95.25,5,3,5,3,5,3,5,3
d0c1-bfe4-18f0,3546,2,-95.75,4,2,4,2,5,3,4,2
d0c1-bfe4-18f0,3547,2,-95.0,4,2,4,2,4,2,4,2
d0c1-bfe4-18f0,3548,2,-95.75,4,2,5,3,5,3,4,2
d0c1-bfe4-18f0,3549,2,-94.75,4,2,4,2,4,2,4,2
d0c1-bfe4-18f0,3550,2,-93.75,4,2,4,2,4,2,4,2
d0c1-bfe4-18f0,3551,2,-95.0,5,3,5,3,5,3,5,3
d0c1-bfe4-18f0,3552,2,-95.25,4,2,4,2,4,2,4,2
d0c1-bfe4-18f0,3553,2,-95.0,5,3,5,3,5,3,5,3
d0c1-bfe4-18f0,3554,2,-95.5,4,2,4,2,4,2,4,2
d0c1-bfe4-18f0,3555,2,-95.25,5,3,5,3,5,3,5,3
d0c1-bfe4-18f0,3556,2,-95.5,4,2,4,2,5,3,4,2
d0c1-bfe4-18f0,3557,2,-95.0,5,3,5,3,5,3,5,3
d0c1-bfe4-18f0,3558,2,-95.25,4,2,4,2,4,2,4,2
d0c1-bfe4-18f0,3559,2,-95.5,4,2,4,2,4,2,4,2
d0c1-bfe4-18f0,3560,2,-95.5,4,2,4,2,4,2,4,2
d0c1-bfe4-18f0,3561,2,-95.0,5,3,5,3,5,3,5,3
d0c1-bfe4-18f0,3562,2,-95.0,5,3,5,3,5,3,5,3
d0c1-bfe4-18f0,3563,2,-95.0,5,3,5,3,5,3,5,3
d0c1-bfe4-18f0,3564,2,-95.0,4,2,4,2,4,2,4,2
d0c1-bfe4-18f0,3565,2,-95.25,4,2,4,2,4,2,4,2
d0c1-bfe4-18f0,3566,2,-95.25,4,2,4,2,4,2,4,2
d0c1-bfe4-18f0,3567,2,-95.5,4,2,4,2,4,2,4,2
d0c1-bfe4-18f0,3568,2,-95.25,3,1,3,1,3,1,3,1
d0c1-bfe4-18f0,3569,2,-95.0,4,2,4,2,4,2,4,2
d0c1-bfe4-18f0,3570,2,-95.0,4,2,4,2,4,2,4,2
d0c1-bfe4-18f0,3571,2,-95.5,4,2,5,3,4,2,4,2
d0c1-bfe4-18f0,3572,2,-95.25,4,2,4,2,4,2,4,2
d0c1-bfe4-18f0,3573,2,-95.0,4,2,4,2,4,2,4,2
d0c1-bfe4-18f0,3574,2,-93.0,4,2,4,2,4,2,4,2
d0c1-bfe4-18f0,3575,2,-95.5,4,2,5,3,5,3,4,2
d0c1-bfe4-18f0,3576,2,-95.5,4,2,4,2,4,2,4,2
d0c1-bfe4-18f0,3577,2,-95.5,4,2,4,2,4,2,4,2
d0c1-bfe4-18f0,3578,2,-95.25,4,2,4,2,4,2,4,2
d0c1-bfe4-18f0,3579,2,-95.0,4,2,4,2,4,2,4,2
d0c1-bfe4-18f0,3580,2,-94.75,4,2,4,2,4,2,4,2
d0c1-bfe4-18f0,3581,2,-95.0,4,2,4,2,4,2,4,2
d0c1-bfe4-18f0,3582,2,-95.25,4,2,4,2,4,2,4,2
d0c1-bfe4-18f0,3583,2,-95.0,5,3,5,3,5,3,5,3
d0c1-bfe4-18f0,3584,6,-87.75,7,1,7,1,7,1,7,1
d0c1-bfe4-18f0,3585,6,-87.75,7,1,7,1,7,1,7,1
d0c1-bfe4-18f0,3586,7,-87.5,7,0,7,0,7,0,7,0
d0c1-bfe4-18f0,3587,7,-85.75,7,0,7,0,7,0,7,0
d0c1-bfe4-18f0,3588,7,-88.5,9,2,8,1,8,1,9,2
d0c1-bfe4-18f0,3589,7,-88.75,7,0,7,0,7,0,7,0
d0c1-bfe4-18f0,3590,7,-89.75,7,0,7,0,7,0,7,0
d0c1-bfe4-18f0,3591,7,-87.75,7,0,7,0,7,0,7,0
d0c1-bfe4-18f0,3592,7,-90.75,7,0,8,1,8,1,7,0
d0c1-bfe4-18f0,3593,7,-89.75,7,0,7,0,7,0,7,0
d0c1-bfe4-18f0,3594,7,-88.0,7,0,7,0,7,0,7,0
d0c1-bfe4-18f0,3595,7,-87.5,7,0,7,0,7,0,7,0
d0c1-bfe4-18f0,3596,7,-87.5,7,0,7,0,7,0,7,0
d0c1-bfe4-18f0,3597,7,-88.0,7,0,7,0,7,0,7,0
d0c1-bfe4-18f0,3598,7,-90.0,7,0,7,0,7,0,7,0
d0c1-bfe4-18f0,3599,7,-89.0,7,0,7,0,7,0,7,0
d0c1-bfe4-18f0,3600,7,-88.25,7,0,7,0,7,0,7,0
d0c1-bfe4-18f0,3601,7,-88.0,7,0,7,0,7,0,7,0
d0c1-bfe4-18f0,3602,7,-87.5,7,0,7,0,7,0,7,0
d0c1-bfe4-18f0,3603,7,-88.25,7,0,7,0,7,0,7,0
d0c1-bfe4-18f0,3604,7,-89.5,7,0,7,0,7,0,7,0
d0c1-bfe4-18f0,3605,7,-90.25,7,0,8,1,8,1,7,0
d0c1-bfe4-18f0,3606,7,-88.25,7,0,7,0,7,0,7,0
d0c1-bfe4-18f0,3607,7,-87.5,7,0,7,0,7,0,7,0
d0c1-bfe4-18f0,3608,7,-88.0,7,0,7,0,7,0,7,0
d0c1-bfe4-18f0,3609,7,-90.25,7,0,7,0,8,1,7,0
d0c1-bfe4-18f0,3610,7,-89.75,7,0,7,0,7,0,7,0
d0c1-bfe4-18f0,3611,7,-90.25,7,0,8,1,8,1,7,0
d0c1-bfe4-18f0,3612,7,-87.25,7,0,7,0,7,0,7,0
d0c1-bfe4-18f0,3613,7,-87.5,7,0,7,0,7,0,7,0
d0c1-bfe4-18f0,3614,7,-89.75,7,0,7,0,7,0,7,0
d0c1-bfe4-18f0,3615,7,-89.5,7,0,7,0,7,0,7,0
d0c1-bfe4-18f0,3616,7,-87.75,7,0,7,0,7,0,7,0
d0c1-bfe4-18f0,3617,7,-88.75,7,0,7,0,7,0,7,0
d0c1-bfe4-18f0,3618,7,-90.5,7,0,8,1,8,1,7,0
d0c1-bfe4-18f0,3619,7,-87.75,7,0,7,0,7,0,7,0
d0c1-bfe4-18f0,3620,7,-90.25,7,0,8,1,8,1,7,0
d0c1-bfe4-18f0,3621,7,-89.0,7,0,7,0,7,0,7,0
d0c1-bfe4-18f0,3622,7,-90.5,7,0,7,0,8,1,7,0
d0c1-bfe4-18f0,3623,7,-89.25,7,0,7,0,7,0,7,0
d0c1-bfe4-18f0,3624,7,-89.5,7,0,7,0,7,0,7,0
d0c1-bfe4-18f0,3625,7,-86.75,7,0,7,0,7,0,7,0
d0c1-bfe4-18f0,3626,7,-86.5,7,0,7,0,7,0,7,0
d0c1-bfe4-18f0,3627,7,-85.0,7,0,7,0,7,0,7,0
d0c1-bfe4-18f0,3628,7,-88.25,7,0,7,0,7,0,7,0
d0c1-bfe4-18f0,3629,7,-89.0,7,0,7,0,7,0,7,0
d0c1-bfe4-18f0,3630,7,-87.25,7,0,7,0,7,0,7,0
d0c1-bfe4-18f0,3631,7,-87.25,7,0,7,0,7,0,7,0
d0c1-bfe4-18f0,3632,7,-88.0,7,0,7,0,7,0,7,0
d0c1-bfe4-18f0,3633,7,-88.25,7,0,7,0,7,0,7,0
d0c1-bfe4-18f0,3634,7,-87.0,7,0,7,0,7,0,7,0
d0c1-bfe4-18f0,3635,7,-89.75,7,0,7,0,7,0,7,0
d0c1-bfe4-18f0,3636,7,-89.75,7,0,7,0,7,0,7,0
d0c1-bfe4-18f0,3637,7,-90.75,7,0,7,0,8,1,7,0
d0c1-bfe4-18f0,3638,7,-90.5,7,0,8,1,8,1,7,0
d0c1-bfe4-18f0,3639,7,-87.75,7,0,7,0,7,0,7,0
d0c1-bfe4-18f0,3640,7,-86.5,7,0,7,0,7,0,7,0
d0c1-bfe4-18f0,3641,7,-86.75,7,0,7,0,7,0,7,0
d0c1-bfe4-18f0,3642,7,-90.75,7,0,8,1,8,1,7,0
d0c1-bfe4-18f0,3643,7,-87.0,7,0,7,0,7,0,7,0
d0c1-bfe4-18f0,3644,7,-88.0,7,0,7,0,7,0,7,0
d0c1-bfe4-18f0,3645,7,-88.75,7,0,7,0,7,0,7,0
d0c1-bfe4-18f0,3646,7,-87.25,7,0,7,0,7,0,7,0
d0c1-bfe4-18f0,3647,7,-86.5,7,0,7,0,7,0,7,0
d0c1-bfe4-18f0,3648,7,-86.75,7,0,7,0,7,0,7,0
d0c1-bfe4-18f0,3649,7,-90.5,7,0,8,1,8,1,7,0
d0c1-bfe4-18f0,3650,7,-91.0,7,0,8,1,8,1,7,0
d0c1-bfe4-18f0,3651,7,-90.75,7,0,8,1,8,1,7,0
d0c1-bfe4-18f0,3652,7,-88.25,7,0,7,0,7,0,7,0
d0c1-bfe4-18f0,3653,7,-88.0,7,0,7,0,7,0,7,0
d0c1-bfe4-18f0,3654,7,-90.0,7,0,7,0,8,1,7,0
d0c1-bfe4-18f0,3655,7,-87.0,7,0,7,0,7,0,7,0
d0c1-bfe4-18f0,3656,7,-91.0,7,0,8,1,8,1,7,0
d0c1-bfe4-18f0,3657,7,-87.75,7,0,7,0,7,0,7,0
d0c1-bfe4-18f0,3658,7,-90.75,7,0,8,1,8,1,7,0
d0c1-bfe4-18f0,3659,7,-85.0,7,0,7,0,7,0,7,0
d0c1-bfe4-18f0,3660,7,-86.5,7,0,7,0,7,0,7,0
d0c1-bfe4-18f0,3661,7,-89.75,7,0,7,0,7,0,7,0
d0c1-bfe4-18f0,3662,7,-89.0,7,0,7,0,7,0,7,0
d0c1-bfe4-18f0,3663,7,-90.5,7,0,7,0,8,1,7,0
d0c1-bfe4-18f0,3664,7,-88.0,7,0,7,0,7,0,7,0
d0c1-bfe4-18f0,3665,7,-87.75,7,0,7,0,7,0,7,0
d0c1-bfe4-18f0,3666,7,-89.25,7,0,7,0,7,0,7,0
d0c1-bfe4-18f0,3667,7,-87.25,7,0,7,0,7,0,7,0
d0c1-bfe4-18f0,3668,7,-87.0,7,0,7,0,7,0,7,0
d0c1-bfe4-18f0,3669,7,-88.75,7,0,7,0,7,0,7,0
d0c1-bfe4-18f0,3670,7,-89.5,7,0,7,0,7,0,7,0
d0c1-bfe4-18f0,3671,7,-87.5,7,0,7,0,7,0,7,0
d0c1-bfe4-18f0,3672,7,-87.0,7,0,7,0,7,0,7,0
d0c1-bfe4-18f0,3673,7,-86.0,7,0,7,0,7,0,7,0
d0c1-bfe4-18f0,3674,7,-90.5,7,0,8,1,8,1,7,0
d0c1-bfe4-18f0,3675,7,-86.75,7,0,7,0,7,0,7,0
d0c1-bfe4-18f0,3676,7,-89.75,7,0,7,0,7,0,7,0
d0c1-bfe4-18f0,3677,7,-89.75,7,0,7,0,7,0,7,0
d0c1-bfe4-18f0,3678,7,-88.75,7,0,7,0,7,0,7,0
d0c1-bfe4-18f0,3679,7,-89.25,7,0,7,0,7,0,7,0
d0c1-bfe4-18f0,3680,7,-89.75,7,0,7,0,7,0,7,0
d0c1-bfe4-18f0,3681,7,-88.75,7,0,7,0,7,0,7,0
d0c1-bfe4-18f0,3682,7,-87.5,7,0,7,0,7,0,7,0
d0c1-bfe4-18f0,3683,7,-86.0,7,0,7,0,7,0,7,0
d0c1-bfe4-18f0,3684,7,-87.25,7,0,7,0,7,0,7,0
d0c1-bfe4-18f0,3685,7,-93.75,7,0,7,0,7,0,7,0
d0c1-bfe4-18f0,3686,7,-94.5,7,0,7,0,7,0,7,0
d0c1-bfe4-18f0,3687,7,-94.0,7,0,7,0,7,0,7,0
d0c1-bfe4-18f0,3688,7,-94.75,7,0,7,0,7,0,7,0
d0c1-bfe4-18f0,3689,7,-93.5,7,0,7,0,7,0,7,0
d0c1-bfe4-18f0,3690,7,-94.25,7,0,7,0,7,0,7,0
d0c1-bfe4-18f0,3691,7,-94.75,7,0,7,0,7,0,7,0
d0c1-bfe4-18f0,3692,7,-94.0,7,0,7,0,7,0,7,0
d0c1-bfe4-18f0,3693,7,-94.25,7,0,7,0,7,0,7,0
d0c1-bfe4-18f0,3694,7,-93.75,7,0,7,0,7,0,7,0
d0c1-bfe4-18f0,3695,7,-94.0,7,0,7,0,7,0,7,0
d0c1-bfe4-18f0,3696,7,-93.75,7,0,7,0,7,0,7,0
d0c1-bfe4-18f0,3697,7,-94.0,7,0,7,0,7,0,7,0
d0c1-bfe4-18f0,3698,7,-93.75,7,0,7,0,7,0,7,0
d0c1-bfe4-18f0,3699,7,-94.5,7,0,7,0,7,0,7,0
d0c1-bfe4-18f0,3700,7,-94.75,7,0,7,0,7,0,7,0
d0c1-bfe4-18f0,3701,7,-95.0,7,0,7,0,7,0,7,0
d0c1-bfe4-18f0,3702,7,-94.25,7,0,7,0,7,0,7,0
d0c1-bfe4-18f0,3703,7,-93.75,7,0,7,0,7,0,7,0
d0c1-bfe4-18f0,3704,7,-93.75,7,0,7,0,7,0,7,0
d0c1-bfe4-18f0,3705,7,-94.75,7,0,7,0,7,0,7,0
d0c1-bfe4-18f0,3706,7,-93.75,7,0,7,0,7,0,7,0
d0c1-bfe4-18f0,3707,7,-94.75,7,0,7,0,7,0,7,0
d0c1-bfe4-18f0,3708,7,-94.0,7,0,7,0,7,0,7,0
d0c1-bfe4-18f0,3709,7,-94.75,7,0,7,0,7,0,7,0
d0c1-bfe4-18f0,3710,7,-94.5,7,0,7,0,7,0,7,0
d0c1-bfe4-18f0,3711,7,-94.75,7,0,7,0,7,0,7,0
d0c1-bfe4-18f0,3712,7,-94.0,7,0,7,0,7,0,7,0
d0c1-bfe4-18f0,3713,7,-94.5,7,0,7,0,7,0,7,0
d0c1-bfe4-18f0,3714,7,-95.0,7,0,7,0,7,0,7,0
d0c1-bfe4-18f0,3715,7,-93.5,7,0,7,0,7,0,7,0
d0c1-bfe4-18f0,3716,7,-94.75,7,0,7,0,7,0,7,0
d0c1-bfe4-18f0,3717,7,-93.75,7,0,7,0,7,0,7,0
d0c1-bfe4-18f0,3718,7,-94.5,7,0,7,0,7,0,7,0
d0c1-bfe4-18f0,3719,7,-95.0,7,0,7,0,7,0,7,0
d0c1-bfe4-18f0,3720,7,-93.5,7,0,7,0,7,0,7,0
d0c1-bfe4-18f0,3721,7,-95.0,7,0,7,0,7,0,7,0
d0c1-bfe4-18f0,3722,7,-95.0,7,0,7,0,7,0,7,0
d0c1-bfe4-18f0,3723,7,-94.0,7,0,7,0,7,0,7,0
d0c1-bfe4-18f0,3724,7,-94.75,7,0,7,0,7,0,7,0
d0c1-bfe4-18f0,3725,7,-94.25,7,0,7,0,7,0,7,0
d0c1-bfe4-18f0,3726,7,-94.25,7,0,7,0,7,0,7,0
d0c1-bfe4-18f0,3727,7,-93.5,7,0,7,0,7,0,7,0
d0c1-bfe4-18f0,3728,7,-94.25,7,0,7,0,7,0,7,0
d0c1-bfe4-18f0,3729,7,-92.75,7,0,7,0,7,0,7,0
d0c1-bfe4-18f0,3730,7,-94.5,7,0,7,0,7,0,7,0
d0c1-bfe4-18f0,3731,7,-94.25,7,0,7,0,7,0,7,0
d0c1-bfe4-18f0,3732,7,-95.0,7,0,7,0,7,0,7,0
d0c1-bfe4-18f0,3733,7,-94.75,7,0,7,0,7,0,7,0
d0c1-bfe4-18f0,3734,7,-94.5,7,0,7,0,7,0,7,0
d0c1-bfe4-18f0,3735,7,-94.0,7,0,7,0,7,0,7,0
d0c1-bfe4-18f0,3736,7,-94.5,7,0,7,0,7,0,7,0
d0c1-bfe4-18f0,3737,7,-94.75,7,0,7,0,7,0,7,0
d0c1-bfe4-18f0,3738,7,-94.5,7,0,7,0,7,0,7,0
d0c1-bfe4-18f0,3739,7,-93.25,7,0,7,0,7,0,7,0
d0c1-bfe4-18f0,3740,7,-94.25,7,0,7,0,7,0,7,0
d0c1-bfe4-18f0,3741,7,-94.75,7,0,7,0,7,0,7,0
d0c1-bfe4-18f0,3742,7,-94.5,7,0,7,0,7,0,7,0
d0c1-bfe4-18f0,3743,7,-94.5,7,0,7,0,7,0,7,0
d0c1-bfe4-18f0,3744,7,-94.25,7,0,7,0,7,0,7,0
d0c1-bfe4-18f0,3745,7,-94.25,7,0,7,0,7,0,7,0
d0c1-bfe4-18f0,3746,7,-94.5,7,0,7,0,7,0,7,0
d0c1-bfe4-18f0,3747,7,-94.75,7,0,7,0,7,0,7,0
d0c1-bfe4-18f0,3748,7,-94.25,7,0,7,0,7,0,7,0
d0c1-bfe4-18f0,3749,7,-93.5,7,0,7,0,7,0,7,0
d0c1-bfe4-18f0,3750,7,-94.25,7,0,7,0,7,0,7,0
d0c1-bfe4-18f0,3751,7,-94.25,7,0,7,0,7,0,7,0
d0c1-bfe4-18f0,3752,7,-94.0,7,0,7,0,7,0,7,0
d0c1-bfe4-18f0,3753,7,-94.25,7,0,7,0,7,0,7,0
d0c1-bfe4-18f0,3754,7,-94.0,7,0,7,0,7,0,7,0
d0c1-bfe4-18f0,3755,7,-94.0,7,0,7,0,7,0,7,0
d0c1-bfe4-18f0,3756,6,-95.25,4,2,4,2,4,2,4,2
d0c1-bfe4-18f0,3757,6,-94.25,4,2,4,2,4,2,4,2
d0c1-bfe4-18f0,3758,6,-94.75,4,2,4,2,4,2,4,2
d0c1-bfe4-18f0,3759,6,-94.75,4,2,4,2,4,2,4,2
d0c1-bfe4-18f0,3760,6,-94.5,4,2,4,2,4,2,4,2
d0c1-bfe4-18f0,3761,6,-95.0,4,2,4,2,4,2,4,2
d0c1-bfe4-18f0,3762,6,-95.5,4,2,4,2,4,2,4,2
d0c1-bfe4-18f0,3763,6,-95.0,4,2,4,2,4,2,4,2
d0c1-bfe4-18f0,3764,6,-95.0,4,2,4,2,4,2,4,2
d0c1-bfe4-18f0,3765,6,-94.75,4,2,4,2,4,2,4,2
d0c1-bfe4-18f0,3766,6,-94.75,4,2,4,2,4,2,4,2
d0c1-bfe4-18f0,3767,6,-94.75,4,2,4,2,4,2,4,2
d0c1-bfe4-18f0,3768,6,-95.25,4,2,4,2,4,2,4,2
d0c1-bfe4-18f0,3769,6,-94.5,4,2,4,2,4,2,4,2
d0c1-bfe4-18f0,3770,6,-94.5,4,2,4,2,4,2,4,2
d0c1-bfe4-18f0,3771,6,-94.25,5,1,5,1,5,1,5,1
d0c1-bfe4-18f0,3772,6,-94.75,4,2,4,2,4,2,4,2
d0c1-bfe4-18f0,3773,6,-95.0,4,2,4,2,4,2,4,2
d0c1-bfe4-18f0,3774,6,-95.0,4,2,4,2,4,2,4,2
d0c1-bfe4-18f0,3775,6,-95.0,4,2,4,2,4,2,4,2
d0c1-bfe4-18f0,3776,6,-94.75,4,2,4,2,4,2,4,2
d0c1-bfe4-18f0,3777,6,-94.5,4,2,4,2,4,2,4,2
d0c1-bfe4-18f0,3778,6,-95.0,4,2,4,2,4,2,4,2
d0c1-bfe4-18f0,3779,6,-95.0,4,2,4,2,4,2,4,2
d0c1-bfe4-18f0,3780,6,-95.0,4,2,4,2,4,2,4,2
d0c1-bfe4-18f0,3781,6,-95.0,4,2,4,2,4,2,4,2
d0c1-bfe4-18f0,3782,6,-94.75,4,2,4,2,4,2,4,2
d0c1-bfe4-18f0,3783,6,-94.25,4,2,4,2,4,2,4,2
d0c1-bfe4-18f0,3784,6,-95.25,4,2,4,2,4,2,4,2
d0c1-bfe4-18f0,3785,6,-95.25,4,2,4,2,4,2,4,2
d0c1-bfe4-18f0,3786,6,-95.0,4,2,4,2,4,2,4,2
d0c1-bfe4-18f0,3787,6,-95.0,4,2,4,2,4,2,4,2
d0c1-bfe4-18f0,3788,6,-95.25,4,2,4,2,4,2,4,2
d0c1-bfe4-18f0,3789,6,-95.0,4,2,4,2,4,2,4,2
d0c1-bfe4-18f0,3790,6,-95.0,4,2,4,2,4,2,4,2
d0c1-bfe4-18f0,3791,6,-95.5,5,1,5,1,5,1,5,1
d0c1-bfe4-18f0,3792,6,-94.75,5,1,5,1,5,1,5,1
d0c1-bfe4-18f0,3793,6,-95.25,4,2,4,2,4,2,4,2
d0c1-bfe4-18f0,3794,6,-93.25,4,2,4,2,4,2,4,2
d0c1-bfe4-18f0,3795,6,-95.0,4,2,4,2,4,2,4,2
d0c1-bfe4-18f0,3796,6,-94.75,4,2,4,2,4,2,4,2
d0c1-bfe4-18f0,3797,6,-95.0,4,2,4,2,4,2,4,2
d0c1-bfe4-18f0,3798,6,-94.5,4,2,4,2,4,2,4,2
d0c1-bfe4-18f0,3799,6,-95.0,4,2,4,2,4,2,4,2
d0c1-bfe4-18f0,3800,6,-94.75,4,2,4,2,4,2,4,2
d0c1-bfe4-18f0,3801,6,-94.75,5,1,5,1,5,1,5,1
d0c1-bfe4-18f0,3802,6,-95.25,4,2,4,2,4,2,4,2
d0c1-bfe4-18f0,3803,6,-94.5,4,2,4,2,4,2,4,2
d0c1-bfe4-18f0,3804,6,-95.0,4,2,4,2,4,2,4,2
d0c1-bfe4-18f0,3805,6,-95.25,4,2,4,2,4,2,4,2
d0c1-bfe4-18f0,3806,6,-95.0,4,2,4,2,4,2,4,2
d0c1-bfe4-18f0,3807,6,-94.75,4,2,4,2,4,2,4,2
d0c1-bfe4-18f0,3808,6,-94.75,4,2,4,2,4,2,4,2
d0c1-bfe4-18f0,3809,6,-95.0,4,2,4,2,4,2,4,2
d0c1-bfe4-18f0,3810,6,-94.5,5,1,5,1,5,1,5,1
d0c1-bfe4-18f0,3811,6,-94.75,4,2,4,2,4,2,4,2
d0c1-bfe4-18f0,3812,6,-95.0,4,2,4,2,4,2,4,2
d0c1-bfe4-18f0,3813,6,-94.5,4,2,4,2,4,2,4,2
d0c1-bfe4-18f0,3814,6,-94.75,5,1,5,1,5,1,5,1
d0c1-bfe4-18f0,3815,6,-94.75,4,2,4,2,4,2,4,2
d0c1-bfe4-18f0,3816,6,-94.75,4,2,4,2,4,2,4,2
d0c1-bfe4-18f0,3817,6,-95.0,4,2,4,2,4,2,4,2
d0c1-bfe4-18f0,3818,6,-95.0,4,2,4,2,4,2,4,2
d0c1-bfe4-18f0,3819,6,-94.5,4,2,4,2,4,2,4,2
d0c1-bfe4-18f0,3820,6,-95.0,4,2,4,2,4,2,4,2
d0c1-bfe4-18f0,3821,6,-94.75,4,2,4,2,4,2,4,2
d0c1-bfe4-18f0,3822,6,-95.25,4,2,4,2,4,2,4,2
d0c1-bfe4-18f0,3823,6,-95.0,4,2,4,2,4,2,4,2
d0c1-bfe4-18f0,3824,5,-91.75,7,2,7,2,7,2,7,2
d0c1-bfe4-18f0,3825,5,-91.25,7,2,7,2,7,2,7,2
d0c1-bfe4-18f0,3826,5,-94.5,7,2,7,2,7,2,7,2
d0c1-bfe4-18f0,3827,5,-94.5,7,2,7,2,7,2,7,2
d0c1-bfe4-18f0,3828,5,-93.75,7,2,7,2,7,2,7,2
d0c1-bfe4-18f0,3829,5,-91.75,7,2,7,2,7,2,7,2
d0c1-bfe4-18f0,3830,5,-93.5,7,2,7,2,7,2,7,2
d0c1-bfe4-18f0,3831,5,-93.0,7,2,7,2,7,2,7,2
d0c1-bfe4-18f0,3832,5,-94.0,7,2,7,2,7,2,7,2
d0c1-bfe4-18f0,3833,5,-90.75,7,2,7,2,6,1,7,2
d0c1-bfe4-18f0,3834,5,-93.5,7,2,7,2,7,2,7,2
d0c1-bfe4-18f0,3835,5,-92.5,7,2,7,2,7,2,7,2
d0c1-bfe4-18f0,3836,5,-92.0,7,2,7,2,7,2,7,2
d0c1-bfe4-18f0,3837,5,-91.25,7,2,7,2,7,2,7,2
d0c1-bfe4-18f0,3838,5,-93.5,7,2,7,2,7,2,7,2
d0c1-bfe4-18f0,3839,5,-93.5,7,2,7,2,7,2,7,2
d0c1-bfe4-18f0,3840,5,-90.5,7,2,7,2,6,1,7,2
d0c1-bfe4-18f0,3841,5,-91.5,7,2,6,1,6,1,7,2
d0c1-bfe4-18f0,3842,5,-93.5,7,2,7,2,7,2,7,2
d0c1-bfe4-18f0,3843,5,-91.5,7,2,7,2,7,2,7,2
d0c1-bfe4-18f0,3844,5,-91.5,7,2,7,2,7,2,7,2
d0c1-bfe4-18f0,3845,5,-93.75,7,2,7,2,7,2,7,2
d0c1-bfe4-18f0,3846,5,-94.5,7,2,7,2,7,2,7,2
d0c1-bfe4-18f0,3847,5,-94.5,7,2,7,2,7,2,7,2
d0c1-bfe4-18f0,3848,5,-92.25,7,2,7,2,7,2,7,2
d0c1-bfe4-18f0,3849,5,-91.75,7,2,7,2,7,2,7,2
d0c1-bfe4-18f0,3850,5,-94.75,7,2,7,2,7,2,7,2
d0c1-bfe4-18f0,3851,5,-90.5,7,2,7,2,6,1,7,2
d0c1-bfe4-18f0,3852,5,-92.25,7,2,6,1,6,1,7,2
d0c1-bfe4-18f0,3853,5,-92.25,7,2,7,2,7,2,7,2
d0c1-bfe4-18f0,3854,5,-94.25,7,2,7,2,7,2,7,2
d0c1-bfe4-18f0,3855,5,-91.25,7,2,7,2,7,2,7,2
d0c1-bfe4-18f0,3856,5,-93.5,7,2,7,2,7,2,7,2
d0c1-bfe4-18f0,3857,5,-92.5,7,2,7,2,7,2,7,2
d0c1-bfe4-18f0,3858,5,-91.25,7,2,7,2,7,2,7,2
d0c1-bfe4-18f0,3859,5,-92.0,7,2,7,2,7,2,7,2
d0c1-bfe4-18f0,3860,5,-94.0,7,2,7,2,7,2,7,2
d0c1-bfe4-18f0,3861,5,-94.25,7,2,7,2,7,2,7,2
d0c1-bfe4-18f0,3862,5,-90.0,7,2,7,2,7,2,7,2
d0c1-bfe4-18f0,3863,5,-91.0,7,2,7,2,6,1,7,2
d0c1-bfe4-18f0,3864,5,-94.5,7,2,7,2,7,2,7,2
d0c1-bfe4-18f0,3865,5,-92.25,7,2,6,1,6,1,7,2
d0c1-bfe4-18f0,3866,5,-92.75,7,2,7,2,7,2,7,2
d0c1-bfe4-18f0,3867,5,-92.0,7,2,7,2,7,2,7,2
d0c1-bfe4-18f0,3868,5,-93.5,7,2,7,2,7,2,7,2
d0c1-bfe4-18f0,3869,5,-93.5,7,2,7,2,7,2,7,2
d0c1-bfe4-18f0,3870,5,-91.5,7,2,7,2,7,2,7,2
d0c1-bfe4-18f0,3871,5,-92.75,7,2,7,2,7,2,7,2
d0c1-bfe4-18f0,3872,5,-93.75,7,2,7,2,7,2,7,2
d0c1-bfe4-18f0,3873,5,-91.25,7,2,7,2,7,2,7,2
d0c1-bfe4-18f0,3874,5,-94.25,7,2,7,2,7,2,7,2
d0c1-bfe4-18f0,3875,5,-94.25,7,2,7,2,7,2,7,2
d0c1-bfe4-18f0,3876,5,-94.0,7,2,7,2,7,2,7,2
d0c1-bfe4-18f0,3877,5,-90.75,7,2,7,2,6,1,7,2
d0c1-bfe4-18f0,3878,5,-94.25,7,2,7,2,7,2,7,2
d0c1-bfe4-18f0,3879,5,-93.5,7,2,7,2,7,2,7,2
d0c1-bfe4-18f0,3880,5,-94.0,7,2,7,2,7,2,7,2
d0c1-bfe4-18f0,3881,5,-91.75,7,2,7,2,7,2,7,2
d0c1-bfe4-18f0,3882,5,-91.25,7,2,7,2,6,1,7,2
d0c1-bfe4-18f0,3883,5,-92.25,7,2,7,2,7,2,7,2
d0c1-bfe4-18f0,3884,5,-92.0,7,2,7,2,7,2,7,2
d0c1-bfe4-18f0,3885,5,-91.75,7,2,6,1,6,1,7,2
d0c1-bfe4-18f0,3886,5,-91.5,7,2,7,2,7,2,7,2
d0c1-bfe4-18f0,3887,5,-90.75,7,2,7,2,6,1,7,2
d0c1-bfe4-18f0,3888,5,-90.5,7,2,7,2,6,1,7,2
d0c1-bfe4-18f0,3889,5,-92.5,7,2,7,2,7,2,7,2
d0c1-bfe4-18f0,3890,5,-93.75,7,2,7,2,7,2,7,2
d0c1-bfe4-18f0,3891,5,-94.25,7,2,7,2,7,2,7,2
d0c1-bfe4-18f0,3892,5,-93.75,7,2,7,2,7,2,7,2
d0c1-bfe4-18f0,3893,4,-92.25,5,1,5,1,4,0,5,1
d0c1-bfe4-18f0,3894,4,-92.75,4,0,4,0,4,0,4,0
d0c1-bfe4-18f0,3895,5,-93.0,5,0,5,0,4,1,5,0
d0c1-bfe4-18f0,3896,5,-94.0,5,0,5,0,4,1,5,0
d0c1-bfe4-18f0,3897,5,-91.75,5,0,5,0,4,1,5,0
d0c1-bfe4-18f0,3898,5,-92.5,4,1,4,1,4,1,4,1
d0c1-bfe4-18f0,3899,5,-93.5,5,0,5,0,5,0,5,0
d0c1-bfe4-18f0,3900,5,-93.0,5,0,5,0,4,1,5,0
d0c1-bfe4-18f0,3901,5,-91.25,5,0,4,1,4,1,5,0
d0c1-bfe4-18f0,3902,5,-93.75,5,0,5,0,5,0,5,0
d0c1-bfe4-18f0,3903,5,-91.25,5,0,4,1,4,1,5,0
d0c1-bfe4-18f0,3904,5,-91.75,5,0,5,0,4,1,5,0
d0c1-bfe4-18f0,3905,5,-91.75,5,0,5,0,4,1,5,0
d0c1-bfe4-18f0,3906,5,-93.0,5,0,5,0,4,1,5,0
d0c1-bfe4-18f0,3907,5,-91.0,5,0,4,1,4,1,5,0
d0c1-bfe4-18f0,3908,5,-91.5,5,0,5,0,4,1,5,0
d0c1-bfe4-18f0,3909,5,-93.25,5,0,5,0,4,1,5,0
d0c1-bfe4-18f0,3910,5,-91.25,5,0,5,0,4,1,5,0
d0c1-bfe4-18f0,3911,5,-92.25,5,0,5,0,4,1,5,0
d0c1-bfe4-18f0,3912,5,-94.25,5,0,5,0,5,0,5,0
d0c1-bfe4-18f0,3913,5,-92.5,5,0,5,0,4,1,5,0
d0c1-bfe4-18f0,3914,5,-93.5,5,0,5,0,5,0,5,0
d0c1-bfe4-18f0,3915,5,-92.75,5,0,5,0,4,1,5,0
d0c1-bfe4-18f0,3916,5,-93.0,5,0,5,0,4,1,5,0
d0c1-bfe4-18f0,3917,5,-91.0,5,0,4,1,4,1,5,0
d0c1-bfe4-18f0,3918,5,-92.0,5,0,5,0,4,1,5,0
d0c1-bfe4-18f0,3919,3,-93.0,5,2,5,2,4,1,5,2
d0c1-bfe4-18f0,3920,4,-92.25,4,0,4,0,4,0,4,0
d0c1-bfe4-18f0,3921,4,-92.0,4,0,4,0,4,0,4,0
d0c1-bfe4-18f0,3922,4,-91.5,5,1,5,1,4,0,5,1
d0c1-bfe4-18f0,3923,5,-92.75,5,0,5,0,4,1,5,0
d0c1-bfe4-18f0,3924,5,-93.25,5,0,5,0,4,1,5,0
d0c1-bfe4-18f0,3925,5,-92.25,4,1,4,1,4,1,4,1
d0c1-bfe4-18f0,3926,5,-92.25,5,0,5,0,4,1,5,0
d0c1-bfe4-18f0,3927,5,-93.5,5,0,5,0,5,0,5,0
d0c1-bfe4-18f0,3928,5,-93.75,4,1,4,1,4,1,4,1
d0c1-bfe4-18f0,3929,5,-92.25,5,0,5,0,4,1,5,0
d0c1-bfe4-18f0,3930,5,-92.25,5,0,5,0,4,1,5,0
d0c1-bfe4-18f0,3931,5,-92.75,5,0,5,0,4,1,5,0
d0c1-bfe4-18f0,3932,5,-91.25,5,0,4,1,4,1,5,0
d0c1-bfe4-18f0,3933,5,-91.0,5,0,4,1,4,1,5,0
d0c1-bfe4-18f0,3934,5,-90.5,5,0,4,1,4,1,5,0
d0c1-bfe4-18f0,3935,5,-92.0,4,1,4,1,4,1,4,1
d0c1-bfe4-18f0,3936,5,-91.0,5,0,4,1,4,1,5,0
d0c1-bfe4-18f0,3937,5,-91.0,5,0,4,1,4,1,5,0
d0c1-bfe4-18f0,3938,5,-90.75,4,1,4,1,3,2,4,1
d0c1-bfe4-18f0,3939,5,-93.0,5,0,5,0,4,1,5,0
d0c1-bfe4-18f0,3940,3,-93.75,5,2,5,2,5,2,5,2
d0c1-bfe4-18f0,3941,3,-91.25,5,2,5,2,4,1,5,2
d0c1-bfe4-18f0,3942,4,-92.5,5,1,5,1,4,0,5,1
d0c1-bfe4-18f0,3943,5,-91.5,5,0,5,0,4,1,5,0
d0c1-bfe4-18f0,3944,5,-92.25,7,2,7,2,7,2,7,2
d0c1-bfe4-18f0,3945,5,-93.75,5,0,5,0,5,0,5,0
d0c1-bfe4-18f0,3946,5,-93.25,5,0,5,0,4,1,5,0
d0c1-bfe4-18f0,3947,5,-94.0,5,0,5,0,5,0,5,0
d0c1-bfe4-18f0,3948,5,-94.25,5,0,5,0,5,0,5,0
d0c1-bfe4-18f0,3949,5,-93.25,5,0,5,0,4,1,5,0
d0c1-bfe4-18f0,3950,5,-92.0,4,1,4,1,4,1,4,1
d0c1-bfe4-18f0,3951,5,-91.75,4,1,4,1,4,1,4,1
d0c1-bfe4-18f0,3952,5,-93.25,5,0,5,0,4,1,5,0
d0c1-bfe4-18f0,3953,5,-92.0,4,1,4,1,4,1,4,1
d0c1-bfe4-18f0,3954,5,-91.0,7,2,7,2,6,1,7,2
d0c1-bfe4-18f0,3955,5,-94.0,5,0,5,0,5,0,5,0
d0c1-bfe4-18f0,3956,5,-94.0,4,1,4,1,4,1,4,1
d0c1-bfe4-18f0,3957,5,-92.25,4,1,4,1,4,1,4,1
d0c1-bfe4-18f0,3958,5,-92.0,5,0,5,0,4,1,5,0
d0c1-bfe4-18f0,3959,5,-92.5,5,0,5,0,4,1,5,0
d0c1-bfe4-18f0,3960,5,-93.5,5,0,5,0,4,1,5,0
d0c1-bfe4-18f0,3961,5,-93.5,4,1,4,1,4,1,4,1
d0c1-bfe4-18f0,3962,5,-93.5,5,0,5,0,5,0,5,0
d0c1-bfe4-18f0,3963,5,-94.25,4,1,4,1,4,1,4,1
d0c1-bfe4-18f0,3964,5,-94.75,4,1,4,1,4,1,4,1
d0c1-bfe4-18f0,3965,4,-92.75,4,0,4,0,4,0,4,0
d0c1-bfe4-18f0,3966,4,-93.0,4,0,4,0,4,0,4,0
d0c1-bfe4-18f0,3967,4,-92.75,4,0,4,0,4,0,4,0
d0c1-bfe4-18f0,3968,4,-92.0,4,0,4,0,4,0,4,0
d0c1-bfe4-18f0,3969,4,-92.75,4,0,4,0,4,0,4,0
d0c1-bfe4-18f0,3970,4,-92.25,4,0,4,0,4,0,4,0
d0c1-bfe4-18f0,3971,4,-91.5,4,0,4,0,3,1,4,0
d0c1-bfe4-18f0,3972,4,-93.0,4,0,4,0,4,0,4,0
d0c1-bfe4-18f0,3973,4,-93.25,4,0,4,0,4,0,4,0
d0c1-bfe4-18f0,3974,4,-93.25,4,0,4,0,4,0,4,0
d0c1-bfe4-18f0,3975,4,-92.75,4,0,4,0,4,0,4,0
d0c1-bfe4-18f0,3976,5,-92.25,4,1,4,1,4,1,4,1
d0c1-bfe4-18f0,3977,4,-93.0,4,0,4,0,4,0,4,0
d0c1-bfe4-18f0,3978,4,-92.0,4,0,4,0,4,0,4,0
d0c1-bfe4-18f0,3979,4,-94.5,4,0,4,0,4,0,4,0
d0c1-bfe4-18f0,3980,4,-92.25,5,1,5,1,4,0,5,1
d0c1-bfe4-18f0,3981,4,-92.5,5,1,5,1,4,0,5,1
d0c1-bfe4-18f0,3982,4,-92.25,4,0,4,0,3,1,4,0
d0c1-bfe4-18f0,3983,4,-92.5,4,0,4,0,3,1,4,0
d0c1-bfe4-18f0,3984,4,-93.5,4,0,4,0,3,1,4,0
d0c1-bfe4-18f0,3985,4,-93.75,4,0,4,0,4,0,4,0
d0c1-bfe4-18f0,3986,4,-91.5,4,0,4,0,3,1,4,0
d0c1-bfe4-18f0,3987,4,-92.25,4,0,4,0,4,0,4,0
d0c1-bfe4-18f0,3988,4,-92.75,4,0,4,0,4,0,4,0
d0c1-bfe4-18f0,3989,4,-92.75,4,0,4,0,4,0,4,0
d0c1-bfe4-18f0,3990,4,-92.0,4,0,4,0,4,0,4,0
d0c1-bfe4-18f0,3991,4,-92.25,4,0,4,0,4,0,4,0
d0c1-bfe4-18f0,3992,4,-93.0,4,0,4,0,3,1,4,0
d0c1-bfe4-18f0,3993,4,-92.75,4,0,4,0,3,1,4,0
d0c1-bfe4-18f0,3994,4,-93.5,4,0,4,0,4,0,4,0
d0c1-bfe4-18f0,3995,4,-94.0,4,0,4,0,4,0,4,0
d0c1-bfe4-18f0,3996,4,-92.25,4,0,4,0,4,0,4,0
d0c1-bfe4-18f0,3997,4,-93.25,4,0,4,0,3,1,4,0
d0c1-bfe4-18f0,3998,4,-93.5,4,0,4,0,3,1,4,0
d0c1-bfe4-18f0,3999,4,-92.5,4,0,4,0,4,0,4,0
d0c1-bfe4-18f0,4000,4,-92.5,4,0,4,0,4,0,4,0
d0c1-bfe4-18f0,4001,4,-93.0,4,0,4,0,4,0,4,0
d0c1-bfe4-18f0,4002,4,-94.25,4,0,4,0,4,0,4,0
d0c1-bfe4-18f0,4003,4,-92.0,4,0,4,0,4,0,4,0
d0c1-bfe4-18f0,4004,4,-92.75,4,0,4,0,4,0,4,0
d0c1-bfe4-18f0,4005,4,-92.5,4,0,4,0,4,0,4,0
d0c1-bfe4-18f0,4006,4,-93.25,4,0,4,0,4,0,4,0
d0c1-bfe4-18f0,4007,5,-94.25,4,1,4,1,4,1,4,1
d0c1-bfe4-18f0,4008,5,-92.25,4,1,4,1,4,1,4,1
d0c1-bfe4-18f0,4009,5,-92.75,4,1,4,1,4,1,4,1
d0c1-bfe4-18f0,4010,5,-92.5,4,1,4,1,4,1,4,1
d0c1-bfe4-18f0,4011,3,-92.75,4,1,4,1,4,1,4,1
d0c1-bfe4-18f0,4012,3,-92.0,4,1,4,1,4,1,4,1
d0c1-bfe4-18f0,4013,4,-93.0,5,1,5,1,4,0,5,1
d0c1-bfe4-18f0,4014,4,-91.75,4,0,4,0,4,0,4,0
d0c1-bfe4-18f0,4015,5,-92.75,4,1,4,1,4,1,4,1
d0c1-bfe4-18f0,4016,4,-92.75,4,0,4,0,4,0,4,0
d0c1-bfe4-18f0,4017,4,-92.75,4,0,4,0,3,1,4,0
d0c1-bfe4-18f0,4018,4,-92.75,4,0,4,0,4,0,4,0
d0c1-bfe4-18f0,4019,4,-92.75,4,0,4,0,4,0,4,0
d0c1-bfe4-18f0,4020,4,-94.0,4,0,4,0,4,0,4,0
d0c1-bfe4-18f0,4021,4,-93.5,4,0,4,0,4,0,4,0
d0c1-bfe4-18f0,4022,4,-93.75,4,0,4,0,4,0,4,0
d0c1-bfe4-18f0,4023,4,-92.5,4,0,4,0,4,0,4,0
d0c1-bfe4-18f0,4024,4,-94.0,4,0,4,0,4,0,4,0
d0c1-bfe4-18f0,4025,4,-93.0,4,0,4,0,4,0,4,0
d0c1-bfe4-18f0,4026,4,-92.25,4,0,4,0,4,0,4,0
d0c1-bfe4-18f0,4027,5,-92.75,4,1,4,1,4,1,4,1
d0c1-bfe4-18f0,4028,5,-92.75,4,1,4,1,4,1,4,1
d0c1-bfe4-18f0,4029,5,-91.75,4,1,4,1,3,2,4,1
d0c1-bfe4-18f0,4030,5,-93.75,4,1,4,1,4,1,4,1
d0c1-bfe4-18f0,4031,5,-92.25,4,1,4,1,4,1,4,1
d0c1-bfe4-18f0,4032,3,-94.5,4,1,4,1,4,1,4,1
d0c1-bfe4-18f0,4033,3,-93.0,4,1,4,1,3,0,4,1
d0c1-bfe4-18f0,4034,4,-93.25,4,0,4,0,4,0,4,0
d0c1-bfe4-18f0,4035,4,-92.25,4,0,4,0,4,0,4,0
d0c1-bfe4-18f0,4036,5,-93.25,4,1,4,1,3,2,4,1
d0c1-bfe4-18f0,4037,5,-92.5,4,1,4,1,3,2,4,1
d0c1-bfe4-18f0,4038,5,-92.5,4,1,4,1,4,1,4,1
d0c1-bfe4-18f0,4039,5,-92.75,4,1,4,1,3,2,4,1
d0c1-bfe4-18f0,4040,5,-93.5,4,1,4,1,3,2,4,1
d0c1-bfe4-18f0,4041,5,-93.25,4,1,4,1,3,2,4,1
d0c1-bfe4-18f0,4042,4,-92.5,4,0,3,1,3,1,4,0
d0c1-bfe4-18f0,4043,4,-92.75,4,0,4,0,4,0,4,0
d0c1-bfe4-18f0,4044,4,-92.5,4,0,4,0,4,0,4,0
d0c1-bfe4-18f0,4045,4,-92.75,4,0,4,0,4,0,4,0
d0c1-bfe4-18f0,4046,4,-92.75,4,0,4,0,4,0,4,0
d0c1-bfe4-18f0,4047,4,-92.75,4,0,3,1,3,1,4,0
d0c1-bfe4-18f0,4048,4,-93.75,4,0,4,0,3,1,4,0
d0c1-bfe4-18f0,4049,4,-92.0,4,0,3,1,3,1,4,0
d0c1-bfe4-18f0,4050,4,-93.5,4,0,4,0,3,1,4,0
d0c1-bfe4-18f0,4051,4,-92.25,4,0,4,0,4,0,4,0
d0c1-bfe4-18f0,4052,4,-92.75,4,0,4,0,4,0,4,0
d0c1-bfe4-18f0,4053,4,-92.75,4,0,4,0,4,0,4,0
d0c1-bfe4-18f0,4054,4,-92.5,4,0,4,0,4,0,4,0
d0c1-bfe4-18f0,4055,4,-93.0,4,0,4,0,4,0,4,0
d0c1-bfe4-18f0,4056,4,-93.25,4,0,4,0,4,0,4,0
d0c1-bfe4-18f0,4057,4,-92.75,4,0,4,0,4,0,4,0
d0c1-bfe4-18f0,4058,4,-91.75,4,0,4,0,3,1,4,0
d0c1-bfe4-18f0,4059,4,-92.5,4,0,4,0,4,0,4,0
d0c1-bfe4-18f0,4060,4,-92.5,4,0,4,0,4,0,4,0
d0c1-bfe4-18f0,4061,4,-93.25,4,0,4,0,4,0,4,0
d0c1-bfe4-18f0,4062,4,-92.75,4,0,4,0,4,0,4,0
d0c1-bfe4-18f0,4063,4,-93.25,4,0,4,0,4,0,4,0
d0c1-bfe4-18f0,4064,4,-93.0,4,0,4,0,4,0,4,0
d0c1-bfe4-18f0,4065,4,-93.0,4,0,4,0,4,0,4,0
d0c1-bfe4-18f0,4066,4,-92.75,4,0,4,0,4,0,4,0
d0c1-bfe4-18f0,4067,4,-93.25,4,0,4,0,4,0,4,0
d0c1-bfe4-18f0,4068,4,-94.25,4,0,4,0,4,0,4,0
d0c1-bfe4-18f0,4069,4,-92.5,4,0,4,0,4,0,4,0
d0c1-bfe4-18f0,4070,4,-92.0,4,0,4,0,3,1,4,0
d0c1-bfe4-18f0,4071,4,-92.25,4,0,3,1,3,1,4,0
d0c1-bfe4-18f0,4072,4,-93.0,4,0,4,0,4,0,4,0
d0c1-bfe4-18f0,4073,4,-92.5,4,0,4,0,4,0,4,0
d0c1-bfe4-18f0,4074,4,-92.75,4,0,4,0,4,0,4,0
d0c1-bfe4-18f0,4075,4,-93.0,4,0,4,0,4,0,4,0
d0c1-bfe4-18f0,4076,4,-92.5,4,0,3,1,3,1,4,0
d0c1-bfe4-18f0,4077,4,-92.75,4,0,3,1,3,1,4,0
d0c1-bfe4-18f0,4078,4,-93.0,4,0,3,1,3,1,4,0
d0c1-bfe4-18f0,4079,4,-92.25,4,0,3,1,3,1,4,0
d0c1-bfe4-18f0,4080,4,-92.75,4,0,4,0,4,0,4,0
d0c1-bfe4-18f0,4081,4,-93.0,4,0,4,0,4,0,4,0
d0c1-bfe4-18f0,4082,4,-92.5,4,0,4,0,4,0,4,0
d0c1-bfe4-18f0,4083,4,-93.75,4,0,4,0,3,1,4,0
d0c1-bfe4-18f0,4084,4,-93.25,4,0,4,0,4,0,4,0
d0c1-bfe4-18f0,4085,4,-93.5,4,0,4,0,4,0,4,0
d0c1-bfe4-18f0,4086,4,-93.75,4,0,4,0,4,0,4,0
d0c1-bfe4-18f0,4087,4,-93.25,4,0,4,0,4,0,4,0
d0c1-bfe4-18f0,4088,4,-93.0,4,0,3,1,3,1,4,0
d0c1-bfe4-18f0,4089,4,-92.75,4,0,4,0,4,0,4,0
d0c1-bfe4-18f0,4090,3,-92.5,4,1,4,1,4,1,4,1
d0c1-bfe4-18f0,4091,3,-93.0,4,1,4,1,4,1,4,1
d0c1-bfe4-18f0,4092,4,-93.0,4,0,4,0,4,0,4,0
d0c1-bfe4-18f0,4093,4,-93.25,4,0,4,0,4,0,4,0
d0c1-bfe4-18f0,4094,4,-92.75,4,0,3,1,3,1,4,0
d0c1-bfe4-18f0,4095,4,-93.25,4,0,4,0,4,0,4,0
d0c1-bfe4-18f0,4096,4,-93.25,4,0,4,0,4,0,4,0
d0c1-bfe4-18f0,4097,4,-92.75,4,0,4,0,4,0,4,0
d0c1-bfe4-18f0,4098,4,-93.0,4,0,4,0,4,0,4,0
d0c1-bfe4-18f0,4099,4,-92.5,4,0,4,0,4,0,4,0
d0c1-bfe4-18f0,4100,4,-92.5,4,0,4,0,4,0,4,0
d0c1-bfe4-18f0,4101,4,-92.5,4,0,4,0,4,0,4,0
d0c1-bfe4-18f0,4102,4,-93.5,4,0,4,0,4,0,4,0
d0c1-bfe4-18f0,4103,4,-93.25,4,0,4,0,4,0,4,0
d0c1-bfe4-18f0,4104,4,-92.75,4,0,4,0,4,0,4,0
d0c1-bfe4-18f0,4105,4,-92.75,4,0,4,0,4,0,4,0
d0c1-bfe4-18f0,4106,4,-92.5,4,0,3,1,3,1,4,0
d0c1-bfe4-18f0,4107,4,-93.5,4,0,4,0,3,1,4,0
d0c1-bfe4-18f0,4108,4,-92.75,4,0,4,0,4,0,4,0
d0c1-bfe4-18f0,4109,4,-93.0,4,0,3,1,3,1,4,0
d0c1-bfe4-18f0,4110,4,-93.0,4,0,4,0,4,0,4,0
d0c1-bfe4-18f0,4111,4,-92.5,4,0,4,0,4,0,4,0
d0c1-bfe4-18f0,4112,4,-92.0,4,0,4,0,3,1,4,0
d0c1-bfe4-18f0,4113,4,-93.25,4,0,4,0,4,0,4,0
d0c1-bfe4-18f0,4114,4,-93.75,4,0,4,0,4,0,4,0
d0c1-bfe4-18f0,4115,4,-92.25,4,0,4,0,4,0,4,0
d0c1-bfe4-18f0,4116,4,-92.75,4,0,4,0,4,0,4,0
d0c1-bfe4-18f0,4117,4,-92.75,4,0,4,0,4,0,4,0
d0c1-bfe4-18f0,4118,4,-92.75,4,0,4,0,4,0,4,0
d0c1-bfe4-18f0,4119,4,-93.0,4,0,4,0,4,0,4,0
d0c1-bfe4-18f0,4120,4,-93.75,4,0,4,0,4,0,4,0
d0c1-bfe4-18f0,4121,4,-93.75,4,0,4,0,4,0,4,0
d0c1-bfe4-18f0,4122,4,-94.0,4,0,4,0,4,0,4,0
d0c1-bfe4-18f0,4123,4,-93.5,4,0,4,0,3,1,4,0
d0c1-bfe4-18f0,4124,4,-92.75,4,0,4,0,4,0,4,0
d0c1-bfe4-18f0,4125,3,-93.75,4,1,4,1,3,0,4,1
d0c1-bfe4-18f0,4126,4,-94.25,4,0,4,0,4,0,4,0
d0c1-bfe4-18f0,4127,4,-93.0,4,0,4,0,3,1,4,0
d0c1-bfe4-18f0,4128,4,-93.25,4,0,4,0,3,1,4,0
d0c1-bfe4-18f0,4129,4,-94.25,4,0,4,0,4,0,4,0
d0c1-bfe4-18f0,4130,4,-92.75,4,0,4,0,3,1,4,0
d0c1-bfe4-18f0,4131,4,-92.0,4,0,4,0,4,0,4,0
d0c1-bfe4-18f0,4132,4,-93.25,4,0,4,0,4,0,4,0
d0c1-bfe4-18f0,4133,4,-92.25,4,0,4,0,4,0,4,0
d0c1-bfe4-18f0,4134,4,-92.5,4,0,4,0,4,0,4,0
d0c1-bfe4-18f0,4135,4,-94.5,4,0,4,0,4,0,4,0
d0c1-bfe4-18f0,4136,4,-94.25,4,0,4,0,4,0,4,0
d0c1-bfe4-18f0,4137,4,-94.25,4,0,4,0,4,0,4,0
d0c1-bfe4-18f0,4138,4,-93.5,4,0,4,0,4,0,4,0
d0c1-bfe4-18f0,4139,3,-94.5,4,1,4,1,4,1,4,1
d0c1-bfe4-18f0,4140,3,-92.5,4,1,4,1,3,0,4,1
d0c1-bfe4-18f0,4141,4,-94.5,4,0,4,0,4,0,4,0
d0c1-bfe4-18f0,4142,4,-92.5,4,0,4,0,3,1,4,0
d0c1-bfe4-18f0,4143,4,-92.5,4,0,4,0,3,1,4,0
d0c1-bfe4-18f0,4144,4,-94.5,4,0,4,0,4,0,4,0
d0c1-bfe4-18f0,4145,4,-94.5,4,0,4,0,4,0,4,0
d0c1-bfe4-18f0,4146,4,-93.75,4,0,4,0,4,0,4,0
d0c1-bfe4-18f0,4147,4,-94.0,4,0,4,0,4,0,4,0
d0c1-bfe4-18f0,4148,4,-94.5,4,0,4,0,4,0,4,0
d0c1-bfe4-18f0,4149,4,-93.75,4,0,4,0,4,0,4,0
d0c1-bfe4-18f0,4150,4,-92.75,4,0,4,0,4,0,4,0
d0c1-bfe4-18f0,4151,4,-92.0,4,0,4,0,4,0,4,0
d0c1-bfe4-18f0,4152,3,-94.5,4,1,4,1,4,1,4,1
d0c1-bfe4-18f0,4153,4,-94.5,3,1,3,1,3,1,3,1
d0c1-bfe4-18f0,4154,4,-91.75,4,0,4,0,3,1,4,0
d0c1-bfe4-18f0,4155,4,-93.25,4,0,4,0,3,1,4,0
d0c1-bfe4-18f0,4156,3,-93.5,4,1,4,1,3,0,4,1
d0c1-bfe4-18f0,4157,3,-94.25,4,1,4,1,4,1,4,1
d0c1-bfe4-18f0,4158,3,-94.75,4,1,4,1,4,1,4,1
d0c1-bfe4-18f0,4159,3,-93.5,4,1,4,1,3,0,4,1
d0c1-bfe4-18f0,4160,3,-94.0,4,1,4,1,4,1,4,1
d0c1-bfe4-18f0,4161,3,-93.25,4,1,4,1,3,0,4,1
d0c1-bfe4-18f0,4162,3,-94.25,4,1,4,1,4,1,4,1
d0c1-bfe4-18f0,4163,3,-93.75,4,1,4,1,4,1,4,1
d0c1-bfe4-18f0,4164,3,-93.25,4,1,4,1,3,0,4,1
d0c1-bfe4-18f0,4165,3,-93.75,4,1,4,1,4,1,4,1
d0c1-bfe4-18f0,4166,3,-93.75,3,0,3,0,3,0,3,0
d0c1-bfe4-18f0,4167,3,-93.0,4,1,4,1,3,0,4,1
d0c1-bfe4-18f0,4168,3,-91.5,4,1,3,0,3,0,4,1
d0c1-bfe4-18f0,4169,3,-94.5,4,1,4,1,4,1,4,1
d0c1-bfe4-18f0,4170,3,-94.0,4,1,4,1,4,1,4,1
d0c1-bfe4-18f0,4171,3,-93.25,4,1,4,1,3,0,4,1
d0c1-bfe4-18f0,4172,3,-93.75,4,1,4,1,4,1,4,1
d0c1-bfe4-18f0,4173,4,-92.0,4,0,3,1,3,1,4,0
d0c1-bfe4-18f0,4174,4,-92.75,4,0,4,0,3,1,4,0
d0c1-bfe4-18f0,4175,4,-92.0,4,0,4,0,4,0,4,0
d0c1-bfe4-18f0,4176,4,-93.75,4,0,4,0,4,0,4,0
d0c1-bfe4-18f0,4177,4,-94.5,4,0,4,0,4,0,4,0
d0c1-bfe4-18f0,4178,3,-92.5,4,1,4,1,4,1,4,1
d0c1-bfe4-18f0,4179,3,-94.25,4,1,4,1,4,1,4,1
d0c1-bfe4-18f0,4180,3,-93.5,4,1,4,1,3,0,4,1
d0c1-bfe4-18f0,4181,3,-93.0,4,1,4,1,3,0,4,1
d0c1-bfe4-18f0,4182,3,-95.0,4,1,4,1,4,1,4,1
d0c1-bfe4-18f0,4183,3,-94.0,4,1,4,1,4,1,4,1
d0c1-bfe4-18f0,4184,2,-94.5,2,0,2,0,2,0,2,0
d0c1-bfe4-18f0,4185,2,-94.5,4,2,4,2,4,2,4,2
d0c1-bfe4-18f0,4186,2,-94.25,4,2,4,2,4,2,4,2
d0c1-bfe4-18f0,4187,2,-95.5,2,0,2,0,2,0,2,0
d0c1-bfe4-18f0,4188,2,-95.5,2,0,2,0,2,0,2,0
d0c1-bfe4-18f0,4189,2,-94.5,2,0,2,0,2,0,2,0
d0c1-bfe4-18f0,4190,2,-94.5,2,0,2,0,2,0,2,0
d0c1-bfe4-18f0,4191,2,-94.75,4,2,4,2,4,2,4,2
d0c1-bfe4-18f0,4192,2,-94.25,3,1,3,1,3,1,3,1
d0c1-bfe4-18f0,4193,2,-94.5,3,1,3,1,3,1,3,1
d0c1-bfe4-18f0,4194,2,-94.0,3,1,3,1,2,0,3,1
d0c1-bfe4-18f0,4195,2,-95.0,3,1,3,1,3,1,3,1
d0c1-bfe4-18f0,4196,2,-94.0,3,1,3,1,2,0,3,1
d0c1-bfe4-18f0,4197,2,-94.5,3,1,3,1,3,1,3,1
d0c1-bfe4-18f0,4198,2,-94.0,3,1,3,1,2,0,3,1
d0c1-bfe4-18f0,4199,2,-94.25,3,1,3,1,3,1,3,1
d0c1-bfe4-18f0,4200,2,-94.75,3,1,3,1,3,1,3,1
d0c1-bfe4-18f0,4201,2,-95.0,3,1,3,1,3,1,3,1
d0c1-bfe4-18f0,4202,2,-94.5,3,1,3,1,3,1,3,1
d0c1-bfe4-18f0,4203,2,-94.5,3,1,3,1,3,1,3,1
d0c1-bfe4-18f0,4204,2,-95.0,4,2,4,2,4,2,4,2
d0c1-bfe4-18f0,4205,2,-94.75,3,1,3,1,3,1,3,1
d0c1-bfe4-18f0,4206,2,-93.0,3,1,2,0,2,0,3,1
d0c1-bfe4-18f0,4207,2,-94.5,3,1,3,1,3,1,3,1
d0c1-bfe4-18f0,4208,2,-94.0,2,0,2,0,2,0,2,0
d0c1-bfe4-18f0,4209,2,-95.25,4,2,4,2,4,2,4,2
d0c1-bfe4-18f0,4210,2,-95.25,4,2,4,2,4,2,4,2
d0c1-bfe4-18f0,4211,2,-95.25,4,2,4,2,4,2,4,2
d0c1-bfe4-18f0,4212,2,-95.0,3,1,3,1,3,1,3,1
d0c1-bfe4-18f0,4213,2,-94.75,3,1,3,1,3,1,3,1
d0c1-bfe4-18f0,4214,2,-95.0,3,1,3,1,3,1,3,1
d0c1-bfe4-18f0,4215,2,-95.0,3,1,3,1,3,1,3,1
d0c1-bfe4-18f0,4216,2,-94.75,4,2,4,2,4,2,4,2
d0c1-bfe4-18f0,4217,3,-94.5,4,1,4,1,4,1,4,1
d0c1-bfe4-18f0,4218,3,-95.5,5,2,5,2,6,3,5,2
d0c1-bfe4-18f0,4219,3,-94.25,4,1,4,1,4,1,4,1
d0c1-bfe4-18f0,4220,3,-95.0,4,1,4,1,4,1,4,1
d0c1-bfe4-18f0,4221,3,-94.5,4,1,4,1,4,1,4,1
d0c1-bfe4-18f0,4222,3,-95.0,5,2,5,2,5,2,5,2
d0c1-bfe4-18f0,4223,3,-94.25,4,1,4,1,4,1,4,1
d0c1-bfe4-18f0,4224,3,-94.75,4,1,4,1,4,1,4,1
d0c1-bfe4-18f0,4225,3,-94.5,5,2,5,2,5,2,5,2
d0c1-bfe4-18f0,4226,4,-95.5,4,0,5,1,5,1,4,0
d0c1-bfe4-18f0,4227,3,-94.75,4,1,4,1,4,1,4,1
d0c1-bfe4-18f0,4228,3,-94.5,5,2,5,2,5,2,5,2
d0c1-bfe4-18f0,4229,3,-94.25,4,1,4,1,4,1,4,1
d0c1-bfe4-18f0,4230,3,-94.25,4,1,4,1,4,1,4,1
d0c1-bfe4-18f0,4231,3,-95.0,4,1,4,1,4,1,4,1
d0c1-bfe4-18f0,4232,3,-94.75,4,1,4,1,4,1,4,1
d0c1-bfe4-18f0,4233,4,-95.25,4,0,5,1,5,1,4,0
d0c1-bfe4-18f0,4234,3,-94.25,4,1,4,1,4,1,4,1
d0c1-bfe4-18f0,4235,3,-94.75,4,1,4,1,4,1,4,1
d0c1-bfe4-18f0,4236,3,-94.75,4,1,4,1,4,1,4,1
d0c1-bfe4-18f0,4237,3,-94.25,5,2,5,2,5,2,5,2
d0c1-bfe4-18f0,4238,4,-93.75,5,1,5,1,5,1,5,1
d0c1-bfe4-18f0,4239,3,-94.0,5,2,5,2,5,2,5,2
d0c1-bfe4-18f0,4240,3,-94.5,5,2,5,2,5,2,5,2
d0c1-bfe4-18f0,4241,3,-94.5,5,2,5,2,5,2,5,2
d0c1-bfe4-18f0,4242,3,-94.0,5,2,5,2,5,2,5,2
d0c1-bfe4-18f0,4243,3,-94.5,5,2,5,2,5,2,5,2
d0c1-bfe4-18f0,4244,3,-94.25,5,2,5,2,5,2,5,2
d0c1-bfe4-18f0,4245,3,-94.25,5,2,5,2,5,2,5,2
d0c1-bfe4-18f0,4246,3,-94.75,5,2,5,2,5,2,5,2
d0c1-bfe4-18f0,4247,3,-95.0,5,2,5,2,5,2,5,2
d0c1-bfe4-18f0,4248,3,-93.75,5,2,5,2,5,2,5,2
d0c1-bfe4-18f0,4249,3,-94.5,5,2,5,2,5,2,5,2
d0c1-bfe4-18f0,4250,3,-94.5,5,2,5,2,5,2,5,2
d0c1-bfe4-18f0,4251,3,-94.25,5,2,5,2,5,2,5,2
d0c1-bfe4-18f0,4252,3,-94.5,4,1,4,1,4,1,4,1
d0c1-bfe4-18f0,4253,3,-94.75,4,1,4,1,4,1,4,1
d0c1-bfe4-18f0,4254,3,-94.5,4,1,4,1,4,1,4,1
d0c1-bfe4-18f0,4255,3,-93.75,4,1,4,1,4,1,4,1
d0c1-bfe4-18f0,4256,3,-95.25,4,1,4,1,4,1,4,1
d0c1-bfe4-18f0,4257,3,-94.75,5,2,5,2,5,2,5,2
d0c1-bfe4-18f0,4258,3,-94.75,4,1,4,1,4,1,4,1
d0c1-bfe4-18f0,4259,3,-94.75,4,1,4,1,4,1,4,1
d0c1-bfe4-18f0,4260,3,-94.25,4,1,4,1,4,1,4,1
d0c1-bfe4-18f0,4261,3,-94.5,4,1,4,1,4,1,4,1
d0c1-bfe4-18f0,4262,3,-94.5,4,1,4,1,4,1,4,1
d0c1-bfe4-18f0,4263,3,-94.5,4,1,4,1,4,1,4,1
d0c1-bfe4-18f0,4264,3,-94.25,4,1,4,1,4,1,4,1
d0c1-bfe4-18f0,4265,3,-94.75,4,1,4,1,4,1,4,1
d0c1-bfe4-18f0,4266,3,-94.25,4,1,4,1,4,1,4,1
d0c1-bfe4-18f0,4267,4,-94.5,4,0,4,0,4,0,4,0
d0c1-bfe4-18f0,4268,3,-94.5,4,1,4,1,4,1,4,1
d0c1-bfe4-18f0,4269,3,-94.5,4,1,4,1,4,1,4,1
d0c1-bfe4-18f0,4270,3,-92.75,4,1,4,1,3,0,4,1
d0c1-bfe4-18f0,4271,3,-94.75,4,1,4,1,4,1,4,1
d0c1-bfe4-18f0,4272,3,-94.25,4,1,4,1,4,1,4,1
d0c1-bfe4-18f0,4273,3,-94.5,4,1,4,1,4,1,4,1
d0c1-bfe4-18f0,4274,4,-95.25,4,0,5,1,5,1,4,0
d0c1-bfe4-18f0,4275,4,-94.75,4,0,4,0,4,0,4,0
d0c1-bfe4-18f0,4276,4,-95.25,4,0,5,1,4,0,4,0
d0c1-bfe4-18f0,4277,3,-94.75,4,1,4,1,4,1,4,1
d0c1-bfe4-18f0,4278,3,-94.0,4,1,4,1,4,1,4,1
d0c1-bfe4-18f0,4279,3,-94.25,4,1,4,1,4,1,4,1
d0c1-bfe4-18f0,4280,3,-94.75,4,1,4,1,4,1,4,1
d0c1-bfe4-18f0,4281,3,-95.0,4,1,4,1,4,1,4,1
d0c1-bfe4-18f0,4282,3,-94.5,4,1,4,1,4,1,4,1
d0c1-bfe4-18f0,4283,3,-94.5,4,1,4,1,4,1,4,1
d0c1-bfe4-18f0,4284,3,-94.5,4,1,4,1,4,1,4,1
d0c1-bfe4-18f0,4285,3,-94.25,4,1,4,1,4,1,4,1
d0c1-bfe4-18f0,4286,3,-94.5,4,1,4,1,4,1,4,1
d0c1-bfe4-18f0,4287,3,-94.25,4,1,4,1,4,1,4,1
d0c1-bfe4-18f0,4288,3,-95.0,4,1,4,1,4,1,4,1
d0c1-bfe4-18f0,4289,3,-95.0,4,1,4,1,4,1,4,1
d0c1-bfe4-18f0,4290,3,-94.75,4,1,4,1,4,1,4,1
d0c1-bfe4-18f0,4291,3,-94.75,4,1,4,1,4,1,4,1
d0c1-bfe4-18f0,4292,4,-94.5,4,0,4,0,4,0,4,0
d0c1-bfe4-18f0,4293,4,-94.0,4,0,4,0,4,0,4,0
d0c1-bfe4-18f0,4294,3,-94.25,4,1,4,1,4,1,4,1
d0c1-bfe4-18f0,4295,3,-93.75,4,1,4,1,4,1,4,1
d0c1-bfe4-18f0,4296,2,-94.25,3,1,3,1,3,1,3,1
d0c1-bfe4-18f0,4297,2,-95.0,3,1,3,1,3,1,3,1
d0c1-bfe4-18f0,4298,2,-95.0,3,1,3,1,3,1,3,1
d0c1-bfe4-18f0,4299,2,-94.25,3,1,3,1,3,1,3,1
d0c1-bfe4-18f0,4300,2,-95.25,4,2,4,2,4,2,4,2
d0c1-bfe4-18f0,4301,2,-93.0,3,1,2,0,2,0,3,1
d0c1-bfe4-18f0,4302,2,-95.25,3,1,3,1,3,1,3,1
d0c1-bfe4-18f0,4303,2,-95.0,3,1,3,1,3,1,3,1
d0c1-bfe4-18f0,4304,2,-94.75,3,1,3,1,3,1,3,1
d0c1-bfe4-18f0,4305,2,-94.5,3,1,3,1,3,1,3,1
d0c1-bfe4-18f0,4306,2,-94.25,3,1,3,1,3,1,3,1
d0c1-bfe4-18f0,4307,2,-94.25,3,1,3,1,3,1,3,1
d0c1-bfe4-18f0,4308,2,-95.0,3,1,3,1,3,1,3,1
d0c1-bfe4-18f0,4309,2,-94.5,3,1,3,1,3,1,3,1
d0c1-bfe4-18f0,4310,2,-95.25,3,1,3,1,3,1,3,1
d0c1-bfe4-18f0,4311,2,-95.0,3,1,3,1,3,1,3,1
d0c1-bfe4-18f0,4312,2,-95.25,3,1,3,1,3,1,3,1
d0c1-bfe4-18f0,4313,2,-94.5,3,1,3,1,3,1,3,1
d0c1-bfe4-18f0,4314,2,-94.25,3,1,3,1,3,1,3,1
d0c1-bfe4-18f0,4315,2,-94.5,3,1,3,1,3,1,3,1
d0c1-bfe4-18f0,4316,2,-95.5,3,1,3,1,3,1,3,1
d0c1-bfe4-18f0,4317,2,-95.0,2,0,2,0,2,0,2,0
d0c1-bfe4-18f0,4318,2,-95.25,2,0,2,0,2,0,2,0
d0c1-bfe4-18f0,4319,2,-95.5,2,0,2,0,2,0,2,0
d0c1-bfe4-18f0,4320,2,-94.0,3,1,3,1,3,1,3,1
d0c1-bfe4-18f0,4321,2,-94.75,3,1,3,1,3,1,3,1
d0c1-bfe4-18f0,4322,2,-95.0,3,1,3,1,3,1,3,1
d0c1-bfe4-18f0,4323,2,-95.0,3,1,3,1,3,1,3,1
d0c1-bfe4-18f0,4324,2,-94.0,3,1,3,1,3,1,3,1
d0c1-bfe4-18f0,4325,2,-95.0,3,1,3,1,3,1,3,1
d0c1-bfe4-18f0,4326,2,-95.0,3,1,3,1,3,1,3,1
d0c1-bfe4-18f0,4327,2,-95.25,3,1,3,1,3,1,3,1
d0c1-bfe4-18f0,4328,2,-95.0,3,1,3,1,3,1,3,1
d0c1-bfe4-18f0,4329,2,-95.0,3,1,3,1,3,1,3,1
d0c1-bfe4-18f0,4330,2,-94.75,3,1,3,1,3,1,3,1
d0c1-bfe4-18f0,4331,2,-94.5,3,1,3,1,3,1,3,1
d0c1-bfe4-18f0,4332,2,-94.75,3,1,3,1,3,1,3,1
d0c1-bfe4-18f0,4333,2,-94.75,3,1,3,1,3,1,3,1
d0c1-bfe4-18f0,4334,2,-94.75,3,1,3,1,3,1,3,1
d0c1-bfe4-18f0,4335,2,-93.5,3,1,3,1,2,0,3,1
d0c1-bfe4-18f0,4336,2,-94.5,3,1,3,1,3,1,3,1
d0c1-bfe4-18f0,4337,2,-95.0,3,1,3,1,3,1,3,1
d0c1-bfe4-18f0,4338,2,-93.75,3,1,3,1,3,1,3,1
d0c1-bfe4-18f0,4339,2,-94.75,3,1,3,1,3,1,3,1
d0c1-bfe4-18f0,4340,2,-95.0,3,1,3,1,3,1,3,1
d0c1-bfe4-18f0,4341,2,-94.5,3,1,3,1,3,1,3,1
d0c1-bfe4-18f0,4342,2,-94.5,3,1,3,1,3,1,3,1
d0c1-bfe4-18f0,4343,2,-94.75,3,1,3,1,3,1,3,1
d0c1-bfe4-18f0,4344,2,-94.5,3,1,3,1,3,1,3,1
d0c1-bfe4-18f0,4345,2,-94.75,3,1,3,1,3,1,3,1
d0c1-bfe4-18f0,4346,2,-95.0,3,1,3,1,3,1,3,1
d0c1-bfe4-18f0,4347,2,-94.5,3,1,3,1,3,1,3,1
d0c1-bfe4-18f0,4348,2,-94.25,3,1,3,1,3,1,3,1
d0c1-bfe4-18f0,4349,2,-95.25,3,1,3,1,3,1,3,1
d0c1-bfe4-18f0,4350,2,-95.0,3,1,3,1,3,1,3,1
d0c1-bfe4-18f0,4351,2,-95.0,3,1,3,1,3,1,3,1
d0c1-bfe4-18f0,4352,2,-93.75,3,1,3,1,3,1,3,1
d0c1-bfe4-18f0,4353,2,-94.25,3,1,3,1,3,1,3,1
d0c1-bfe4-18f0,4354,2,-93.5,3,1,3,1,3,1,3,1
d0c1-bfe4-18f0,4355,2,-95.0,2,0,2,0,2,0,2,0
d0c1-bfe4-18f0,4356,2,-94.25,3,1,3,1,3,1,3,1
d0c1-bfe4-18f0,4357,2,-94.75,3,1,3,1,3,1,3,1
d0c1-bfe4-18f0,4358,2,-95.0,3,1,3,1,3,1,3,1
d0c1-bfe4-18f0,4359,2,-94.75,3,1,3,1,3,1,3,1
d0c1-bfe4-18f0,4360,2,-94.5,3,1,3,1,3,1,3,1
d0c1-bfe4-18f0,4361,2,-93.25,3,1,3,1,3,1,3,1
d0c1-bfe4-18f0,4362,2,-94.5,3,1,3,1,3,1,3,1
d0c1-bfe4-18f0,4363,2,-94.75,4,2,4,2,4,2,4,2
d0c1-bfe4-18f0,4364,2,-92.5,3,1,3,1,3,1,3,1
d0c1-bfe4-18f0,4365,2,-94.5,3,1,3,1,3,1,3,1
d0c1-bfe4-18f0,4366,2,-94.75,3,1,3,1,3,1,3,1
d0c1-bfe4-18f0,4367,2,-95.0,3,1,3,1,3,1,3,1
d0c1-bfe4-18f0,4368,2,-92.5,4,2,4,2,3,1,4,2
d0c1-bfe4-18f0,4369,2,-92.75,4,2,4,2,3,1,4,2
d0c1-bfe4-18f0,4370,2,-93.75,3,1,2,0,2,0,3,1
d0c1-bfe4-18f0,4371,2,-93.25,3,1,3,1,3,1,3,1
d0c1-bfe4-18f0,4372,2,-93.25,3,1,3,1,3,1,3,1
d0c1-bfe4-18f0,4373,2,-94.0,4,2,4,2,4,2,4,2
d0c1-bfe4-18f0,4374,2,-93.0,3,1,3,1,3,1,3,1
d0c1-bfe4-18f0,4375,2,-93.0,3,1,3,1,3,1,3,1
d0c1-bfe4-18f0,4376,2,-92.75,3,1,3,1,3,1,3,1
d0c1-bfe4-18f0,4377,2,-93.5,3,1,3,1,3,1,3,1
d0c1-bfe4-18f0,4378,2,-93.5,4,2,4,2,3,1,4,2
d0c1-bfe4-18f0,4379,2,-93.25,3,1,3,1,3,1,3,1
d0c1-bfe4-18f0,4380,2,-94.0,4,2,4,2,4,2,4,2
d0c1-bfe4-18f0,4381,2,-93.25,3,1,3,1,3,1,3,1
d0c1-bfe4-18f0,4382,2,-94.0,3,1,2,0,2,0,3,1
d0c1-bfe4-18f0,4383,2,-92.75,3,1,3,1,3,1,3,1
d0c1-bfe4-18f0,4384,2,-93.75,3,1,3,1,3,1,3,1
d0c1-bfe4-18f0,4385,2,-93.25,4,2,4,2,4,2,4,2
d0c1-bfe4-18f0,4386,2,-93.75,3,1,3,1,3,1,3,1
d0c1-bfe4-18f0,4387,2,-93.25,3,1,3,1,3,1,3,1
d0c1-bfe4-18f0,4388,2,-93.25,3,1,3,1,3,1,3,1
d0c1-bfe4-18f0,4389,2,-93.5,3,1,3,1,3,1,3,1
d0c1-bfe4-18f0,4390,2,-93.75,3,1,3,1,3,1,3,1
d0c1-bfe4-18f0,4391,2,-93.25,3,1,3,1,3,1,3,1
d0c1-bfe4-18f0,4392,2,-94.5,3,1,3,1,3,1,3,1
d0c1-bfe4-18f0,4393,2,-93.75,3,1,3,1,3,1,3,1
d0c1-bfe4-18f0,4394,2,-94.25,4,2,4,2,4,2,4,2
d0c1-bfe4-18f0,4395,2,-93.25,3,1,3,1,3,1,3,1
d0c1-bfe4-18f0,4396,2,-94.25,3,1,3,1,3,1,3,1
d0c1-bfe4-18f0,4397,2,-94.0,3,1,3,1,3,1,3,1
d0c1-bfe4-18f0,4398,2,-94.25,3,1,3,1,3,1,3,1
d0c1-bfe4-18f0,4399,2,-94.5,3,1,3,1,3,1,3,1
d0c1-bfe4-18f0,4400,2,-94.0,3,1,3,1,3,1,3,1
d0c1-bfe4-18f0,4401,2,-94.25,3,1,3,1,3,1,3,1
d0c1-bfe4-18f0,4402,2,-93.75,3,1,3,1,3,1,3,1
d0c1-bfe4-18f0,4403,2,-94.0,3,1,3,1,3,1,3,1
d0c1-bfe4-18f0,4404,2,-93.5,3,1,3,1,3,1,3,1
d0c1-bfe4-18f0,4405,2,-93.5,3,1,3,1,3,1,3,1
d0c1-bfe4-18f0,4406,2,-93.5,3,1,3,1,3,1,3,1
d0c1-bfe4-18f0,4407,2,-93.5,3,1,3,1,3,1,3,1
d0c1-bfe4-18f0,4408,2,-94.25,3,1,3,1,3,1,3,1
d0c1-bfe4-18f0,4409,2,-93.75,3,1,3,1,3,1,3,1
d0c1-bfe4-18f0,4410,2,-93.75,3,1,3,1,3,1,3,1
d0c1-bfe4-18f0,4411,2,-94.0,3,1,3,1,3,1,3,1
d0c1-bfe4-18f0,4412,2,-94.25,3,1,3,1,3,1,3,1
d0c1-bfe4-18f0,4413,2,-93.25,3,1,3,1,3,1,3,1
d0c1-bfe4-18f0,4414,2,-93.5,3,1,3,1,3,1,3,1
d0c1-bfe4-18f0,4415,2,-94.0,3,1,3,1,3,1,3,1
d0c1-bfe4-18f0,4416,2,-93.75,3,1,3,1,3,1,3,1
d0c1-bfe4-18f0,4417,2,-93.25,3,1,3,1,3,1,3,1
d0c1-bfe4-18f0,4418,2,-93.5,3,1,3,1,3,1,3,1
d0c1-bfe4-18f0,4419,2,-93.75,3,1,3,1,3,1,3,1
d0c1-bfe4-18f0,4420,2,-93.5,3,1,3,1,3,1,3,1
d0c1-bfe4-18f0,4421,2,-93.5,3,1,3,1,3,1,3,1
d0c1-bfe4-18f0,4422,2,-93.25,3,1,3,1,3,1,3,1
d0c1-bfe4-18f0,4423,2,-93.25,3,1,3,1,3,1,3,1
d0c1-bfe4-18f0,4424,2,-93.25,3,1,3,1,3,1,3,1
d0c1-bfe4-18f0,4425,2,-93.25,3,1,3,1,3,1,3,1
d0c1-bfe4-18f0,4426,2,-94.0,3,1,3,1,3,1,3,1
d0c1-bfe4-18f0,4427,2,-93.75,3,1,3,1,3,1,3,1
d0c1-bfe4-18f0,4428,2,-93.25,3,1,3,1,3,1,3,1
d0c1-bfe4-18f0,4429,2,-93.75,4,2,4,2,3,1,4,2
d0c1-bfe4-18f0,4430,2,-93.75,3,1,3,1,3,1,3,1
d0c1-bfe4-18f0,4431,2,-93.5,3,1,3,1,3,1,3,1
d0c1-bfe4-18f0,4432,2,-93.5,3,1,3,1,3,1,3,1
d0c1-bfe4-18f0,4433,2,-93.25,3,1,3,1,3,1,3,1
d0c1-bfe4-18f0,4434,2,-94.25,3,1,3,1,3,1,3,1
d0c1-bfe4-18f0,4435,2,-93.5,3,1,3,1,3,1,3,1
d0c1-bfe4-18f0,4436,2,-92.75,3,1,3,1,3,1,3,1
d0c1-bfe4-18f0,4437,2,-93.0,3,1,3,1,3,1,3,1
d0c1-bfe4-18f0,4438,2,-93.75,3,1,3,1,3,1,3,1
d0c1-bfe4-18f0,4439,5,-90.5,5,0,4,1,4,1,5,0
d0c1-bfe4-18f0,4440,5,-88.75,5,0,4,1,4,1,5,0
d0c1-bfe4-18f0,4441,6,-90.75,5,1,5,1,4,2,5,1
d0c1-bfe4-18f0,4442,6,-91.5,6,0,6,0,5,1,6,0
d0c1-bfe4-18f0,4443,6,-90.75,6,0,5,1,5,1,6,0
d0c1-bfe4-18f0,4444,6,-92.5,5,1,5,1,5,1,5,1
d0c1-bfe4-18f0,4445,6,-92.0,6,0,6,0,6,0,6,0
d0c1-bfe4-18f0,4446,6,-92.75,7,1,6,0,6,0,7,1
d0c1-bfe4-18f0,4447,6,-91.75,6,0,6,0,6,0,6,0
d0c1-bfe4-18f0,4448,6,-93.0,6,0,6,0,6,0,6,0
d0c1-bfe4-18f0,4449,6,-93.0,6,0,6,0,6,0,6,0
d0c1-bfe4-18f0,4450,6,-90.0,6,0,5,1,5,1,6,0
d0c1-bfe4-18f0,4451,6,-92.25,6,0,6,0,6,0,6,0
d0c1-bfe4-18f0,4452,6,-93.5,6,0,6,0,6,0,6,0
d0c1-bfe4-18f0,4453,6,-92.25,5,1,5,1,4,2,5,1
d0c1-bfe4-18f0,4454,6,-91.5,5,1,5,1,4,2,5,1
d0c1-bfe4-18f0,4455,6,-92.75,6,0,6,0,6,0,6,0
d0c1-bfe4-18f0,4456,6,-90.0,6,0,5,1,5,1,6,0
d0c1-bfe4-18f0,4457,6,-93.0,6,0,6,0,6,0,6,0
d0c1-bfe4-18f0,4458,6,-92.5,6,0,6,0,6,0,6,0
d0c1-bfe4-18f0,4459,6,-93.5,6,0,6,0,6,0,6,0
d0c1-bfe4-18f0,4460,6,-93.25,6,0,6,0,6,0,6,0
d0c1-bfe4-18f0,4461,6,-93.0,6,0,6,0,6,0,6,0
d0c1-bfe4-18f0,4462,6,-91.25,6,0,5,1,5,1,6,0
d0c1-bfe4-18f0,4463,6,-92.0,6,0,6,0,6,0,6,0
d0c1-bfe4-18f0,4464,6,-91.5,5,1,5,1,4,2,5,1
d0c1-bfe4-18f0,4465,6,-91.75,6,0,6,0,6,0,6,0
d0c1-bfe4-18f0,4466,6,-92.25,6,0,6,0,6,0,6,0
d0c1-bfe4-18f0,4467,6,-93.0,6,0,6,0,6,0,6,0
d0c1-bfe4-18f0,4468,6,-92.25,6,0,6,0,6,0,6,0
d0c1-bfe4-18f0,4469,6,-92.5,6,0,6,0,6,0,6,0
d0c1-bfe4-18f0,4470,6,-93.0,6,0,6,0,6,0,6,0
d0c1-bfe4-18f0,4471,6,-93.25,5,1,5,1,5,1,5,1
d0c1-bfe4-18f0,4472,6,-92.5,6,0,6,0,6,0,6,0
d0c1-bfe4-18f0,4473,6,-92.0,6,0,6,0,6,0,6,0
d0c1-bfe4-18f0,4474,6,-92.0,6,0,6,0,6,0,6,0
d0c1-bfe4-18f0,4475,6,-91.25,6,0,5,1,5,1,6,0
d0c1-bfe4-18f0,4476,6,-90.5,7,1,7,1,7,1,7,1
d0c1-bfe4-18f0,4477,6,-92.0,6,0,6,0,6,0,6,0
d0c1-bfe4-18f0,4478,6,-91.5,6,0,5,1,6,0,6,0
d0c1-bfe4-18f0,4479,6,-92.25,5,1,5,1,5,1,5,1
d0c1-bfe4-18f0,4480,6,-92.5,5,1,5,1,5,1,5,1
d0c1-bfe4-18f0,4481,6,-92.75,5,1,5,1,5,1,5,1
d0c1-bfe4-18f0,4482,6,-92.0,5,1,5,1,4,2,5,1
d0c1-bfe4-18f0,4483,6,-93.0,5,1,5,1,5,1,5,1
d0c1-bfe4-18f0,4484,6,-91.5,5,1,5,1,5,1,5,1
d0c1-bfe4-18f0,4485,6,-93.0,5,1,5,1,5,1,5,1
d0c1-bfe4-18f0,4486,6,-92.25,5,1,5,1,4,2,5,1
d0c1-bfe4-18f0,4487,6,-92.75,6,0,6,0,6,0,6,0
d0c1-bfe4-18f0,4488,6,-93.5,6,0,6,0,6,0,6,0
d0c1-bfe4-18f0,4489,6,-91.5,6,0,6,0,5,1,6,0
d0c1-bfe4-18f0,4490,6,-93.0,6,0,6,0,6,0,6,0
d0c1-bfe4-18f0,4491,6,-93.25,6,0,6,0,6,0,6,0
d0c1-bfe4-18f0,4492,6,-92.25,5,1,5,1,5,1,5,1
d0c1-bfe4-18f0,4493,6,-92.25,6,0,6,0,6,0,6,0
d0c1-bfe4-18f0,4494,6,-92.0,6,0,6,0,6,0,6,0
d0c1-bfe4-18f0,4495,6,-91.75,6,0,6,0,6,0,6,0
d0c1-bfe4-18f0,4496,6,-91.75,6,0,6,0,6,0,6,0
d0c1-bfe4-18f0,4497,6,-92.5,6,0,6,0,6,0,6,0
d0c1-bfe4-18f0,4498,6,-93.5,6,0,6,0,6,0,6,0
d0c1-bfe4-18f0,4499,6,-93.5,6,0,6,0,6,0,6,0
d0c1-bfe4-18f0,4500,6,-91.5,7,1,7,1,7,1,7,1
d0c1-bfe4-18f0,4501,6,-93.25,6,0,6,0,6,0,6,0
d0c1-bfe4-18f0,4502,6,-91.5,6,0,6,0,5,1,6,0
d0c1-bfe4-18f0,4503,6,-91.75,6,0,6,0,6,0,6,0
d0c1-bfe4-18f0,4504,6,-91.75,6,0,6,0,6,0,6,0
d0c1-bfe4-18f0,4505,6,-91.5,6,0,6,0,5,1,6,0
d0c1-bfe4-18f0,4506,6,-91.0,6,0,6,0,5,1,6,0
d0c1-bfe4-18f0,4507,6,-93.0,6,0,6,0,6,0,6,0
d0c1-bfe4-18f0,4508,6,-92.25,6,0,6,0,6,0,6,0
d0c1-bfe4-18f0,4509,6,-93.0,6,0,6,0,6,0,6,0
d0c1-bfe4-18f0,4510,6,-91.25,6,0,6,0,5,1,6,0
d0c1-bfe4-18f0,4511,6,-91.25,6,0,5,1,5,1,6,0
d0c1-bfe4-18f0,4512,6,-92.0,6,0,6,0,6,0,6,0
d0c1-bfe4-18f0,4513,6,-89.75,6,0,5,1,5,1,6,0
d0c1-bfe4-18f0,4514,6,-92.0,6,0,6,0,6,0,6,0
d0c1-bfe4-18f0,4515,6,-91.5,6,0,6,0,5,1,6,0
d0c1-bfe4-18f0,4516,6,-92.5,6,0,6,0,6,0,6,0
d0c1-bfe4-18f0,4517,6,-90.25,6,0,5,1,5,1,6,0
d0c1-bfe4-18f0,4518,6,-91.0,5,1,5,1,4,2,5,1
d0c1-bfe4-18f0,4519,6,-92.0,6,0,6,0,6,0,6,0
d0c1-bfe4-18f0,4520,6,-90.25,5,1,5,1,4,2,5,1
d0c1-bfe4-18f0,4521,6,-92.5,6,0,6,0,6,0,6,0
d0c1-bfe4-18f0,4522,6,-91.25,5,1,5,1,4,2,5,1
d0c1-bfe4-18f0,4523,6,-93.25,5,1,5,1,5,1,5,1
d0c1-bfe4-18f0,4524,6,-92.25,5,1,5,1,5,1,5,1
d0c1-bfe4-18f0,4525,6,-90.75,5,1,5,1,4,2,5,1
d0c1-bfe4-18f0,4526,6,-91.75,5,1,5,1,5,1,5,1
d0c1-bfe4-18f0,4527,6,-92.0,6,0,6,0,6,0,6,0
d0c1-bfe4-18f0,4528,6,-90.5,5,1,5,1,4,2,5,1
d0c1-bfe4-18f0,4529,6,-92.5,5,1,5,1,4,2,5,1
d0c1-bfe4-18f0,4530,6,-91.75,6,0,6,0,6,0,6,0
d0c1-bfe4-18f0,4531,6,-92.5,6,0,6,0,6,0,6,0
d0c1-bfe4-18f0,4532,6,-92.25,6,0,6,0,6,0,6,0
d0c1-bfe4-18f0,4533,6,-91.25,5,1,5,1,4,2,5,1
d0c1-bfe4-18f0,4534,6,-92.75,5,1,5,1,5,1,5,1
d0c1-bfe4-18f0,4535,7,-94.0,7,0,7,0,7,0,7,0
d0c1-bfe4-18f0,4536,6,-94.0,7,1,7,1,7,1,7,1
d0c1-bfe4-18f0,4537,6,-93.75,7,1,7,1,7,1,7,1
d0c1-bfe4-18f0,4538,7,-94.25,7,0,7,0,7,0,7,0
d0c1-bfe4-18f0,4539,6,-93.5,7,1,7,1,7,1,7,1
d0c1-bfe4-18f0,4540,6,-93.5,7,1,7,1,7,1,7,1
d0c1-bfe4-18f0,4541,6,-94.0,7,1,7,1,7,1,7,1
d0c1-bfe4-18f0,4542,6,-93.25,7,1,7,1,7,1,7,1
d0c1-bfe4-18f0,4543,6,-92.75,7,1,7,1,7,1,7,1
d0c1-bfe4-18f0,4544,6,-94.0,7,1,7,1,7,1,7,1
d0c1-bfe4-18f0,4545,6,-93.75,7,1,7,1,7,1,7,1
d0c1-bfe4-18f0,4546,6,-93.5,7,1,7,1,7,1,7,1
d0c1-bfe4-18f0,4547,7,-93.75,7,0,7,0,7,0,7,0
d0c1-bfe4-18f0,4548,6,-94.25,7,1,7,1,7,1,7,1
d0c1-bfe4-18f0,4549,6,-93.5,7,1,7,1,7,1,7,1
d0c1-bfe4-18f0,4550,6,-93.25,7,1,7,1,7,1,7,1
d0c1-bfe4-18f0,4551,6,-93.0,7,1,7,1,7,1,7,1
d0c1-bfe4-18f0,4552,6,-93.25,7,1,7,1,7,1,7,1
d0c1-bfe4-18f0,4553,6,-94.25,7,1,7,1,7,1,7,1
d0c1-bfe4-18f0,4554,6,-93.25,7,1,7,1,7,1,7,1
d0c1-bfe4-18f0,4555,6,-93.25,7,1,7,1,7,1,7,1
d0c1-bfe4-18f0,4556,6,-93.75,7,1,7,1,7,1,7,1
d0c1-bfe4-18f0,4557,6,-93.75,7,1,7,1,7,1,7,1
d0c1-bfe4-18f0,4558,6,-93.25,7,1,7,1,7,1,7,1
d0c1-bfe4-18f0,4559,6,-93.5,7,1,7,1,7,1,7,1
d0c1-bfe4-18f0,4560,6,-93.75,7,1,7,1,7,1,7,1
d0c1-bfe4-18f0,4561,6,-93.75,7,1,7,1,7,1,7,1
d0c1-bfe4-18f0,4562,6,-94.75,7,1,7,1,7,1,7,1
d0c1-bfe4-18f0,4563,6,-93.0,7,1,7,1,7,1,7,1
d0c1-bfe4-18f0,4564,6,-93.75,7,1,7,1,7,1,7,1
d0c1-bfe4-18f0,4565,6,-94.25,7,1,7,1,7,1,7,1
d0c1-bfe4-18f0,4566,6,-93.75,7,1,7,1,7,1,7,1
d0c1-bfe4-18f0,4567,6,-93.0,7,1,7,1,7,1,7,1
d0c1-bfe4-18f0,4568,6,-93.75,7,1,7,1,7,1,7,1
d0c1-bfe4-18f0,4569,6,-94.25,7,1,7,1,7,1,7,1
d0c1-bfe4-18f0,4570,6,-94.0,7,1,7,1,7,1,7,1
d0c1-bfe4-18f0,4571,6,-93.25,7,1,7,1,7,1,7,1
d0c1-bfe4-18f0,4572,6,-93.5,7,1,7,1,7,1,7,1
d0c1-bfe4-18f0,4573,6,-93.25,7,1,7,1,7,1,7,1
d0c1-bfe4-18f0,4574,6,-94.0,7,1,7,1,7,1,7,1
d0c1-bfe4-18f0,4575,6,-94.5,7,1,7,1,7,1,7,1
d0c1-bfe4-18f0,4576,6,-94.75,7,1,7,1,7,1,7,1
d0c1-bfe4-18f0,4577,6,-93.25,7,1,7,1,7,1,7,1
d0c1-bfe4-18f0,4578,6,-93.5,7,1,7,1,7,1,7,1
d0c1-bfe4-18f0,4579,7,-94.25,7,0,7,0,7,0,7,0
d0c1-bfe4-18f0,4580,6,-93.25,7,1,7,1,7,1,7,1
d0c1-bfe4-18f0,4581,7,-94.5,7,0,7,0,7,0,7,0
d0c1-bfe4-18f0,4582,6,-93.5,7,1,7,1,7,1,7,1
d0c1-bfe4-18f0,4583,6,-93.75,7,1,7,1,7,1,7,1
d0c1-bfe4-18f0,4584,6,-93.5,7,1,7,1,7,1,7,1
d0c1-bfe4-18f0,4585,6,-92.75,7,1,7,1,7,1,7,1
d0c1-bfe4-18f0,4586,7,-93.5,7,0,7,0,7,0,7,0
d0c1-bfe4-18f0,4587,7,-93.75,7,0,7,0,7,0,7,0
d0c1-bfe4-18f0,4588,6,-93.0,7,1,7,1,7,1,7,1
d0c1-bfe4-18f0,4589,6,-94.25,7,1,7,1,7,1,7,1
d0c1-bfe4-18f0,4590,6,-93.75,7,1,7,1,7,1,7,1
d0c1-bfe4-18f0,4591,6,-93.75,7,1,7,1,7,1,7,1
d0c1-bfe4-18f0,4592,6,-93.5,7,1,7,1,7,1,7,1
d0c1-bfe4-18f0,4593,6,-94.0,7,1,7,1,7,1,7,1
d0c1-bfe4-18f0,4594,6,-94.0,7,1,7,1,7,1,7,1
d0c1-bfe4-18f0,4595,6,-94.5,7,1,7,1,7,1,7,1
d0c1-bfe4-18f0,4596,6,-94.0,7,1,7,1,7,1,7,1
d0c1-bfe4-18f0,4597,6,-93.0,7,1,7,1,7,1,7,1
d0c1-bfe4-18f0,4598,6,-94.0,7,1,7,1,7,1,7,1
d0c1-bfe4-18f0,4599,6,-94.0,7,1,7,1,7,1,7,1
d0c1-bfe4-18f0,4600,6,-93.25,7,1,7,1,7,1,7,1
d0c1-bfe4-18f0,4601,6,-91.75,7,1,7,1,7,1,7,1
d0c1-bfe4-18f0,4602,6,-94.0,7,1,7,1,7,1,7,1
d0c1-bfe4-18f0,4603,6,-93.0,7,1,7,1,7,1,7,1
d0c1-bfe4-18f0,4604,6,-93.0,7,1,7,1,7,1,7,1
d0c1-bfe4-18f0,4605,6,-92.75,7,1,7,1,7,1,7,1
d0c1-bfe4-18f0,4606,6,-93.5,7,1,7,1,7,1,7,1
d0c1-bfe4-18f0,4607,6,-93.75,7,1,7,1,7,1,7,1
d0c1-bfe4-18f0,4608,6,-93.5,7,1,7,1,7,1,7,1
d0c1-bfe4-18f0,4609,6,-92.5,7,1,7,1,7,1,7,1
d0c1-bfe4-18f0,4610,6,-93.25,7,1,7,1,7,1,7,1
d0c1-bfe4-18f0,4611,6,-93.25,7,1,7,1,7,1,7,1
d0c1-bfe4-18f0,4612,6,-93.25,7,1,7,1,7,1,7,1
d0c1-bfe4-18f0,4613,6,-94.25,7,1,7,1,7,1,7,1
d0c1-bfe4-18f0,4614,6,-94.5,7,1,7,1,7,1,7,1
d0c1-bfe4-18f0,4615,6,-93.25,7,1,7,1,7,1,7,1
d0c1-bfe4-18f0,4616,6,-93.5,7,1,7,1,7,1,7,1
d0c1-bfe4-18f0,4617,6,-92.75,7,1,7,1,7,1,7,1
d0c1-bfe4-18f0,4618,6,-94.0,7,1,7,1,7,1,7,1
d0c1-bfe4-18f0,4619,6,-93.5,7,1,7,1,7,1,7,1
d0c1-bfe4-18f0,4620,6,-94.25,7,1,7,1,7,1,7,1
d0c1-bfe4-18f0,4621,7,-92.25,7,0,7,0,7,0,7,0
d0c1-bfe4-18f0,4622,6,-93.0,7,1,7,1,7,1,7,1
d0c1-bfe4-18f0,4623,6,-92.25,7,1,7,1,7,1,7,1
d0c1-bfe4-18f0,4624,6,-93.75,7,1,7,1,7,1,7,1
d0c1-bfe4-18f0,4625,6,-93.0,7,1,7,1,7,1,7,1
d0c1-bfe4-18f0,4626,8,-92.25,7,1,7,1,7,1,7,1
d0c1-bfe4-18f0,4627,8,-93.5,7,1,7,1,7,1,7,1
d0c1-bfe4-18f0,4628,8,-93.5,7,1,7,1,7,1,7,1
d0c1-bfe4-18f0,4629,8,-93.5,7,1,7,1,7,1,7,1
d0c1-bfe4-18f0,4630,8,-93.5,7,1,7,1,7,1,7,1
d0c1-bfe4-18f0,4631,8,-93.5,7,1,7,1,7,1,7,1
d0c1-bfe4-18f0,4632,8,-93.75,7,1,7,1,7,1,7,1
d0c1-bfe4-18f0,4633,8,-92.5,7,1,7,1,7,1,7,1
d0c1-bfe4-18f0,4634,8,-93.75,7,1,7,1,7,1,7,1
d0c1-bfe4-18f0,4635,8,-92.5,7,1,7,1,7,1,7,1
d0c1-bfe4-18f0,4636,8,-94.0,7,1,7,1,7,1,7,1
d0c1-bfe4-18f0,4637,8,-93.25,7,1,7,1,7,1,7,1
d0c1-bfe4-18f0,4638,8,-93.5,7,1,7,1,7,1,7,1
d0c1-bfe4-18f0,4639,8,-94.0,7,1,7,1,7,1,7,1
d0c1-bfe4-18f0,4640,8,-93.5,7,1,7,1,7,1,7,1
d0c1-bfe4-18f0,4641,8,-93.5,7,1,7,1,7,1,7,1
d0c1-bfe4-18f0,4642,8,-94.0,7,1,7,1,7,1,7,1
d0c1-bfe4-18f0,4643,8,-92.5,7,1,7,1,7,1,7,1
d0c1-bfe4-18f0,4644,8,-94.0,7,1,7,1,7,1,7,1
d0c1-bfe4-18f0,4645,8,-93.5,7,1,7,1,7,1,7,1
d0c1-bfe4-18f0,4646,8,-93.25,7,1,7,1,7,1,7,1
d0c1-bfe4-18f0,4647,8,-92.75,7,1,7,1,7,1,7,1
d0c1-bfe4-18f0,4648,8,-93.5,7,1,7,1,7,1,7,1
d0c1-bfe4-18f0,4649,8,-93.75,7,1,7,1,7,1,7,1
d0c1-bfe4-18f0,4650,8,-92.25,7,1,7,1,7,1,7,1
d0c1-bfe4-18f0,4651,8,-94.25,7,1,7,1,7,1,7,1
d0c1-bfe4-18f0,4652,8,-93.25,7,1,7,1,7,1,7,1
d0c1-bfe4-18f0,4653,8,-93.5,7,1,7,1,7,1,7,1
d0c1-bfe4-18f0,4654,8,-93.0,7,1,7,1,7,1,7,1
d0c1-bfe4-18f0,4655,8,-93.0,7,1,7,1,7,1,7,1
d0c1-bfe4-18f0,4656,8,-93.25,7,1,7,1,7,1,7,1
d0c1-bfe4-18f0,4657,8,-93.5,7,1,7,1,7,1,7,1
d0c1-bfe4-18f0,4658,8,-93.5,7,1,7,1,7,1,7,1
d0c1-bfe4-18f0,4659,8,-93.5,7,1,7,1,7,1,7,1
d0c1-bfe4-18f0,4660,8,-93.25,7,1,7,1,7,1,7,1
d0c1-bfe4-18f0,4661,8,-94.25,7,1,7,1,7,1,7,1
d0c1-bfe4-18f0,4662,8,-92.75,7,1,7,1,7,1,7,1
d0c1-bfe4-18f0,4663,8,-93.25,7,1,7,1,7,1,7,1
d0c1-bfe4-18f0,4664,8,-93.25,7,1,7,1,7,1,7,1
d0c1-bfe4-18f0,4665,8,-93.25,7,1,7,1,7,1,7,1
d0c1-bfe4-18f0,4666,8,-93.5,7,1,7,1,7,1,7,1
d0c1-bfe4-18f0,4667,8,-93.25,7,1,7,1,7,1,7,1
d0c1-bfe4-18f0,4668,8,-93.75,7,1,7,1,7,1,7,1
d0c1-bfe4-18f0,4669,8,-93.5,7,1,7,1,7,1,7,1
d0c1-bfe4-18f0,4670,8,-93.0,7,1,7,1,7,1,7,1
d0c1-bfe4-18f0,4671,8,-93.5,7,1,7,1,7,1,7,1
d0c1-bfe4-18f0,4672,8,-93.5,7,1,7,1,7,1,7,1
d0c1-bfe4-18f0,4673,8,-93.0,7,1,7,1,7,1,7,1
d0c1-bfe4-18f0,4674,8,-93.25,7,1,7,1,7,1,7,1
d0c1-bfe4-18f0,4675,8,-93.75,7,1,7,1,7,1,7,1
d0c1-bfe4-18f0,4676,8,-93.75,7,1,7,1,7,1,7,1
d0c1-bfe4-18f0,4677,8,-94.25,7,1,7,1,7,1,7,1
d0c1-bfe4-18f0,4678,8,-93.25,7,1,7,1,7,1,7,1
d0c1-bfe4-18f0,4679,8,-94.25,7,1,7,1,7,1,7,1
d0c1-bfe4-18f0,4680,8,-93.25,7,1,7,1,7,1,7,1
d0c1-bfe4-18f0,4681,8,-93.25,7,1,7,1,7,1,7,1
d0c1-bfe4-18f0,4682,8,-93.0,7,1,7,1,7,1,7,1
d0c1-bfe4-18f0,4683,8,-93.0,7,1,7,1,7,1,7,1
d0c1-bfe4-18f0,4684,8,-93.75,7,1,7,1,7,1,7,1
d0c1-bfe4-18f0,4685,8,-93.25,7,1,7,1,7,1,7,1
d0c1-bfe4-18f0,4686,8,-93.5,7,1,7,1,7,1,7,1
d0c1-bfe4-18f0,4687,8,-93.25,7,1,7,1,7,1,7,1
d0c1-bfe4-18f0,4688,8,-94.0,7,1,7,1,7,1,7,1
d0c1-bfe4-18f0,4689,8,-93.75,7,1,7,1,7,1,7,1
d0c1-bfe4-18f0,4690,8,-93.5,7,1,7,1,7,1,7,1
d0c1-bfe4-18f0,4691,8,-93.0,7,1,7,1,7,1,7,1
d0c1-bfe4-18f0,4692,8,-93.0,7,1,7,1,7,1,7,1
d0c1-bfe4-18f0,4693,8,-93.25,7,1,7,1,7,1,7,1
d0c1-bfe4-18f0,4694,8,-94.0,7,1,7,1,7,1,7,1
d0c1-bfe4-18f0,4695,8,-93.75,7,1,7,1,7,1,7,1
d0c1-bfe4-18f0,4696,8,-93.75,7,1,7,1,7,1,7,1
d0c1-bfe4-18f0,4697,8,-93.25,7,1,7,1,7,1,7,1
d0c1-bfe4-18f0,4698,8,-94.25,7,1,7,1,7,1,7,1
d0c1-bfe4-18f0,4699,8,-93.25,7,1,7,1,7,1,7,1
d0c1-bfe4-18f0,4700,8,-93.75,7,1,7,1,7,1,7,1
d0c1-bfe4-18f0,4701,8,-93.0,7,1,7,1,7,1,7,1
d0c1-bfe4-18f0,4702,8,-93.25,7,1,7,1,7,1,7,1
d0c1-bfe4-18f0,4703,8,-94.0,7,1,7,1,7,1,7,1
d0c1-bfe4-18f0,4704,8,-92.75,7,1,7,1,7,1,7,1
d0c1-bfe4-18f0,4705,8,-94.0,7,1,7,1,7,1,7,1
d0c1-bfe4-18f0,4706,8,-93.5,7,1,7,1,7,1,7,1
d0c1-bfe4-18f0,4707,8,-92.75,7,1,7,1,7,1,7,1
d0c1-bfe4-18f0,4708,8,-93.25,7,1,7,1,7,1,7,1
d0c1-bfe4-18f0,4709,8,-93.25,7,1,7,1,7,1,7,1
d0c1-bfe4-18f0,4710,8,-93.5,7,1,7,1,7,1,7,1
d0c1-bfe4-18f0,4711,8,-93.5,7,1,7,1,7,1,7,1
d0c1-bfe4-18f0,4712,8,-92.75,7,1,7,1,7,1,7,1
d0c1-bfe4-18f0,4713,8,-93.0,7,1,7,1,7,1,7,1
d0c1-bfe4-18f0,4714,8,-92.25,7,1,7,1,7,1,7,1
d0c1-bfe4-18f0,4715,8,-92.75,7,1,7,1,7,1,7,1
d0c1-bfe4-18f0,4716,8,-93.25,7,1,7,1,7,1,7,1
d0c1-bfe4-18f0,4717,8,-93.75,7,1,7,1,7,1,7,1
d0c1-bfe4-18f0,4718,8,-93.5,7,1,7,1,7,1,7,1
d0c1-bfe4-18f0,4719,8,-93.5,7,1,7,1,7,1,7,1
d0c1-bfe4-18f0,4720,8,-93.0,7,1,7,1,7,1,7,1
d0c1-bfe4-18f0,4721,8,-93.5,7,1,7,1,7,1,7,1
d0c1-bfe4-18f0,4722,8,-94.25,7,1,7,1,7,1,7,1
d0c1-bfe4-18f0,4723,8,-93.0,7,1,7,1,7,1,7,1
d0c1-bfe4-18f0,4724,8,-93.25,7,1,7,1,7,1,7,1
d0c1-bfe4-18f0,4725,8,-94.0,7,1,7,1,7,1,7,1
d0c1-bfe4-18f0,4726,8,-93.25,7,1,7,1,7,1,7,1
d0c1-bfe4-18f0,4727,8,-94.0,7,1,7,1,7,1,7,1
d0c1-bfe4-18f0,4728,7,-94.75,6,1,7,0,7,0,6,1
d0c1-bfe4-18f0,4729,7,-94.0,6,1,7,0,7,0,6,1
d0c1-bfe4-18f0,4730,7,-94.5,5,2,5,2,6,1,5,2
d0c1-bfe4-18f0,4731,7,-94.0,6,1,6,1,7,0,6,1
d0c1-bfe4-18f0,4732,7,-94.5,6,1,7,0,7,0,6,1
d0c1-bfe4-18f0,4733,7,-94.0,6,1,7,0,7,0,6,1
d0c1-bfe4-18f0,4734,7,-94.75,6,1,7,0,7,0,6,1
d0c1-bfe4-18f0,4735,7,-94.0,5,2,5,2,6,1,5,2
d0c1-bfe4-18f0,4736,7,-94.0,5,2,5,2,6,1,5,2
d0c1-bfe4-18f0,4737,7,-93.5,6,1,6,1,6,1,6,1
d0c1-bfe4-18f0,4738,7,-93.0,5,2,5,2,5,2,5,2
d0c1-bfe4-18f0,4739,7,-94.25,6,1,7,0,7,0,6,1
d0c1-bfe4-18f0,4740,7,-94.75,6,1,7,0,7,0,6,1
d0c1-bfe4-18f0,4741,7,-94.5,6,1,7,0,7,0,6,1
d0c1-bfe4-18f0,4742,7,-94.25,5,2,5,2,6,1,5,2
d0c1-bfe4-18f0,4743,7,-94.5,6,1,7,0,7,0,6,1
d0c1-bfe4-18f0,4744,7,-93.5,5,2,5,2,5,2,5,2
d0c1-bfe4-18f0,4745,7,-93.75,6,1,6,1,6,1,6,1
d0c1-bfe4-18f0,4746,7,-94.5,6,1,7,0,7,0,6,1
d0c1-bfe4-18f0,4747,7,-94.0,6,1,6,1,7,0,6,1
d0c1-bfe4-18f0,4748,7,-93.75,6,1,6,1,6,1,6,1
d0c1-bfe4-18f0,4749,7,-94.25,6,1,7,0,7,0,6,1
d0c1-bfe4-18f0,4750,7,-94.25,6,1,7,0,7,0,6,1
d0c1-bfe4-18f0,4751,7,-94.25,6,1,7,0,7,0,6,1
d0c1-bfe4-18f0,4752,7,-93.75,5,2,5,2,5,2,5,2
d0c1-bfe4-18f0,4753,7,-93.5,6,1,6,1,6,1,6,1
d0c1-bfe4-18f0,4754,7,-94.5,5,2,5,2,6,1,5,2
d0c1-bfe4-18f0,4755,7,-94.0,5,2,5,2,6,1,5,2
d0c1-bfe4-18f0,4756,7,-93.75,6,1,6,1,6,1,6,1
d0c1-bfe4-18f0,4757,7,-93.5,6,1,6,1,6,1,6,1
d0c1-bfe4-18f0,4758,7,-94.0,6,1,7,0,7,0,6,1
d0c1-bfe4-18f0,4759,7,-94.25,5,2,5,2,6,1,5,2
d0c1-bfe4-18f0,4760,7,-93.5,5,2,5,2,5,2,5,2
d0c1-bfe4-18f0,4761,7,-93.25,5,2,5,2,5,2,5,2
d0c1-bfe4-18f0,4762,7,-94.0,5,2,5,2,6,1,5,2
d0c1-bfe4-18f0,4763,7,-94.0,5,2,5,2,6,1,5,2
d0c1-bfe4-18f0,4764,7,-93.5,5,2,5,2,5,2,5,2
d0c1-bfe4-18f0,4765,7,-93.5,5,2,5,2,5,2,5,2
d0c1-bfe4-18f0,4766,7,-94.0,6,1,7,0,7,0,6,1
d0c1-bfe4-18f0,4767,7,-94.0,6,1,7,0,7,0,6,1
d0c1-bfe4-18f0,4768,7,-94.75,6,1,7,0,7,0,6,1
d0c1-bfe4-18f0,4769,7,-93.5,6,1,6,1,6,1,6,1
d0c1-bfe4-18f0,4770,7,-94.25,6,1,7,0,7,0,6,1
d0c1-bfe4-18f0,4771,7,-94.75,6,1,7,0,7,0,6,1
d0c1-bfe4-18f0,4772,7,-92.75,6,1,6,1,6,1,6,1
d0c1-bfe4-18f0,4773,7,-93.25,5,2,5,2,5,2,5,2
d0c1-bfe4-18f0,4774,7,-94.0,6,1,7,0,7,0,6,1
d0c1-bfe4-18f0,4775,7,-93.5,5,2,5,2,5,2,5,2
d0c1-bfe4-18f0,4776,7,-94.25,5,2,5,2,6,1,5,2
d0c1-bfe4-18f0,4777,7,-95.0,5,2,5,2,6,1,5,2
d0c1-bfe4-18f0,4778,7,-94.0,5,2,5,2,6,1,5,2
d0c1-bfe4-18f0,4779,7,-94.5,5,2,5,2,6,1,5,2
d0c1-bfe4-18f0,4780,7,-93.75,6,1,6,1,6,1,6,1
d0c1-bfe4-18f0,4781,7,-93.75,5,2,5,2,5,2,5,2
d0c1-bfe4-18f0,4782,7,-93.5,6,1,6,1,6,1,6,1
d0c1-bfe4-18f0,4783,7,-93.25,6,1,6,1,6,1,6,1
d0c1-bfe4-18f0,4784,7,-93.75,6,1,6,1,6,1,6,1
d0c1-bfe4-18f0,4785,7,-94.0,6,1,7,0,7,0,6,1
d0c1-bfe4-18f0,4786,7,-94.0,6,1,7,0,7,0,6,1
d0c1-bfe4-18f0,4787,7,-93.5,6,1,6,1,6,1,6,1
d0c1-bfe4-18f0,4788,7,-93.75,6,1,6,1,6,1,6,1
d0c1-bfe4-18f0,4789,7,-93.75,5,2,5,2,5,2,5,2
d0c1-bfe4-18f0,4790,7,-94.0,6,1,7,0,7,0,6,1
d0c1-bfe4-18f0,4791,7,-93.0,6,1,6,1,6,1,6,1
d0c1-bfe4-18f0,4792,7,-94.5,5,2,5,2,6,1,5,2
d0c1-bfe4-18f0,4793,7,-94.75,5,2,5,2,6,1,5,2
d0c1-bfe4-18f0,4794,7,-93.75,5,2,5,2,5,2,5,2
d0c1-bfe4-18f0,4795,7,-94.5,6,1,7,0,7,0,6,1
d0c1-bfe4-18f0,4796,7,-93.5,5,2,5,2,5,2,5,2
d0c1-bfe4-18f0,4797,7,-94.25,6,1,7,0,7,0,6,1
d0c1-bfe4-18f0,4798,7,-94.0,6,1,7,0,7,0,6,1
d0c1-bfe4-18f0,4799,7,-94.0,6,1,7,0,7,0,6,1
d0c1-bfe4-18f0,4800,6,-94.0,7,1,7,1,7,1,7,1
d0c1-bfe4-18f0,4801,6,-93.25,7,1,7,1,7,1,7,1
d0c1-bfe4-18f0,4802,6,-94.25,7,1,7,1,8,2,7,1
d0c1-bfe4-18f0,4803,6,-93.75,7,1,7,1,7,1,7,1
d0c1-bfe4-18f0,4804,6,-94.0,7,1,7,1,7,1,7,1
d0c1-bfe4-18f0,4805,6,-94.0,7,1,7,1,7,1,7,1
d0c1-bfe4-18f0,4806,6,-94.75,7,1,7,1,7,1,7,1
d0c1-bfe4-18f0,4807,6,-93.5,7,1,7,1,7,1,7,1
d0c1-bfe4-18f0,4808,6,-93.5,7,1,7,1,7,1,7,1
d0c1-bfe4-18f0,4809,6,-94.5,7,1,7,1,8,2,7,1
d0c1-bfe4-18f0,4810,6,-93.5,7,1,7,1,7,1,7,1
d0c1-bfe4-18f0,4811,6,-93.5,7,1,7,1,7,1,7,1
d0c1-bfe4-18f0,4812,6,-94.5,7,1,7,1,8,2,7,1
d0c1-bfe4-18f0,4813,6,-93.5,7,1,7,1,7,1,7,1
d0c1-bfe4-18f0,4814,6,-94.25,7,1,7,1,8,2,7,1
d0c1-bfe4-18f0,4815,6,-94.25,7,1,7,1,8,2,7,1
d0c1-bfe4-18f0,4816,6,-93.25,7,1,7,1,7,1,7,1
d0c1-bfe4-18f0,4817,6,-94.25,7,1,7,1,7,1,7,1
d0c1-bfe4-18f0,4818,6,-94.0,7,1,7,1,7,1,7,1
d0c1-bfe4-18f0,4819,6,-93.25,7,1,7,1,7,1,7,1
d0c1-bfe4-18f0,4820,6,-93.5,7,1,7,1,7,1,7,1
d0c1-bfe4-18f0,4821,6,-94.0,7,1,7,1,7,1,7,1
d0c1-bfe4-18f0,4822,6,-93.5,7,1,7,1,7,1,7,1
d0c1-bfe4-18f0,4823,6,-93.5,7,1,7,1,7,1,7,1
d0c1-bfe4-18f0,4824,6,-94.25,7,1,7,1,8,2,7,1
d0c1-bfe4-18f0,4825,6,-93.25,7,1,7,1,7,1,7,1
d0c1-bfe4-18f0,4826,6,-94.0,7,1,7,1,7,1,7,1
d0c1-bfe4-18f0,4827,6,-94.5,7,1,7,1,7,1,7,1
d0c1-bfe4-18f0,4828,6,-94.25,7,1,7,1,7,1,7,1
d0c1-bfe4-18f0,4829,6,-94.5,7,1,7,1,7,1,7,1
d0c1-bfe4-18f0,4830,6,-93.25,7,1,7,1,7,1,7,1
d0c1-bfe4-18f0,4831,6,-93.0,7,1,8,2,8,2,7,1
d0c1-bfe4-18f0,4832,6,-94.25,7,1,7,1,8,2,7,1
d0c1-bfe4-18f0,4833,6,-93.5,7,1,7,1,7,1,7,1
d0c1-bfe4-18f0,4834,6,-93.25,7,1,7,1,7,1,7,1
d0c1-bfe4-18f0,4835,6,-93.5,7,1,7,1,7,1,7,1
d0c1-bfe4-18f0,4836,6,-94.5,7,1,7,1,7,1,7,1
d0c1-bfe4-18f0,4837,6,-94.25,7,1,7,1,7,1,7,1
d0c1-bfe4-18f0,4838,6,-93.75,7,1,7,1,7,1,7,1
d0c1-bfe4-18f0,4839,6,-93.25,7,1,7,1,7,1,7,1
d0c1-bfe4-18f0,4840,6,-93.25,7,1,7,1,7,1,7,1
d0c1-bfe4-18f0,4841,6,-93.75,7,1,7,1,7,1,7,1
d0c1-bfe4-18f0,4842,6,-94.0,7,1,7,1,8,2,7,1
d0c1-bfe4-18f0,4843,6,-93.5,7,1,7,1,7,1,7,1
d0c1-bfe4-18f0,4844,6,-93.5,7,1,7,1,7,1,7,1
d0c1-bfe4-18f0,4845,6,-93.25,5,1,5,1,4,2,5,1
d0c1-bfe4-18f0,4846,6,-93.5,4,2,4,2,4,2,4,2
d0c1-bfe4-18f0,4847,6,-93.0,5,1,5,1,4,2,5,1
d0c1-bfe4-18f0,4848,6,-93.75,5,1,5,1,4,2,5,1
d0c1-bfe4-18f0,4849,6,-93.75,6,0,7,1,7,1,6,0
d0c1-bfe4-18f0,4850,6,-94.25,7,1,7,1,7,1,7,1
d0c1-bfe4-18f0,4851,6,-94.25,7,1,7,1,7,1,7,1
d0c1-bfe4-18f0,4852,6,-94.0,7,1,7,1,7,1,7,1
d0c1-bfe4-18f0,4853,6,-94.0,7,1,7,1,7,1,7,1
d0c1-bfe4-18f0,4854,6,-93.75,7,1,7,1,7,1,7,1
d0c1-bfe4-18f0,4855,6,-94.0,7,1,7,1,8,2,7,1
d0c1-bfe4-18f0,4856,6,-93.75,7,1,7,1,7,1,7,1
d0c1-bfe4-18f0,4857,6,-94.5,7,1,7,1,7,1,7,1
d0c1-bfe4-18f0,4858,6,-94.25,7,1,7,1,7,1,7,1
d0c1-bfe4-18f0,4859,6,-93.75,7,1,7,1,7,1,7,1
d0c1-bfe4-18f0,4860,6,-93.75,7,1,7,1,7,1,7,1
d0c1-bfe4-18f0,4861,6,-93.25,7,1,7,1,7,1,7,1
d0c1-bfe4-18f0,4862,6,-93.0,7,1,7,1,7,1,7,1
d0c1-bfe4-18f0,4863,5,-94.75,5,0,5,0,5,0,5,0
d0c1-bfe4-18f0,4864,5,-94.0,5,0,5,0,6,1,5,0
d0c1-bfe4-18f0,4865,5,-95.0,5,0,5,0,6,1,5,0
d0c1-bfe4-18f0,4866,5,-94.0,5,0,5,0,6,1,5,0
d0c1-bfe4-18f0,4867,5,-93.25,5,0,5,0,5,0,5,0
d0c1-bfe4-18f0,4868,5,-93.25,5,0,5,0,5,0,5,0
d0c1-bfe4-18f0,4869,5,-94.25,5,0,5,0,6,1,5,0
d0c1-bfe4-18f0,4870,5,-94.25,5,0,5,0,6,1,5,0
d0c1-bfe4-18f0,4871,5,-92.75,5,0,5,0,5,0,5,0
d0c1-bfe4-18f0,4872,5,-94.5,5,0,5,0,6,1,5,0
d0c1-bfe4-18f0,4873,5,-93.75,5,0,5,0,5,0,5,0
d0c1-bfe4-18f0,4874,5,-94.75,5,0,5,0,6,1,5,0
d0c1-bfe4-18f0,4875,5,-94.75,5,0,5,0,6,1,5,0
d0c1-bfe4-18f0,4876,5,-94.5,5,0,5,0,6,1,5,0
d0c1-bfe4-18f0,4877,5,-94.75,5,0,5,0,6,1,5,0
d0c1-bfe4-18f0,4878,5,-94.25,5,0,5,0,6,1,5,0
d0c1-bfe4-18f0,4879,5,-95.0,5,0,5,0,5,0,5,0
d0c1-bfe4-18f0,4880,5,-95.0,5,0,5,0,5,0,5,0
d0c1-bfe4-18f0,4881,5,-94.25,5,0,5,0,5,0,5,0
d0c1-bfe4-18f0,4882,5,-95.25,5,0,5,0,5,0,5,0
d0c1-bfe4-18f0,4883,5,-94.25,5,0,5,0,5,0,5,0
d0c1-bfe4-18f0,4884,5,-95.0,5,0,5,0,5,0,5,0
d0c1-bfe4-18f0,4885,5,-95.25,5,0,5,0,5,0,5,0
d0c1-bfe4-18f0,4886,5,-94.5,5,0,5,0,5,0,5,0
d0c1-bfe4-18f0,4887,5,-94.0,5,0,5,0,6,1,5,0
d0c1-bfe4-18f0,4888,5,-94.25,5,0,5,0,6,1,5,0
d0c1-bfe4-18f0,4889,5,-94.0,5,0,5,0,6,1,5,0
d0c1-bfe4-18f0,4890,5,-93.25,5,0,5,0,5,0,5,0
d0c1-bfe4-18f0,4891,5,-93.75,5,0,5,0,5,0,5,0
d0c1-bfe4-18f0,4892,5,-94.75,5,0,5,0,5,0,5,0
d0c1-bfe4-18f0,4893,5,-93.25,5,0,5,0,4,1,5,0
d0c1-bfe4-18f0,4894,5,-94.5,5,0,5,0,4,1,5,0
d0c1-bfe4-18f0,4895,5,-92.25,5,0,5,0,4,1,5,0
d0c1-bfe4-18f0,4896,5,-95.25,5,0,5,0,5,0,5,0
d0c1-bfe4-18f0,4897,5,-95.25,5,0,5,0,5,0,5,0
d0c1-bfe4-18f0,4898,5,-94.75,5,0,5,0,5,0,5,0
d0c1-bfe4-18f0,4899,5,-94.0,5,0,5,0,5,0,5,0
d0c1-bfe4-18f0,4900,5,-95.25,5,0,5,0,5,0,5,0
d0c1-bfe4-18f0,4901,5,-94.75,5,0,5,0,5,0,5,0
d0c1-bfe4-18f0,4902,5,-95.0,5,0,5,0,5,0,5,0
d0c1-bfe4-18f0,4903,5,-94.75,5,0,5,0,5,0,5,0
d0c1-bfe4-18f0,4904,5,-93.0,5,0,5,0,4,1,5,0
d0c1-bfe4-18f0,4905,5,-92.75,5,0,5,0,5,0,5,0
d0c1-bfe4-18f0,4906,5,-92.25,5,0,5,0,5,0,5,0
d0c1-bfe4-18f0,4907,5,-95.0,5,0,5,0,5,0,5,0
d0c1-bfe4-18f0,4908,5,-93.75,5,0,5,0,5,0,5,0
d0c1-bfe4-18f0,4909,5,-93.0,5,0,5,0,4,1,5,0
d0c1-bfe4-18f0,4910,5,-93.75,5,0,5,0,5,0,5,0
d0c1-bfe4-18f0,4911,5,-92.75,5,0,5,0,4,1,5,0
d0c1-bfe4-18f0,4912,5,-95.25,5,0,5,0,5,0,5,0
d0c1-bfe4-18f0,4913,5,-94.75,6,1,7,2,7,2,6,1
d0c1-bfe4-18f0,4914,5,-93.5,5,0,5,0,4,1,5,0
d0c1-bfe4-18f0,4915,5,-94.75,5,0,5,0,5,0,5,0
d0c1-bfe4-18f0,4916,5,-95.25,5,0,5,0,5,0,5,0
d0c1-bfe4-18f0,4917,5,-94.5,5,0,5,0,5,0,5,0
d0c1-bfe4-18f0,4918,5,-93.5,5,0,5,0,4,1,5,0
d0c1-bfe4-18f0,4919,5,-94.25,5,0,5,0,5,0,5,0
d0c1-bfe4-18f0,4920,5,-94.75,5,0,5,0,6,1,5,0
d0c1-bfe4-18f0,4921,5,-94.5,5,0,5,0,5,0,5,0
d0c1-bfe4-18f0,4922,5,-94.75,5,0,5,0,6,1,5,0
d0c1-bfe4-18f0,4923,5,-90.0,5,0,5,0,4,1,5,0
d0c1-bfe4-18f0,4924,5,-88.5,5,0,5,0,4,1,5,0
d0c1-bfe4-18f0,4925,5,-90.25,5,0,5,0,4,1,5,0
d0c1-bfe4-18f0,4926,5,-90.0,5,0,5,0,4,1,5,0
d0c1-bfe4-18f0,4927,5,-89.75,5,0,5,0,4,1,5,0
d0c1-bfe4-18f0,4928,5,-89.75,5,0,4,1,4,1,5,0
d0c1-bfe4-18f0,4929,5,-90.75,5,0,5,0,4,1,5,0
d0c1-bfe4-18f0,4930,5,-89.5,5,0,5,0,4,1,5,0
d0c1-bfe4-18f0,4931,5,-90.25,5,0,5,0,4,1,5,0
d0c1-bfe4-18f0,4932,5,-91.0,5,0,5,0,4,1,5,0
d0c1-bfe4-18f0,4933,5,-90.5,5,0,4,1,4,1,5,0
d0c1-bfe4-18f0,4934,5,-90.75,5,0,4,1,4,1,5,0
d0c1-bfe4-18f0,4935,5,-90.5,5,0,5,0,4,1,5,0
d0c1-bfe4-18f0,4936,5,-90.0,5,0,5,0,4,1,5,0
d0c1-bfe4-18f0,4937,5,-90.5,5,0,5,0,4,1,5,0
d0c1-bfe4-18f0,4938,5,-89.75,5,0,4,1,4,1,5,0
d0c1-bfe4-18f0,4939,5,-89.25,5,0,5,0,4,1,5,0
d0c1-bfe4-18f0,4940,5,-90.5,5,0,5,0,4,1,5,0
d0c1-bfe4-18f0,4941,5,-90.25,5,0,5,0,4,1,5,0
d0c1-bfe4-18f0,4942,5,-91.0,5,0,5,0,4,1,5,0
d0c1-bfe4-18f0,4943,5,-90.25,5,0,5,0,4,1,5,0
d0c1-bfe4-18f0,4944,5,-90.75,5,0,5,0,4,1,5,0
d0c1-bfe4-18f0,4945,5,-90.75,5,0,5,0,4,1,5,0
d0c1-bfe4-18f0,4946,5,-91.5,5,0,5,0,4,1,5,0
d0c1-bfe4-18f0,4947,5,-91.75,5,0,5,0,4,1,5,0
d0c1-bfe4-18f0,4948,5,-89.5,5,0,4,1,4,1,5,0
d0c1-bfe4-18f0,4949,5,-91.0,4,1,4,1,3,2,4,1
d0c1-bfe4-18f0,4950,5,-91.25,5,0,5,0,4,1,5,0
d0c1-bfe4-18f0,4951,5,-92.25,5,0,5,0,4,1,5,0
d0c1-bfe4-18f0,4952,5,-91.75,5,0,5,0,4,1,5,0
d0c1-bfe4-18f0,4953,5,-92.25,4,1,4,1,4,1,4,1
d0c1-bfe4-18f0,4954,5,-91.0,5,0,4,1,4,1,5,0
d0c1-bfe4-18f0,4955,5,-91.5,5,0,5,0,4,1,5,0
d0c1-bfe4-18f0,4956,5,-88.5,5,0,4,1,3,2,5,0
d0c1-bfe4-18f0,4957,5,-92.0,4,1,4,1,4,1,4,1
d0c1-bfe4-18f0,4958,5,-91.5,5,0,5,0,4,1,5,0
d0c1-bfe4-18f0,4959,5,-91.25,5,0,5,0,4,1,5,0
d0c1-bfe4-18f0,4960,5,-90.5,5,0,4,1,4,1,5,0
d0c1-bfe4-18f0,4961,5,-92.25,5,0,5,0,4,1,5,0
d0c1-bfe4-18f0,4962,5,-91.25,5,0,5,0,4,1,5,0
d0c1-bfe4-18f0,4963,5,-92.25,4,1,4,1,4,1,4,1
d0c1-bfe4-18f0,4964,5,-90.5,5,0,4,1,4,1,5,0
d0c1-bfe4-18f0,4965,5,-88.5,5,0,4,1,3,2,5,0
d0c1-bfe4-18f0,4966,5,-90.25,5,0,4,1,4,1,5,0
d0c1-bfe4-18f0,4967,5,-89.5,5,0,4,1,4,1,5,0
d0c1-bfe4-18f0,4968,5,-92.25,5,0,5,0,4,1,5,0
d0c1-bfe4-18f0,4969,5,-90.75,4,1,4,1,3,2,4,1
d0c1-bfe4-18f0,4970,5,-89.5,5,0,4,1,4,1,5,0
d0c1-bfe4-18f0,4971,5,-91.75,5,0,5,0,4,1,5,0
d0c1-bfe4-18f0,4972,5,-91.25,5,0,5,0,4,1,5,0
d0c1-bfe4-18f0,4973,5,-90.75,5,0,4,1,4,1,5,0
d0c1-bfe4-18f0,4974,5,-91.25,5,0,5,0,4,1,5,0
d0c1-bfe4-18f0,4975,5,-89.25,5,0,4,1,4,1,5,0
d0c1-bfe4-18f0,4976,5,-92.25,5,0,5,0,4,1,5,0
d0c1-bfe4-18f0,4977,5,-91.0,5,0,4,1,4,1,5,0
d0c1-bfe4-18f0,4978,5,-90.25,5,0,4,1,4,1,5,0
d0c1-bfe4-18f0,4979,5,-92.5,4,1,4,1,4,1,4,1
d0c1-bfe4-18f0,4980,5,-91.75,5,0,5,0,4,1,5,0
d0c1-bfe4-18f0,4981,5,-91.0,5,0,4,1,4,1,5,0
d0c1-bfe4-18f0,4982,5,-91.75,5,0,5,0,4,1,5,0
d0c1-bfe4-18f0,4983,5,-89.5,4,1,4,1,3,2,4,1
d0c1-bfe4-18f0,4984,5,-89.25,5,0,4,1,4,1,5,0
d0c1-bfe4-18f0,4985,5,-91.25,5,0,5,0,4,1,5,0
d0c1-bfe4-18f0,4986,5,-91.0,5,0,4,1,4,1,5,0
d0c1-bfe4-18f0,4987,5,-88.5,5,0,4,1,3,2,5,0
d0c1-bfe4-18f0,4988,5,-90.75,4,1,4,1,3,2,4,1
d0c1-bfe4-18f0,4989,5,-91.25,5,0,5,0,4,1,5,0
d0c1-bfe4-18f0,4990,5,-93.25,4,1,4,1,4,1,4,1
d0c1-bfe4-18f0,4991,5,-93.25,4,1,4,1,3,2,4,1
d0c1-bfe4-18f0,4992,5,-92.25,4,1,4,1,4,1,4,1
d0c1-bfe4-18f0,4993,5,-92.75,4,1,4,1,4,1,4,1
d0c1-bfe4-18f0,4994,5,-92.25,4,1,4,1,4,1,4,1
d0c1-bfe4-18f0,4995,5,-92.0,4,1,4,1,3,2,4,1
d0c1-bfe4-18f0,4996,5,-91.5,4,1,4,1,3,2,4,1
d0c1-bfe4-18f0,4997,5,-92.5,4,1,4,1,4,1,4,1
d0c1-bfe4-18f0,4998,5,-92.25,4,1,4,1,4,1,4,1
d0c1-bfe4-18f0,4999,5,-93.25,4,1,4,1,4,1,4,1
d0c1-bfe4-18f0,5000,5,-92.25,4,1,4,1,4,1,4,1
d0c1-bfe4-18f0,5001,5,-93.0,4,1,4,1,4,1,4,1
d0c1-bfe4-18f0,5002,5,-93.0,4,1,4,1,4,1,4,1
d0c1-bfe4-18f0,5003,5,-92.25,4,1,4,1,4,1,4,1
d0c1-bfe4-18f0,5004,5,-93.5,4,1,4,1,4,1,4,1
d0c1-bfe4-18f0,5005,5,-93.5,4,1,4,1,3,2,4,1
d0c1-bfe4-18f0,5006,5,-93.25,4,1,4,1,4,1,4,1
d0c1-bfe4-18f0,5007,5,-93.0,4,1,4,1,4,1,4,1
d0c1-bfe4-18f0,5008,5,-93.25,4,1,4,1,4,1,4,1
d0c1-bfe4-18f0,5009,5,-93.0,4,1,4,1,4,1,4,1
d0c1-bfe4-18f0,5010,5,-93.25,4,1,4,1,3,2,4,1
d0c1-bfe4-18f0,5011,5,-92.75,4,1,4,1,4,1,4,1
d0c1-bfe4-18f0,5012,5,-93.0,4,1,4,1,4,1,4,1
d0c1-bfe4-18f0,5013,5,-93.0,4,1,4,1,3,2,4,1
d0c1-bfe4-18f0,5014,5,-92.75,4,1,4,1,4,1,4,1
d0c1-bfe4-18f0,5015,5,-93.0,4,1,4,1,4,1,4,1
d0c1-bfe4-18f0,5016,5,-93.25,4,1,4,1,4,1,4,1
d0c1-bfe4-18f0,5017,5,-93.5,4,1,4,1,3,2,4,1
d0c1-bfe4-18f0,5018,5,-92.25,4,1,4,1,4,1,4,1
d0c1-bfe4-18f0,5019,5,-93.25,4,1,4,1,4,1,4,1
d0c1-bfe4-18f0,5020,5,-93.5,4,1,4,1,3,2,4,1
d0c1-bfe4-18f0,5021,5,-92.75,4,1,4,1,4,1,4,1
d0c1-bfe4-18f0,5022,5,-93.5,4,1,4,1,3,2,4,1
d0c1-bfe4-18f0,5023,5,-92.25,4,1,4,1,4,1,4,1
d0c1-bfe4-18f0,5024,5,-92.75,4,1,4,1,4,1,4,1
d0c1-bfe4-18f0,5025,5,-92.75,4,1,3,2,3,2,4,1
d0c1-bfe4-18f0,5026,5,-93.25,4,1,4,1,4,1,4,1
d0c1-bfe4-18f0,5027,5,-93.0,4,1,4,1,4,1,4,1
d0c1-bfe4-18f0,5028,5,-92.5,4,1,4,1,4,1,4,1
d0c1-bfe4-18f0,5029,5,-93.5,4,1,4,1,4,1,4,1
d0c1-bfe4-18f0,5030,5,-93.0,4,1,4,1,4,1,4,1
d0c1-bfe4-18f0,5031,5,-93.75,4,1,4,1,4,1,4,1
d0c1-bfe4-18f0,5032,5,-93.75,4,1,4,1,4,1,4,1
d0c1-bfe4-18f0,5033,5,-93.0,4,1,4,1,4,1,4,1
d0c1-bfe4-18f0,5034,5,-92.75,4,1,4,1,4,1,4,1
d0c1-bfe4-18f0,5035,5,-92.0,4,1,4,1,3,2,4,1
d0c1-bfe4-18f0,5036,5,-93.0,4,1,4,1,4,1,4,1
d0c1-bfe4-18f0,5037,5,-93.0,4,1,4,1,4,1,4,1
d0c1-bfe4-18f0,5038,5,-93.5,4,1,4,1,4,1,4,1
d0c1-bfe4-18f0,5039,5,-92.25,4,1,3,2,3,2,4,1
d0c1-bfe4-18f0,5040,5,-93.0,4,1,4,1,4,1,4,1
d0c1-bfe4-18f0,5041,5,-93.25,4,1,4,1,4,1,4,1
d0c1-bfe4-18f0,5042,5,-92.0,4,1,4,1,3,2,4,1
d0c1-bfe4-18f0,5043,5,-93.25,4,1,4,1,4,1,4,1
d0c1-bfe4-18f0,5044,5,-92.5,4,1,4,1,4,1,4,1
d0c1-bfe4-18f0,5045,5,-92.75,4,1,4,1,4,1,4,1
d0c1-bfe4-18f0,5046,5,-92.75,4,1,4,1,4,1,4,1
d0c1-bfe4-18f0,5047,5,-93.0,4,1,3,2,3,2,4,1
d0c1-bfe4-18f0,5048,5,-92.75,4,1,3,2,3,2,4,1
d0c1-bfe4-18f0,5049,5,-93.0,4,1,4,1,4,1,4,1
d0c1-bfe4-18f0,5050,4,-94.5,3,1,3,1,3,1,3,1
d0c1-bfe4-18f0,5051,4,-92.75,3,1,3,1,3,1,3,1
d0c1-bfe4-18f0,5052,4,-93.75,3,1,3,1,3,1,3,1
d0c1-bfe4-18f0,5053,4,-94.0,3,1,3,1,3,1,3,1
d0c1-bfe4-18f0,5054,4,-93.25,3,1,3,1,3,1,3,1
d0c1-bfe4-18f0,5055,4,-93.0,3,1,3,1,3,1,3,1
d0c1-bfe4-18f0,5056,4,-92.75,2,2,2,2,2,2,2,2
d0c1-bfe4-18f0,5057,4,-92.0,4,0,4,0,4,0,4,0
d0c1-bfe4-18f0,5058,4,-91.75,3,1,3,1,2,2,3,1
d0c1-bfe4-18f0,5059,4,-93.75,4,0,4,0,3,1,4,0
d0c1-bfe4-18f0,5060,4,-94.25,3,1,3,1,3,1,3,1
d0c1-bfe4-18f0,5061,4,-93.75,4,0,4,0,3,1,4,0
d0c1-bfe4-18f0,5062,4,-93.75,3,1,3,1,3,1,3,1
d0c1-bfe4-18f0,5063,4,-92.75,3,1,3,1,3,1,3,1
d0c1-bfe4-18f0,5064,4,-93.5,3,1,3,1,3,1,3,1
d0c1-bfe4-18f0,5065,4,-93.75,3,1,3,1,3,1,3,1
d0c1-bfe4-18f0,5066,4,-93.5,3,1,3,1,3,1,3,1
d0c1-bfe4-18f0,5067,4,-93.75,3,1,3,1,3,1,3,1
d0c1-bfe4-18f0,5068,4,-94.0,3,1,3,1,3,1,3,1
d0c1-bfe4-18f0,5069,4,-92.75,3,1,3,1,3,1,3,1
d0c1-bfe4-18f0,5070,4,-92.25,3,1,3,1,2,2,3,1
d0c1-bfe4-18f0,5071,5,-93.75,3,2,3,2,3,2,3,2
d0c1-bfe4-18f0,5072,4,-93.25,4,0,3,1,3,1,4,0
d0c1-bfe4-18f0,5073,4,-93.0,3,1,3,1,3,1,3,1
d0c1-bfe4-18f0,5074,4,-93.5,3,1,3,1,3,1,3,1
d0c1-bfe4-18f0,5075,4,-93.75,4,0,4,0,3,1,4,0
d0c1-bfe4-18f0,5076,5,-92.75,4,1,3,2,3,2,4,1
d0c1-bfe4-18f0,5077,4,-94.25,4,0,4,0,4,0,4,0
d0c1-bfe4-18f0,5078,4,-92.5,4,0,3,1,3,1,4,0
d0c1-bfe4-18f0,5079,5,-93.5,4,1,4,1,3,2,4,1
d0c1-bfe4-18f0,5080,3,-93.0,4,1,3,0,3,0,4,1
d0c1-bfe4-18f0,5081,4,-92.5,4,0,3,1,3,1,4,0
d0c1-bfe4-18f0,5082,4,-91.0,4,0,3,1,3,1,4,0
d0c1-bfe4-18f0,5083,4,-92.25,4,0,3,1,3,1,4,0
d0c1-bfe4-18f0,5084,4,-92.0,4,0,3,1,3,1,4,0
d0c1-bfe4-18f0,5085,4,-92.5,4,0,3,1,3,1,4,0
d0c1-bfe4-18f0,5086,4,-92.5,4,0,4,0,4,0,4,0
d0c1-bfe4-18f0,5087,4,-94.0,4,0,4,0,3,1,4,0
d0c1-bfe4-18f0,5088,4,-92.5,3,1,3,1,2,2,3,1
d0c1-bfe4-18f0,5089,4,-93.0,2,2,2,2,2,2,2,2
d0c1-bfe4-18f0,5090,4,-93.5,3,1,3,1,3,1,3,1
d0c1-bfe4-18f0,5091,4,-92.25,3,1,3,1,2,2,3,1
d0c1-bfe4-18f0,5092,4,-93.5,3,1,3,1,3,1,3,1
d0c1-bfe4-18f0,5093,4,-92.75,3,1,3,1,3,1,3,1
d0c1-bfe4-18f0,5094,4,-94.25,4,0,4,0,4,0,4,0
d0c1-bfe4-18f0,5095,4,-92.0,3,1,3,1,2,2,3,1
d0c1-bfe4-18f0,5096,4,-93.25,3,1,3,1,3,1,3,1
d0c1-bfe4-18f0,5097,4,-93.5,3,1,3,1,3,1,3,1
d0c1-bfe4-18f0,5098,4,-92.75,3,1,3,1,3,1,3,1
d0c1-bfe4-18f0,5099,4,-94.25,3,1,3,1,3,1,3,1
d0c1-bfe4-18f0,5100,4,-93.0,3,1,3,1,3,1,3,1
d0c1-bfe4-18f0,5101,4,-91.75,3,1,3,1,2,2,3,1
d0c1-bfe4-18f0,5102,4,-93.5,3,1,3,1,3,1,3,1
d0c1-bfe4-18f0,5103,4,-94.25,3,1,3,1,3,1,3,1
d0c1-bfe4-18f0,5104,4,-93.5,3,1,3,1,3,1,3,1
d0c1-bfe4-18f0,5105,4,-93.25,3,1,3,1,3,1,3,1
d0c1-bfe4-18f0,5106,4,-93.75,3,1,3,1,3,1,3,1
d0c1-bfe4-18f0,5107,5,-93.25,3,2,3,2,3,2,3,2
d0c1-bfe4-18f0,5108,4,-95.0,3,1,3,1,3,1,3,1
d0c1-bfe4-18f0,5109,4,-92.5,3,1,3,1,2,2,3,1
d0c1-bfe4-18f0,5110,4,-92.75,3,1,3,1,3,1,3,1
d0c1-bfe4-18f0,5111,4,-93.5,3,1,3,1,3,1,3,1
d0c1-bfe4-18f0,5112,4,-94.75,3,1,3,1,3,1,3,1
d0c1-bfe4-18f0,5113,4,-93.0,3,1,3,1,3,1,3,1
d0c1-bfe4-18f0,5114,4,-91.5,4,0,4,0,4,0,4,0
d0c1-bfe4-18f0,5115,2,-94.75,3,1,3,1,3,1,3,1
d0c1-bfe4-18f0,5116,2,-95.0,3,1,3,1,3,1,3,1
d0c1-bfe4-18f0,5117,2,-93.75,3,1,3,1,3,1,3,1
d0c1-bfe4-18f0,5118,2,-92.5,3,1,3,1,3,1,3,1
d0c1-bfe4-18f0,5119,3,-94.75,3,0,3,0,3,0,3,0
d0c1-bfe4-18f0,5120,3,-94.0,3,0,3,0,3,0,3,0
d0c1-bfe4-18f0,5121,3,-93.75,3,0,3,0,3,0,3,0
d0c1-bfe4-18f0,5122,3,-93.75,3,0,3,0,3,0,3,0
d0c1-bfe4-18f0,5123,3,-94.5,5,2,5,2,5,2,5,2
d0c1-bfe4-18f0,5124,3,-94.75,4,1,4,1,4,1,4,1
d0c1-bfe4-18f0,5125,3,-95.0,4,1,4,1,4,1,4,1
d0c1-bfe4-18f0,5126,3,-94.5,4,1,4,1,4,1,4,1
d0c1-bfe4-18f0,5127,3,-94.75,5,2,5,2,4,1,5,2
d0c1-bfe4-18f0,5128,3,-94.75,5,2,5,2,4,1,5,2
d0c1-bfe4-18f0,5129,3,-94.5,5,2,5,2,4,1,5,2
d0c1-bfe4-18f0,5130,3,-94.5,4,1,4,1,4,1,4,1
d0c1-bfe4-18f0,5131,3,-94.75,4,1,4,1,4,1,4,1
d0c1-bfe4-18f0,5132,3,-94.25,4,1,4,1,4,1,4,1
d0c1-bfe4-18f0,5133,3,-94.25,4,1,4,1,4,1,4,1
d0c1-bfe4-18f0,5134,3,-95.0,4,1,4,1,4,1,4,1
d0c1-bfe4-18f0,5135,3,-94.75,5,2,5,2,5,2,5,2
d0c1-bfe4-18f0,5136,3,-94.25,5,2,5,2,5,2,5,2
d0c1-bfe4-18f0,5137,3,-94.5,5,2,5,2,5,2,5,2
d0c1-bfe4-18f0,5138,3,-94.0,4,1,4,1,4,1,4,1
d0c1-bfe4-18f0,5139,3,-94.25,4,1,4,1,4,1,4,1
d0c1-bfe4-18f0,5140,3,-95.0,4,1,4,1,4,1,4,1
d0c1-bfe4-18f0,5141,3,-93.25,4,1,4,1,4,1,4,1
d0c1-bfe4-18f0,5142,3,-94.75,5,2,5,2,5,2,5,2
d0c1-bfe4-18f0,5143,3,-94.75,4,1,4,1,4,1,4,1
d0c1-bfe4-18f0,5144,3,-94.5,4,1,4,1,4,1,4,1
d0c1-bfe4-18f0,5145,3,-94.75,4,1,4,1,4,1,4,1
d0c1-bfe4-18f0,5146,3,-94.5,5,2,5,2,5,2,5,2
d0c1-bfe4-18f0,5147,3,-94.75,4,1,4,1,4,1,4,1
d0c1-bfe4-18f0,5148,3,-95.25,4,1,4,1,4,1,4,1
d0c1-bfe4-18f0,5149,3,-94.25,4,1,4,1,4,1,4,1
d0c1-bfe4-18f0,5150,3,-95.0,4,1,4,1,4,1,4,1
d0c1-bfe4-18f0,5151,3,-95.0,4,1,4,1,4,1,4,1
d0c1-bfe4-18f0,5152,3,-94.75,4,1,4,1,4,1,4,1
d0c1-bfe4-18f0,5153,3,-95.0,4,1,4,1,4,1,4,1
d0c1-bfe4-18f0,5154,3,-94.5,4,1,4,1,4,1,4,1
d0c1-bfe4-18f0,5155,3,-94.75,5,2,5,2,5,2,5,2
d0c1-bfe4-18f0,5156,3,-95.25,4,1,4,1,4,1,4,1
d0c1-bfe4-18f0,5157,3,-94.75,5,2,5,2,5,2,5,2
d0c1-bfe4-18f0,5158,3,-95.0,4,1,4,1,4,1,4,1
d0c1-bfe4-18f0,5159,3,-93.75,3,0,3,0,3,0,3,0
d0c1-bfe4-18f0,5160,3,-94.25,4,1,4,1,4,1,4,1
d0c1-bfe4-18f0,5161,3,-94.75,4,1,4,1,4,1,4,1
d0c1-bfe4-18f0,5162,3,-94.75,4,1,4,1,4,1,4,1
d0c1-bfe4-18f0,5163,4,-94.25,4,0,4,0,4,0,4,0
d0c1-bfe4-18f0,5164,3,-94.5,4,1,4,1,4,1,4,1
d0c1-bfe4-18f0,5165,3,-94.0,4,1,4,1,4,1,4,1
d0c1-bfe4-18f0,5166,3,-94.25,4,1,4,1,4,1,4,1
d0c1-bfe4-18f0,5167,3,-94.25,5,2,5,2,5,2,5,2
d0c1-bfe4-18f0,5168,3,-94.5,4,1,4,1,4,1,4,1
d0c1-bfe4-18f0,5169,3,-94.0,4,1,4,1,4,1,4,1
d0c1-bfe4-18f0,5170,4,-95.0,4,0,4,0,4,0,4,0
d0c1-bfe4-18f0,5171,3,-94.5,4,1,4,1,4,1,4,1
d0c1-bfe4-18f0,5172,3,-94.5,4,1,4,1,4,1,4,1
d0c1-bfe4-18f0,5173,3,-94.75,4,1,4,1,4,1,4,1
d0c1-bfe4-18f0,5174,3,-94.75,4,1,4,1,4,1,4,1
d0c1-bfe4-18f0,5175,2,-94.5,5,3,5,3,5,3,5,3
d0c1-bfe4-18f0,5176,2,-95.0,2,0,2,0,2,0,2,0
d0c1-bfe4-18f0,5177,2,-94.75,2,0,2,0,2,0,2,0
d0c1-bfe4-18f0,5178,2,-95.0,4,2,4,2,4,2,4,2
d0c1-bfe4-18f0,5179,2,-94.5,2,0,2,0,2,0,2,0
d0c1-bfe4-18f0,5180,2,-95.0,4,2,4,2,4,2,4,2
d0c1-bfe4-18f0,5181,2,-95.25,4,2,4,2,4,2,4,2
d0c1-bfe4-18f0,5182,2,-94.75,4,2,4,2,4,2,4,2
d0c1-bfe4-18f0,5183,2,-94.0,3,1,2,0,2,0,3,1
d0c1-bfe4-18f0,5184,2,-94.5,5,3,5,3,5,3,5,3
d0c1-bfe4-18f0,5185,2,-94.75,4,2,4,2,4,2,4,2
d0c1-bfe4-18f0,5186,2,-94.75,5,3,5,3,5,3,5,3
d0c1-bfe4-18f0,5187,2,-95.0,5,3,5,3,5,3,5,3
d0c1-bfe4-18f0,5188,2,-94.5,4,2,4,2,4,2,4,2
d0c1-bfe4-18f0,5189,2,-94.75,2,0,2,0,2,0,2,0
d0c1-bfe4-18f0,5190,2,-95.25,2,0,2,0,2,0,2,0
d0c1-bfe4-18f0,5191,2,-95.25,5,3,5,3,5,3,5,3
d0c1-bfe4-18f0,5192,2,-94.75,3,1,3,1,3,1,3,1
d0c1-bfe4-18f0,5193,2,-94.75,2,0,2,0,2,0,2,0
d0c1-bfe4-18f0,5194,2,-94.5,4,2,4,2,4,2,4,2
d0c1-bfe4-18f0,5195,2,-94.5,5,3,5,3,5,3,5,3
d0c1-bfe4-18f0,5196,2,-95.0,5,3,5,3,5,3,5,3
d0c1-bfe4-18f0,5197,2,-94.75,5,3,5,3,5,3,5,3
d0c1-bfe4-18f0,5198,2,-94.75,5,3,5,3,5,3,5,3
d0c1-bfe4-18f0,5199,2,-95.0,5,3,5,3,5,3,5,3
d0c1-bfe4-18f0,5200,2,-95.0,5,3,5,3,5,3,5,3
d0c1-bfe4-18f0,5201,2,-94.75,5,3,5,3,5,3,5,3
d0c1-bfe4-18f0,5202,2,-95.25,4,2,4,2,4,2,4,2
d0c1-bfe4-18f0,5203,2,-95.0,4,2,4,2,4,2,4,2
d0c1-bfe4-18f0,5204,2,-94.75,5,3,5,3,5,3,5,3
d0c1-bfe4-18f0,5205,2,-95.25,4,2,4,2,4,2,4,2
d0c1-bfe4-18f0,5206,2,-94.5,2,0,2,0,2,0,2,0
d0c1-bfe4-18f0,5207,2,-94.75,4,2,4,2,4,2,4,2
d0c1-bfe4-18f0,5208,2,-95.0,2,0,2,0,2,0,2,0
d0c1-bfe4-18f0,5209,2,-94.75,5,3,5,3,5,3,5,3
d0c1-bfe4-18f0,5210,2,-95.0,5,3,5,3,5,3,5,3
d0c1-bfe4-18f0,5211,2,-94.75,4,2,4,2,4,2,4,2
d0c1-bfe4-18f0,5212,2,-93.25,2,0,2,0,2,0,2,0
d0c1-bfe4-18f0,5213,2,-95.0,2,0,2,0,2,0,2,0
d0c1-bfe4-18f0,5214,2,-95.0,5,3,5,3,5,3,5,3
d0c1-bfe4-18f0,5215,2,-95.0,5,3,5,3,5,3,5,3
d0c1-bfe4-18f0,5216,2,-95.75,4,2,4,2,5,3,4,2
d0c1-bfe4-18f0,5217,2,-95.0,2,0,2,0,2,0,2,0
d0c1-bfe4-18f0,5218,2,-95.25,2,0,2,0,2,0,2,0
d0c1-bfe4-18f0,5219,2,-94.75,2,0,2,0,2,0,2,0
d0c1-bfe4-18f0,5220,2,-94.75,4,2,4,2,4,2,4,2
d0c1-bfe4-18f0,5221,2,-94.5,2,0,2,0,2,0,2,0
d0c1-bfe4-18f0,5222,2,-95.5,4,2,4,2,4,2,4,2
d0c1-bfe4-18f0,5223,2,-95.25,4,2,4,2,4,2,4,2
d0c1-bfe4-18f0,5224,2,-95.0,4,2,4,2,4,2,4,2
d0c1-bfe4-18f0,5225,2,-94.5,4,2,4,2,4,2,4,2
d0c1-bfe4-18f0,5226,2,-94.5,5,3,5,3,5,3,5,3
d0c1-bfe4-18f0,5227,2,-95.0,4,2,4,2,4,2,4,2
d0c1-bfe4-18f0,5228,3,-95.25,5,2,5,2,5,2,5,2
d0c1-bfe4-18f0,5229,3,-95.25,4,1,4,1,4,1,4,1
d0c1-bfe4-18f0,5230,3,-95.5,4,1,5,2,4,1,4,1
d0c1-bfe4-18f0,5231,3,-95.25,5,2,5,2,5,2,5,2
d0c1-bfe4-18f0,5232,3,-95.0,4,1,4,1,4,1,4,1
d0c1-bfe4-18f0,5233,3,-95.0,4,1,4,1,4,1,4,1
d0c1-bfe4-18f0,5234,3,-95.25,4,1,5,2,4,1,4,1
d0c1-bfe4-18f0,5235,3,-94.75,4,1,4,1,4,1,4,1
d0c1-bfe4-18f0,5236,3,-94.5,4,1,4,1,4,1,4,1
d0c1-bfe4-18f0,5237,3,-94.75,4,1,4,1,4,1,4,1
d0c1-bfe4-18f0,5238,3,-94.25,4,1,4,1,4,1,4,1
d0c1-bfe4-18f0,5239,3,-95.0,4,1,4,1,4,1,4,1
d0c1-bfe4-18f0,5240,3,-95.0,4,1,4,1,4,1,4,1
d0c1-bfe4-18f0,5241,3,-95.0,4,1,4,1,4,1,4,1
d0c1-bfe4-18f0,5242,3,-94.5,4,1,4,1,4,1,4,1
d0c1-bfe4-18f0,5243,3,-95.25,4,1,4,1,4,1,4,1
d0c1-bfe4-18f0,5244,3,-94.75,4,1,4,1,4,1,4,1
d0c1-bfe4-18f0,5245,3,-94.5,4,1,4,1,4,1,4,1
d0c1-bfe4-18f0,5246,3,-94.75,4,1,4,1,4,1,4,1
d0c1-bfe4-18f0,5247,3,-94.5,4,1,4,1,4,1,4,1
d0c1-bfe4-18f0,5248,3,-94.75,4,1,4,1,4,1,4,1
d0c1-bfe4-18f0,5249,3,-94.75,4,1,4,1,4,1,4,1
d0c1-bfe4-18f0,5250,3,-95.5,4,1,4,1,4,1,4,1
d0c1-bfe4-18f0,5251,3,-94.5,4,1,4,1,4,1,4,1
d0c1-bfe4-18f0,5252,3,-95.0,4,1,4,1,4,1,4,1
d0c1-bfe4-18f0,5253,3,-94.5,4,1,4,1,4,1,4,1
d0c1-bfe4-18f0,5254,4,-94.75,4,0,4,0,4,0,4,0
d0c1-bfe4-18f0,5255,3,-94.5,4,1,4,1,4,1,4,1
d0c1-bfe4-18f0,5256,3,-94.5,4,1,4,1,4,1,4,1
d0c1-bfe4-18f0,5257,3,-94.5,4,1,4,1,4,1,4,1
d0c1-bfe4-18f0,5258,3,-94.75,4,1,4,1,4,1,4,1
d0c1-bfe4-18f0,5259,3,-94.5,4,1,4,1,4,1,4,1
d0c1-bfe4-18f0,5260,3,-94.75,4,1,4,1,4,1,4,1
d0c1-bfe4-18f0,5261,3,-94.5,4,1,4,1,4,1,4,1
d0c1-bfe4-18f0,5262,3,-95.0,4,1,4,1,4,1,4,1
d0c1-bfe4-18f0,5263,3,-95.0,4,1,4,1,4,1,4,1
d0c1-bfe4-18f0,5264,3,-94.5,4,1,4,1,4,1,4,1
d0c1-bfe4-18f0,5265,3,-94.5,4,1,4,1,4,1,4,1
d0c1-bfe4-18f0,5266,3,-94.0,4,1,4,1,4,1,4,1
d0c1-bfe4-18f0,5267,3,-95.25,4,1,4,1,4,1,4,1
d0c1-bfe4-18f0,5268,3,-94.25,4,1,4,1,4,1,4,1
d0c1-bfe4-18f0,5269,3,-95.0,4,1,4,1,4,1,4,1
d0c1-bfe4-18f0,5270,4,-94.25,4,0,4,0,4,0,4,0
d0c1-bfe4-18f0,5271,3,-94.75,4,1,4,1,4,1,4,1
d0c1-bfe4-18f0,5272,3,-94.75,4,1,4,1,4,1,4,1
d0c1-bfe4-18f0,5273,3,-94.25,4,1,4,1,4,1,4,1
d0c1-bfe4-18f0,5274,3,-95.25,4,1,4,1,4,1,4,1
d0c1-bfe4-18f0,5275,4,-94.25,4,0,4,0,4,0,4,0
d0c1-bfe4-18f0,5276,4,-94.5,4,0,4,0,4,0,4,0
d0c1-bfe4-18f0,5277,4,-94.25,4,0,4,0,4,0,4,0
d0c1-bfe4-18f0,5278,3,-95.25,4,1,4,1,4,1,4,1
d0c1-bfe4-18f0,5279,3,-94.5,4,1,4,1,4,1,4,1
d0c1-bfe4-18f0,5280,4,-95.0,4,0,4,0,4,0,4,0
d0c1-bfe4-18f0,5281,3,-95.0,4,1,4,1,4,1,4,1
d0c1-bfe4-18f0,5282,3,-93.0,4,1,4,1,3,0,4,1
d0c1-bfe4-18f0,5283,3,-94.5,4,1,4,1,4,1,4,1
d0c1-bfe4-18f0,5284,3,-94.75,4,1,4,1,4,1,4,1
d0c1-bfe4-18f0,5285,3,-95.0,4,1,4,1,4,1,4,1
d0c1-bfe4-18f0,5286,3,-94.75,4,1,4,1,4,1,4,1
d0c1-bfe4-18f0,5287,3,-94.5,4,1,4,1,4,1,4,1
d0c1-bfe4-18f0,5288,3,-94.25,4,1,4,1,4,1,4,1
d0c1-bfe4-18f0,5289,2,-94.5,3,1,3,1,3,1,3,1
d0c1-bfe4-18f0,5290,2,-94.75,4,2,4,2,4,2,4,2
d0c1-bfe4-18f0,5291,2,-95.25,4,2,4,2,4,2,4,2
d0c1-bfe4-18f0,5292,2,-94.75,4,2,4,2,4,2,4,2
d0c1-bfe4-18f0,5293,2,-95.0,4,2,4,2,4,2,4,2
d0c1-bfe4-18f0,5294,2,-94.75,4,2,4,2,4,2,4,2
d0c1-bfe4-18f0,5295,2,-95.0,4,2,4,2,4,2,4,2
d0c1-bfe4-18f0,5296,2,-95.5,4,2,4,2,4,2,4,2
d0c1-bfe4-18f0,5297,2,-94.5,4,2,4,2,4,2,4,2
d0c1-bfe4-18f0,5298,2,-95.25,4,2,4,2,4,2,4,2
d0c1-bfe4-18f0,5299,2,-95.25,4,2,4,2,4,2,4,2
d0c1-bfe4-18f0,5300,2,-94.75,4,2,4,2,4,2,4,2
d0c1-bfe4-18f0,5301,2,-95.25,4,2,4,2,4,2,4,2
d0c1-bfe4-18f0,5302,2,-95.0,4,2,4,2,4,2,4,2
d0c1-bfe4-18f0,5303,2,-95.0,4,2,4,2,4,2,4,2
d0c1-bfe4-18f0,5304,2,-95.0,4,2,4,2,4,2,4,2
d0c1-bfe4-18f0,5305,2,-94.75,4,2,4,2,4,2,4,2
d0c1-bfe4-18f0,5306,2,-95.0,4,2,4,2,4,2,4,2
d0c1-bfe4-18f0,5307,2,-95.25,4,2,4,2,4,2,4,2
d0c1-bfe4-18f0,5308,2,-95.75,3,1,3,1,3,1,3,1
d0c1-bfe4-18f0,5309,2,-95.25,4,2,4,2,4,2,4,2
d0c1-bfe4-18f0,5310,2,-95.5,3,1,3,1,3,1,3,1
d0c1-bfe4-18f0,5311,2,-95.0,4,2,4,2,4,2,4,2
d0c1-bfe4-18f0,5312,2,-94.75,4,2,4,2,4,2,4,2
d0c1-bfe4-18f0,5313,2,-94.75,4,2,4,2,4,2,4,2
d0c1-bfe4-18f0,5314,2,-95.75,4,2,4,2,4,2,4,2
d0c1-bfe4-18f0,5315,2,-94.75,4,2,4,2,4,2,4,2
d0c1-bfe4-18f0,5316,2,-95.0,4,2,4,2,4,2,4,2
d0c1-bfe4-18f0,5317,2,-95.25,3,1,3,1,3,1,3,1
d0c1-bfe4-18f0,5318,2,-95.0,4,2,4,2,4,2,4,2
d0c1-bfe4-18f0,5319,2,-95.0,3,1,3,1,3,1,3,1
d0c1-bfe4-18f0,5320,2,-95.0,4,2,4,2,4,2,4,2
d0c1-bfe4-18f0,5321,2,-95.5,3,1,3,1,4,2,3,1
d0c1-bfe4-18f0,5322,2,-94.5,3,1,3,1,3,1,3,1
d0c1-bfe4-18f0,5323,2,-95.0,4,2,4,2,4,2,4,2
d0c1-bfe4-18f0,5324,2,-94.5,3,1,3,1,3,1,3,1
d0c1-bfe4-18f0,5325,2,-95.0,4,2,4,2,4,2,4,2
d0c1-bfe4-18f0,5326,2,-94.5,3,1,3,1,3,1,3,1
d0c1-bfe4-18f0,5327,2,-95.25,3,1,3,1,3,1,3,1
d0c1-bfe4-18f0,5328,2,-95.0,4,2,4,2,4,2,4,2
d0c1-bfe4-18f0,5329,2,-94.75,4,2,4,2,4,2,4,2
d0c1-bfe4-18f0,5330,2,-94.5,4,2,4,2,4,2,4,2
d0c1-bfe4-18f0,5331,2,-94.75,4,2,4,2,4,2,4,2
d0c1-bfe4-18f0,5332,2,-95.0,4,2,4,2,4,2,4,2
d0c1-bfe4-18f0,5333,2,-95.75,4,2,4,2,4,2,4,2
d0c1-bfe4-18f0,5334,2,-95.25,4,2,4,2,4,2,4,2
d0c1-bfe4-18f0,5335,2,-94.75,4,2,4,2,4,2,4,2
d0c1-bfe4-18f0,5336,2,-95.25,4,2,4,2,4,2,4,2
d0c1-bfe4-18f0,5337,2,-95.25,4,2,4,2,4,2,4,2
d0c1-bfe4-18f0,5338,2,-95.25,4,2,4,2,4,2,4,2
d0c1-bfe4-18f0,5339,2,-94.25,4,2,4,2,4,2,4,2
d0c1-bfe4-18f0,5340,2,-95.0,4,2,4,2,4,2,4,2
d0c1-bfe4-18f0,5341,2,-95.5,4,2,4,2,4,2,4,2
d0c1-bfe4-18f0,5342,2,-94.5,4,2,4,2,4,2,4,2
d0c1-bfe4-18f0,5343,2,-94.75,4,2,4,2,4,2,4,2
d0c1-bfe4-18f0,5344,2,-95.5,4,2,4,2,4,2,4,2
d0c1-bfe4-18f0,5345,2,-95.25,3,1,3,1,3,1,3,1
d0c1-bfe4-18f0,5346,2,-95.0,3,1,3,1,3,1,3,1
d0c1-bfe4-18f0,5347,2,-94.5,4,2,4,2,4,2,4,2
d0c1-bfe4-18f0,5348,2,-95.5,4,2,4,2,4,2,4,2
d0c1-bfe4-18f0,5349,2,-95.0,4,2,4,2,4,2,4,2
d0c1-bfe4-18f0,5350,2,-95.0,4,2,4,2,4,2,4,2
d0c1-bfe4-18f0,5351,2,-94.75,3,1,3,1,3,1,3,1
d0c1-bfe4-18f0,5352,2,-95.0,4,2,4,2,4,2,4,2
d0c1-bfe4-18f0,5353,2,-95.0,4,2,4,2,4,2,4,2
d0c1-bfe4-18f0,5354,2,-95.25,4,2,4,2,4,2,4,2
d0c1-bfe4-18f0,5355,2,-94.25,4,2,4,2,4,2,4,2
d0c1-bfe4-18f0,5356,2,-94.75,4,2,4,2,4,2,4,2
d0c1-bfe4-18f0,5357,2,-95.0,4,2,4,2,4,2,4,2
d0c1-bfe4-18f0,5358,2,-94.75,4,2,4,2,4,2,4,2
d0c1-bfe4-18f0,5359,2,-95.25,3,1,3,1,3,1,3,1
d0c1-bfe4-18f0,5360,2,-94.5,4,2,4,2,4,2,4,2
d0c1-bfe4-18f0,5361,2,-95.25,4,2,4,2,4,2,4,2
d0c1-bfe4-18f0,5362,2,-95.5,3,1,3,1,3,1,3,1
d0c1-bfe4-18f0,5363,2,-95.25,4,2,4,2,4,2,4,2
d0c1-bfe4-18f0,5364,2,-94.0,4,2,4,2,4,2,4,2
d0c1-bfe4-18f0,5365,2,-94.0,4,2,4,2,4,2,4,2
d0c1-bfe4-18f0,5366,2,-94.75,4,2,4,2,4,2,4,2
d0c1-bfe4-18f0,5367,2,-93.75,3,1,3,1,3,1,3,1
d0c1-bfe4-18f0,5368,2,-94.0,3,1,3,1,3,1,3,1
d0c1-bfe4-18f0,5369,2,-94.25,3,1,3,1,3,1,3,1
d0c1-bfe4-18f0,5370,2,-93.25,3,1,3,1,3,1,3,1
d0c1-bfe4-18f0,5371,2,-94.5,4,2,4,2,4,2,4,2
d0c1-bfe4-18f0,5372,2,-94.25,3,1,3,1,3,1,3,1
d0c1-bfe4-18f0,5373,2,-93.25,3,1,3,1,3,1,3,1
d0c1-bfe4-18f0,5374,2,-94.5,3,1,3,1,3,1,3,1
d0c1-bfe4-18f0,5375,2,-93.0,4,2,4,2,3,1,4,2
d0c1-bfe4-18f0,5376,2,-94.5,4,2,4,2,4,2,4,2
d0c1-bfe4-18f0,5377,2,-94.25,3,1,3,1,3,1,3,1
d0c1-bfe4-18f0,5378,2,-94.0,4,2,4,2,4,2,4,2
d0c1-bfe4-18f0,5379,2,-94.0,4,2,4,2,4,2,4,2
d0c1-bfe4-18f0,5380,2,-94.75,4,2,4,2,4,2,4,2
d0c1-bfe4-18f0,5381,2,-94.5,4,2,4,2,4,2,4,2
d0c1-bfe4-18f0,5382,2,-94.5,4,2,4,2,4,2,4,2
d0c1-bfe4-18f0,5383,2,-94.25,4,2,4,2,4,2,4,2
d0c1-bfe4-18f0,5384,2,-94.5,4,2,4,2,4,2,4,2
d0c1-bfe4-18f0,5385,2,-93.25,3,1,3,1,3,1,3,1
d0c1-bfe4-18f0,5386,2,-94.0,4,2,4,2,4,2,4,2
d0c1-bfe4-18f0,5387,2,-94.5,4,2,4,2,4,2,4,2
d0c1-bfe4-18f0,5388,2,-93.75,4,2,4,2,3,1,4,2
d0c1-bfe4-18f0,5389,2,-93.25,4,2,4,2,3,1,4,2
d0c1-bfe4-18f0,5390,2,-93.75,3,1,3,1,3,1,3,1
d0c1-bfe4-18f0,5391,2,-93.5,3,1,3,1,3,1,3,1
d0c1-bfe4-18f0,5392,2,-93.75,3,1,3,1,3,1,3,1
d0c1-bfe4-18f0,5393,2,-93.5,3,1,2,0,2,0,3,1
d0c1-bfe4-18f0,5394,2,-94.5,3,1,3,1,3,1,3,1
d0c1-bfe4-18f0,5395,2,-93.0,4,2,4,2,3,1,4,2
d0c1-bfe4-18f0,5396,2,-92.5,3,1,3,1,3,1,3,1
d0c1-bfe4-18f0,5397,2,-94.0,3,1,3,1,3,1,3,1
d0c1-bfe4-18f0,5398,2,-94.0,3,1,3,1,3,1,3,1
d0c1-bfe4-18f0,5399,2,-94.5,3,1,3,1,3,1,3,1
d0c1-bfe4-18f0,5400,2,-94.25,3,1,3,1,3,1,3,1
d0c1-bfe4-18f0,5401,2,-93.75,3,1,3,1,3,1,3,1
d0c1-bfe4-18f0,5402,2,-94.25,3,1,3,1,3,1,3,1
d0c1-bfe4-18f0,5403,5,-93.75,5,0,5,0,6,1,5,0
d0c1-bfe4-18f0,5404,5,-93.75,5,0,5,0,6,1,5,0
d0c1-bfe4-18f0,5405,5,-93.25,5,0,5,0,5,0,5,0
d0c1-bfe4-18f0,5406,5,-93.5,5,0,5,0,5,0,5,0
d0c1-bfe4-18f0,5407,5,-94.0,5,0,5,0,6,1,5,0
d0c1-bfe4-18f0,5408,5,-94.0,5,0,5,0,6,1,5,0
d0c1-bfe4-18f0,5409,5,-94.5,5,0,5,0,6,1,5,0
d0c1-bfe4-18f0,5410,5,-94.0,5,0,5,0,6,1,5,0
d0c1-bfe4-18f0,5411,5,-94.25,5,0,5,0,6,1,5,0
d0c1-bfe4-18f0,5412,5,-94.25,5,0,5,0,4,1,5,0
d0c1-bfe4-18f0,5413,5,-94.0,5,0,5,0,5,0,5,0
d0c1-bfe4-18f0,5414,5,-94.25,5,0,5,0,5,0,5,0
d0c1-bfe4-18f0,5415,5,-93.5,5,0,5,0,5,0,5,0
d0c1-bfe4-18f0,5416,5,-94.25,5,0,5,0,6,1,5,0
d0c1-bfe4-18f0,5417,5,-93.5,5,0,5,0,5,0,5,0
d0c1-bfe4-18f0,5418,5,-93.75,5,0,5,0,5,0,5,0
d0c1-bfe4-18f0,5419,5,-94.0,5,0,5,0,5,0,5,0
d0c1-bfe4-18f0,5420,5,-93.0,5,0,5,0,5,0,5,0
d0c1-bfe4-18f0,5421,5,-93.75,5,0,5,0,5,0,5,0
d0c1-bfe4-18f0,5422,5,-93.5,5,0,5,0,4,1,5,0
d0c1-bfe4-18f0,5423,5,-94.0,5,0,5,0,4,1,5,0
d0c1-bfe4-18f0,5424,5,-93.25,5,0,5,0,4,1,5,0
d0c1-bfe4-18f0,5425,5,-93.75,5,0,5,0,6,1,5,0
d0c1-bfe4-18f0,5426,5,-92.75,5,0,5,0,4,1,5,0
d0c1-bfe4-18f0,5427,5,-94.25,5,0,5,0,5,0,5,0
d0c1-bfe4-18f0,5428,5,-92.5,5,0,5,0,5,0,5,0
d0c1-bfe4-18f0,5429,5,-94.25,5,0,5,0,6,1,5,0
d0c1-bfe4-18f0,5430,5,-94.25,5,0,5,0,6,1,5,0
d0c1-bfe4-18f0,5431,5,-92.75,5,0,5,0,5,0,5,0
d0c1-bfe4-18f0,5432,5,-93.25,5,0,5,0,5,0,5,0
d0c1-bfe4-18f0,5433,5,-93.5,5,0,5,0,5,0,5,0
d0c1-bfe4-18f0,5434,5,-94.25,5,0,5,0,6,1,5,0
d0c1-bfe4-18f0,5435,5,-93.5,5,0,5,0,5,0,5,0
d0c1-bfe4-18f0,5436,5,-93.0,5,0,5,0,5,0,5,0
d0c1-bfe4-18f0,5437,5,-94.5,5,0,5,0,6,1,5,0
d0c1-bfe4-18f0,5438,5,-94.5,5,0,5,0,5,0,5,0
d0c1-bfe4-18f0,5439,5,-94.5,5,0,5,0,5,0,5,0
d0c1-bfe4-18f0,5440,5,-93.5,7,2,7,2,7,2,7,2
d0c1-bfe4-18f0,5441,5,-94.25,5,0,5,0,6,1,5,0
d0c1-bfe4-18f0,5442,5,-93.5,5,0,5,0,4,1,5,0
d0c1-bfe4-18f0,5443,5,-94.0,5,0,5,0,5,0,5,0
d0c1-bfe4-18f0,5444,5,-93.0,5,0,5,0,4,1,5,0
d0c1-bfe4-18f0,5445,5,-94.5,5,0,5,0,5,0,5,0
d0c1-bfe4-18f0,5446,5,-93.75,5,0,5,0,4,1,5,0
d0c1-bfe4-18f0,5447,5,-94.0,5,0,5,0,6,1,5,0
d0c1-bfe4-18f0,5448,5,-93.75,5,0,5,0,5,0,5,0
d0c1-bfe4-18f0,5449,5,-93.75,5,0,5,0,4,1,5,0
d0c1-bfe4-18f0,5450,5,-94.25,5,0,5,0,4,1,5,0
d0c1-bfe4-18f0,5451,5,-93.25,5,0,5,0,4,1,5,0
d0c1-bfe4-18f0,5452,5,-93.75,5,0,5,0,5,0,5,0
d0c1-bfe4-18f0,5453,5,-93.75,5,0,5,0,5,0,5,0
d0c1-bfe4-18f0,5454,5,-93.25,5,0,5,0,4,1,5,0
d0c1-bfe4-18f0,5455,5,-93.75,5,0,5,0,5,0,5,0
d0c1-bfe4-18f0,5456,5,-94.25,5,0,5,0,6,1,5,0
d0c1-bfe4-18f0,5457,5,-92.5,5,0,5,0,4,1,5,0
d0c1-bfe4-18f0,5458,5,-94.5,5,0,5,0,6,1,5,0
d0c1-bfe4-18f0,5459,5,-94.5,5,0,5,0,6,1,5,0
d0c1-bfe4-18f0,5460,5,-93.5,5,0,5,0,5,0,5,0
d0c1-bfe4-18f0,5461,5,-93.5,5,0,5,0,5,0,5,0
d0c1-bfe4-18f0,5462,5,-94.5,5,0,5,0,6,1,5,0
d0c1-bfe4-18f0,5463,5,-94.25,5,0,5,0,6,1,5,0
d0c1-bfe4-18f0,5464,5,-93.25,5,0,5,0,5,0,5,0
d0c1-bfe4-18f0,5465,5,-94.5,5,0,5,0,5,0,5,0
d0c1-bfe4-18f0,5466,5,-93.75,5,0,5,0,6,1,5,0
d0c1-bfe4-18f0,5467,5,-92.75,5,0,5,0,5,0,5,0
d0c1-bfe4-18f0,5468,5,-93.0,5,0,5,0,4,1,5,0
d0c1-bfe4-18f0,5469,5,-94.25,5,0,5,0,6,1,5,0
d0c1-bfe4-18f0,5470,5,-94.25,5,0,5,0,6,1,5,0
d0c1-bfe4-18f0,5471,5,-93.0,5,0,5,0,5,0,5,0
d0c1-bfe4-18f0,5472,5,-93.75,5,0,5,0,6,1,5,0
d0c1-bfe4-18f0,5473,5,-94.25,5,0,5,0,6,1,5,0
d0c1-bfe4-18f0,5474,5,-93.5,5,0,5,0,5,0,5,0
d0c1-bfe4-18f0,5475,5,-94.75,5,0,5,0,6,1,5,0
d0c1-bfe4-18f0,5476,5,-94.25,5,0,5,0,6,1,5,0
d0c1-bfe4-18f0,5477,5,-94.5,5,0,5,0,6,1,5,0
d0c1-bfe4-18f0,5478,5,-93.0,5,0,5,0,5,0,5,0
d0c1-bfe4-18f0,5479,5,-93.25,5,0,5,0,5,0,5,0
d0c1-bfe4-18f0,5480,5,-94.25,5,0,5,0,6,1,5,0
d0c1-bfe4-18f0,5481,5,-93.5,7,2,7,2,7,2,7,2
d0c1-bfe4-18f0,5482,5,-94.25,5,0,5,0,6,1,5,0
d0c1-bfe4-18f0,5483,5,-93.75,6,1,6,1,6,1,6,1
d0c1-bfe4-18f0,5484,5,-93.5,5,0,5,0,5,0,5,0
d0c1-bfe4-18f0,5485,5,-93.25,5,0,5,0,5,0,5,0
d0c1-bfe4-18f0,5486,5,-94.25,5,0,5,0,6,1,5,0
d0c1-bfe4-18f0,5487,5,-93.75,5,0,5,0,6,1,5,0
d0c1-bfe4-18f0,5488,5,-94.25,5,0,5,0,6,1,5,0
d0c1-bfe4-18f0,5489,5,-93.25,5,0,5,0,5,0,5,0
d0c1-bfe4-18f0,5490,5,-93.5,5,0,5,0,5,0,5,0
d0c1-bfe4-18f0,5491,5,-93.75,5,0,5,0,6,1,5,0
d0c1-bfe4-18f0,5492,5,-93.75,5,0,5,0,6,1,5,0
d0c1-bfe4-18f0,5493,5,-93.25,5,0,5,0,5,0,5,0
d0c1-bfe4-18f0,5494,5,-93.75,5,0,5,0,6,1,5,0
d0c1-bfe4-18f0,5495,7,-86.25,7,0,7,0,7,0,7,0
d0c1-bfe4-18f0,5496,7,-88.75,7,0,7,0,7,0,7,0
d0c1-bfe4-18f0,5497,7,-91.25,7,0,8,1,8,1,7,0
d0c1-bfe4-18f0,5498,7,-86.75,7,0,7,0,7,0,7,0
d0c1-bfe4-18f0,5499,7,-87.5,7,0,7,0,7,0,7,0
d0c1-bfe4-18f0,5500,7,-91.75,7,0,8,1,8,1,7,0
d0c1-bfe4-18f0,5501,7,-87.5,7,0,7,0,7,0,7,0
d0c1-bfe4-18f0,5502,7,-87.5,7,0,7,0,7,0,7,0
d0c1-bfe4-18f0,5503,7,-88.5,7,0,7,0,7,0,7,0
d0c1-bfe4-18f0,5504,7,-87.5,7,0,7,0,7,0,7,0
d0c1-bfe4-18f0,5505,7,-86.75,7,0,7,0,7,0,7,0
d0c1-bfe4-18f0,5506,7,-90.25,7,0,7,0,8,1,7,0
d0c1-bfe4-18f0,5507,7,-92.0,7,0,8,1,8,1,7,0
d0c1-bfe4-18f0,5508,7,-86.25,7,0,7,0,7,0,7,0
d0c1-bfe4-18f0,5509,7,-86.0,7,0,7,0,7,0,7,0
d0c1-bfe4-18f0,5510,7,-86.25,7,0,7,0,7,0,7,0
d0c1-bfe4-18f0,5511,7,-89.25,7,0,7,0,7,0,7,0
d0c1-bfe4-18f0,5512,7,-90.0,7,0,7,0,7,0,7,0
d0c1-bfe4-18f0,5513,7,-89.0,7,0,7,0,7,0,7,0
d0c1-bfe4-18f0,5514,7,-86.5,7,0,7,0,7,0,7,0
d0c1-bfe4-18f0,5515,7,-87.5,7,0,7,0,7,0,7,0
d0c1-bfe4-18f0,5516,7,-85.5,7,0,7,0,7,0,7,0
d0c1-bfe4-18f0,5517,7,-87.0,7,0,7,0,7,0,7,0
d0c1-bfe4-18f0,5518,7,-86.75,7,0,7,0,7,0,7,0
d0c1-bfe4-18f0,5519,7,-88.25,7,0,7,0,7,0,7,0
d0c1-bfe4-18f0,5520,7,-85.5,7,0,7,0,7,0,7,0
d0c1-bfe4-18f0,5521,7,-88.75,7,0,7,0,7,0,7,0
d0c1-bfe4-18f0,5522,7,-86.5,7,0,7,0,7,0,7,0
d0c1-bfe4-18f0,5523,7,-86.5,7,0,7,0,7,0,7,0
d0c1-bfe4-18f0,5524,7,-86.5,7,0,7,0,7,0,7,0
d0c1-bfe4-18f0,5525,7,-87.25,7,0,7,0,7,0,7,0
d0c1-bfe4-18f0,5526,7,-86.5,7,0,7,0,7,0,7,0
d0c1-bfe4-18f0,5527,7,-86.5,7,0,7,0,7,0,7,0
d0c1-bfe4-18f0,5528,7,-86.5,7,0,7,0,7,0,7,0
d0c1-bfe4-18f0,5529,7,-86.0,7,0,7,0,7,0,7,0
d0c1-bfe4-18f0,5530,7,-89.25,7,0,7,0,7,0,7,0
d0c1-bfe4-18f0,5531,7,-87.25,7,0,7,0,7,0,7,0
d0c1-bfe4-18f0,5532,7,-86.5,7,0,7,0,7,0,7,0
d0c1-bfe4-18f0,5533,7,-91.25,7,0,8,1,8,1,7,0
d0c1-bfe4-18f0,5534,7,-87.25,7,0,7,0,7,0,7,0
d0c1-bfe4-18f0,5535,7,-86.75,7,0,7,0,7,0,7,0
d0c1-bfe4-18f0,5536,7,-91.5,7,0,8,1,8,1,7,0
d0c1-bfe4-18f0,5537,7,-86.5,7,0,7,0,7,0,7,0
d0c1-bfe4-18f0,5538,7,-87.25,7,0,7,0,7,0,7,0
d0c1-bfe4-18f0,5539,7,-88.0,7,0,7,0,7,0,7,0
d0c1-bfe4-18f0,5540,7,-87.75,7,0,7,0,7,0,7,0
d0c1-bfe4-18f0,5541,7,-88.0,7,0,7,0,7,0,7,0
d0c1-bfe4-18f0,5542,7,-93.25,7,0,8,1,8,1,7,0
d0c1-bfe4-18f0,5543,7,-87.25,7,0,7,0,7,0,7,0
d0c1-bfe4-18f0,5544,7,-87.75,7,0,7,0,7,0,7,0
d0c1-bfe4-18f0,5545,7,-91.0,7,0,7,0,8,1,7,0
d0c1-bfe4-18f0,5546,7,-87.25,7,0,7,0,7,0,7,0
d0c1-bfe4-18f0,5547,7,-91.5,7,0,8,1,8,1,7,0
d0c1-bfe4-18f0,5548,7,-87.5,7,0,7,0,7,0,7,0
d0c1-bfe4-18f0,5549,7,-86.25,7,0,7,0,7,0,7,0
d0c1-bfe4-18f0,5550,7,-86.5,7,0,7,0,7,0,7,0
d0c1-bfe4-18f0,5551,7,-86.5,7,0,7,0,7,0,7,0
d0c1-bfe4-18f0,5552,7,-86.5,7,0,7,0,7,0,7,0
d0c1-bfe4-18f0,5553,7,-87.0,7,0,7,0,7,0,7,0
d0c1-bfe4-18f0,5554,7,-93.0,7,0,8,1,8,1,7,0
d0c1-bfe4-18f0,5555,7,-87.0,7,0,7,0,7,0,7,0
d0c1-bfe4-18f0,5556,7,-88.0,7,0,7,0,7,0,7,0
d0c1-bfe4-18f0,5557,7,-89.75,7,0,7,0,7,0,7,0
d0c1-bfe4-18f0,5558,7,-92.0,7,0,8,1,8,1,7,0
d0c1-bfe4-18f0,5559,7,-87.75,7,0,7,0,7,0,7,0
d0c1-bfe4-18f0,5560,7,-86.25,7,0,7,0,7,0,7,0
d0c1-bfe4-18f0,5561,7,-86.75,7,0,7,0,7,0,7,0
d0c1-bfe4-18f0,5562,7,-90.25,7,0,7,0,8,1,7,0
d0c1-bfe4-18f0,5563,7,-86.5,7,0,7,0,7,0,7,0
d0c1-bfe4-18f0,5564,7,-87.5,7,0,7,0,7,0,7,0
d0c1-bfe4-18f0,5565,7,-91.25,7,0,8,1,8,1,7,0
d0c1-bfe4-18f0,5566,7,-91.25,7,0,8,1,8,1,7,0
d0c1-bfe4-18f0,5567,7,-87.5,7,0,7,0,7,0,7,0
d0c1-bfe4-18f0,5568,7,-85.75,7,0,7,0,7,0,7,0
d0c1-bfe4-18f0,5569,7,-88.75,7,0,7,0,7,0,7,0
d0c1-bfe4-18f0,5570,7,-87.25,7,0,7,0,7,0,7,0
d0c1-bfe4-18f0,5571,7,-88.25,7,0,7,0,7,0,7,0
d0c1-bfe4-18f0,5572,7,-91.25,7,0,8,1,8,1,7,0
d0c1-bfe4-18f0,5573,7,-87.5,7,0,7,0,7,0,7,0
d0c1-bfe4-18f0,5574,7,-91.25,7,0,8,1,8,1,7,0
d0c1-bfe4-18f0,5575,7,-91.0,7,0,8,1,8,1,7,0
d0c1-bfe4-18f0,5576,7,-87.75,7,0,7,0,7,0,7,0
d0c1-bfe4-18f0,5577,7,-90.75,7,0,7,0,8,1,7,0
d0c1-bfe4-18f0,5578,7,-87.5,7,0,7,0,7,0,7,0
d0c1-bfe4-18f0,5579,7,-89.0,7,0,7,0,7,0,7,0
d0c1-bfe4-18f0,5580,7,-88.0,7,0,7,0,7,0,7,0
d0c1-bfe4-18f0,5581,7,-88.5,7,0,7,0,7,0,7,0
d0c1-bfe4-18f0,5582,7,-89.75,7,0,7,0,7,0,7,0
d0c1-bfe4-18f0,5583,7,-88.0,7,0,7,0,7,0,7,0
d0c1-bfe4-18f0,5584,7,-87.5,7,0,7,0,7,0,7,0
d0c1-bfe4-18f0,5585,7,-88.5,7,0,7,0,7,0,7,0
d0c1-bfe4-18f0,5586,7,-91.5,7,0,8,1,8,1,7,0
d0c1-bfe4-18f0,5587,7,-92.0,7,0,8,1,8,1,7,0
d0c1-bfe4-18f0,5588,7,-88.75,7,0,7,0,7,0,7,0
d0c1-bfe4-18f0,5589,7,-89.0,7,0,7,0,7,0,7,0
d0c1-bfe4-18f0,5590,6,-93.0,7,1,8,2,8,2,7,1
d0c1-bfe4-18f0,5591,6,-88.75,7,1,7,1,7,1,7,1
d0c1-bfe4-18f0,5592,7,-87.0,7,0,7,0,7,0,7,0
d0c1-bfe4-18f0,5593,7,-88.0,7,0,7,0,7,0,7,0
d0c1-bfe4-18f0,5594,7,-86.25,7,0,7,0,7,0,7,0
d0c1-bfe4-18f0,5595,8,-93.25,7,1,7,1,8,0,7,1
d0c1-bfe4-18f0,5596,8,-92.25,7,1,7,1,7,1,7,1
d0c1-bfe4-18f0,5597,8,-92.5,7,1,7,1,7,1,7,1
d0c1-bfe4-18f0,5598,9,-91.0,7,2,7,2,7,2,7,2
d0c1-bfe4-18f0,5599,8,-93.75,7,1,7,1,8,0,7,1
d0c1-bfe4-18f0,5600,8,-93.0,7,1,7,1,8,0,7,1
d0c1-bfe4-18f0,5601,8,-93.25,7,1,7,1,8,0,7,1
d0c1-bfe4-18f0,5602,8,-92.5,7,1,7,1,7,1,7,1
d0c1-bfe4-18f0,5603,8,-92.5,7,1,7,1,7,1,7,1
d0c1-bfe4-18f0,5604,8,-92.0,7,1,7,1,7,1,7,1
d0c1-bfe4-18f0,5605,8,-93.0,7,1,7,1,7,1,7,1
d0c1-bfe4-18f0,5606,8,-93.75,7,1,7,1,8,0,7,1
d0c1-bfe4-18f0,5607,8,-93.25,7,1,7,1,8,0,7,1
d0c1-bfe4-18f0,5608,8,-93.0,7,1,7,1,8,0,7,1
d0c1-bfe4-18f0,5609,8,-93.0,7,1,7,1,8,0,7,1
d0c1-bfe4-18f0,5610,8,-92.5,7,1,7,1,7,1,7,1
d0c1-bfe4-18f0,5611,8,-92.5,7,1,7,1,7,1,7,1
d0c1-bfe4-18f0,5612,8,-93.25,7,1,7,1,8,0,7,1
d0c1-bfe4-18f0,5613,8,-92.0,7,1,7,1,7,1,7,1
d0c1-bfe4-18f0,5614,8,-92.75,7,1,7,1,7,1,7,1
d0c1-bfe4-18f0,5615,8,-93.0,7,1,7,1,8,0,7,1
d0c1-bfe4-18f0,5616,8,-93.25,7,1,7,1,8,0,7,1
d0c1-bfe4-18f0,5617,8,-93.0,7,1,7,1,7,1,7,1
d0c1-bfe4-18f0,5618,8,-91.75,7,1,7,1,7,1,7,1
d0c1-bfe4-18f0,5619,8,-93.25,7,1,7,1,8,0,7,1
d0c1-bfe4-18f0,5620,8,-92.25,7,1,7,1,7,1,7,1
d0c1-bfe4-18f0,5621,8,-93.25,7,1,7,1,8,0,7,1
d0c1-bfe4-18f0,5622,8,-92.25,7,1,7,1,7,1,7,1
d0c1-bfe4-18f0,5623,8,-92.25,7,1,7,1,7,1,7,1
d0c1-bfe4-18f0,5624,8,-93.25,7,1,7,1,8,0,7,1
d0c1-bfe4-18f0,5625,8,-93.25,7,1,7,1,8,0,7,1
d0c1-bfe4-18f0,5626,8,-93.25,7,1,7,1,8,0,7,1
d0c1-bfe4-18f0,5627,8,-92.75,7,1,7,1,7,1,7,1
d0c1-bfe4-18f0,5628,8,-92.25,7,1,7,1,7,1,7,1
d0c1-bfe4-18f0,5629,8,-92.75,7,1,7,1,7,1,7,1
d0c1-bfe4-18f0,5630,8,-93.5,7,1,7,1,8,0,7,1
d0c1-bfe4-18f0,5631,8,-93.25,7,1,7,1,8,0,7,1
d0c1-bfe4-18f0,5632,8,-92.75,7,1,7,1,7,1,7,1
d0c1-bfe4-18f0,5633,8,-91.75,7,1,7,1,7,1,7,1
d0c1-bfe4-18f0,5634,8,-92.25,7,1,7,1,7,1,7,1
d0c1-bfe4-18f0,5635,8,-93.0,7,1,7,1,7,1,7,1
d0c1-bfe4-18f0,5636,8,-92.25,7,1,7,1,7,1,7,1
d0c1-bfe4-18f0,5637,8,-92.75,7,1,7,1,7,1,7,1
d0c1-bfe4-18f0,5638,8,-82.75,7,1,7,1,6,2,7,1
d0c1-bfe4-18f0,5639,8,-92.75,7,1,7,1,7,1,7,1
d0c1-bfe4-18f0,5640,8,-92.25,7,1,7,1,7,1,7,1
d0c1-bfe4-18f0,5641,8,-90.5,7,1,7,1,7,1,7,1
d0c1-bfe4-18f0,5642,8,-92.5,7,1,7,1,7,1,7,1
d0c1-bfe4-18f0,5643,8,-93.25,7,1,7,1,8,0,7,1
d0c1-bfe4-18f0,5644,8,-93.5,7,1,7,1,8,0,7,1
d0c1-bfe4-18f0,5645,8,-93.25,7,1,7,1,8,0,7,1
d0c1-bfe4-18f0,5646,8,-92.25,7,1,7,1,7,1,7,1
d0c1-bfe4-18f0,5647,8,-94.0,7,1,8,0,8,0,7,1
d0c1-bfe4-18f0,5648,8,-93.25,7,1,7,1,8,0,7,1
d0c1-bfe4-18f0,5649,8,-92.75,7,1,7,1,7,1,7,1
d0c1-bfe4-18f0,5650,8,-92.25,7,1,7,1,7,1,7,1
d0c1-bfe4-18f0,5651,8,-92.75,7,1,7,1,7,1,7,1
d0c1-bfe4-18f0,5652,8,-93.5,7,1,7,1,8,0,7,1
d0c1-bfe4-18f0,5653,8,-92.0,7,1,7,1,7,1,7,1
d0c1-bfe4-18f0,5654,8,-92.75,7,1,7,1,7,1,7,1
d0c1-bfe4-18f0,5655,8,-93.25,7,1,7,1,8,0,7,1
d0c1-bfe4-18f0,5656,8,-92.25,7,1,7,1,7,1,7,1
d0c1-bfe4-18f0,5657,9,-93.0,7,2,7,2,8,1,7,2
d0c1-bfe4-18f0,5658,8,-92.75,7,1,7,1,7,1,7,1
d0c1-bfe4-18f0,5659,8,-92.25,7,1,7,1,8,0,7,1
d0c1-bfe4-18f0,5660,8,-91.75,7,1,7,1,7,1,7,1
d0c1-bfe4-18f0,5661,8,-92.25,7,1,7,1,7,1,7,1
d0c1-bfe4-18f0,5662,8,-91.5,7,1,7,1,7,1,7,1
d0c1-bfe4-18f0,5663,8,-92.25,7,1,7,1,7,1,7,1
d0c1-bfe4-18f0,5664,8,-92.5,7,1,7,1,7,1,7,1
d0c1-bfe4-18f0,5665,8,-92.75,7,1,7,1,7,1,7,1
d0c1-bfe4-18f0,5666,8,-92.25,7,1,7,1,7,1,7,1
d0c1-bfe4-18f0,5667,7,-93.25,7,0,7,0,7,0,7,0
d0c1-bfe4-18f0,5668,7,-93.75,7,0,7,0,7,0,7,0
d0c1-bfe4-18f0,5669,7,-94.25,7,0,7,0,7,0,7,0
d0c1-bfe4-18f0,5670,7,-92.75,7,0,6,1,6,1,7,0
d0c1-bfe4-18f0,5671,7,-93.75,7,0,7,0,7,0,7,0
d0c1-bfe4-18f0,5672,7,-94.25,7,0,7,0,7,0,7,0
d0c1-bfe4-18f0,5673,7,-93.25,7,0,7,0,7,0,7,0
d0c1-bfe4-18f0,5674,7,-93.75,7,0,7,0,7,0,7,0
d0c1-bfe4-18f0,5675,7,-92.5,7,0,7,0,7,0,7,0
d0c1-bfe4-18f0,5676,7,-93.5,7,0,7,0,7,0,7,0
d0c1-bfe4-18f0,5677,7,-94.0,7,0,7,0,7,0,7,0
d0c1-bfe4-18f0,5678,7,-93.25,7,0,7,0,7,0,7,0
d0c1-bfe4-18f0,5679,7,-94.25,7,0,7,0,7,0,7,0
d0c1-bfe4-18f0,5680,7,-93.75,7,0,7,0,7,0,7,0
d0c1-bfe4-18f0,5681,7,-94.25,7,0,7,0,7,0,7,0
d0c1-bfe4-18f0,5682,7,-93.25,7,0,7,0,7,0,7,0
d0c1-bfe4-18f0,5683,7,-94.5,7,0,7,0,7,0,7,0
d0c1-bfe4-18f0,5684,7,-94.25,7,0,7,0,7,0,7,0
d0c1-bfe4-18f0,5685,7,-92.75,7,0,7,0,7,0,7,0
d0c1-bfe4-18f0,5686,7,-93.5,7,0,7,0,7,0,7,0
d0c1-bfe4-18f0,5687,7,-93.75,7,0,7,0,7,0,7,0
d0c1-bfe4-18f0,5688,7,-93.5,7,0,7,0,7,0,7,0
d0c1-bfe4-18f0,5689,7,-94.25,7,0,7,0,7,0,7,0
d0c1-bfe4-18f0,5690,7,-94.0,7,0,7,0,7,0,7,0
d0c1-bfe4-18f0,5691,7,-93.75,7,0,7,0,7,0,7,0
d0c1-bfe4-18f0,5692,7,-94.25,7,0,7,0,7,0,7,0
d0c1-bfe4-18f0,5693,7,-94.25,7,0,7,0,7,0,7,0
d0c1-bfe4-18f0,5694,7,-94.25,7,0,7,0,7,0,7,0
d0c1-bfe4-18f0,5695,7,-94.0,7,0,7,0,7,0,7,0
d0c1-bfe4-18f0,5696,7,-94.5,7,0,7,0,7,0,7,0
d0c1-bfe4-18f0,5697,7,-93.75,7,0,7,0,7,0,7,0
d0c1-bfe4-18f0,5698,7,-93.75,7,0,7,0,7,0,7,0
d0c1-bfe4-18f0,5699,7,-92.75,7,0,7,0,7,0,7,0
d0c1-bfe4-18f0,5700,7,-94.25,7,0,7,0,7,0,7,0
d0c1-bfe4-18f0,5701,7,-93.25,7,0,7,0,7,0,7,0
d0c1-bfe4-18f0,5702,7,-93.75,7,0,7,0,7,0,7,0
d0c1-bfe4-18f0,5703,7,-94.25,7,0,7,0,7,0,7,0
d0c1-bfe4-18f0,5704,7,-93.75,7,0,7,0,7,0,7,0
d0c1-bfe4-18f0,5705,7,-94.0,7,0,7,0,7,0,7,0
d0c1-bfe4-18f0,5706,7,-93.75,7,0,7,0,7,0,7,0
d0c1-bfe4-18f0,5707,7,-93.5,7,0,7,0,7,0,7,0
d0c1-bfe4-18f0,5708,7,-93.75,7,0,7,0,7,0,7,0
d0c1-bfe4-18f0,5709,7,-93.0,7,0,7,0,7,0,7,0
d0c1-bfe4-18f0,5710,7,-94.0,7,0,7,0,7,0,7,0
d0c1-bfe4-18f0,5711,7,-93.75,7,0,7,0,7,0,7,0
d0c1-bfe4-18f0,5712,7,-93.75,7,0,7,0,7,0,7,0
d0c1-bfe4-18f0,5713,7,-94.5,7,0,7,0,7,0,7,0
d0c1-bfe4-18f0,5714,7,-93.5,7,0,7,0,7,0,7,0
d0c1-bfe4-18f0,5715,7,-94.25,7,0,7,0,7,0,7,0
d0c1-bfe4-18f0,5716,7,-93.5,7,0,7,0,7,0,7,0
d0c1-bfe4-18f0,5717,7,-94.0,7,0,7,0,7,0,7,0
d0c1-bfe4-18f0,5718,7,-93.25,7,0,7,0,7,0,7,0
d0c1-bfe4-18f0,5719,7,-94.0,7,0,7,0,7,0,7,0
d0c1-bfe4-18f0,5720,7,-93.75,7,0,7,0,7,0,7,0
d0c1-bfe4-18f0,5721,7,-93.5,7,0,7,0,7,0,7,0
d0c1-bfe4-18f0,5722,7,-92.75,7,0,7,0,7,0,7,0
d0c1-bfe4-18f0,5723,7,-93.25,7,0,7,0,7,0,7,0
d0c1-bfe4-18f0,5724,7,-93.25,7,0,7,0,7,0,7,0
d0c1-bfe4-18f0,5725,7,-93.75,7,0,7,0,7,0,7,0
d0c1-bfe4-18f0,5726,7,-91.75,7,0,7,0,7,0,7,0
d0c1-bfe4-18f0,5727,7,-93.75,7,0,7,0,7,0,7,0
d0c1-bfe4-18f0,5728,7,-93.25,7,0,7,0,7,0,7,0
d0c1-bfe4-18f0,5729,7,-94.0,7,0,7,0,7,0,7,0
d0c1-bfe4-18f0,5730,7,-94.0,7,0,7,0,7,0,7,0
d0c1-bfe4-18f0,5731,7,-93.5,7,0,7,0,7,0,7,0
d0c1-bfe4-18f0,5732,7,-94.0,7,0,7,0,7,0,7,0
d0c1-bfe4-18f0,5733,7,-93.75,7,0,7,0,7,0,7,0
d0c1-bfe4-18f0,5734,7,-94.5,7,0,7,0,7,0,7,0
d0c1-bfe4-18f0,5735,7,-92.75,7,0,7,0,7,0,7,0
d0c1-bfe4-18f0,5736,7,-94.0,7,0,7,0,7,0,7,0
d0c1-bfe4-18f0,5737,7,-94.25,7,0,7,0,7,0,7,0
d0c1-bfe4-18f0,5738,7,-93.5,7,0,7,0,7,0,7,0
d0c1-bfe4-18f0,5739,7,-94.25,7,0,7,0,7,0,7,0
d0c1-bfe4-18f0,5740,6,-92.5,7,1,7,1,8,2,7,1
d0c1-bfe4-18f0,5741,6,-93.0,7,1,7,1,8,2,7,1
d0c1-bfe4-18f0,5742,6,-93.5,7,1,7,1,8,2,7,1
d0c1-bfe4-18f0,5743,6,-94.0,7,1,7,1,8,2,7,1
d0c1-bfe4-18f0,5744,6,-93.25,7,1,7,1,8,2,7,1
d0c1-bfe4-18f0,5745,6,-93.75,7,1,7,1,8,2,7,1
d0c1-bfe4-18f0,5746,6,-94.0,7,1,7,1,8,2,7,1
d0c1-bfe4-18f0,5747,6,-93.5,7,1,7,1,8,2,7,1
d0c1-bfe4-18f0,5748,6,-93.75,7,1,7,1,8,2,7,1
d0c1-bfe4-18f0,5749,6,-92.75,7,1,7,1,8,2,7,1
d0c1-bfe4-18f0,5750,6,-94.5,7,1,8,2,8,2,7,1
d0c1-bfe4-18f0,5751,6,-94.25,7,1,7,1,8,2,7,1
d0c1-bfe4-18f0,5752,6,-94.0,7,1,7,1,8,2,7,1
d0c1-bfe4-18f0,5753,6,-94.25,7,1,7,1,8,2,7,1
d0c1-bfe4-18f0,5754,6,-94.25,7,1,7,1,8,2,7,1
d0c1-bfe4-18f0,5755,6,-93.75,7,1,7,1,8,2,7,1
d0c1-bfe4-18f0,5756,6,-93.0,7,1,7,1,8,2,7,1
d0c1-bfe4-18f0,5757,6,-93.5,7,1,7,1,8,2,7,1
d0c1-bfe4-18f0,5758,6,-93.25,7,1,7,1,8,2,7,1
d0c1-bfe4-18f0,5759,6,-94.0,7,1,7,1,8,2,7,1
d0c1-bfe4-18f0,5760,6,-93.25,7,1,7,1,8,2,7,1
d0c1-bfe4-18f0,5761,6,-92.75,7,1,7,1,8,2,7,1
d0c1-bfe4-18f0,5762,6,-94.25,7,1,7,1,8,2,7,1
d0c1-bfe4-18f0,5763,6,-93.0,7,1,7,1,8,2,7,1
d0c1-bfe4-18f0,5764,6,-94.0,7,1,7,1,8,2,7,1
d0c1-bfe4-18f0,5765,6,-93.5,7,1,7,1,8,2,7,1
d0c1-bfe4-18f0,5766,6,-94.25,7,1,7,1,8,2,7,1
d0c1-bfe4-18f0,5767,6,-94.0,7,1,7,1,8,2,7,1
d0c1-bfe4-18f0,5768,6,-93.0,7,1,7,1,8,2,7,1
d0c1-bfe4-18f0,5769,6,-94.0,7,1,7,1,8,2,7,1
d0c1-bfe4-18f0,5770,6,-93.0,7,1,7,1,8,2,7,1
d0c1-bfe4-18f0,5771,6,-93.75,7,1,7,1,8,2,7,1
d0c1-bfe4-18f0,5772,6,-92.75,7,1,7,1,8,2,7,1
d0c1-bfe4-18f0,5773,6,-93.25,7,1,7,1,8,2,7,1
d0c1-bfe4-18f0,5774,6,-92.5,7,1,7,1,8,2,7,1
d0c1-bfe4-18f0,5775,6,-93.75,7,1,7,1,8,2,7,1
d0c1-bfe4-18f0,5776,6,-93.25,7,1,7,1,8,2,7,1
d0c1-bfe4-18f0,5777,6,-93.5,7,1,7,1,8,2,7,1
d0c1-bfe4-18f0,5778,6,-94.0,7,1,7,1,8,2,7,1
d0c1-bfe4-18f0,5779,6,-94.5,7,1,8,2,8,2,7,1
d0c1-bfe4-18f0,5780,6,-93.75,7,1,7,1,8,2,7,1
d0c1-bfe4-18f0,5781,6,-94.0,7,1,7,1,8,2,7,1
d0c1-bfe4-18f0,5782,6,-94.0,7,1,7,1,8,2,7,1
d0c1-bfe4-18f0,5783,6,-93.25,7,1,7,1,8,2,7,1
d0c1-bfe4-18f0,5784,6,-93.75,7,1,7,1,8,2,7,1
d0c1-bfe4-18f0,5785,6,-93.5,7,1,7,1,8,2,7,1
d0c1-bfe4-18f0,5786,6,-94.0,7,1,7,1,8,2,7,1
d0c1-bfe4-18f0,5787,6,-94.25,7,1,7,1,8,2,7,1
d0c1-bfe4-18f0,5788,6,-93.5,7,1,7,1,8,2,7,1
d0c1-bfe4-18f0,5789,6,-94.0,7,1,7,1,8,2,7,1
d0c1-bfe4-18f0,5790,6,-94.75,7,1,8,2,8,2,7,1
d0c1-bfe4-18f0,5791,6,-92.75,7,1,7,1,8,2,7,1
d0c1-bfe4-18f0,5792,6,-93.75,7,1,7,1,8,2,7,1
d0c1-bfe4-18f0,5793,6,-94.0,7,1,7,1,8,2,7,1
d0c1-bfe4-18f0,5794,6,-93.25,7,1,7,1,8,2,7,1
d0c1-bfe4-18f0,5795,6,-93.5,7,1,7,1,8,2,7,1
d0c1-bfe4-18f0,5796,6,-93.5,7,1,7,1,8,2,7,1
d0c1-bfe4-18f0,5797,6,-94.75,7,1,7,1,8,2,7,1
d0c1-bfe4-18f0,5798,6,-94.0,7,1,7,1,8,2,7,1
d0c1-bfe4-18f0,5799,6,-94.25,7,1,7,1,8,2,7,1
d0c1-bfe4-18f0,5800,6,-94.25,7,1,7,1,8,2,7,1
d0c1-bfe4-18f0,5801,6,-94.5,7,1,7,1,8,2,7,1
d0c1-bfe4-18f0,5802,6,-93.5,7,1,7,1,8,2,7,1
d0c1-bfe4-18f0,5803,6,-93.75,7,1,7,1,8,2,7,1
d0c1-bfe4-18f0,5804,6,-94.0,7,1,7,1,8,2,7,1
d0c1-bfe4-18f0,5805,6,-93.25,7,1,8,2,8,2,7,1
d0c1-bfe4-18f0,5806,6,-94.0,7,1,7,1,8,2,7,1
d0c1-bfe4-18f0,5807,6,-94.0,7,1,7,1,8,2,7,1
d0c1-bfe4-18f0,5808,6,-93.5,7,1,7,1,8,2,7,1
d0c1-bfe4-18f0,5809,6,-94.0,7,1,7,1,8,2,7,1
d0c1-bfe4-18f0,5810,6,-93.75,7,1,7,1,8,2,7,1
d0c1-bfe4-18f0,5811,6,-93.75,7,1,7,1,8,2,7,1
d0c1-bfe4-18f0,5812,4,-91.75,7,3,6,2,6,2,7,3
d0c1-bfe4-18f0,5813,4,-89.75,5,1,5,1,4,0,5,1
d0c1-bfe4-18f0,5814,5,-91.75,5,0,5,0,4,1,5,0
d0c1-bfe4-18f0,5815,5,-92.0,5,0,5,0,4,1,5,0
d0c1-bfe4-18f0,5816,5,-92.25,5,0,5,0,5,0,5,0
d0c1-bfe4-18f0,5817,5,-90.25,5,0,4,1,4,1,5,0
d0c1-bfe4-18f0,5818,5,-92.0,5,0,5,0,4,1,5,0
d0c1-bfe4-18f0,5819,5,-91.5,5,0,5,0,4,1,5,0
d0c1-bfe4-18f0,5820,5,-94.5,5,0,5,0,5,0,5,0
d0c1-bfe4-18f0,5821,5,-88.75,5,0,5,0,4,1,5,0
d0c1-bfe4-18f0,5822,5,-90.75,5,0,5,0,4,1,5,0
d0c1-bfe4-18f0,5823,5,-91.75,5,0,5,0,5,0,5,0
d0c1-bfe4-18f0,5824,5,-92.25,5,0,5,0,5,0,5,0
d0c1-bfe4-18f0,5825,5,-91.75,5,0,5,0,4,1,5,0
d0c1-bfe4-18f0,5826,5,-90.75,5,0,5,0,4,1,5,0
d0c1-bfe4-18f0,5827,5,-91.5,5,0,5,0,5,0,5,0
d0c1-bfe4-18f0,5828,5,-88.25,5,0,5,0,4,1,5,0
d0c1-bfe4-18f0,5829,3,-93.75,5,2,5,2,6,3,5,2
d0c1-bfe4-18f0,5830,3,-91.25,5,2,5,2,4,1,5,2
d0c1-bfe4-18f0,5831,4,-92.0,5,1,5,1,5,1,5,1
d0c1-bfe4-18f0,5832,4,-89.75,5,1,5,1,4,0,5,1
d0c1-bfe4-18f0,5833,5,-94.75,5,0,5,0,5,0,5,0
d0c1-bfe4-18f0,5834,5,-88.25,5,0,4,1,3,2,5,0
d0c1-bfe4-18f0,5835,5,-94.0,5,0,5,0,6,1,5,0
d0c1-bfe4-18f0,5836,5,-88.25,5,0,4,1,3,2,5,0
d0c1-bfe4-18f0,5837,5,-91.25,5,0,5,0,5,0,5,0
d0c1-bfe4-18f0,5838,5,-91.75,5,0,5,0,5,0,5,0
d0c1-bfe4-18f0,5839,5,-88.75,5,0,5,0,4,1,5,0
d0c1-bfe4-18f0,5840,5,-91.75,5,0,5,0,5,0,5,0
d0c1-bfe4-18f0,5841,5,-89.0,7,2,5,0,4,1,7,2
d0c1-bfe4-18f0,5842,5,-91.75,5,0,5,0,4,1,5,0
d0c1-bfe4-18f0,5843,5,-90.0,5,0,5,0,4,1,5,0
d0c1-bfe4-18f0,5844,5,-88.75,5,0,5,0,4,1,5,0
d0c1-bfe4-18f0,5845,5,-91.25,5,0,5,0,4,1,5,0
d0c1-bfe4-18f0,5846,5,-91.25,5,0,5,0,4,1,5,0
d0c1-bfe4-18f0,5847,5,-92.75,5,0,5,0,5,0,5,0
d0c1-bfe4-18f0,5848,5,-92.0,5,0,5,0,4,1,5,0
d0c1-bfe4-18f0,5849,5,-94.25,5,0,5,0,6,1,5,0
d0c1-bfe4-18f0,5850,5,-88.5,5,0,4,1,3,2,5,0
d0c1-bfe4-18f0,5851,5,-93.5,5,0,5,0,6,1,5,0
d0c1-bfe4-18f0,5852,5,-90.5,5,0,5,0,4,1,5,0
d0c1-bfe4-18f0,5853,5,-90.75,5,0,5,0,4,1,5,0
d0c1-bfe4-18f0,5854,5,-90.75,5,0,5,0,4,1,5,0
d0c1-bfe4-18f0,5855,5,-89.5,5,0,5,0,4,1,5,0
d0c1-bfe4-18f0,5856,5,-94.0,5,0,5,0,6,1,5,0
d0c1-bfe4-18f0,5857,5,-91.75,5,0,5,0,5,0,5,0
d0c1-bfe4-18f0,5858,5,-90.0,5,0,4,1,4,1,5,0
d0c1-bfe4-18f0,5859,5,-91.75,5,0,5,0,5,0,5,0
d0c1-bfe4-18f0,5860,5,-92.5,5,0,5,0,5,0,5,0
d0c1-bfe4-18f0,5861,5,-91.0,5,0,5,0,4,1,5,0
d0c1-bfe4-18f0,5862,5,-89.0,5,0,5,0,4,1,5,0
d0c1-bfe4-18f0,5863,5,-90.75,5,0,5,0,4,1,5,0
d0c1-bfe4-18f0,5864,5,-91.0,5,0,5,0,4,1,5,0
d0c1-bfe4-18f0,5865,5,-90.75,5,0,5,0,4,1,5,0
d0c1-bfe4-18f0,5866,5,-90.25,5,0,5,0,4,1,5,0
d0c1-bfe4-18f0,5867,5,-90.5,5,0,5,0,4,1,5,0
d0c1-bfe4-18f0,5868,5,-90.75,5,0,5,0,4,1,5,0
d0c1-bfe4-18f0,5869,5,-91.0,5,0,5,0,4,1,5,0
d0c1-bfe4-18f0,5870,5,-91.0,5,0,5,0,4,1,5,0
d0c1-bfe4-18f0,5871,5,-91.0,5,0,5,0,4,1,5,0
d0c1-bfe4-18f0,5872,5,-94.25,5,0,5,0,6,1,5,0
d0c1-bfe4-18f0,5873,5,-91.0,5,0,5,0,4,1,5,0
d0c1-bfe4-18f0,5874,3,-90.25,5,2,5,2,4,1,5,2
d0c1-bfe4-18f0,5875,3,-93.75,5,2,5,2,6,3,5,2
d0c1-bfe4-18f0,5876,3,-92.5,5,2,5,2,4,1,5,2
d0c1-bfe4-18f0,5877,4,-93.0,5,1,5,1,5,1,5,1
d0c1-bfe4-18f0,5878,4,-90.75,5,1,4,0,4,0,5,1
d0c1-bfe4-18f0,5879,4,-91.0,5,1,4,0,4,0,5,1
d0c1-bfe4-18f0,5880,4,-94.0,5,1,5,1,4,0,5,1
d0c1-bfe4-18f0,5881,4,-90.75,5,1,5,1,4,0,5,1
d0c1-bfe4-18f0,5882,5,-90.75,5,0,5,0,4,1,5,0
d0c1-bfe4-18f0,5883,5,-91.0,5,0,5,0,4,1,5,0
d0c1-bfe4-18f0,5884,5,-91.5,5,0,5,0,4,1,5,0
d0c1-bfe4-18f0,5885,5,-91.25,5,0,5,0,4,1,5,0
d0c1-bfe4-18f0,5886,5,-92.25,5,0,5,0,5,0,5,0
d0c1-bfe4-18f0,5887,5,-92.5,5,0,5,0,4,1,5,0
d0c1-bfe4-18f0,5888,5,-89.25,5,0,5,0,4,1,5,0
d0c1-bfe4-18f0,5889,5,-93.0,5,0,5,0,5,0,5,0
d0c1-bfe4-18f0,5890,5,-90.25,5,0,5,0,4,1,5,0
d0c1-bfe4-18f0,5891,5,-92.0,5,0,5,0,5,0,5,0
d0c1-bfe4-18f0,5892,5,-92.75,5,0,5,0,5,0,5,0
d0c1-bfe4-18f0,5893,5,-92.5,5,0,5,0,5,0,5,0
d0c1-bfe4-18f0,5894,5,-89.75,5,0,5,0,4,1,5,0
d0c1-bfe4-18f0,5895,5,-90.75,5,0,5,0,4,1,5,0
d0c1-bfe4-18f0,5896,5,-91.25,5,0,5,0,4,1,5,0
d0c1-bfe4-18f0,5897,5,-86.5,7,2,7,2,5,0,7,2
d0c1-bfe4-18f0,5898,5,-89.0,5,0,5,0,4,1,5,0
d0c1-bfe4-18f0,5899,5,-91.0,5,0,4,1,4,1,5,0
d0c1-bfe4-18f0,5900,5,-88.75,5,0,5,0,4,1,5,0
d0c1-bfe4-18f0,5901,5,-90.75,5,0,5,0,4,1,5,0
d0c1-bfe4-18f0,5902,5,-91.0,5,0,5,0,4,1,5,0
d0c1-bfe4-18f0,5903,5,-90.75,5,0,5,0,4,1,5,0
d0c1-bfe4-18f0,5904,5,-91.5,5,0,5,0,5,0,5,0
d0c1-bfe4-18f0,5905,5,-91.25,5,0,5,0,4,1,5,0
d0c1-bfe4-18f0,5906,5,-91.0,5,0,5,0,4,1,5,0
d0c1-bfe4-18f0,5907,5,-91.5,5,0,5,0,4,1,5,0
d0c1-bfe4-18f0,5908,5,-90.0,5,0,5,0,4,1,5,0
d0c1-bfe4-18f0,5909,5,-94.25,5,0,5,0,5,0,5,0
d0c1-bfe4-18f0,5910,5,-92.5,5,0,5,0,4,1,5,0
d0c1-bfe4-18f0,5911,5,-91.75,5,0,5,0,4,1,5,0
d0c1-bfe4-18f0,5912,5,-93.75,5,0,5,0,6,1,5,0
d0c1-bfe4-18f0,5913,5,-88.0,5,0,5,0,4,1,5,0
d0c1-bfe4-18f0,5914,5,-89.75,5,0,5,0,4,1,5,0
d0c1-bfe4-18f0,5915,5,-88.75,5,0,5,0,4,1,5,0
d0c1-bfe4-18f0,5916,5,-93.5,5,0,5,0,6,1,5,0
d0c1-bfe4-18f0,5917,5,-90.75,5,0,4,1,4,1,5,0
d0c1-bfe4-18f0,5918,5,-90.25,5,0,5,0,4,1,5,0
d0c1-bfe4-18f0,5919,5,-91.75,5,0,5,0,5,0,5,0
d0c1-bfe4-18f0,5920,5,-92.0,5,0,5,0,5,0,5,0
d0c1-bfe4-18f0,5921,5,-92.25,5,0,5,0,4,1,5,0
d0c1-bfe4-18f0,5922,5,-89.5,5,0,5,0,4,1,5,0
d0c1-bfe4-18f0,5923,5,-88.75,5,0,5,0,4,1,5,0
d0c1-bfe4-18f0,5924,5,-91.5,5,0,5,0,5,0,5,0
d0c1-bfe4-18f0,5925,5,-91.25,5,0,5,0,5,0,5,0
d0c1-bfe4-18f0,5926,5,-93.25,5,0,5,0,6,1,5,0
d0c1-bfe4-18f0,5927,5,-91.0,5,0,5,0,4,1,5,0
d0c1-bfe4-18f0,5928,5,-88.5,5,0,5,0,4,1,5,0
d0c1-bfe4-18f0,5929,5,-89.25,5,0,5,0,4,1,5,0
d0c1-bfe4-18f0,5930,5,-91.5,5,0,5,0,4,1,5,0
d0c1-bfe4-18f0,5931,5,-91.5,5,0,5,0,5,0,5,0
d0c1-bfe4-18f0,5932,5,-90.5,7,2,5,0,5,0,7,2
d0c1-bfe4-18f0,5933,5,-92.25,7,2,6,1,6,1,7,2
d0c1-bfe4-18f0,5934,5,-90.0,5,0,5,0,4,1,5,0
d0c1-bfe4-18f0,5935,5,-93.5,5,0,5,0,6,1,5,0
d0c1-bfe4-18f0,5936,5,-92.25,5,0,5,0,5,0,5,0
d0c1-bfe4-18f0,5937,5,-90.5,5,0,5,0,4,1,5,0
d0c1-bfe4-18f0,5938,5,-93.75,5,0,5,0,6,1,5,0
d0c1-bfe4-18f0,5939,5,-93.5,5,0,5,0,4,1,5,0
d0c1-bfe4-18f0,5940,5,-90.0,5,0,5,0,4,1,5,0
d0c1-bfe4-18f0,5941,5,-89.25,5,0,5,0,4,1,5,0
d0c1-bfe4-18f0,5942,5,-92.75,5,0,5,0,5,0,5,0
d0c1-bfe4-18f0,5943,5,-92.75,5,0,5,0,5,0,5,0
d0c1-bfe4-18f0,5944,3,-93.0,5,2,5,2,5,2,5,2
d0c1-bfe4-18f0,5945,3,-90.75,5,2,5,2,4,1,5,2
d0c1-bfe4-18f0,5946,3,-90.25,5,2,5,2,4,1,5,2
d0c1-bfe4-18f0,5947,3,-91.25,5,2,5,2,4,1,5,2
d0c1-bfe4-18f0,5948,4,-93.75,5,1,5,1,6,2,5,1
d0c1-bfe4-18f0,5949,4,-91.5,5,1,5,1,5,1,5,1
d0c1-bfe4-18f0,5950,4,-94.0,7,3,7,3,7,3,7,3
d0c1-bfe4-18f0,5951,5,-91.0,5,0,5,0,4,1,5,0
d0c1-bfe4-18f0,5952,5,-92.5,5,0,5,0,5,0,5,0
d0c1-bfe4-18f0,5953,5,-93.25,5,0,5,0,6,1,5,0
d0c1-bfe4-18f0,5954,5,-90.75,5,0,5,0,4,1,5,0
d0c1-bfe4-18f0,5955,5,-93.0,5,0,5,0,4,1,5,0
d0c1-bfe4-18f0,5956,5,-91.25,5,0,5,0,4,1,5,0
d0c1-bfe4-18f0,5957,5,-94.25,5,0,5,0,6,1,5,0
d0c1-bfe4-18f0,5958,5,-91.0,5,0,5,0,4,1,5,0
d0c1-bfe4-18f0,5959,5,-92.75,5,0,5,0,4,1,5,0
d0c1-bfe4-18f0,5960,5,-91.75,5,0,5,0,5,0,5,0
d0c1-bfe4-18f0,5961,3,-92.25,5,2,5,2,4,1,5,2
d0c1-bfe4-18f0,5962,4,-90.5,5,1,5,1,4,0,5,1
d0c1-bfe4-18f0,5963,4,-89.5,5,1,5,1,4,0,5,1
d0c1-bfe4-18f0,5964,4,-87.75,5,1,5,1,4,0,5,1
d0c1-bfe4-18f0,5965,4,-92.25,5,1,5,1,4,0,5,1
d0c1-bfe4-18f0,5966,4,-92.5,5,1,5,1,5,1,5,1
d0c1-bfe4-18f0,5967,4,-93.25,5,1,5,1,6,2,5,1
d0c1-bfe4-18f0,5968,5,-90.75,5,0,5,0,4,1,5,0
d0c1-bfe4-18f0,5969,5,-92.5,5,0,5,0,4,1,5,0
d0c1-bfe4-18f0,5970,5,-87.75,5,0,5,0,4,1,5,0
d0c1-bfe4-18f0,5971,5,-92.25,5,0,5,0,5,0,5,0
d0c1-bfe4-18f0,5972,5,-92.25,5,0,5,0,5,0,5,0
d0c1-bfe4-18f0,5973,5,-90.75,5,0,5,0,4,1,5,0
d0c1-bfe4-18f0,5974,5,-91.75,5,0,5,0,5,0,5,0
d0c1-bfe4-18f0,5975,5,-88.5,5,0,5,0,4,1,5,0
d0c1-bfe4-18f0,5976,5,-89.75,5,0,5,0,4,1,5,0
d0c1-bfe4-18f0,5977,5,-87.75,5,0,5,0,4,1,5,0
d0c1-bfe4-18f0,5978,5,-93.25,5,0,5,0,5,0,5,0
d0c1-bfe4-18f0,5979,5,-93.5,5,0,5,0,6,1,5,0
d0c1-bfe4-18f0,5980,5,-89.5,5,0,4,1,4,1,5,0
d0c1-bfe4-18f0,5981,5,-92.75,5,0,5,0,5,0,5,0
d0c1-bfe4-18f0,5982,5,-90.75,5,0,5,0,4,1,5,0
d0c1-bfe4-18f0,5983,5,-90.0,5,0,5,0,4,1,5,0
d0c1-bfe4-18f0,5984,5,-91.0,5,0,5,0,4,1,5,0
d0c1-bfe4-18f0,5985,5,-89.0,5,0,5,0,4,1,5,0
d0c1-bfe4-18f0,5986,5,-94.5,5,0,5,0,5,0,5,0
d0c1-bfe4-18f0,5987,5,-89.75,5,0,4,1,4,1,5,0
d0c1-bfe4-18f0,5988,5,-90.75,7,2,7,2,7,2,7,2
d0c1-bfe4-18f0,5989,5,-90.75,5,0,5,0,4,1,5,0
d0c1-bfe4-18f0,5990,5,-93.25,5,0,5,0,5,0,5,0
d0c1-bfe4-18f0,5991,5,-88.75,5,0,4,1,3,2,5,0
d0c1-bfe4-18f0,5992,5,-91.75,5,0,5,0,5,0,5,0
d0c1-bfe4-18f0,5993,5,-91.5,5,0,5,0,5,0,5,0
d0c1-bfe4-18f0,5994,5,-89.0,5,0,4,1,3,2,5,0
d0c1-bfe4-18f0,5995,5,-91.5,5,0,5,0,5,0,5,0
d0c1-bfe4-18f0,5996,5,-92.75,5,0,5,0,4,1,5,0
d0c1-bfe4-18f0,5997,5,-88.75,5,0,5,0,4,1,5,0
d0c1-bfe4-18f0,5998,5,-91.75,5,0,5,0,5,0,5,0
d0c1-bfe4-18f0,5999,5,-92.25,5,0,5,0,4,1,5,0
d0c1-bfe4-18f0,6000,3,-94.75,3,0,3,0,3,0,3,0
d0c1-bfe4-18f0,6001,3,-95.25,3,0,3,0,3,0,3,0
d0c1-bfe4-18f0,6002,3,-95.25,3,0,3,0,3,0,3,0
d0c1-bfe4-18f0,6003,3,-95.25,3,0,3,0,3,0,3,0
d0c1-bfe4-18f0,6004,3,-94.75,3,0,3,0,3,0,3,0
d0c1-bfe4-18f0,6005,3,-95.0,3,0,3,0,3,0,3,0
d0c1-bfe4-18f0,6006,3,-95.25,3,0,3,0,3,0,3,0
d0c1-bfe4-18f0,6007,3,-95.0,3,0,3,0,3,0,3,0
d0c1-bfe4-18f0,6008,3,-95.0,3,0,3,0,3,0,3,0
d0c1-bfe4-18f0,6009,3,-95.75,3,0,3,0,4,1,3,0
d0c1-bfe4-18f0,6010,3,-94.75,3,0,3,0,3,0,3,0
d0c1-bfe4-18f0,6011,3,-94.75,3,0,3,0,3,0,3,0
d0c1-bfe4-18f0,6012,3,-94.75,3,0,3,0,3,0,3,0
d0c1-bfe4-18f0,6013,3,-94.75,3,0,3,0,3,0,3,0
d0c1-bfe4-18f0,6014,3,-95.0,3,0,3,0,3,0,3,0
d0c1-bfe4-18f0,6015,3,-94.75,3,0,3,0,3,0,3,0
d0c1-bfe4-18f0,6016,3,-94.75,3,0,3,0,3,0,3,0
d0c1-bfe4-18f0,6017,3,-95.5,3,0,3,0,3,0,3,0
d0c1-bfe4-18f0,6018,3,-95.0,3,0,3,0,3,0,3,0
d0c1-bfe4-18f0,6019,3,-95.0,3,0,3,0,3,0,3,0
d0c1-bfe4-18f0,6020,3,-94.5,3,0,3,0,3,0,3,0
d0c1-bfe4-18f0,6021,3,-95.0,3,0,3,0,3,0,3,0
d0c1-bfe4-18f0,6022,4,-94.5,3,1,3,1,3,1,3,1
d0c1-bfe4-18f0,6023,3,-95.25,3,0,3,0,3,0,3,0
d0c1-bfe4-18f0,6024,3,-95.0,3,0,3,0,3,0,3,0
d0c1-bfe4-18f0,6025,3,-94.75,3,0,3,0,3,0,3,0
d0c1-bfe4-18f0,6026,3,-95.0,3,0,3,0,3,0,3,0
d0c1-bfe4-18f0,6027,3,-93.0,3,0,3,0,3,0,3,0
d0c1-bfe4-18f0,6028,3,-95.0,3,0,3,0,3,0,3,0
d0c1-bfe4-18f0,6029,3,-95.0,3,0,3,0,3,0,3,0
d0c1-bfe4-18f0,6030,3,-95.0,3,0,3,0,3,0,3,0
d0c1-bfe4-18f0,6031,3,-94.25,3,0,3,0,3,0,3,0
d0c1-bfe4-18f0,6032,3,-95.75,3,0,3,0,3,0,3,0
d0c1-bfe4-18f0,6033,3,-95.25,3,0,3,0,3,0,3,0
d0c1-bfe4-18f0,6034,3,-94.75,3,0,3,0,3,0,3,0
d0c1-bfe4-18f0,6035,3,-95.0,3,0,3,0,3,0,3,0
d0c1-bfe4-18f0,6036,2,-95.0,3,1,3,1,3,1,3,1
d0c1-bfe4-18f0,6037,2,-95.0,3,1,3,1,3,1,3,1
d0c1-bfe4-18f0,6038,2,-95.0,3,1,3,1,3,1,3,1
d0c1-bfe4-18f0,6039,2,-95.0,3,1,3,1,3,1,3,1
d0c1-bfe4-18f0,6040,2,-95.25,3,1,3,1,3,1,3,1
d0c1-bfe4-18f0,6041,2,-95.0,3,1,3,1,3,1,3,1
d0c1-bfe4-18f0,6042,2,-95.0,3,1,3,1,3,1,3,1
d0c1-bfe4-18f0,6043,2,-95.0,3,1,3,1,3,1,3,1
d0c1-bfe4-18f0,6044,2,-94.75,3,1,3,1,3,1,3,1
d0c1-bfe4-18f0,6045,2,-95.25,3,1,3,1,3,1,3,1
d0c1-bfe4-18f0,6046,2,-95.5,3,1,3,1,3,1,3,1
d0c1-bfe4-18f0,6047,2,-94.5,3,1,3,1,3,1,3,1
d0c1-bfe4-18f0,6048,2,-95.75,3,1,3,1,4,2,3,1
d0c1-bfe4-18f0,6049,3,-95.25,4,1,4,1,4,1,4,1
d0c1-bfe4-18f0,6050,3,-91.75,4,1,3,0,3,0,4,1
d0c1-bfe4-18f0,6051,3,-94.5,4,1,4,1,4,1,4,1
d0c1-bfe4-18f0,6052,3,-93.75,4,1,4,1,4,1,4,1
d0c1-bfe4-18f0,6053,3,-93.5,4,1,4,1,4,1,4,1
d0c1-bfe4-18f0,6054,3,-93.5,4,1,4,1,3,0,4,1
d0c1-bfe4-18f0,6055,3,-93.5,4,1,4,1,3,0,4,1
d0c1-bfe4-18f0,6056,3,-93.25,4,1,4,1,3,0,4,1
d0c1-bfe4-18f0,6057,3,-92.75,4,1,4,1,3,0,4,1
d0c1-bfe4-18f0,6058,3,-92.75,4,1,4,1,3,0,4,1
d0c1-bfe4-18f0,6059,3,-94.0,4,1,4,1,4,1,4,1
d0c1-bfe4-18f0,6060,3,-92.75,4,1,4,1,3,0,4,1
d0c1-bfe4-18f0,6061,3,-94.25,4,1,4,1,4,1,4,1
d0c1-bfe4-18f0,6062,3,-94.0,4,1,4,1,4,1,4,1
d0c1-bfe4-18f0,6063,3,-94.25,3,0,3,0,3,0,3,0
d0c1-bfe4-18f0,6064,3,-93.0,4,1,4,1,3,0,4,1
d0c1-bfe4-18f0,6065,3,-93.5,4,1,4,1,4,1,4,1
d0c1-bfe4-18f0,6066,3,-94.25,3,0,3,0,3,0,3,0
d0c1-bfe4-18f0,6067,3,-94.25,3,0,3,0,3,0,3,0
d0c1-bfe4-18f0,6068,3,-94.75,3,0,3,0,3,0,3,0
d0c1-bfe4-18f0,6069,3,-95.0,3,0,3,0,3,0,3,0
d0c1-bfe4-18f0,6070,3,-93.0,3,0,3,0,3,0,3,0
d0c1-bfe4-18f0,6071,3,-92.75,3,0,3,0,3,0,3,0
d0c1-bfe4-18f0,6072,3,-94.25,3,0,3,0,3,0,3,0
d0c1-bfe4-18f0,6073,3,-93.25,3,0,3,0,3,0,3,0
d0c1-bfe4-18f0,6074,3,-94.25,3,0,3,0,3,0,3,0
d0c1-bfe4-18f0,6075,3,-94.75,3,0,3,0,3,0,3,0
d0c1-bfe4-18f0,6076,3,-94.25,3,0,3,0,3,0,3,0
d0c1-bfe4-18f0,6077,3,-95.0,3,0,3,0,3,0,3,0
d0c1-bfe4-18f0,6078,3,-93.25,3,0,3,0,3,0,3,0
d0c1-bfe4-18f0,6079,3,-95.5,5,2,5,2,5,2,5,2
d0c1-bfe4-18f0,6080,3,-94.75,3,0,3,0,3,0,3,0
d0c1-bfe4-18f0,6081,3,-93.5,3,0,3,0,3,0,3,0
d0c1-bfe4-18f0,6082,3,-94.25,3,0,3,0,3,0,3,0
d0c1-bfe4-18f0,6083,3,-94.0,3,0,3,0,3,0,3,0
d0c1-bfe4-18f0,6084,3,-94.5,3,0,3,0,3,0,3,0
d0c1-bfe4-18f0,6085,3,-94.25,3,0,3,0,3,0,3,0
d0c1-bfe4-18f0,6086,3,-94.0,3,0,3,0,3,0,3,0
d0c1-bfe4-18f0,6087,3,-94.25,3,0,3,0,3,0,3,0
d0c1-bfe4-18f0,6088,3,-94.5,3,0,3,0,3,0,3,0
d0c1-bfe4-18f0,6089,3,-95.25,3,0,3,0,3,0,3,0
d0c1-bfe4-18f0,6090,3,-93.75,3,0,2,1,2,1,3,0
d0c1-bfe4-18f0,6091,3,-94.25,3,0,3,0,3,0,3,0
d0c1-bfe4-18f0,6092,3,-94.5,3,0,3,0,3,0,3,0
d0c1-bfe4-18f0,6093,3,-93.5,3,0,3,0,3,0,3,0
d0c1-bfe4-18f0,6094,3,-93.75,3,0,3,0,3,0,3,0
d0c1-bfe4-18f0,6095,3,-93.25,3,0,3,0,3,0,3,0
d0c1-bfe4-18f0,6096,3,-94.5,4,1,4,1,4,1,4,1
d0c1-bfe4-18f0,6097,3,-93.0,4,1,4,1,3,0,4,1
d0c1-bfe4-18f0,6098,3,-92.5,4,1,4,1,3,0,4,1
d0c1-bfe4-18f0,6099,3,-93.75,4,1,4,1,4,1,4,1
d0c1-bfe4-18f0,6100,3,-93.25,3,0,2,1,2,1,3,0
d0c1-bfe4-18f0,6101,3,-94.75,4,1,4,1,4,1,4,1
d0c1-bfe4-18f0,6102,3,-94.75,3,0,3,0,3,0,3,0
d0c1-bfe4-18f0,6103,3,-94.5,4,1,4,1,4,1,4,1
d0c1-bfe4-18f0,6104,3,-95.5,4,1,4,1,5,2,4,1
d0c1-bfe4-18f0,6105,3,-94.5,4,1,4,1,4,1,4,1
d0c1-bfe4-18f0,6106,3,-94.5,4,1,4,1,4,1,4,1
d0c1-bfe4-18f0,6107,3,-95.25,4,1,4,1,4,1,4,1
d0c1-bfe4-18f0,6108,3,-94.25,4,1,4,1,4,1,4,1
d0c1-bfe4-18f0,6109,3,-95.0,4,1,4,1,4,1,4,1
d0c1-bfe4-18f0,6110,3,-94.75,4,1,4,1,4,1,4,1
d0c1-bfe4-18f0,6111,3,-95.0,4,1,4,1,4,1,4,1
d0c1-bfe4-18f0,6112,3,-94.5,4,1,4,1,4,1,4,1
d0c1-bfe4-18f0,6113,3,-94.25,4,1,4,1,4,1,4,1
d0c1-bfe4-18f0,6114,3,-94.75,4,1,4,1,4,1,4,1
d0c1-bfe4-18f0,6115,3,-94.5,4,1,4,1,4,1,4,1
d0c1-bfe4-18f0,6116,3,-94.25,4,1,4,1,4,1,4,1
d0c1-bfe4-18f0,6117,3,-94.75,4,1,4,1,4,1,4,1
d0c1-bfe4-18f0,6118,3,-95.25,4,1,4,1,4,1,4,1
d0c1-bfe4-18f0,6119,3,-94.5,4,1,4,1,4,1,4,1
d0c1-bfe4-18f0,6120,3,-94.75,4,1,4,1,4,1,4,1
d0c1-bfe4-18f0,6121,3,-94.5,4,1,4,1,4,1,4,1
d0c1-bfe4-18f0,6122,3,-95.25,4,1,4,1,4,1,4,1
d0c1-bfe4-18f0,6123,3,-94.25,4,1,4,1,4,1,4,1
d0c1-bfe4-18f0,6124,3,-95.0,4,1,4,1,4,1,4,1
d0c1-bfe4-18f0,6125,3,-94.25,4,1,4,1,4,1,4,1
d0c1-bfe4-18f0,6126,3,-95.0,4,1,4,1,4,1,4,1
d0c1-bfe4-18f0,6127,3,-95.0,4,1,4,1,4,1,4,1
d0c1-bfe4-18f0,6128,3,-94.25,4,1,4,1,4,1,4,1
d0c1-bfe4-18f0,6129,3,-94.75,4,1,4,1,4,1,4,1
d0c1-bfe4-18f0,6130,3,-94.25,4,1,4,1,4,1,4,1
d0c1-bfe4-18f0,6131,3,-95.0,4,1,4,1,4,1,4,1
d0c1-bfe4-18f0,6132,3,-94.75,4,1,4,1,4,1,4,1
d0c1-bfe4-18f0,6133,3,-94.75,4,1,4,1,4,1,4,1
d0c1-bfe4-18f0,6134,3,-94.5,4,1,4,1,4,1,4,1
d0c1-bfe4-18f0,6135,3,-94.0,4,1,4,1,4,1,4,1
d0c1-bfe4-18f0,6136,3,-94.0,4,1,4,1,4,1,4,1
d0c1-bfe4-18f0,6137,3,-94.75,4,1,4,1,4,1,4,1
d0c1-bfe4-18f0,6138,3,-95.0,4,1,4,1,4,1,4,1
d0c1-bfe4-18f0,6139,3,-94.75,4,1,4,1,4,1,4,1
d0c1-bfe4-18f0,6140,3,-94.5,4,1,4,1,4,1,4,1
d0c1-bfe4-18f0,6141,3,-95.0,4,1,4,1,4,1,4,1
d0c1-bfe4-18f0,6142,3,-94.75,4,1,4,1,4,1,4,1
d0c1-bfe4-18f0,6143,3,-95.0,4,1,4,1,4,1,4,1
d0c1-bfe4-18f0,6144,3,-95.0,4,1,4,1,4,1,4,1
d0c1-bfe4-18f0,6145,3,-95.5,4,1,4,1,4,1,4,1
d0c1-bfe4-18f0,6146,3,-94.75,4,1,4,1,4,1,4,1
d0c1-bfe4-18f0,6147,3,-94.5,4,1,4,1,4,1,4,1
d0c1-bfe4-18f0,6148,3,-95.0,4,1,4,1,4,1,4,1
d0c1-bfe4-18f0,6149,3,-95.25,4,1,4,1,4,1,4,1
d0c1-bfe4-18f0,6150,3,-94.5,4,1,4,1,4,1,4,1
d0c1-bfe4-18f0,6151,3,-95.25,4,1,4,1,4,1,4,1
d0c1-bfe4-18f0,6152,3,-94.75,4,1,4,1,4,1,4,1
d0c1-bfe4-18f0,6153,3,-94.75,4,1,4,1,4,1,4,1
d0c1-bfe4-18f0,6154,3,-94.75,4,1,4,1,4,1,4,1
d0c1-bfe4-18f0,6155,3,-94.75,4,1,4,1,4,1,4,1
d0c1-bfe4-18f0,6156,3,-95.25,4,1,4,1,4,1,4,1
d0c1-bfe4-18f0,6157,3,-95.0,4,1,4,1,4,1,4,1
d0c1-bfe4-18f0,6158,3,-95.0,4,1,4,1,4,1,4,1
d0c1-bfe4-18f0,6159,2,-95.25,4,2,4,2,4,2,4,2
d0c1-bfe4-18f0,6160,2,-95.25,4,2,4,2,4,2,4,2
d0c1-bfe4-18f0,6161,3,-94.5,4,1,4,1,4,1,4,1
d0c1-bfe4-18f0,6162,3,-94.75,4,1,4,1,4,1,4,1
d0c1-bfe4-18f0,6163,3,-94.5,4,1,4,1,4,1,4,1
d0c1-bfe4-18f0,6164,3,-95.25,4,1,4,1,4,1,4,1
d0c1-bfe4-18f0,6165,3,-95.0,4,1,4,1,4,1,4,1
d0c1-bfe4-18f0,6166,3,-95.0,4,1,4,1,4,1,4,1
d0c1-bfe4-18f0,6167,3,-95.25,4,1,4,1,4,1,4,1
d0c1-bfe4-18f0,6168,3,-94.5,4,1,4,1,4,1,4,1
d0c1-bfe4-18f0,6169,3,-95.25,3,0,3,0,3,0,3,0
d0c1-bfe4-18f0,6170,3,-94.75,4,1,4,1,4,1,4,1
d0c1-bfe4-18f0,6171,3,-95.25,4,1,4,1,4,1,4,1
d0c1-bfe4-18f0,6172,3,-94.5,3,0,3,0,3,0,3,0
d0c1-bfe4-18f0,6173,3,-95.25,3,0,3,0,3,0,3,0
d0c1-bfe4-18f0,6174,3,-95.25,4,1,4,1,4,1,4,1
d0c1-bfe4-18f0,6175,3,-95.25,4,1,4,1,4,1,4,1
d0c1-bfe4-18f0,6176,3,-94.75,4,1,4,1,4,1,4,1
d0c1-bfe4-18f0,6177,3,-93.25,4,1,4,1,3,0,4,1
d0c1-bfe4-18f0,6178,3,-95.0,4,1,4,1,4,1,4,1
d0c1-bfe4-18f0,6179,3,-94.5,4,1,4,1,4,1,4,1
d0c1-bfe4-18f0,6180,3,-95.25,4,1,4,1,4,1,4,1
d0c1-bfe4-18f0,6181,3,-95.0,4,1,4,1,4,1,4,1
d0c1-bfe4-18f0,6182,3,-95.0,4,1,4,1,4,1,4,1
d0c1-bfe4-18f0,6183,3,-95.0,4,1,4,1,4,1,4,1
d0c1-bfe4-18f0,6184,3,-95.0,4,1,4,1,4,1,4,1
d0c1-bfe4-18f0,6185,3,-95.25,4,1,4,1,4,1,4,1
d0c1-bfe4-18f0,6186,3,-95.0,4,1,4,1,4,1,4,1
d0c1-bfe4-18f0,6187,3,-95.25,4,1,4,1,4,1,4,1
d0c1-bfe4-18f0,6188,3,-95.5,4,1,4,1,4,1,4,1
d0c1-bfe4-18f0,6189,3,-95.0,4,1,4,1,4,1,4,1
d0c1-bfe4-18f0,6190,3,-95.0,4,1,4,1,4,1,4,1
d0c1-bfe4-18f0,6191,3,-95.25,4,1,4,1,4,1,4,1
d0c1-bfe4-18f0,6192,3,-95.25,4,1,4,1,4,1,4,1
d0c1-bfe4-18f0,6193,3,-94.75,4,1,4,1,4,1,4,1
d0c1-bfe4-18f0,6194,4,-95.25,4,0,4,0,4,0,4,0
d0c1-bfe4-18f0,6195,3,-95.25,4,1,4,1,4,1,4,1
d0c1-bfe4-18f0,6196,3,-95.0,4,1,4,1,4,1,4,1
d0c1-bfe4-18f0,6197,3,-95.0,4,1,4,1,4,1,4,1
d0c1-bfe4-18f0,6198,3,-95.0,4,1,4,1,4,1,4,1
d0c1-bfe4-18f0,6199,3,-95.25,4,1,4,1,4,1,4,1
d0c1-bfe4-18f0,6200,3,-95.25,4,1,4,1,4,1,4,1
d0c1-bfe4-18f0,6201,3,-95.0,4,1,4,1,4,1,4,1
d0c1-bfe4-18f0,6202,3,-95.0,4,1,4,1,4,1,4,1
d0c1-bfe4-18f0,6203,3,-94.75,4,1,4,1,4,1,4,1
d0c1-bfe4-18f0,6204,3,-95.0,4,1,4,1,4,1,4,1
d0c1-bfe4-18f0,6205,3,-95.0,4,1,4,1,4,1,4,1
d0c1-bfe4-18f0,6206,3,-95.25,4,1,4,1,4,1,4,1
d0c1-bfe4-18f0,6207,3,-94.75,4,1,4,1,4,1,4,1
d0c1-bfe4-18f0,6208,3,-95.0,3,0,3,0,3,0,3,0
d0c1-bfe4-18f0,6209,3,-95.25,3,0,3,0,3,0,3,0
d0c1-bfe4-18f0,6210,2,-95.25,3,1,3,1,3,1,3,1
d0c1-bfe4-18f0,6211,3,-95.5,4,1,4,1,4,1,4,1
d0c1-bfe4-18f0,6212,2,-95.5,5,3,5,3,6,4,5,3
d0c1-bfe4-18f0,6213,2,-95.75,4,2,4,2,4,2,4,2
d0c1-bfe4-18f0,6214,2,-95.25,3,1,3,1,3,1,3,1
d0c1-bfe4-18f0,6215,2,-94.75,3,1,3,1,3,1,3,1
d0c1-bfe4-18f0,6216,2,-95.25,3,1,3,1,3,1,3,1
d0c1-bfe4-18f0,6217,2,-95.25,3,1,3,1,3,1,3,1
d0c1-bfe4-18f0,6218,2,-94.75,3,1,3,1,3,1,3,1
d0c1-bfe4-18f0,6219,2,-95.0,3,1,3,1,3,1,3,1
d0c1-bfe4-18f0,6220,2,-95.25,3,1,3,1,3,1,3,1
d0c1-bfe4-18f0,6221,2,-95.0,3,1,3,1,3,1,3,1
d0c1-bfe4-18f0,6222,3,-95.5,3,0,3,0,4,1,3,0
d0c1-bfe4-18f0,6223,3,-95.0,3,0,3,0,3,0,3,0
d0c1-bfe4-18f0,6224,3,-95.0,3,0,3,0,3,0,3,0
d0c1-bfe4-18f0,6225,3,-95.0,4,1,4,1,4,1,4,1
d0c1-bfe4-18f0,6226,3,-95.5,3,0,3,0,3,0,3,0
d0c1-bfe4-18f0,6227,3,-95.0,3,0,3,0,3,0,3,0
d0c1-bfe4-18f0,6228,3,-94.75,4,1,4,1,4,1,4,1
d0c1-bfe4-18f0,6229,3,-95.25,4,1,4,1,4,1,4,1
d0c1-bfe4-18f0,6230,3,-95.25,3,0,3,0,3,0,3,0
d0c1-bfe4-18f0,6231,3,-95.75,3,0,3,0,3,0,3,0
d0c1-bfe4-18f0,6232,3,-94.5,3,0,3,0,3,0,3,0
d0c1-bfe4-18f0,6233,3,-95.5,4,1,4,1,4,1,4,1
d0c1-bfe4-18f0,6234,3,-94.75,3,0,3,0,3,0,3,0
d0c1-bfe4-18f0,6235,3,-95.5,3,0,3,0,4,1,3,0
d0c1-bfe4-18f0,6236,3,-94.75,4,1,4,1,4,1,4,1
d0c1-bfe4-18f0,6237,2,-94.75,3,1,3,1,3,1,3,1
d0c1-bfe4-18f0,6238,2,-95.0,4,2,4,2,4,2,4,2
d0c1-bfe4-18f0,6239,2,-95.75,3,1,4,2,4,2,3,1
d0c1-bfe4-18f0,6240,2,-95.0,3,1,3,1,3,1,3,1
d0c1-bfe4-18f0,6241,2,-94.75,3,1,3,1,3,1,3,1
d0c1-bfe4-18f0,6242,2,-94.75,3,1,3,1,3,1,3,1
d0c1-bfe4-18f0,6243,2,-95.25,3,1,3,1,3,1,3,1
d0c1-bfe4-18f0,6244,2,-94.5,4,2,4,2,4,2,4,2
d0c1-bfe4-18f0,6245,2,-95.25,4,2,4,2,4,2,4,2
d0c1-bfe4-18f0,6246,2,-95.25,4,2,4,2,4,2,4,2
d0c1-bfe4-18f0,6247,2,-95.0,4,2,4,2,4,2,4,2
d0c1-bfe4-18f0,6248,2,-95.0,3,1,3,1,3,1,3,1
d0c1-bfe4-18f0,6249,2,-95.5,4,2,4,2,4,2,4,2
d0c1-bfe4-18f0,6250,2,-94.75,4,2,4,2,4,2,4,2
d0c1-bfe4-18f0,6251,2,-95.25,3,1,3,1,3,1,3,1
d0c1-bfe4-18f0,6252,2,-94.5,3,1,3,1,3,1,3,1
d0c1-bfe4-18f0,6253,2,-95.0,3,1,3,1,3,1,3,1
d0c1-bfe4-18f0,6254,2,-95.25,3,1,3,1,3,1,3,1
d0c1-bfe4-18f0,6255,2,-95.0,4,2,4,2,4,2,4,2
d0c1-bfe4-18f0,6256,2,-93.25,3,1,3,1,3,1,3,1
d0c1-bfe4-18f0,6257,2,-95.25,3,1,3,1,3,1,3,1
d0c1-bfe4-18f0,6258,2,-95.0,3,1,3,1,3,1,3,1
d0c1-bfe4-18f0,6259,2,-95.25,4,2,4,2,4,2,4,2
d0c1-bfe4-18f0,6260,2,-95.0,4,2,4,2,4,2,4,2
d0c1-bfe4-18f0,6261,2,-94.75,4,2,4,2,4,2,4,2
d0c1-bfe4-18f0,6262,2,-94.75,4,2,4,2,4,2,4,2
d0c1-bfe4-18f0,6263,2,-94.5,4,2,4,2,4,2,4,2
d0c1-bfe4-18f0,6264,2,-95.0,3,1,3,1,3,1,3,1
d0c1-bfe4-18f0,6265,2,-94.5,4,2,4,2,4,2,4,2
d0c1-bfe4-18f0,6266,2,-95.75,4,2,4,2,4,2,4,2
d0c1-bfe4-18f0,6267,2,-95.0,3,1,3,1,3,1,3,1
d0c1-bfe4-18f0,6268,2,-95.0,3,1,3,1,3,1,3,1
d0c1-bfe4-18f0,6269,2,-95.5,3,1,3,1,4,2,3,1
d0c1-bfe4-18f0,6270,2,-95.0,3,1,3,1,3,1,3,1
d0c1-bfe4-18f0,6271,2,-95.0,3,1,3,1,3,1,3,1
d0c1-bfe4-18f0,6272,2,-94.5,3,1,3,1,3,1,3,1
d0c1-bfe4-18f0,6273,2,-95.0,3,1,3,1,3,1,3,1
d0c1-bfe4-18f0,6274,2,-94.75,3,1,3,1,3,1,3,1
d0c1-bfe4-18f0,6275,2,-95.25,3,1,3,1,3,1,3,1
d0c1-bfe4-18f0,6276,2,-95.25,3,1,3,1,3,1,3,1
d0c1-bfe4-18f0,6277,2,-94.75,3,1,3,1,3,1,3,1
d0c1-bfe4-18f0,6278,2,-94.75,3,1,3,1,3,1,3,1
d0c1-bfe4-18f0,6279,2,-95.0,3,1,3,1,3,1,3,1
d0c1-bfe4-18f0,6280,2,-95.5,3,1,3,1,4,2,3,1
d0c1-bfe4-18f0,6281,2,-95.0,3,1,3,1,3,1,3,1
d0c1-bfe4-18f0,6282,2,-95.0,4,2,4,2,4,2,4,2
d0c1-bfe4-18f0,6283,2,-95.5,3,1,3,1,4,2,3,1
d0c1-bfe4-18f0,6284,2,-95.25,3,1,3,1,3,1,3,1
d0c1-bfe4-18f0,6285,2,-95.0,3,1,3,1,3,1,3,1
d0c1-bfe4-18f0,6286,2,-95.25,3,1,3,1,3,1,3,1
d0c1-bfe4-18f0,6287,2,-95.0,3,1,3,1,3,1,3,1
d0c1-bfe4-18f0,6288,2,-95.25,4,2,4,2,4,2,4,2
d0c1-bfe4-18f0,6289,2,-95.0,4,2,4,2,4,2,4,2
d0c1-bfe4-18f0,6290,2,-95.75,3,1,3,1,4,2,3,1
d0c1-bfe4-18f0,6291,2,-95.25,3,1,3,1,3,1,3,1
d0c1-bfe4-18f0,6292,5,-88.25,5,0,4,1,3,2,5,0
d0c1-bfe4-18f0,6293,5,-89.0,4,1,4,1,3,2,4,1
d0c1-bfe4-18f0,6294,6,-90.0,4,2,4,2,3,3,4,2
d0c1-bfe4-18f0,6295,6,-88.75,4,2,4,2,3,3,4,2
d0c1-bfe4-18f0,6296,6,-89.0,4,2,4,2,3,3,4,2
d0c1-bfe4-18f0,6297,6,-89.25,5,1,4,2,3,3,5,1
d0c1-bfe4-18f0,6298,6,-89.0,5,1,4,2,3,3,5,1
d0c1-bfe4-18f0,6299,6,-89.25,5,1,4,2,3,3,5,1
d0c1-bfe4-18f0,6300,6,-88.75,4,2,4,2,3,3,4,2
d0c1-bfe4-18f0,6301,6,-90.5,4,2,4,2,3,3,4,2
d0c1-bfe4-18f0,6302,6,-88.75,4,2,4,2,3,3,4,2
d0c1-bfe4-18f0,6303,6,-89.0,4,2,4,2,3,3,4,2
d0c1-bfe4-18f0,6304,6,-89.25,4,2,4,2,3,3,4,2
d0c1-bfe4-18f0,6305,6,-88.5,4,2,4,2,3,3,4,2
d0c1-bfe4-18f0,6306,6,-91.0,5,1,4,2,4,2,5,1
d0c1-bfe4-18f0,6307,7,-91.25,4,3,4,3,3,4,4,3
d0c1-bfe4-18f0,6308,7,-91.0,4,3,4,3,3,4,4,3
d0c1-bfe4-18f0,6309,7,-88.75,4,3,4,3,3,4,4,3
d0c1-bfe4-18f0,6310,7,-88.25,4,3,4,3,3,4,4,3
d0c1-bfe4-18f0,6311,6,-90.75,4,2,4,2,3,3,4,2
d0c1-bfe4-18f0,6312,6,-90.75,4,2,4,2,3,3,4,2
d0c1-bfe4-18f0,6313,6,-89.25,4,2,4,2,3,3,4,2
d0c1-bfe4-18f0,6314,6,-89.0,5,1,4,2,3,3,5,1
d0c1-bfe4-18f0,6315,6,-87.75,5,1,4,2,4,2,5,1
d0c1-bfe4-18f0,6316,6,-90.0,5,1,5,1,4,2,5,1
d0c1-bfe4-18f0,6317,6,-90.0,5,1,5,1,4,2,5,1
d0c1-bfe4-18f0,6318,6,-88.0,4,2,3,3,2,4,4,2
d0c1-bfe4-18f0,6319,6,-87.75,5,1,4,2,4,2,5,1
d0c1-bfe4-18f0,6320,6,-88.5,5,1,4,2,3,3,5,1
d0c1-bfe4-18f0,6321,6,-89.75,5,1,4,2,4,2,5,1
d0c1-bfe4-18f0,6322,6,-88.25,5,1,4,2,3,3,5,1
d0c1-bfe4-18f0,6323,6,-89.0,4,2,4,2,3,3,4,2
d0c1-bfe4-18f0,6324,6,-90.75,5,1,4,2,4,2,5,1
d0c1-bfe4-18f0,6325,6,-89.0,5,1,4,2,3,3,5,1
d0c1-bfe4-18f0,6326,6,-90.5,5,1,4,2,4,2,5,1
d0c1-bfe4-18f0,6327,6,-88.75,5,1,4,2,3,3,5,1
d0c1-bfe4-18f0,6328,6,-90.75,5,1,4,2,4,2,5,1
d0c1-bfe4-18f0,6329,6,-88.75,4,2,4,2,3,3,4,2
d0c1-bfe4-18f0,6330,6,-90.75,4,2,4,2,3,3,4,2
d0c1-bfe4-18f0,6331,7,-88.5,5,2,4,3,3,4,5,2
d0c1-bfe4-18f0,6332,7,-90.75,5,2,4,3,4,3,5,2
d0c1-bfe4-18f0,6333,6,-90.75,4,2,4,2,3,3,4,2
d0c1-bfe4-18f0,6334,6,-90.25,5,1,4,2,4,2,5,1
d0c1-bfe4-18f0,6335,7,-88.5,4,3,4,3,3,4,4,3
d0c1-bfe4-18f0,6336,7,-87.75,5,2,4,3,3,4,5,2
d0c1-bfe4-18f0,6337,7,-88.75,5,2,4,3,3,4,5,2
d0c1-bfe4-18f0,6338,7,-88.5,5,2,4,3,3,4,5,2
d0c1-bfe4-18f0,6339,6,-88.25,5,1,4,2,3,3,5,1
d0c1-bfe4-18f0,6340,7,-88.5,5,2,4,3,3,4,5,2
d0c1-bfe4-18f0,6341,7,-88.25,4,3,4,3,3,4,4,3
d0c1-bfe4-18f0,6342,7,-88.5,5,2,4,3,3,4,5,2
d0c1-bfe4-18f0,6343,6,-89.25,4,2,4,2,3,3,4,2
d0c1-bfe4-18f0,6344,7,-89.0,5,2,4,3,3,4,5,2
d0c1-bfe4-18f0,6345,7,-90.0,4,3,4,3,3,4,4,3
d0c1-bfe4-18f0,6346,6,-88.75,4,2,4,2,3,3,4,2
d0c1-bfe4-18f0,6347,6,-89.0,4,2,4,2,3,3,4,2
d0c1-bfe4-18f0,6348,6,-90.25,4,2,4,2,3,3,4,2
d0c1-bfe4-18f0,6349,6,-88.0,4,2,3,3,2,4,4,2
d0c1-bfe4-18f0,6350,6,-91.25,4,2,4,2,3,3,4,2
d0c1-bfe4-18f0,6351,6,-88.75,4,2,4,2,3,3,4,2
d0c1-bfe4-18f0,6352,6,-88.75,4,2,4,2,3,3,4,2
d0c1-bfe4-18f0,6353,7,-89.0,4,3,4,3,3,4,4,3
d0c1-bfe4-18f0,6354,7,-88.25,4,3,4,3,3,4,4,3
d0c1-bfe4-18f0,6355,7,-89.0,4,3,4,3,3,4,4,3
d0c1-bfe4-18f0,6356,6,-88.75,4,2,4,2,3,3,4,2
d0c1-bfe4-18f0,6357,6,-88.75,4,2,4,2,3,3,4,2
d0c1-bfe4-18f0,6358,6,-90.0,4,2,4,2,3,3,4,2
d0c1-bfe4-18f0,6359,7,-88.5,4,3,4,3,3,4,4,3
d0c1-bfe4-18f0,6360,7,-90.5,4,3,4,3,3,4,4,3
d0c1-bfe4-18f0,6361,6,-88.75,4,2,4,2,3,3,4,2
d0c1-bfe4-18f0,6362,6,-90.75,4,2,4,2,3,3,4,2
d0c1-bfe4-18f0,6363,7,-90.5,5,2,4,3,4,3,5,2
d0c1-bfe4-18f0,6364,7,-91.0,4,3,4,3,3,4,4,3
d0c1-bfe4-18f0,6365,7,-88.25,5,2,4,3,3,4,5,2
d0c1-bfe4-18f0,6366,7,-89.0,4,3,4,3,3,4,4,3
d0c1-bfe4-18f0,6367,7,-90.75,4,3,4,3,3,4,4,3
d0c1-bfe4-18f0,6368,7,-88.75,4,3,4,3,3,4,4,3
d0c1-bfe4-18f0,6369,7,-90.75,4,3,4,3,3,4,4,3
d0c1-bfe4-18f0,6370,7,-90.75,4,3,4,3,3,4,4,3
d0c1-bfe4-18f0,6371,7,-88.75,4,3,4,3,3,4,4,3
d0c1-bfe4-18f0,6372,6,-87.75,4,2,3,3,2,4,4,2
d0c1-bfe4-18f0,6373,6,-91.25,4,2,4,2,3,3,4,2
d0c1-bfe4-18f0,6374,6,-88.5,4,2,4,2,3,3,4,2
d0c1-bfe4-18f0,6375,6,-91.25,5,1,4,2,4,2,5,1
d0c1-bfe4-18f0,6376,6,-88.75,4,2,4,2,3,3,4,2
d0c1-bfe4-18f0,6377,6,-91.25,4,2,4,2,3,3,4,2
d0c1-bfe4-18f0,6378,6,-87.75,5,1,4,2,3,3,5,1
d0c1-bfe4-18f0,6379,6,-90.0,4,2,4,2,3,3,4,2
d0c1-bfe4-18f0,6380,7,-88.0,5,2,4,3,3,4,5,2
d0c1-bfe4-18f0,6381,7,-88.25,5,2,4,3,3,4,5,2
d0c1-bfe4-18f0,6382,7,-90.5,4,3,4,3,3,4,4,3
d0c1-bfe4-18f0,6383,6,-89.25,4,2,4,2,3,3,4,2
d0c1-bfe4-18f0,6384,7,-88.75,4,3,4,3,3,4,4,3
d0c1-bfe4-18f0,6385,7,-89.75,4,3,4,3,3,4,4,3
d0c1-bfe4-18f0,6386,7,-88.75,4,3,4,3,3,4,4,3
d0c1-bfe4-18f0,6387,6,-89.75,4,2,4,2,3,3,4,2
d0c1-bfe4-18f0,6388,6,-90.5,4,2,4,2,3,3,4,2
d0c1-bfe4-18f0,6389,6,-90.5,4,2,4,2,3,3,4,2
d0c1-bfe4-18f0,6390,6,-89.0,4,2,4,2,3,3,4,2
d0c1-bfe4-18f0,6391,6,-90.5,4,2,4,2,3,3,4,2
d0c1-bfe4-18f0,6392,6,-87.75,4,2,3,3,2,4,4,2
d0c1-bfe4-18f0,6393,6,-90.5,4,2,4,2,3,3,4,2
d0c1-bfe4-18f0,6394,6,-92.0,4,2,4,2,4,2,4,2
d0c1-bfe4-18f0,6395,6,-88.75,4,2,4,2,3,3,4,2
d0c1-bfe4-18f0,6396,7,-90.0,4,3,4,3,3,4,4,3
d0c1-bfe4-18f0,6397,7,-89.25,5,2,4,3,3,4,5,2
d0c1-bfe4-18f0,6398,6,-90.5,4,2,4,2,3,3,4,2
d0c1-bfe4-18f0,6399,7,-88.75,4,3,4,3,3,4,4,3
d0c1-bfe4-18f0,6400,7,-89.0,4,3,4,3,3,4,4,3
d0c1-bfe4-18f0,6401,7,-87.0,5,2,4,3,3,4,5,2
d0c1-bfe4-18f0,6402,7,-90.25,4,3,4,3,3,4,4,3
d0c1-bfe4-18f0,6403,6,-90.5,4,2,4,2,3,3,4,2
d0c1-bfe4-18f0,6404,6,-90.25,4,2,4,2,3,3,4,2
d0c1-bfe4-18f0,6405,6,-87.75,4,2,3,3,2,4,4,2
d0c1-bfe4-18f0,6406,6,-88.5,4,2,4,2,3,3,4,2
d0c1-bfe4-18f0,6407,6,-89.25,4,2,4,2,3,3,4,2
d0c1-bfe4-18f0,6408,6,-88.75,5,1,4,2,3,3,5,1
d0c1-bfe4-18f0,6409,7,-90.25,4,3,4,3,3,4,4,3
d0c1-bfe4-18f0,6410,6,-90.5,4,2,4,2,3,3,4,2
d0c1-bfe4-18f0,6411,6,-88.5,5,1,4,2,3,3,5,1
d0c1-bfe4-18f0,6412,6,-87.5,5,1,4,2,3,3,5,1
d0c1-bfe4-18f0,6413,6,-88.5,4,2,4,2,3,3,4,2
d0c1-bfe4-18f0,6414,6,-88.75,4,2,4,2,3,3,4,2
d0c1-bfe4-18f0,6415,6,-88.0,4,2,3,3,2,4,4,2
d0c1-bfe4-18f0,6416,6,-90.0,5,1,4,2,4,2,5,1
d0c1-bfe4-18f0,6417,6,-88.75,4,2,4,2,3,3,4,2
d0c1-bfe4-18f0,6418,6,-90.5,4,2,4,2,3,3,4,2
d0c1-bfe4-18f0,6419,7,-92.0,4,3,4,3,4,3,4,3
d0c1-bfe4-18f0,6420,6,-88.75,4,2,4,2,3,3,4,2
d0c1-bfe4-18f0,6421,7,-89.5,4,3,4,3,3,4,4,3
d0c1-bfe4-18f0,6422,6,-90.5,4,2,4,2,3,3,4,2
d0c1-bfe4-18f0,6423,7,-88.75,4,3,4,3,3,4,4,3
d0c1-bfe4-18f0,6424,7,-89.0,4,3,4,3,3,4,4,3
d0c1-bfe4-18f0,6425,7,-89.25,5,2,4,3,3,4,5,2
d0c1-bfe4-18f0,6426,7,-90.75,4,3,4,3,3,4,4,3
d0c1-bfe4-18f0,6427,6,-89.0,4,2,4,2,3,3,4,2
d0c1-bfe4-18f0,6428,7,-88.5,4,3,4,3,3,4,4,3
d0c1-bfe4-18f0,6429,5,-94.75,7,2,7,2,7,2,7,2
d0c1-bfe4-18f0,6430,6,-94.25,7,1,7,1,7,1,7,1
d0c1-bfe4-18f0,6431,6,-94.5,7,1,7,1,7,1,7,1
d0c1-bfe4-18f0,6432,5,-93.75,7,2,7,2,7,2,7,2
d0c1-bfe4-18f0,6433,6,-94.0,7,1,7,1,7,1,7,1
d0c1-bfe4-18f0,6434,7,-94.25,7,0,7,0,7,0,7,0
d0c1-bfe4-18f0,6435,7,-92.75,7,0,7,0,7,0,7,0
d0c1-bfe4-18f0,6436,7,-94.25,7,0,7,0,7,0,7,0
d0c1-bfe4-18f0,6437,6,-94.25,7,1,7,1,7,1,7,1
d0c1-bfe4-18f0,6438,5,-94.5,7,2,7,2,7,2,7,2
d0c1-bfe4-18f0,6439,5,-93.75,7,2,7,2,7,2,7,2
d0c1-bfe4-18f0,6440,5,-94.5,7,2,7,2,7,2,7,2
d0c1-bfe4-18f0,6441,6,-94.0,7,1,7,1,8,2,7,1
d0c1-bfe4-18f0,6442,6,-94.5,7,1,7,1,7,1,7,1
d0c1-bfe4-18f0,6443,7,-94.5,7,0,7,0,7,0,7,0
d0c1-bfe4-18f0,6444,7,-94.5,7,0,7,0,7,0,7,0
d0c1-bfe4-18f0,6445,7,-94.25,7,0,7,0,7,0,7,0
d0c1-bfe4-18f0,6446,7,-94.0,7,0,8,1,9,2,7,0
d0c1-bfe4-18f0,6447,7,-93.75,7,0,7,0,7,0,7,0
d0c1-bfe4-18f0,6448,7,-94.75,7,0,7,0,8,1,7,0
d0c1-bfe4-18f0,6449,7,-93.75,7,0,7,0,7,0,7,0
d0c1-bfe4-18f0,6450,6,-94.5,7,1,7,1,7,1,7,1
d0c1-bfe4-18f0,6451,7,-93.75,7,0,7,0,7,0,7,0
d0c1-bfe4-18f0,6452,7,-93.75,7,0,7,0,7,0,7,0
d0c1-bfe4-18f0,6453,7,-94.25,7,0,7,0,7,0,7,0
d0c1-bfe4-18f0,6454,7,-94.5,7,0,7,0,8,1,7,0
d0c1-bfe4-18f0,6455,7,-94.25,7,0,7,0,7,0,7,0
d0c1-bfe4-18f0,6456,7,-94.25,7,0,7,0,7,0,7,0
d0c1-bfe4-18f0,6457,7,-94.25,7,0,7,0,7,0,7,0
d0c1-bfe4-18f0,6458,7,-92.75,7,0,7,0,7,0,7,0
d0c1-bfe4-18f0,6459,7,-94.5,7,0,7,0,8,1,7,0
d0c1-bfe4-18f0,6460,7,-94.75,7,0,7,0,7,0,7,0
d0c1-bfe4-18f0,6461,7,-94.5,7,0,7,0,7,0,7,0
d0c1-bfe4-18f0,6462,7,-94.0,7,0,7,0,8,1,7,0
d0c1-bfe4-18f0,6463,7,-93.5,7,0,7,0,7,0,7,0
d0c1-bfe4-18f0,6464,7,-94.25,7,0,7,0,7,0,7,0
d0c1-bfe4-18f0,6465,7,-94.25,7,0,7,0,7,0,7,0
d0c1-bfe4-18f0,6466,6,-92.5,7,1,7,1,7,1,7,1
d0c1-bfe4-18f0,6467,6,-94.5,7,1,7,1,7,1,7,1
d0c1-bfe4-18f0,6468,6,-94.75,7,1,7,1,7,1,7,1
d0c1-bfe4-18f0,6469,6,-94.75,7,1,7,1,7,1,7,1
d0c1-bfe4-18f0,6470,6,-94.25,7,1,7,1,7,1,7,1
d0c1-bfe4-18f0,6471,6,-94.5,7,1,7,1,8,2,7,1
d0c1-bfe4-18f0,6472,7,-94.75,7,0,7,0,8,1,7,0
d0c1-bfe4-18f0,6473,6,-94.75,7,1,7,1,7,1,7,1
d0c1-bfe4-18f0,6474,7,-94.25,7,0,7,0,7,0,7,0
d0c1-bfe4-18f0,6475,6,-94.75,7,1,7,1,7,1,7,1
d0c1-bfe4-18f0,6476,7,-94.25,7,0,7,0,7,0,7,0
d0c1-bfe4-18f0,6477,7,-94.5,7,0,7,0,8,1,7,0
d0c1-bfe4-18f0,6478,6,-94.5,7,1,7,1,7,1,7,1
d0c1-bfe4-18f0,6479,6,-94.75,7,1,7,1,7,1,7,1
d0c1-bfe4-18f0,6480,6,-92.5,7,1,7,1,7,1,7,1
d0c1-bfe4-18f0,6481,6,-94.5,7,1,7,1,7,1,7,1
d0c1-bfe4-18f0,6482,7,-94.0,7,0,7,0,7,0,7,0
d0c1-bfe4-18f0,6483,7,-93.75,7,0,7,0,7,0,7,0
d0c1-bfe4-18f0,6484,7,-94.25,7,0,7,0,7,0,7,0
d0c1-bfe4-18f0,6485,7,-93.75,7,0,7,0,7,0,7,0
d0c1-bfe4-18f0,6486,7,-94.25,7,0,7,0,8,1,7,0
d0c1-bfe4-18f0,6487,7,-94.25,7,0,7,0,8,1,7,0
d0c1-bfe4-18f0,6488,7,-94.25,7,0,7,0,7,0,7,0
d0c1-bfe4-18f0,6489,7,-93.75,7,0,7,0,7,0,7,0
d0c1-bfe4-18f0,6490,7,-93.0,7,0,7,0,7,0,7,0
d0c1-bfe4-18f0,6491,7,-94.25,7,0,7,0,8,1,7,0
d0c1-bfe4-18f0,6492,7,-93.75,7,0,7,0,7,0,7,0
d0c1-bfe4-18f0,6493,4,-91.75,5,1,5,1,4,0,5,1
d0c1-bfe4-18f0,6494,4,-92.5,5,1,5,1,4,0,5,1
d0c1-bfe4-18f0,6495,4,-92.25,5,1,5,1,4,0,5,1
